block_c,block_dur,condition,countdown,datetime,endtime,list,multichar_response,project,response,response_time,session_number,start_end,starttime,subject_id,task,task_vers,trial
,,,,Tue Jul 07 2026 10:17:29 GMT-0500 (Central Daylight Time),,,,I,space,539,3,,,8080,WL,B,
prac,,0,,Tue Jul 07 2026 10:17:29 GMT-0500 (Central Daylight Time),,NA,b,I,b,2226,3,,,8080,WL,B,1.0
prac,,0,,Tue Jul 07 2026 10:17:29 GMT-0500 (Central Daylight Time),,NA,bo,I,o,300,3,,,8080,WL,B,1.0
prac,,0,,Tue Jul 07 2026 10:17:29 GMT-0500 (Central Daylight Time),,NA,boo,I,o,81,3,,,8080,WL,B,1.0
prac,,0,,Tue Jul 07 2026 10:17:29 GMT-0500 (Central Daylight Time),,NA,boos,I,s,365,3,,,8080,WL,B,1.0
prac,,0,,Tue Jul 07 2026 10:17:29 GMT-0500 (Central Daylight Time),,NA,boost,I,t,558,3,,,8080,WL,B,1.0
prac,,0,,Tue Jul 07 2026 10:17:29 GMT-0500 (Central Daylight Time),,NA,boostenter,I,enter,1920,3,,,8080,WL,B,1.0
1,0.9830000400543213,learn,59016.99995994568,Tue Jul 07 2026 10:17:29 GMT-0500 (Central Daylight Time),156613.20000004768,A,s,I,s,965,3,982.7999999523163,155630.40000009537,8080,WL,B,1.0
1,1.3990001678466797,learn,58600.99983215332,Tue Jul 07 2026 10:17:29 GMT-0500 (Central Daylight Time),157029.5,A,st,I,t,403,3,1399.0999999046326,155630.40000009537,8080,WL,B,1.0
1,1.4320001602172852,learn,58567.999839782715,Tue Jul 07 2026 10:17:29 GMT-0500 (Central Daylight Time),157062.60000014305,A,str,I,r,12,3,1432.2000000476837,155630.40000009537,8080,WL,B,1.0
1,2.499000072479248,learn,57500.99992752075,Tue Jul 07 2026 10:17:29 GMT-0500 (Central Daylight Time),158129.0,A,st,I,backspace,1061,3,2498.5999999046326,155630.40000009537,8080,WL,B,1.0
1,3.2820000648498535,learn,56717.99993515015,Tue Jul 07 2026 10:17:29 GMT-0500 (Central Daylight Time),158912.40000009537,A,str,I,r,762,3,3282.0,155630.40000009537,8080,WL,B,1.0
1,3.4650001525878906,learn,56534.99984741211,Tue Jul 07 2026 10:17:29 GMT-0500 (Central Daylight Time),159095.5,A,stre,I,e,171,3,3465.0999999046326,155630.40000009537,8080,WL,B,1.0
1,3.749000072479248,learn,56250.99992752075,Tue Jul 07 2026 10:17:29 GMT-0500 (Central Daylight Time),159379.0,A,stree,I,e,269,3,3748.5999999046326,155630.40000009537,8080,WL,B,1.0
1,3.930999994277954,learn,56069.000005722046,Tue Jul 07 2026 10:17:29 GMT-0500 (Central Daylight Time),159561.70000004768,A,street,I,t,176,3,3931.2999999523163,155630.40000009537,8080,WL,B,1.0
1,4.9150002002716064,learn,55084.99979972839,Tue Jul 07 2026 10:17:29 GMT-0500 (Central Daylight Time),160545.10000014305,A,streetenter,I,enter,970,3,4914.700000047684,155630.40000009537,8080,WL,B,1.0
1,5.448000192642212,learn,54551.99980735779,Tue Jul 07 2026 10:17:29 GMT-0500 (Central Daylight Time),161078.0,A,g,I,g,522,3,532.2999999523163,160545.70000004768,8080,WL,B,2.0
1,5.71399998664856,learn,54286.00001335144,Tue Jul 07 2026 10:17:29 GMT-0500 (Central Daylight Time),161344.79999995232,A,gr,I,r,253,3,799.0999999046326,160545.70000004768,8080,WL,B,2.0
1,5.79800009727478,learn,54201.99990272522,Tue Jul 07 2026 10:17:29 GMT-0500 (Central Daylight Time),161428.10000014305,A,gra,I,a,67,3,882.4000000953674,160545.70000004768,8080,WL,B,2.0
1,5.96399998664856,learn,54036.00001335144,Tue Jul 07 2026 10:17:29 GMT-0500 (Central Daylight Time),161594.60000014305,A,gras,I,s,159,3,1048.9000000953674,160545.70000004768,8080,WL,B,2.0
1,6.1650002002716064,learn,53834.99979972839,Tue Jul 07 2026 10:17:29 GMT-0500 (Central Daylight Time),161795.60000014305,A,grass,I,s,193,3,1249.9000000953674,160545.70000004768,8080,WL,B,2.0
1,6.398000001907349,learn,53601.99999809265,Tue Jul 07 2026 10:17:29 GMT-0500 (Central Daylight Time),162028.10000014305,A,grassenter,I,enter,224,3,1482.4000000953674,160545.70000004768,8080,WL,B,2.0
1,6.615000009536743,learn,53384.99999046326,Tue Jul 07 2026 10:17:29 GMT-0500 (Central Daylight Time),162245.70000004768,A,w,I,w,207,3,217.09999990463257,162028.60000014305,8080,WL,B,3.0
1,6.731000185012817,learn,53268.99981498718,Tue Jul 07 2026 10:17:29 GMT-0500 (Central Daylight Time),162361.70000004768,A,wi,I,i,93,3,333.09999990463257,162028.60000014305,8080,WL,B,3.0
1,6.831000089645386,learn,53168.999910354614,Tue Jul 07 2026 10:17:29 GMT-0500 (Central Daylight Time),162461.20000004768,A,win,I,n,90,3,432.59999990463257,162028.60000014305,8080,WL,B,3.0
1,7.031000137329102,learn,52968.9998626709,Tue Jul 07 2026 10:17:29 GMT-0500 (Central Daylight Time),162661.10000014305,A,wind,I,d,183,3,632.5,162028.60000014305,8080,WL,B,3.0
1,7.13100004196167,learn,52868.99995803833,Tue Jul 07 2026 10:17:29 GMT-0500 (Central Daylight Time),162761.20000004768,A,windo,I,o,79,3,732.5999999046326,162028.60000014305,8080,WL,B,3.0
1,7.330000162124634,learn,52669.999837875366,Tue Jul 07 2026 10:17:29 GMT-0500 (Central Daylight Time),162960.70000004768,A,window,I,w,186,3,932.0999999046326,162028.60000014305,8080,WL,B,3.0
1,7.5970001220703125,learn,52402.99987792969,Tue Jul 07 2026 10:17:29 GMT-0500 (Central Daylight Time),163227.70000004768,A,windowenter,I,enter,251,3,1199.0999999046326,162028.60000014305,8080,WL,B,3.0
1,8.44700002670288,learn,51552.99997329712,Tue Jul 07 2026 10:17:29 GMT-0500 (Central Daylight Time),164077.29999995232,A,p,I,p,832,3,849.0999999046326,163228.20000004768,8080,WL,B,4.0
1,8.547000169754028,learn,51452.99983024597,Tue Jul 07 2026 10:17:29 GMT-0500 (Central Daylight Time),164177.20000004768,A,pi,I,i,75,3,949.0,163228.20000004768,8080,WL,B,4.0
1,8.69700002670288,learn,51302.99997329712,Tue Jul 07 2026 10:17:29 GMT-0500 (Central Daylight Time),164327.40000009537,A,pip,I,p,139,3,1099.2000000476837,163228.20000004768,8080,WL,B,4.0
1,8.913000106811523,learn,51086.99989318848,Tue Jul 07 2026 10:17:29 GMT-0500 (Central Daylight Time),164543.79999995232,A,pipe,I,e,197,3,1315.5999999046326,163228.20000004768,8080,WL,B,4.0
1,9.163000106811523,learn,50836.99989318848,Tue Jul 07 2026 10:17:29 GMT-0500 (Central Daylight Time),164793.60000014305,A,pipeenter,I,enter,228,3,1565.4000000953674,163228.20000004768,8080,WL,B,4.0
1,10.11300015449524,learn,49886.99984550476,Tue Jul 07 2026 10:17:29 GMT-0500 (Central Daylight Time),165743.5,A,w,I,w,938,3,949.2999999523163,164794.20000004768,8080,WL,B,5.0
1,10.196000099182129,learn,49803.99990081787,Tue Jul 07 2026 10:17:29 GMT-0500 (Central Daylight Time),165826.70000004768,A,wi,I,i,76,3,1032.5,164794.20000004768,8080,WL,B,5.0
1,10.348000049591064,learn,49651.999950408936,Tue Jul 07 2026 10:17:29 GMT-0500 (Central Daylight Time),165978.5,A,wif,I,f,138,3,1184.2999999523163,164794.20000004768,8080,WL,B,5.0
1,10.42900013923645,learn,49570.99986076355,Tue Jul 07 2026 10:17:29 GMT-0500 (Central Daylight Time),166059.90000009537,A,wife,I,e,73,3,1265.7000000476837,164794.20000004768,8080,WL,B,5.0
1,10.67900013923645,learn,49320.99986076355,Tue Jul 07 2026 10:17:29 GMT-0500 (Central Daylight Time),166309.90000009537,A,wifeenter,I,enter,240,3,1515.7000000476837,164794.20000004768,8080,WL,B,5.0
1,13.09600019454956,learn,46903.99980545044,Tue Jul 07 2026 10:17:29 GMT-0500 (Central Daylight Time),168726.10000014305,A,a,I,a,2398,3,2415.600000143051,166310.5,8080,WL,B,6.0
1,13.178000211715698,learn,46821.9997882843,Tue Jul 07 2026 10:17:29 GMT-0500 (Central Daylight Time),168808.90000009537,A,ar,I,r,77,3,2498.4000000953674,166310.5,8080,WL,B,6.0
1,13.379000186920166,learn,46620.999813079834,Tue Jul 07 2026 10:17:29 GMT-0500 (Central Daylight Time),169009.10000014305,A,arm,I,m,178,3,2698.600000143051,166310.5,8080,WL,B,6.0
1,13.644999980926514,learn,46355.000019073486,Tue Jul 07 2026 10:17:29 GMT-0500 (Central Daylight Time),169275.5,A,armenter,I,enter,251,3,2965.0,166310.5,8080,WL,B,6.0
1,17.24400019645691,learn,42755.99980354309,Tue Jul 07 2026 10:17:29 GMT-0500 (Central Daylight Time),172874.40000009537,A,l,I,l,3592,3,3598.4000000953674,169276.0,8080,WL,B,7.0
1,17.344000101089478,learn,42655.99989891052,Tue Jul 07 2026 10:17:29 GMT-0500 (Central Daylight Time),172974.5,A,la,I,a,90,3,3698.5,169276.0,8080,WL,B,7.0
1,17.677000045776367,learn,42322.99995422363,Tue Jul 07 2026 10:17:29 GMT-0500 (Central Daylight Time),173307.79999995232,A,lak,I,k,326,3,4031.7999999523163,169276.0,8080,WL,B,7.0
1,17.728000164031982,learn,42271.99983596802,Tue Jul 07 2026 10:17:29 GMT-0500 (Central Daylight Time),173358.5,A,lake,I,e,32,3,4082.5,169276.0,8080,WL,B,7.0
1,18.326000213623047,learn,41673.99978637695,Tue Jul 07 2026 10:17:29 GMT-0500 (Central Daylight Time),173957.70000004768,A,lakeenter,I,enter,582,3,4681.700000047684,169276.0,8080,WL,B,7.0
1,18.576000213623047,learn,41423.99978637695,Tue Jul 07 2026 10:17:29 GMT-0500 (Central Daylight Time),174207.5,A,h,I,h,238,3,249.5,173958.0,8080,WL,B,8.0
1,18.693000078201294,learn,41306.999921798706,Tue Jul 07 2026 10:17:29 GMT-0500 (Central Daylight Time),174324.20000004768,A,ho,I,o,102,3,366.2000000476837,173958.0,8080,WL,B,8.0
1,18.81000018119812,learn,41189.99981880188,Tue Jul 07 2026 10:17:29 GMT-0500 (Central Daylight Time),174440.90000009537,A,hou,I,u,104,3,482.90000009536743,173958.0,8080,WL,B,8.0
1,18.993000030517578,learn,41006.99996948242,Tue Jul 07 2026 10:17:29 GMT-0500 (Central Daylight Time),174624.0,A,hous,I,s,162,3,666.0,173958.0,8080,WL,B,8.0
1,19.076000213623047,learn,40923.99978637695,Tue Jul 07 2026 10:17:29 GMT-0500 (Central Daylight Time),174707.20000004768,A,house,I,e,76,3,749.2000000476837,173958.0,8080,WL,B,8.0
1,19.276000022888184,learn,40723.99997711182,Tue Jul 07 2026 10:17:29 GMT-0500 (Central Daylight Time),174907.5,A,houseenter,I,enter,185,3,949.5,173958.0,8080,WL,B,8.0
1,23.925000190734863,learn,36074.99980926514,Tue Jul 07 2026 10:17:29 GMT-0500 (Central Daylight Time),179556.40000009537,A,r,I,r,4641,3,4648.5,174907.90000009537,8080,WL,B,9.0
1,24.057000160217285,learn,35942.999839782715,Tue Jul 07 2026 10:17:29 GMT-0500 (Central Daylight Time),179688.90000009537,A,ri,I,i,128,3,4781.0,174907.90000009537,8080,WL,B,9.0
1,24.19099998474121,learn,35809.00001525879,Tue Jul 07 2026 10:17:29 GMT-0500 (Central Daylight Time),179822.29999995232,A,rie,I,e,115,3,4914.399999856949,174907.90000009537,8080,WL,B,9.0
1,24.692000150680542,learn,35307.99984931946,Tue Jul 07 2026 10:17:29 GMT-0500 (Central Daylight Time),180322.90000009537,A,rieenter,I,enter,486,3,5415.0,174907.90000009537,8080,WL,B,9.0
1,25.741000175476074,learn,34258.999824523926,Tue Jul 07 2026 10:17:29 GMT-0500 (Central Daylight Time),181371.90000009537,A,f,I,f,1041,3,1048.6000001430511,180323.29999995232,8080,WL,B,10.0
1,25.874000072479248,learn,34125.99992752075,Tue Jul 07 2026 10:17:29 GMT-0500 (Central Daylight Time),181504.90000009537,A,fi,I,i,128,3,1181.6000001430511,180323.29999995232,8080,WL,B,10.0
1,26.007000207901,learn,33992.999792099,Tue Jul 07 2026 10:17:29 GMT-0500 (Central Daylight Time),181638.40000009537,A,fir,I,r,116,3,1315.1000001430511,180323.29999995232,8080,WL,B,10.0
1,26.10700011253357,learn,33892.99988746643,Tue Jul 07 2026 10:17:29 GMT-0500 (Central Daylight Time),181738.5,A,fire,I,e,85,3,1415.2000000476837,180323.29999995232,8080,WL,B,10.0
1,26.257000207901,learn,33742.999792099,Tue Jul 07 2026 10:17:29 GMT-0500 (Central Daylight Time),181888.10000014305,A,fireenter,I,enter,137,3,1564.8000001907349,180323.29999995232,8080,WL,B,10.0
1,37.32000017166138,learn,22679.999828338623,Tue Jul 07 2026 10:17:29 GMT-0500 (Central Daylight Time),192951.40000009537,A,p,I,p,11044,3,11062.900000095367,181888.5,8080,WL,B,11.0
1,37.4539999961853,learn,22546.000003814697,Tue Jul 07 2026 10:17:29 GMT-0500 (Central Daylight Time),193084.90000009537,A,pu,I,u,124,3,11196.400000095367,181888.5,8080,WL,B,11.0
1,37.62000012397766,learn,22379.99987602234,Tue Jul 07 2026 10:17:29 GMT-0500 (Central Daylight Time),193251.5,A,pup,I,p,160,3,11363.0,181888.5,8080,WL,B,11.0
1,37.8030002117157,learn,22196.9997882843,Tue Jul 07 2026 10:17:29 GMT-0500 (Central Daylight Time),193434.5,A,pupi,I,i,175,3,11546.0,181888.5,8080,WL,B,11.0
1,38.07000017166138,learn,21929.999828338623,Tue Jul 07 2026 10:17:29 GMT-0500 (Central Daylight Time),193701.5,A,pupil,I,l,257,3,11813.0,181888.5,8080,WL,B,11.0
1,38.38600015640259,learn,21613.999843597412,Tue Jul 07 2026 10:17:29 GMT-0500 (Central Daylight Time),194017.5,A,pupilenter,I,enter,311,3,12129.0,181888.5,8080,WL,B,11.0
1,47.38300013542175,learn,12616.999864578247,Tue Jul 07 2026 10:17:29 GMT-0500 (Central Daylight Time),203014.79999995232,A,s,I,s,8987,3,8997.0,194017.79999995232,8080,WL,B,12.0
1,47.66700005531311,learn,12332.99994468689,Tue Jul 07 2026 10:17:29 GMT-0500 (Central Daylight Time),203298.0,A,st,I,t,276,3,9280.200000047684,194017.79999995232,8080,WL,B,12.0
1,47.81700015068054,learn,12182.999849319458,Tue Jul 07 2026 10:17:29 GMT-0500 (Central Daylight Time),203448.60000014305,A,sta,I,a,129,3,9430.800000190735,194017.79999995232,8080,WL,B,12.0
1,47.967000007629395,learn,12032.999992370605,Tue Jul 07 2026 10:17:29 GMT-0500 (Central Daylight Time),203598.29999995232,A,stat,I,t,140,3,9580.5,194017.79999995232,8080,WL,B,12.0
1,48.03400015830994,learn,11965.999841690063,Tue Jul 07 2026 10:17:29 GMT-0500 (Central Daylight Time),203665.0,A,statr,I,r,62,3,9647.200000047684,194017.79999995232,8080,WL,B,12.0
1,48.617000102996826,learn,11382.999897003174,Tue Jul 07 2026 10:17:29 GMT-0500 (Central Daylight Time),204248.29999995232,A,stat,I,backspace,564,3,10230.5,194017.79999995232,8080,WL,B,12.0
1,48.76700019836426,learn,11232.999801635742,Tue Jul 07 2026 10:17:29 GMT-0500 (Central Daylight Time),204398.0,A,sta,I,backspace,140,3,10380.200000047684,194017.79999995232,8080,WL,B,12.0
1,49.05000019073486,learn,10949.999809265137,Tue Jul 07 2026 10:17:29 GMT-0500 (Central Daylight Time),204681.20000004768,A,star,I,r,270,3,10663.400000095367,194017.79999995232,8080,WL,B,12.0
1,49.23300004005432,learn,10766.999959945679,Tue Jul 07 2026 10:17:29 GMT-0500 (Central Daylight Time),204864.60000014305,A,starenter,I,enter,163,3,10846.800000190735,194017.79999995232,8080,WL,B,12.0
1,56.98100018501282,learn,3018.9998149871826,Tue Jul 07 2026 10:17:29 GMT-0500 (Central Daylight Time),212612.0,A,g,I,g,7741,3,7747.0,204865.0,8080,WL,B,13.0
1,57.248000144958496,learn,2751.999855041504,Tue Jul 07 2026 10:17:29 GMT-0500 (Central Daylight Time),212879.70000004768,A,gr,I,r,248,3,8014.700000047684,204865.0,8080,WL,B,13.0
1,57.3970000743866,learn,2602.9999256134033,Tue Jul 07 2026 10:17:29 GMT-0500 (Central Daylight Time),213028.70000004768,A,gre,I,e,141,3,8163.700000047684,204865.0,8080,WL,B,13.0
1,58.13100004196167,learn,1868.99995803833,Tue Jul 07 2026 10:17:29 GMT-0500 (Central Daylight Time),213762.60000014305,A,gr,I,backspace,727,3,8897.600000143051,204865.0,8080,WL,B,13.0
1,58.31400012969971,learn,1685.999870300293,Tue Jul 07 2026 10:17:29 GMT-0500 (Central Daylight Time),213945.0,A,gra,I,a,161,3,9080.0,204865.0,8080,WL,B,13.0
1,58.497000217437744,learn,1502.9997825622559,Tue Jul 07 2026 10:17:29 GMT-0500 (Central Daylight Time),214128.5,A,gras,I,s,163,3,9263.5,204865.0,8080,WL,B,13.0
1,58.747000217437744,learn,1252.9997825622559,Tue Jul 07 2026 10:17:29 GMT-0500 (Central Daylight Time),214378.20000004768,A,grass,I,s,235,3,9513.200000047684,204865.0,8080,WL,B,13.0
1,58.9300000667572,learn,1069.9999332427979,Tue Jul 07 2026 10:17:29 GMT-0500 (Central Daylight Time),214561.5,A,grassenter,I,enter,161,3,9696.5,204865.0,8080,WL,B,13.0
1,60.01300001144409,learn,-13.000011444091797,Tue Jul 07 2026 10:17:29 GMT-0500 (Central Daylight Time),215644.70000004768,A,None,I,None,1078,3,1082.9000000953674,214561.79999995232,8080,WL,B,14.0
2,0.7119998931884766,learn,59288.00010681152,Tue Jul 07 2026 10:17:29 GMT-0500 (Central Daylight Time),286101.2999999523,A,s,I,s,561,3,711.8999998569489,285389.40000009537,8080,WL,B,1.0
2,1.315999984741211,learn,58684.00001525879,Tue Jul 07 2026 10:17:29 GMT-0500 (Central Daylight Time),286705.60000014305,A,sr,I,r,582,3,1316.2000000476837,285389.40000009537,8080,WL,B,1.0
2,1.7989997863769531,learn,58201.00021362305,Tue Jul 07 2026 10:17:29 GMT-0500 (Central Daylight Time),287188.60000014305,A,s,I,backspace,467,3,1799.2000000476837,285389.40000009537,8080,WL,B,1.0
2,1.931999921798706,learn,58068.000078201294,Tue Jul 07 2026 10:17:29 GMT-0500 (Central Daylight Time),287322.0,A,st,I,t,118,3,1932.5999999046326,285389.40000009537,8080,WL,B,1.0
2,2.1659998893737793,learn,57834.00011062622,Tue Jul 07 2026 10:17:29 GMT-0500 (Central Daylight Time),287555.2000000477,A,str,I,r,226,3,2165.7999999523163,285389.40000009537,8080,WL,B,1.0
2,2.381999969482422,learn,57618.00003051758,Tue Jul 07 2026 10:17:29 GMT-0500 (Central Daylight Time),287772.0,A,stre,I,e,201,3,2382.5999999046326,285389.40000009537,8080,WL,B,1.0
2,2.881999969482422,learn,57118.00003051758,Tue Jul 07 2026 10:17:29 GMT-0500 (Central Daylight Time),288271.60000014305,A,stree,I,e,480,3,2882.2000000476837,285389.40000009537,8080,WL,B,1.0
2,3.06499981880188,learn,56935.00018119812,Tue Jul 07 2026 10:17:29 GMT-0500 (Central Daylight Time),288454.90000009537,A,street,I,t,172,3,3065.5,285389.40000009537,8080,WL,B,1.0
2,3.431999921798706,learn,56568.000078201294,Tue Jul 07 2026 10:17:29 GMT-0500 (Central Daylight Time),288821.2999999523,A,streetenter,I,enter,349,3,3431.899999856949,285389.40000009537,8080,WL,B,1.0
2,3.7819998264312744,learn,56218.000173568726,Tue Jul 07 2026 10:17:29 GMT-0500 (Central Daylight Time),289171.2000000477,A,g,I,g,334,3,349.2999999523163,288821.90000009537,8080,WL,B,2.0
2,3.9819998741149902,learn,56018.00012588501,Tue Jul 07 2026 10:17:29 GMT-0500 (Central Daylight Time),289371.40000009537,A,gr,I,r,193,3,549.5,288821.90000009537,8080,WL,B,2.0
2,4.131999969482422,learn,55868.00003051758,Tue Jul 07 2026 10:17:29 GMT-0500 (Central Daylight Time),289521.10000014305,A,gra,I,a,129,3,699.2000000476837,288821.90000009537,8080,WL,B,2.0
2,4.297999858856201,learn,55702.0001411438,Tue Jul 07 2026 10:17:29 GMT-0500 (Central Daylight Time),289687.90000009537,A,gras,I,s,147,3,866.0,288821.90000009537,8080,WL,B,2.0
2,4.514999866485596,learn,55485.000133514404,Tue Jul 07 2026 10:17:29 GMT-0500 (Central Daylight Time),289904.5,A,grass,I,s,204,3,1082.5999999046326,288821.90000009537,8080,WL,B,2.0
2,4.648000001907349,learn,55351.99999809265,Tue Jul 07 2026 10:17:29 GMT-0500 (Central Daylight Time),290037.90000009537,A,grassenter,I,enter,116,3,1216.0,288821.90000009537,8080,WL,B,2.0
2,4.931999921798706,learn,55068.000078201294,Tue Jul 07 2026 10:17:29 GMT-0500 (Central Daylight Time),290321.10000014305,A,l,I,l,262,3,282.80000019073486,290038.2999999523,8080,WL,B,3.0
2,5.0309998989105225,learn,54969.00010108948,Tue Jul 07 2026 10:17:29 GMT-0500 (Central Daylight Time),290421.0,A,la,I,a,82,3,382.7000000476837,290038.2999999523,8080,WL,B,3.0
2,5.164999961853027,learn,54835.00003814697,Tue Jul 07 2026 10:17:29 GMT-0500 (Central Daylight Time),290554.40000009537,A,lak,I,k,119,3,516.1000001430511,290038.2999999523,8080,WL,B,3.0
2,5.365999937057495,learn,54634.000062942505,Tue Jul 07 2026 10:17:29 GMT-0500 (Central Daylight Time),290755.2999999523,A,lake,I,e,186,3,717.0,290038.2999999523,8080,WL,B,3.0
2,5.514999866485596,learn,54485.000133514404,Tue Jul 07 2026 10:17:29 GMT-0500 (Central Daylight Time),290904.40000009537,A,lakeenter,I,enter,127,3,866.1000001430511,290038.2999999523,8080,WL,B,3.0
2,5.930999994277954,learn,54069.000005722046,Tue Jul 07 2026 10:17:29 GMT-0500 (Central Daylight Time),291320.5,A,h,I,h,404,3,415.7000000476837,290904.7999999523,8080,WL,B,4.0
2,6.746999979019165,learn,53253.000020980835,Tue Jul 07 2026 10:17:29 GMT-0500 (Central Daylight Time),292136.7999999523,A,ho,I,o,812,3,1232.0,290904.7999999523,8080,WL,B,4.0
2,6.863999843597412,learn,53136.00015640259,Tue Jul 07 2026 10:17:29 GMT-0500 (Central Daylight Time),292253.7999999523,A,hou,I,u,99,3,1349.0,290904.7999999523,8080,WL,B,4.0
2,6.996999979019165,learn,53003.000020980835,Tue Jul 07 2026 10:17:29 GMT-0500 (Central Daylight Time),292387.0,A,hous,I,s,119,3,1482.2000000476837,290904.7999999523,8080,WL,B,4.0
2,7.097999811172485,learn,52902.000188827515,Tue Jul 07 2026 10:17:29 GMT-0500 (Central Daylight Time),292488.10000014305,A,house,I,e,89,3,1583.3000001907349,290904.7999999523,8080,WL,B,4.0
2,7.230999946594238,learn,52769.00005340576,Tue Jul 07 2026 10:17:29 GMT-0500 (Central Daylight Time),292620.2999999523,A,houseenter,I,enter,124,3,1715.5,290904.7999999523,8080,WL,B,4.0
2,8.495999813079834,learn,51504.000186920166,Tue Jul 07 2026 10:17:29 GMT-0500 (Central Daylight Time),293886.5,A,a,I,a,1256,3,1265.7999999523163,292620.7000000477,8080,WL,B,5.0
2,8.562999963760376,learn,51437.000036239624,Tue Jul 07 2026 10:17:29 GMT-0500 (Central Daylight Time),293954.0,A,ar,I,r,61,3,1333.2999999523163,292620.7000000477,8080,WL,B,5.0
2,8.762999773025513,learn,51237.00022697449,Tue Jul 07 2026 10:17:29 GMT-0500 (Central Daylight Time),294154.2000000477,A,arm,I,m,178,3,1533.5,292620.7000000477,8080,WL,B,5.0
2,9.04699993133545,learn,50953.00006866455,Tue Jul 07 2026 10:17:29 GMT-0500 (Central Daylight Time),294437.2999999523,A,armenter,I,enter,266,3,1816.5999999046326,292620.7000000477,8080,WL,B,5.0
2,9.462999820709229,learn,50537.00017929077,Tue Jul 07 2026 10:17:29 GMT-0500 (Central Daylight Time),294853.7999999523,A,p,I,p,399,3,416.09999990463257,294437.7000000477,8080,WL,B,6.0
2,9.561999797821045,learn,50438.000202178955,Tue Jul 07 2026 10:17:29 GMT-0500 (Central Daylight Time),294953.10000014305,A,pu,I,u,88,3,515.4000000953674,294437.7000000477,8080,WL,B,6.0
2,9.728999853134155,learn,50271.000146865845,Tue Jul 07 2026 10:17:29 GMT-0500 (Central Daylight Time),295119.5,A,pup,I,p,147,3,681.7999999523163,294437.7000000477,8080,WL,B,6.0
2,10.044999837875366,learn,49955.000162124634,Tue Jul 07 2026 10:17:29 GMT-0500 (Central Daylight Time),295436.10000014305,A,pupl,I,l,301,3,998.4000000953674,294437.7000000477,8080,WL,B,6.0
2,10.194999933242798,learn,49805.0000667572,Tue Jul 07 2026 10:17:29 GMT-0500 (Central Daylight Time),295585.90000009537,A,pupli,I,i,128,3,1148.2000000476837,294437.7000000477,8080,WL,B,6.0
2,10.644999980926514,learn,49355.000019073486,Tue Jul 07 2026 10:17:29 GMT-0500 (Central Daylight Time),296035.7000000477,A,pupl,I,backspace,433,3,1598.0,294437.7000000477,8080,WL,B,6.0
2,10.961999893188477,learn,49038.00010681152,Tue Jul 07 2026 10:17:29 GMT-0500 (Central Daylight Time),296353.2000000477,A,pup,I,backspace,312,3,1915.5,294437.7000000477,8080,WL,B,6.0
2,11.227999925613403,learn,48772.0000743866,Tue Jul 07 2026 10:17:29 GMT-0500 (Central Daylight Time),296619.10000014305,A,pupi,I,i,259,3,2181.4000000953674,294437.7000000477,8080,WL,B,6.0
2,11.394999980926514,learn,48605.000019073486,Tue Jul 07 2026 10:17:29 GMT-0500 (Central Daylight Time),296785.7000000477,A,pupil,I,l,153,3,2348.0,294437.7000000477,8080,WL,B,6.0
2,11.710999965667725,learn,48289.000034332275,Tue Jul 07 2026 10:17:29 GMT-0500 (Central Daylight Time),297102.2000000477,A,pupilenter,I,enter,307,3,2664.5,294437.7000000477,8080,WL,B,6.0
2,12.393999814987183,learn,47606.00018501282,Tue Jul 07 2026 10:17:29 GMT-0500 (Central Daylight Time),297785.10000014305,A,p,I,p,662,3,682.5,297102.60000014305,8080,WL,B,7.0
2,12.510999917984009,learn,47489.00008201599,Tue Jul 07 2026 10:17:29 GMT-0500 (Central Daylight Time),297902.0,A,pi,I,i,107,3,799.3999998569489,297102.60000014305,8080,WL,B,7.0
2,12.627999782562256,learn,47372.000217437744,Tue Jul 07 2026 10:17:29 GMT-0500 (Central Daylight Time),298018.5,A,pip,I,p,110,3,915.8999998569489,297102.60000014305,8080,WL,B,7.0
2,12.843999862670898,learn,47156.0001373291,Tue Jul 07 2026 10:17:29 GMT-0500 (Central Daylight Time),298235.2999999523,A,pipe,I,e,202,3,1132.6999998092651,297102.60000014305,8080,WL,B,7.0
2,13.027999877929688,learn,46972.00012207031,Tue Jul 07 2026 10:17:29 GMT-0500 (Central Daylight Time),298418.60000014305,A,pipeenter,I,enter,169,3,1316.0,297102.60000014305,8080,WL,B,7.0
2,14.99399995803833,learn,45006.00004196167,Tue Jul 07 2026 10:17:29 GMT-0500 (Central Daylight Time),300384.5,A,w,I,w,1946,3,1965.5999999046326,298418.90000009537,8080,WL,B,8.0
2,15.059999942779541,learn,44940.00005722046,Tue Jul 07 2026 10:17:29 GMT-0500 (Central Daylight Time),300451.0,A,wi,I,i,60,3,2032.0999999046326,298418.90000009537,8080,WL,B,8.0
2,15.143999814987183,learn,44856.00018501282,Tue Jul 07 2026 10:17:29 GMT-0500 (Central Daylight Time),300534.7999999523,A,win,I,n,66,3,2115.899999856949,298418.90000009537,8080,WL,B,8.0
2,15.226999998092651,learn,44773.00000190735,Tue Jul 07 2026 10:17:29 GMT-0500 (Central Daylight Time),300617.90000009537,A,wind,I,d,61,3,2199.0,298418.90000009537,8080,WL,B,8.0
2,15.342999935150146,learn,44657.00006484985,Tue Jul 07 2026 10:17:29 GMT-0500 (Central Daylight Time),300734.2999999523,A,windo,I,o,98,3,2315.399999856949,298418.90000009537,8080,WL,B,8.0
2,15.476999998092651,learn,44523.00000190735,Tue Jul 07 2026 10:17:29 GMT-0500 (Central Daylight Time),300867.60000014305,A,window,I,w,118,3,2448.7000000476837,298418.90000009537,8080,WL,B,8.0
2,15.65999984741211,learn,44340.00015258789,Tue Jul 07 2026 10:17:29 GMT-0500 (Central Daylight Time),301050.5,A,windowenter,I,enter,176,3,2631.5999999046326,298418.90000009537,8080,WL,B,8.0
2,19.441999912261963,learn,40558.00008773804,Tue Jul 07 2026 10:17:29 GMT-0500 (Central Daylight Time),304833.2000000477,A,a,I,a,3762,3,3782.4000000953674,301050.7999999523,8080,WL,B,9.0
2,19.525999784469604,learn,40474.000215530396,Tue Jul 07 2026 10:17:29 GMT-0500 (Central Daylight Time),304916.7000000477,A,ar,I,r,67,3,3865.9000000953674,301050.7999999523,8080,WL,B,9.0
2,19.658999919891357,learn,40341.00008010864,Tue Jul 07 2026 10:17:29 GMT-0500 (Central Daylight Time),305049.40000009537,A,arm,I,m,128,3,3998.600000143051,301050.7999999523,8080,WL,B,9.0
2,19.941999912261963,learn,40058.00008773804,Tue Jul 07 2026 10:17:29 GMT-0500 (Central Daylight Time),305333.10000014305,A,armenter,I,enter,267,3,4282.300000190735,301050.7999999523,8080,WL,B,9.0
2,20.491999864578247,learn,39508.00013542175,Tue Jul 07 2026 10:17:29 GMT-0500 (Central Daylight Time),305883.0,A,w,I,w,535,3,549.5999999046326,305333.40000009537,8080,WL,B,10.0
2,20.592000007629395,learn,39407.999992370605,Tue Jul 07 2026 10:17:29 GMT-0500 (Central Daylight Time),305982.90000009537,A,wi,I,i,80,3,649.5,305333.40000009537,8080,WL,B,10.0
2,20.70799994468689,learn,39292.00005531311,Tue Jul 07 2026 10:17:29 GMT-0500 (Central Daylight Time),306099.2000000477,A,wif,I,f,101,3,765.7999999523163,305333.40000009537,8080,WL,B,10.0
2,20.807999849319458,learn,39192.00015068054,Tue Jul 07 2026 10:17:29 GMT-0500 (Central Daylight Time),306199.2000000477,A,wife,I,e,89,3,865.7999999523163,305333.40000009537,8080,WL,B,10.0
2,20.907999992370605,learn,39092.000007629395,Tue Jul 07 2026 10:17:29 GMT-0500 (Central Daylight Time),306299.2999999523,A,wifeenter,I,enter,85,3,965.8999998569489,305333.40000009537,8080,WL,B,10.0
2,25.240000009536743,learn,34759.99999046326,Tue Jul 07 2026 10:17:29 GMT-0500 (Central Daylight Time),310631.2999999523,A,c,I,c,4312,3,4331.799999952316,306299.5,8080,WL,B,11.0
2,25.340999841690063,learn,34659.00015830994,Tue Jul 07 2026 10:17:29 GMT-0500 (Central Daylight Time),310731.40000009537,A,ci,I,i,85,3,4431.900000095367,306299.5,8080,WL,B,11.0
2,25.539999961853027,learn,34460.00003814697,Tue Jul 07 2026 10:17:29 GMT-0500 (Central Daylight Time),310931.2999999523,A,cit,I,t,192,3,4631.799999952316,306299.5,8080,WL,B,11.0
2,25.573999881744385,learn,34426.000118255615,Tue Jul 07 2026 10:17:29 GMT-0500 (Central Daylight Time),310964.7000000477,A,city,I,y,25,3,4665.200000047684,306299.5,8080,WL,B,11.0
2,25.889999866485596,learn,34110.000133514404,Tue Jul 07 2026 10:17:29 GMT-0500 (Central Daylight Time),311281.10000014305,A,cityenter,I,enter,312,3,4981.600000143051,306299.5,8080,WL,B,11.0
2,32.9210000038147,learn,27078.999996185303,Tue Jul 07 2026 10:17:29 GMT-0500 (Central Daylight Time),318312.2000000477,A,p,I,p,7011,3,7030.900000095367,311281.2999999523,8080,WL,B,12.0
2,33.9210000038147,learn,26078.999996185303,Tue Jul 07 2026 10:17:29 GMT-0500 (Central Daylight Time),319311.7999999523,A,,I,backspace,988,3,8030.5,311281.2999999523,8080,WL,B,12.0
2,49.43299984931946,learn,10567.000150680542,Tue Jul 07 2026 10:17:29 GMT-0500 (Central Daylight Time),334823.60000014305,A,s,I,s,15500,3,23542.300000190735,311281.2999999523,8080,WL,B,12.0
2,49.6489999294281,learn,10351.0000705719,Tue Jul 07 2026 10:17:29 GMT-0500 (Central Daylight Time),335040.2999999523,A,st,I,t,195,3,23759.0,311281.2999999523,8080,WL,B,12.0
2,49.782999992370605,learn,10217.000007629395,Tue Jul 07 2026 10:17:29 GMT-0500 (Central Daylight Time),335173.7000000477,A,sta,I,a,124,3,23892.400000095367,311281.2999999523,8080,WL,B,12.0
2,49.967000007629395,learn,10032.999992370605,Tue Jul 07 2026 10:17:29 GMT-0500 (Central Daylight Time),335357.90000009537,A,star,I,r,175,3,24076.60000014305,311281.2999999523,8080,WL,B,12.0
2,50.24899983406067,learn,9751.000165939331,Tue Jul 07 2026 10:17:29 GMT-0500 (Central Daylight Time),335640.10000014305,A,starenter,I,enter,270,3,24358.800000190735,311281.2999999523,8080,WL,B,12.0
2,60.01299977302551,learn,-12.999773025512695,Tue Jul 07 2026 10:17:29 GMT-0500 (Central Daylight Time),345404.0,A,None,I,None,9759,3,9763.599999904633,335640.40000009537,8080,WL,B,13.0
3,0.5319998264312744,learn,59468.000173568726,Tue Jul 07 2026 10:17:29 GMT-0500 (Central Daylight Time),412015.90000009537,A,s,I,s,520,3,531.7999999523163,411484.10000014305,8080,WL,B,1.0
3,0.6149997711181641,learn,59385.000228881836,Tue Jul 07 2026 10:17:29 GMT-0500 (Central Daylight Time),412099.40000009537,A,sk,I,k,76,3,615.2999999523163,411484.10000014305,8080,WL,B,1.0
3,0.8489999771118164,learn,59151.00002288818,Tue Jul 07 2026 10:17:29 GMT-0500 (Central Daylight Time),412332.7000000477,A,ski,I,i,225,3,848.5999999046326,411484.10000014305,8080,WL,B,1.0
3,0.9489998817443848,learn,59051.000118255615,Tue Jul 07 2026 10:17:29 GMT-0500 (Central Daylight Time),412432.60000014305,A,skin,I,n,88,3,948.5,411484.10000014305,8080,WL,B,1.0
3,1.1649999618530273,learn,58835.00003814697,Tue Jul 07 2026 10:17:29 GMT-0500 (Central Daylight Time),412649.10000014305,A,skinenter,I,enter,212,3,1165.0,411484.10000014305,8080,WL,B,1.0
3,1.5819997787475586,learn,58418.00022125244,Tue Jul 07 2026 10:17:29 GMT-0500 (Central Daylight Time),413065.90000009537,A,f,I,f,395,3,416.60000014305115,412649.2999999523,8080,WL,B,2.0
3,1.6649999618530273,learn,58335.00003814697,Tue Jul 07 2026 10:17:29 GMT-0500 (Central Daylight Time),413149.2000000477,A,fi,I,i,74,3,499.90000009536743,412649.2999999523,8080,WL,B,2.0
3,1.7979998588562012,learn,58202.0001411438,Tue Jul 07 2026 10:17:29 GMT-0500 (Central Daylight Time),413282.2999999523,A,fir,I,r,118,3,633.0,412649.2999999523,8080,WL,B,2.0
3,1.8980000019073486,learn,58101.99999809265,Tue Jul 07 2026 10:17:29 GMT-0500 (Central Daylight Time),413382.2000000477,A,fire,I,e,90,3,732.9000000953674,412649.2999999523,8080,WL,B,2.0
3,2.0319998264312744,learn,57968.000173568726,Tue Jul 07 2026 10:17:29 GMT-0500 (Central Daylight Time),413515.7999999523,A,fireenter,I,enter,118,3,866.5,412649.2999999523,8080,WL,B,2.0
3,2.3469998836517334,learn,57653.00011634827,Tue Jul 07 2026 10:17:29 GMT-0500 (Central Daylight Time),413832.2999999523,A,c,I,c,296,3,316.09999990463257,413516.2000000477,8080,WL,B,3.0
3,2.4469997882843018,learn,57553.0002117157,Tue Jul 07 2026 10:17:29 GMT-0500 (Central Daylight Time),413932.10000014305,A,cl,I,l,84,3,415.90000009536743,413516.2000000477,8080,WL,B,3.0
3,2.9469997882843018,learn,57053.0002117157,Tue Jul 07 2026 10:17:29 GMT-0500 (Central Daylight Time),414432.60000014305,A,clo,I,o,496,3,916.4000000953674,413516.2000000477,8080,WL,B,3.0
3,3.179999828338623,learn,56820.00017166138,Tue Jul 07 2026 10:17:29 GMT-0500 (Central Daylight Time),414665.2000000477,A,cloc,I,c,228,3,1149.0,413516.2000000477,8080,WL,B,3.0
3,3.296999931335449,learn,56703.00006866455,Tue Jul 07 2026 10:17:29 GMT-0500 (Central Daylight Time),414782.10000014305,A,clock,I,k,107,3,1265.9000000953674,413516.2000000477,8080,WL,B,3.0
3,3.5299999713897705,learn,56470.00002861023,Tue Jul 07 2026 10:17:29 GMT-0500 (Central Daylight Time),415015.0,A,clockenter,I,enter,214,3,1498.7999999523163,413516.2000000477,8080,WL,B,3.0
3,3.94599986076355,learn,56054.00013923645,Tue Jul 07 2026 10:17:29 GMT-0500 (Central Daylight Time),415431.5,A,l,I,l,405,3,416.2999999523163,415015.2000000477,8080,WL,B,4.0
3,4.0299999713897705,learn,55970.00002861023,Tue Jul 07 2026 10:17:29 GMT-0500 (Central Daylight Time),415515.0,A,la,I,a,76,3,499.7999999523163,415015.2000000477,8080,WL,B,4.0
3,4.2129998207092285,learn,55787.00017929077,Tue Jul 07 2026 10:17:29 GMT-0500 (Central Daylight Time),415698.2999999523,A,lak,I,k,176,3,683.0999999046326,415015.2000000477,8080,WL,B,4.0
3,4.379999876022339,learn,55620.00012397766,Tue Jul 07 2026 10:17:29 GMT-0500 (Central Daylight Time),415865.7999999523,A,lake,I,e,163,3,850.5999999046326,415015.2000000477,8080,WL,B,4.0
3,4.478999853134155,learn,55521.000146865845,Tue Jul 07 2026 10:17:29 GMT-0500 (Central Daylight Time),415964.7999999523,A,lakeenter,I,enter,91,3,949.5999999046326,415015.2000000477,8080,WL,B,4.0
3,4.7789998054504395,learn,55221.00019454956,Tue Jul 07 2026 10:17:29 GMT-0500 (Central Daylight Time),416264.90000009537,A,c,I,c,294,3,299.7000000476837,415965.2000000477,8080,WL,B,5.0
3,4.878999948501587,learn,55121.00005149841,Tue Jul 07 2026 10:17:29 GMT-0500 (Central Daylight Time),416364.60000014305,A,ca,I,a,92,3,399.40000009536743,415965.2000000477,8080,WL,B,5.0
3,5.079999923706055,learn,54920.000076293945,Tue Jul 07 2026 10:17:29 GMT-0500 (Central Daylight Time),416565.2999999523,A,cab,I,b,184,3,600.0999999046326,415965.2000000477,8080,WL,B,5.0
3,5.19599986076355,learn,54804.00013923645,Tue Jul 07 2026 10:17:29 GMT-0500 (Central Daylight Time),416681.2000000477,A,cabi,I,i,95,3,716.0,415965.2000000477,8080,WL,B,5.0
3,5.295999765396118,learn,54704.00023460388,Tue Jul 07 2026 10:17:29 GMT-0500 (Central Daylight Time),416781.2999999523,A,cabin,I,n,91,3,816.0999999046326,415965.2000000477,8080,WL,B,5.0
3,5.761999845504761,learn,54238.00015449524,Tue Jul 07 2026 10:17:29 GMT-0500 (Central Daylight Time),417247.7999999523,A,cabinenter,I,enter,455,3,1282.5999999046326,415965.2000000477,8080,WL,B,5.0
3,6.328999996185303,learn,53671.0000038147,Tue Jul 07 2026 10:17:29 GMT-0500 (Central Daylight Time),417814.40000009537,A,w,I,w,557,3,566.2000000476837,417248.2000000477,8080,WL,B,6.0
3,6.4629998207092285,learn,53537.00017929077,Tue Jul 07 2026 10:17:29 GMT-0500 (Central Daylight Time),417948.60000014305,A,wi,I,i,126,3,700.4000000953674,417248.2000000477,8080,WL,B,6.0
3,6.611999988555908,learn,53388.00001144409,Tue Jul 07 2026 10:17:29 GMT-0500 (Central Daylight Time),418097.7999999523,A,wif,I,f,136,3,849.5999999046326,417248.2000000477,8080,WL,B,6.0
3,6.728999853134155,learn,53271.000146865845,Tue Jul 07 2026 10:17:29 GMT-0500 (Central Daylight Time),418214.2999999523,A,wife,I,e,107,3,966.0999999046326,417248.2000000477,8080,WL,B,6.0
3,6.8459999561309814,learn,53154.00004386902,Tue Jul 07 2026 10:17:29 GMT-0500 (Central Daylight Time),418330.90000009537,A,wifeenter,I,enter,102,3,1082.7000000476837,417248.2000000477,8080,WL,B,6.0
3,7.211999893188477,learn,52788.00010681152,Tue Jul 07 2026 10:17:29 GMT-0500 (Central Daylight Time),418697.60000014305,A,p,I,p,346,3,366.40000009536743,418331.2000000477,8080,WL,B,7.0
3,7.577999830245972,learn,52422.00016975403,Tue Jul 07 2026 10:17:29 GMT-0500 (Central Daylight Time),419063.7000000477,A,pu,I,u,345,3,732.5,418331.2000000477,8080,WL,B,7.0
3,7.827999830245972,learn,52172.00016975403,Tue Jul 07 2026 10:17:29 GMT-0500 (Central Daylight Time),419313.7999999523,A,pup,I,p,245,3,982.5999999046326,418331.2000000477,8080,WL,B,7.0
3,8.09499979019165,learn,51905.00020980835,Tue Jul 07 2026 10:17:29 GMT-0500 (Central Daylight Time),419580.40000009537,A,pupi,I,i,250,3,1249.2000000476837,418331.2000000477,8080,WL,B,7.0
3,8.411999940872192,learn,51588.00005912781,Tue Jul 07 2026 10:17:29 GMT-0500 (Central Daylight Time),419897.10000014305,A,pupil,I,l,304,3,1565.9000000953674,418331.2000000477,8080,WL,B,7.0
3,8.694999933242798,learn,51305.0000667572,Tue Jul 07 2026 10:17:29 GMT-0500 (Central Daylight Time),420180.10000014305,A,pupilenter,I,enter,275,3,1848.9000000953674,418331.2000000477,8080,WL,B,7.0
3,9.044999837875366,learn,50955.000162124634,Tue Jul 07 2026 10:17:29 GMT-0500 (Central Daylight Time),420530.7000000477,A,p,I,p,336,3,350.2999999523163,420180.40000009537,8080,WL,B,8.0
3,9.277999877929688,learn,50722.00012207031,Tue Jul 07 2026 10:17:29 GMT-0500 (Central Daylight Time),420763.40000009537,A,pi,I,i,226,3,583.0,420180.40000009537,8080,WL,B,8.0
3,9.444999933242798,learn,50555.0000667572,Tue Jul 07 2026 10:17:29 GMT-0500 (Central Daylight Time),420929.90000009537,A,pip,I,p,145,3,749.5,420180.40000009537,8080,WL,B,8.0
3,9.760999917984009,learn,50239.00008201599,Tue Jul 07 2026 10:17:29 GMT-0500 (Central Daylight Time),421246.7000000477,A,pipe,I,e,306,3,1066.2999999523163,420180.40000009537,8080,WL,B,8.0
3,10.027999877929688,learn,49972.00012207031,Tue Jul 07 2026 10:17:29 GMT-0500 (Central Daylight Time),421513.2000000477,A,pipeenter,I,enter,254,3,1332.7999999523163,420180.40000009537,8080,WL,B,8.0
3,11.126999855041504,learn,48873.000144958496,Tue Jul 07 2026 10:17:29 GMT-0500 (Central Daylight Time),422612.60000014305,A,w,I,w,1084,3,1099.1000001430511,421513.5,8080,WL,B,9.0
3,11.227999925613403,learn,48772.0000743866,Tue Jul 07 2026 10:17:29 GMT-0500 (Central Daylight Time),422713.2999999523,A,wi,I,i,80,3,1199.7999999523163,421513.5,8080,WL,B,9.0
3,11.276999950408936,learn,48723.000049591064,Tue Jul 07 2026 10:17:29 GMT-0500 (Central Daylight Time),422762.7000000477,A,win,I,n,36,3,1249.2000000476837,421513.5,8080,WL,B,9.0
3,11.426999807357788,learn,48573.00019264221,Tue Jul 07 2026 10:17:29 GMT-0500 (Central Daylight Time),422912.7999999523,A,wind,I,d,129,3,1399.2999999523163,421513.5,8080,WL,B,9.0
3,11.526999950408936,learn,48473.000049591064,Tue Jul 07 2026 10:17:29 GMT-0500 (Central Daylight Time),423012.7000000477,A,windo,I,o,84,3,1499.2000000476837,421513.5,8080,WL,B,9.0
3,11.693999767303467,learn,48306.00023269653,Tue Jul 07 2026 10:17:29 GMT-0500 (Central Daylight Time),423179.40000009537,A,window,I,w,160,3,1665.9000000953674,421513.5,8080,WL,B,9.0
3,12.226999998092651,learn,47773.00000190735,Tue Jul 07 2026 10:17:29 GMT-0500 (Central Daylight Time),423712.40000009537,A,windows,I,s,521,3,2198.9000000953674,421513.5,8080,WL,B,9.0
3,12.327999830245972,learn,47672.00016975403,Tue Jul 07 2026 10:17:29 GMT-0500 (Central Daylight Time),423813.60000014305,A,windowst,I,t,92,3,2300.100000143051,421513.5,8080,WL,B,9.0
3,12.476999998092651,learn,47523.00000190735,Tue Jul 07 2026 10:17:29 GMT-0500 (Central Daylight Time),423962.2999999523,A,windowsta,I,a,134,3,2448.7999999523163,421513.5,8080,WL,B,9.0
3,12.643999814987183,learn,47356.00018501282,Tue Jul 07 2026 10:17:29 GMT-0500 (Central Daylight Time),424129.2000000477,A,windowstar,I,r,154,3,2615.7000000476837,421513.5,8080,WL,B,9.0
3,12.976999998092651,learn,47023.00000190735,Tue Jul 07 2026 10:17:29 GMT-0500 (Central Daylight Time),424462.2000000477,A,windowsta,I,backspace,315,3,2948.7000000476837,421513.5,8080,WL,B,9.0
3,13.143999814987183,learn,46856.00018501282,Tue Jul 07 2026 10:17:29 GMT-0500 (Central Daylight Time),424628.90000009537,A,windowst,I,backspace,150,3,3115.4000000953674,421513.5,8080,WL,B,9.0
3,13.32699990272522,learn,46673.00009727478,Tue Jul 07 2026 10:17:29 GMT-0500 (Central Daylight Time),424812.2999999523,A,windows,I,backspace,168,3,3298.7999999523163,421513.5,8080,WL,B,9.0
3,13.542999982833862,learn,46457.00001716614,Tue Jul 07 2026 10:17:29 GMT-0500 (Central Daylight Time),425028.60000014305,A,window,I,backspace,208,3,3515.100000143051,421513.5,8080,WL,B,9.0
3,14.125999927520752,learn,45874.00007247925,Tue Jul 07 2026 10:17:29 GMT-0500 (Central Daylight Time),425611.7999999523,A,windowenter,I,enter,576,3,4098.299999952316,421513.5,8080,WL,B,9.0
3,14.676999807357788,learn,45323.00019264221,Tue Jul 07 2026 10:17:29 GMT-0500 (Central Daylight Time),426161.90000009537,A,d,I,d,537,3,549.7000000476837,425612.2000000477,8080,WL,B,10.0
3,15.109999895095825,learn,44890.000104904175,Tue Jul 07 2026 10:17:29 GMT-0500 (Central Daylight Time),426594.7999999523,A,,I,backspace,426,3,982.5999999046326,425612.2000000477,8080,WL,B,10.0
3,15.259999990463257,learn,44740.00000953674,Tue Jul 07 2026 10:17:29 GMT-0500 (Central Daylight Time),426744.7999999523,A,s,I,s,138,3,1132.5999999046326,425612.2000000477,8080,WL,B,10.0
3,15.425999879837036,learn,44574.000120162964,Tue Jul 07 2026 10:17:29 GMT-0500 (Central Daylight Time),426911.7000000477,A,st,I,t,155,3,1299.5,425612.2000000477,8080,WL,B,10.0
3,16.042999982833862,learn,43957.00001716614,Tue Jul 07 2026 10:17:29 GMT-0500 (Central Daylight Time),427528.60000014305,A,sta,I,a,612,3,1916.4000000953674,425612.2000000477,8080,WL,B,10.0
3,16.39199995994568,learn,43608.00004005432,Tue Jul 07 2026 10:17:29 GMT-0500 (Central Daylight Time),427877.60000014305,A,star,I,r,335,3,2265.4000000953674,425612.2000000477,8080,WL,B,10.0
3,16.841999769210815,learn,43158.000230789185,Tue Jul 07 2026 10:17:29 GMT-0500 (Central Daylight Time),428327.7000000477,A,starenter,I,enter,439,3,2715.5,425612.2000000477,8080,WL,B,10.0
3,18.824999809265137,learn,41175.00019073486,Tue Jul 07 2026 10:17:29 GMT-0500 (Central Daylight Time),430310.7000000477,A,a,I,a,1973,3,1982.7000000476837,428328.0,8080,WL,B,11.0
3,18.941999912261963,learn,41058.00008773804,Tue Jul 07 2026 10:17:29 GMT-0500 (Central Daylight Time),430426.90000009537,A,ar,I,r,100,3,2098.9000000953674,428328.0,8080,WL,B,11.0
3,19.04099988937378,learn,40959.00011062622,Tue Jul 07 2026 10:17:29 GMT-0500 (Central Daylight Time),430526.60000014305,A,arm,I,m,88,3,2198.600000143051,428328.0,8080,WL,B,11.0
3,19.274999856948853,learn,40725.00014305115,Tue Jul 07 2026 10:17:29 GMT-0500 (Central Daylight Time),430760.10000014305,A,armenter,I,enter,212,3,2432.100000143051,428328.0,8080,WL,B,11.0
3,19.89199995994568,learn,40108.00004005432,Tue Jul 07 2026 10:17:29 GMT-0500 (Central Daylight Time),431377.10000014305,A,c,I,c,597,3,616.8000001907349,430760.2999999523,8080,WL,B,12.0
3,19.95799994468689,learn,40042.00005531311,Tue Jul 07 2026 10:17:29 GMT-0500 (Central Daylight Time),431443.40000009537,A,ci,I,i,59,3,683.1000001430511,430760.2999999523,8080,WL,B,12.0
3,20.19099998474121,learn,39809.00001525879,Tue Jul 07 2026 10:17:29 GMT-0500 (Central Daylight Time),431676.60000014305,A,cit,I,t,216,3,916.3000001907349,430760.2999999523,8080,WL,B,12.0
3,20.20799994468689,learn,39792.00005531311,Tue Jul 07 2026 10:17:29 GMT-0500 (Central Daylight Time),431693.2999999523,A,city,I,y,0,3,933.0,430760.2999999523,8080,WL,B,12.0
3,20.45799994468689,learn,39542.00005531311,Tue Jul 07 2026 10:17:29 GMT-0500 (Central Daylight Time),431943.2999999523,A,cityenter,I,enter,231,3,1183.0,430760.2999999523,8080,WL,B,12.0
3,26.58899998664856,learn,33411.00001335144,Tue Jul 07 2026 10:17:29 GMT-0500 (Central Daylight Time),438074.60000014305,A,c,I,c,6117,3,6131.0,431943.60000014305,8080,WL,B,13.0
3,26.705999851226807,learn,33294.00014877319,Tue Jul 07 2026 10:17:29 GMT-0500 (Central Daylight Time),438191.2000000477,A,ci,I,i,106,3,6247.599999904633,431943.60000014305,8080,WL,B,13.0
3,26.872999906539917,learn,33127.00009346008,Tue Jul 07 2026 10:17:29 GMT-0500 (Central Daylight Time),438357.7999999523,A,cit,I,t,156,3,6414.199999809265,431943.60000014305,8080,WL,B,13.0
3,26.92199993133545,learn,33078.00006866455,Tue Jul 07 2026 10:17:29 GMT-0500 (Central Daylight Time),438407.7000000477,A,city,I,y,30,3,6464.099999904633,431943.60000014305,8080,WL,B,13.0
3,27.271999835968018,learn,32728.000164031982,Tue Jul 07 2026 10:17:29 GMT-0500 (Central Daylight Time),438757.7999999523,A,cityenter,I,enter,333,3,6814.199999809265,431943.60000014305,8080,WL,B,13.0
3,34.95299983024597,learn,25047.00016975403,Tue Jul 07 2026 10:17:29 GMT-0500 (Central Daylight Time),446438.60000014305,A,f,I,f,7671,3,7680.5,438758.10000014305,8080,WL,B,14.0
3,35.03599977493286,learn,24964.00022506714,Tue Jul 07 2026 10:17:29 GMT-0500 (Central Daylight Time),446521.7000000477,A,fl,I,l,69,3,7763.599999904633,438758.10000014305,8080,WL,B,14.0
3,35.15299987792969,learn,24847.000122070312,Tue Jul 07 2026 10:17:29 GMT-0500 (Central Daylight Time),446638.40000009537,A,fla,I,a,107,3,7880.299999952316,438758.10000014305,8080,WL,B,14.0
3,35.36999988555908,learn,24630.000114440918,Tue Jul 07 2026 10:17:29 GMT-0500 (Central Daylight Time),446855.10000014305,A,flas,I,s,205,3,8097.0,438758.10000014305,8080,WL,B,14.0
3,35.669999837875366,learn,24330.000162124634,Tue Jul 07 2026 10:17:29 GMT-0500 (Central Daylight Time),447155.10000014305,A,fla,I,backspace,293,3,8397.0,438758.10000014305,8080,WL,B,14.0
3,35.8199999332428,learn,24180.000066757202,Tue Jul 07 2026 10:17:29 GMT-0500 (Central Daylight Time),447305.2000000477,A,fl,I,backspace,129,3,8547.099999904633,438758.10000014305,8080,WL,B,14.0
3,36.15299987792969,learn,23847.000122070312,Tue Jul 07 2026 10:17:29 GMT-0500 (Central Daylight Time),447638.40000009537,A,f,I,backspace,323,3,8880.299999952316,438758.10000014305,8080,WL,B,14.0
3,36.53599977493286,learn,23464.00022506714,Tue Jul 07 2026 10:17:29 GMT-0500 (Central Daylight Time),448021.7000000477,A,,I,backspace,374,3,9263.599999904633,438758.10000014305,8080,WL,B,14.0
3,37.002999782562256,learn,22997.000217437744,Tue Jul 07 2026 10:17:29 GMT-0500 (Central Daylight Time),448488.0,A,l,I,l,446,3,9729.899999856949,438758.10000014305,8080,WL,B,14.0
3,37.45299983024597,learn,22547.00016975403,Tue Jul 07 2026 10:17:29 GMT-0500 (Central Daylight Time),448937.7999999523,A,,I,backspace,436,3,10179.699999809265,438758.10000014305,8080,WL,B,14.0
3,37.651999950408936,learn,22348.000049591064,Tue Jul 07 2026 10:17:29 GMT-0500 (Central Daylight Time),449137.7000000477,A,f,I,f,179,3,10379.599999904633,438758.10000014305,8080,WL,B,14.0
3,37.80299997329712,learn,22197.00002670288,Tue Jul 07 2026 10:17:29 GMT-0500 (Central Daylight Time),449288.0,A,fl,I,l,138,3,10529.899999856949,438758.10000014305,8080,WL,B,14.0
3,38.03599977493286,learn,21964.00022506714,Tue Jul 07 2026 10:17:29 GMT-0500 (Central Daylight Time),449521.0,A,fla,I,a,220,3,10762.899999856949,438758.10000014305,8080,WL,B,14.0
3,38.36899995803833,learn,21631.00004196167,Tue Jul 07 2026 10:17:29 GMT-0500 (Central Daylight Time),449854.40000009537,A,fl,I,backspace,323,3,11096.299999952316,438758.10000014305,8080,WL,B,14.0
3,38.53499984741211,learn,21465.00015258789,Tue Jul 07 2026 10:17:29 GMT-0500 (Central Daylight Time),450020.7000000477,A,f,I,backspace,150,3,11262.599999904633,438758.10000014305,8080,WL,B,14.0
3,38.7189998626709,learn,21281.0001373291,Tue Jul 07 2026 10:17:29 GMT-0500 (Central Daylight Time),450204.10000014305,A,,I,backspace,168,3,11446.0,438758.10000014305,8080,WL,B,14.0
3,39.579999923706055,learn,20420.000076293945,Tue Jul 07 2026 10:17:29 GMT-0500 (Central Daylight Time),451065.0,A,g,I,g,857,3,12306.899999856949,438758.10000014305,8080,WL,B,14.0
3,39.651999950408936,learn,20348.000049591064,Tue Jul 07 2026 10:17:29 GMT-0500 (Central Daylight Time),451136.7999999523,A,gl,I,l,58,3,12378.699999809265,438758.10000014305,8080,WL,B,14.0
3,39.78499984741211,learn,20215.00015258789,Tue Jul 07 2026 10:17:29 GMT-0500 (Central Daylight Time),451270.40000009537,A,gla,I,a,120,3,12512.299999952316,438758.10000014305,8080,WL,B,14.0
3,40.01899981498718,learn,19981.000185012817,Tue Jul 07 2026 10:17:29 GMT-0500 (Central Daylight Time),451503.90000009537,A,glas,I,s,214,3,12745.799999952316,438758.10000014305,8080,WL,B,14.0
3,40.26799988746643,learn,19732.00011253357,Tue Jul 07 2026 10:17:29 GMT-0500 (Central Daylight Time),451753.60000014305,A,glass,I,s,236,3,12995.5,438758.10000014305,8080,WL,B,14.0
3,40.734999895095825,learn,19265.000104904175,Tue Jul 07 2026 10:17:29 GMT-0500 (Central Daylight Time),452220.2999999523,A,glassenter,I,enter,459,3,13462.199999809265,438758.10000014305,8080,WL,B,14.0
3,43.834999799728394,learn,16165.000200271606,Tue Jul 07 2026 10:17:29 GMT-0500 (Central Daylight Time),455320.7000000477,A,c,I,c,3080,3,3100.2000000476837,452220.5,8080,WL,B,15.0
3,43.91699981689453,learn,16083.000183105469,Tue Jul 07 2026 10:17:29 GMT-0500 (Central Daylight Time),455402.5,A,cl,I,l,68,3,3182.0,452220.5,8080,WL,B,15.0
3,44.133999824523926,learn,15866.000175476074,Tue Jul 07 2026 10:17:29 GMT-0500 (Central Daylight Time),455619.10000014305,A,clo,I,o,202,3,3398.600000143051,452220.5,8080,WL,B,15.0
3,44.900999784469604,learn,15099.000215530396,Tue Jul 07 2026 10:17:29 GMT-0500 (Central Daylight Time),456386.5,A,clok,I,k,761,3,4166.0,452220.5,8080,WL,B,15.0
3,44.91699981689453,learn,15083.000183105469,Tue Jul 07 2026 10:17:29 GMT-0500 (Central Daylight Time),456402.2000000477,A,clokc,I,c,1,3,4181.700000047684,452220.5,8080,WL,B,15.0
3,45.25,learn,14750.0,Tue Jul 07 2026 10:17:29 GMT-0500 (Central Daylight Time),456735.60000014305,A,clokcenter,I,enter,322,3,4515.100000143051,452220.5,8080,WL,B,15.0
4,0.5499999523162842,learn,59450.000047683716,Tue Jul 07 2026 10:17:29 GMT-0500 (Central Daylight Time),524897.5,A,s,I,s,546,3,549.8999998569489,524347.600000143,8080,WL,B,1.0
4,0.6840000152587891,learn,59315.99998474121,Tue Jul 07 2026 10:17:29 GMT-0500 (Central Daylight Time),525030.600000143,A,sk,I,k,123,3,683.0,524347.600000143,8080,WL,B,1.0
4,0.8830001354217529,learn,59116.99986457825,Tue Jul 07 2026 10:17:29 GMT-0500 (Central Daylight Time),525230.4000000954,A,ski,I,i,190,3,882.7999999523163,524347.600000143,8080,WL,B,1.0
4,1.0169999599456787,learn,58983.00004005432,Tue Jul 07 2026 10:17:29 GMT-0500 (Central Daylight Time),525363.7000000477,A,skin,I,n,125,3,1016.0999999046326,524347.600000143,8080,WL,B,1.0
4,1.2999999523162842,learn,58700.000047683716,Tue Jul 07 2026 10:17:29 GMT-0500 (Central Daylight Time),525647.2000000477,A,skinenter,I,enter,272,3,1299.5999999046326,524347.600000143,8080,WL,B,1.0
4,2.0,learn,58000.0,Tue Jul 07 2026 10:17:29 GMT-0500 (Central Daylight Time),526347.0,A,d,I,d,685,3,699.5,525647.5,8080,WL,B,2.0
4,2.1660001277923584,learn,57833.99987220764,Tue Jul 07 2026 10:17:29 GMT-0500 (Central Daylight Time),526513.2999999523,A,do,I,o,153,3,865.7999999523163,525647.5,8080,WL,B,2.0
4,2.2829999923706055,learn,57717.000007629395,Tue Jul 07 2026 10:17:29 GMT-0500 (Central Daylight Time),526630.2999999523,A,doo,I,o,107,3,982.7999999523163,525647.5,8080,WL,B,2.0
4,2.4160001277923584,learn,57583.99987220764,Tue Jul 07 2026 10:17:29 GMT-0500 (Central Daylight Time),526763.2999999523,A,door,I,r,126,3,1115.7999999523163,525647.5,8080,WL,B,2.0
4,2.567000150680542,learn,57432.99984931946,Tue Jul 07 2026 10:17:29 GMT-0500 (Central Daylight Time),526913.600000143,A,doorenter,I,enter,136,3,1266.1000001430511,525647.5,8080,WL,B,2.0
4,3.2330000400543213,learn,56766.99995994568,Tue Jul 07 2026 10:17:29 GMT-0500 (Central Daylight Time),527579.9000000954,A,f,I,f,651,3,666.0,526913.9000000954,8080,WL,B,3.0
4,3.3329999446868896,learn,56667.00005531311,Tue Jul 07 2026 10:17:29 GMT-0500 (Central Daylight Time),527680.4000000954,A,fi,I,i,89,3,766.5,526913.9000000954,8080,WL,B,3.0
4,3.5160000324249268,learn,56483.99996757507,Tue Jul 07 2026 10:17:29 GMT-0500 (Central Daylight Time),527863.0,A,fie,I,e,163,3,949.0999999046326,526913.9000000954,8080,WL,B,3.0
4,3.6490001678466797,learn,56350.99983215332,Tue Jul 07 2026 10:17:29 GMT-0500 (Central Daylight Time),527996.4000000954,A,fieenter,I,enter,125,3,1082.5,526913.9000000954,8080,WL,B,3.0
4,4.64900016784668,learn,55350.99983215332,Tue Jul 07 2026 10:17:29 GMT-0500 (Central Daylight Time),528996.0,A,f,I,f,991,3,999.2999999523163,527996.7000000477,8080,WL,B,4.0
4,4.733000040054321,learn,55266.99995994568,Tue Jul 07 2026 10:17:29 GMT-0500 (Central Daylight Time),529079.600000143,A,fi,I,i,73,3,1082.9000000953674,527996.7000000477,8080,WL,B,4.0
4,4.89900016784668,learn,55100.99983215332,Tue Jul 07 2026 10:17:29 GMT-0500 (Central Daylight Time),529246.0,A,fir,I,r,157,3,1249.2999999523163,527996.7000000477,8080,WL,B,4.0
4,4.999000072479248,learn,55000.99992752075,Tue Jul 07 2026 10:17:29 GMT-0500 (Central Daylight Time),529345.7999999523,A,fire,I,e,86,3,1349.0999999046326,527996.7000000477,8080,WL,B,4.0
4,5.116000175476074,learn,54883.999824523926,Tue Jul 07 2026 10:17:29 GMT-0500 (Central Daylight Time),529462.9000000954,A,fireenter,I,enter,106,3,1466.2000000476837,527996.7000000477,8080,WL,B,4.0
4,6.5320000648498535,learn,53467.99993515015,Tue Jul 07 2026 10:17:29 GMT-0500 (Central Daylight Time),530878.7000000477,A,p,I,p,1397,3,1415.5,529463.2000000477,8080,WL,B,5.0
4,6.615000009536743,learn,53384.99999046326,Tue Jul 07 2026 10:17:29 GMT-0500 (Central Daylight Time),530961.9000000954,A,pi,I,i,61,3,1498.7000000476837,529463.2000000477,8080,WL,B,5.0
4,7.164999961853027,learn,52835.00003814697,Tue Jul 07 2026 10:17:29 GMT-0500 (Central Daylight Time),531512.0,A,pip,I,p,529,3,2048.7999999523163,529463.2000000477,8080,WL,B,5.0
4,7.414999961853027,learn,52585.00003814697,Tue Jul 07 2026 10:17:29 GMT-0500 (Central Daylight Time),531761.9000000954,A,pipe,I,e,236,3,2298.7000000476837,529463.2000000477,8080,WL,B,5.0
4,7.565999984741211,learn,52434.00001525879,Tue Jul 07 2026 10:17:29 GMT-0500 (Central Daylight Time),531912.600000143,A,pipeenter,I,enter,146,3,2449.4000000953674,529463.2000000477,8080,WL,B,5.0
4,8.148000001907349,learn,51851.99999809265,Tue Jul 07 2026 10:17:29 GMT-0500 (Central Daylight Time),532495.100000143,A,p,I,p,572,3,582.3000001907349,531912.7999999523,8080,WL,B,6.0
4,8.348000049591064,learn,51651.999950408936,Tue Jul 07 2026 10:17:29 GMT-0500 (Central Daylight Time),532694.9000000954,A,pu,I,u,181,3,782.1000001430511,531912.7999999523,8080,WL,B,6.0
4,8.897000074386597,learn,51102.9999256134,Tue Jul 07 2026 10:17:29 GMT-0500 (Central Daylight Time),533244.4000000954,A,pup,I,p,540,3,1331.6000001430511,531912.7999999523,8080,WL,B,6.0
4,9.197999954223633,learn,50802.00004577637,Tue Jul 07 2026 10:17:29 GMT-0500 (Central Daylight Time),533544.600000143,A,pupi,I,i,280,3,1631.8000001907349,531912.7999999523,8080,WL,B,6.0
4,9.63100004196167,learn,50368.99995803833,Tue Jul 07 2026 10:17:29 GMT-0500 (Central Daylight Time),533978.7000000477,A,pupil,I,l,427,3,2065.9000000953674,531912.7999999523,8080,WL,B,6.0
4,9.94700002670288,learn,50052.99997329712,Tue Jul 07 2026 10:17:29 GMT-0500 (Central Daylight Time),534294.4000000954,A,pupilenter,I,enter,306,3,2381.600000143051,531912.7999999523,8080,WL,B,6.0
4,10.246999979019165,learn,49753.000020980835,Tue Jul 07 2026 10:17:29 GMT-0500 (Central Daylight Time),534594.2999999523,A,l,I,l,294,3,299.59999990463257,534294.7000000477,8080,WL,B,7.0
4,10.380000114440918,learn,49619.99988555908,Tue Jul 07 2026 10:17:29 GMT-0500 (Central Daylight Time),534727.7999999523,A,la,I,a,122,3,433.09999990463257,534294.7000000477,8080,WL,B,7.0
4,10.52999997138977,learn,49470.00002861023,Tue Jul 07 2026 10:17:29 GMT-0500 (Central Daylight Time),534877.5,A,lak,I,k,132,3,582.7999999523163,534294.7000000477,8080,WL,B,7.0
4,10.663000106811523,learn,49336.99989318848,Tue Jul 07 2026 10:17:29 GMT-0500 (Central Daylight Time),535010.600000143,A,lake,I,e,126,3,715.9000000953674,534294.7000000477,8080,WL,B,7.0
4,10.77999997138977,learn,49220.00002861023,Tue Jul 07 2026 10:17:29 GMT-0500 (Central Daylight Time),535127.2000000477,A,lakeenter,I,enter,98,3,832.5,534294.7000000477,8080,WL,B,7.0
4,11.080000162124634,learn,48919.999837875366,Tue Jul 07 2026 10:17:29 GMT-0500 (Central Daylight Time),535427.4000000954,A,c,I,c,293,3,299.90000009536743,535127.5,8080,WL,B,8.0
4,11.19700002670288,learn,48802.99997329712,Tue Jul 07 2026 10:17:29 GMT-0500 (Central Daylight Time),535544.100000143,A,ca,I,a,96,3,416.60000014305115,535127.5,8080,WL,B,8.0
4,11.463000059127808,learn,48536.99994087219,Tue Jul 07 2026 10:17:29 GMT-0500 (Central Daylight Time),535810.600000143,A,cab,I,b,252,3,683.1000001430511,535127.5,8080,WL,B,8.0
4,11.580000162124634,learn,48419.999837875366,Tue Jul 07 2026 10:17:29 GMT-0500 (Central Daylight Time),535927.4000000954,A,cabi,I,i,98,3,799.9000000953674,535127.5,8080,WL,B,8.0
4,11.646000146865845,learn,48353.999853134155,Tue Jul 07 2026 10:17:29 GMT-0500 (Central Daylight Time),535993.9000000954,A,cabin,I,n,53,3,866.4000000953674,535127.5,8080,WL,B,8.0
4,12.213000059127808,learn,47786.99994087219,Tue Jul 07 2026 10:17:29 GMT-0500 (Central Daylight Time),536560.2999999523,A,cabinenter,I,enter,547,3,1432.7999999523163,535127.5,8080,WL,B,8.0
4,12.462000131607056,learn,47537.999868392944,Tue Jul 07 2026 10:17:29 GMT-0500 (Central Daylight Time),536809.9000000954,A,s,I,s,244,3,249.29999995231628,536560.600000143,8080,WL,B,9.0
4,13.42900013923645,learn,46570.99986076355,Tue Jul 07 2026 10:17:29 GMT-0500 (Central Daylight Time),537776.7000000477,A,st,I,t,946,3,1216.0999999046326,536560.600000143,8080,WL,B,9.0
4,14.412000179290771,learn,45587.99982070923,Tue Jul 07 2026 10:17:29 GMT-0500 (Central Daylight Time),538759.600000143,A,str,I,r,970,3,2199.0,536560.600000143,8080,WL,B,9.0
4,14.545000076293945,learn,45454.999923706055,Tue Jul 07 2026 10:17:29 GMT-0500 (Central Daylight Time),538892.9000000954,A,stre,I,e,117,3,2332.2999999523163,536560.600000143,8080,WL,B,9.0
4,14.729000091552734,learn,45270.999908447266,Tue Jul 07 2026 10:17:29 GMT-0500 (Central Daylight Time),539076.2000000477,A,stree,I,e,175,3,2515.5999999046326,536560.600000143,8080,WL,B,9.0
4,14.84500002861023,learn,45154.99997138977,Tue Jul 07 2026 10:17:29 GMT-0500 (Central Daylight Time),539192.7999999523,A,street,I,t,112,3,2632.199999809265,536560.600000143,8080,WL,B,9.0
4,15.263000011444092,learn,44736.99998855591,Tue Jul 07 2026 10:17:29 GMT-0500 (Central Daylight Time),539610.600000143,A,streetenter,I,enter,403,3,3050.0,536560.600000143,8080,WL,B,9.0
4,16.945000171661377,learn,43054.99982833862,Tue Jul 07 2026 10:17:29 GMT-0500 (Central Daylight Time),541292.4000000954,A,g,I,g,1666,3,1681.5,539610.9000000954,8080,WL,B,10.0
4,17.16100001335144,learn,42838.99998664856,Tue Jul 07 2026 10:17:29 GMT-0500 (Central Daylight Time),541508.9000000954,A,gr,I,r,199,3,1898.0,539610.9000000954,8080,WL,B,10.0
4,17.278000116348267,learn,42721.99988365173,Tue Jul 07 2026 10:17:29 GMT-0500 (Central Daylight Time),541625.2000000477,A,gra,I,a,95,3,2014.2999999523163,539610.9000000954,8080,WL,B,10.0
4,17.478000164031982,learn,42521.99983596802,Tue Jul 07 2026 10:17:29 GMT-0500 (Central Daylight Time),541825.5,A,gras,I,s,187,3,2214.5999999046326,539610.9000000954,8080,WL,B,10.0
4,17.811000108718872,learn,42188.99989128113,Tue Jul 07 2026 10:17:29 GMT-0500 (Central Daylight Time),542158.600000143,A,grass,I,s,323,3,2547.7000000476837,539610.9000000954,8080,WL,B,10.0
4,26.79100012779236,learn,33208.99987220764,Tue Jul 07 2026 10:17:29 GMT-0500 (Central Daylight Time),551138.7000000477,A,grassw,I,w,8973,3,11527.799999952316,539610.9000000954,8080,WL,B,10.0
4,26.841000080108643,learn,33158.99991989136,Tue Jul 07 2026 10:17:29 GMT-0500 (Central Daylight Time),551188.7000000477,A,grasswi,I,i,40,3,11577.799999952316,539610.9000000954,8080,WL,B,10.0
4,26.94099998474121,learn,33059.00001525879,Tue Jul 07 2026 10:17:29 GMT-0500 (Central Daylight Time),551288.7000000477,A,grasswin,I,n,94,3,11677.799999952316,539610.9000000954,8080,WL,B,10.0
4,27.141000032424927,learn,32858.99996757507,Tue Jul 07 2026 10:17:29 GMT-0500 (Central Daylight Time),551488.9000000954,A,grasswino,I,o,195,3,11878.0,539610.9000000954,8080,WL,B,10.0
4,27.60800004005432,learn,32391.99995994568,Tue Jul 07 2026 10:17:29 GMT-0500 (Central Daylight Time),551955.5,A,grasswin,I,backspace,460,3,12344.599999904633,539610.9000000954,8080,WL,B,10.0
4,27.77500009536743,learn,32224.99990463257,Tue Jul 07 2026 10:17:29 GMT-0500 (Central Daylight Time),552122.2999999523,A,grasswi,I,backspace,153,3,12511.399999856949,539610.9000000954,8080,WL,B,10.0
4,27.907999992370605,learn,32092.000007629395,Tue Jul 07 2026 10:17:29 GMT-0500 (Central Daylight Time),552255.2000000477,A,grassw,I,backspace,122,3,12644.299999952316,539610.9000000954,8080,WL,B,10.0
4,28.075999975204468,learn,31924.000024795532,Tue Jul 07 2026 10:17:29 GMT-0500 (Central Daylight Time),552423.100000143,A,grass,I,backspace,157,3,12812.200000047684,539610.9000000954,8080,WL,B,10.0
4,28.407999992370605,learn,31592.000007629395,Tue Jul 07 2026 10:17:29 GMT-0500 (Central Daylight Time),552755.2999999523,A,grassenter,I,enter,325,3,13144.399999856949,539610.9000000954,8080,WL,B,10.0
4,28.842000007629395,learn,31157.999992370605,Tue Jul 07 2026 10:17:29 GMT-0500 (Central Daylight Time),553189.600000143,A,w,I,w,425,3,433.90000009536743,552755.7000000477,8080,WL,B,11.0
4,28.907999992370605,learn,31092.000007629395,Tue Jul 07 2026 10:17:29 GMT-0500 (Central Daylight Time),553255.2999999523,A,wi,I,i,47,3,499.59999990463257,552755.7000000477,8080,WL,B,11.0
4,29.008000135421753,learn,30991.999864578247,Tue Jul 07 2026 10:17:29 GMT-0500 (Central Daylight Time),553355.2999999523,A,win,I,n,86,3,599.5999999046326,552755.7000000477,8080,WL,B,11.0
4,29.192000150680542,learn,30807.999849319458,Tue Jul 07 2026 10:17:29 GMT-0500 (Central Daylight Time),553539.2999999523,A,wind,I,d,177,3,783.5999999046326,552755.7000000477,8080,WL,B,11.0
4,29.27400016784668,learn,30725.99983215332,Tue Jul 07 2026 10:17:29 GMT-0500 (Central Daylight Time),553621.7000000477,A,windo,I,o,65,3,866.0,552755.7000000477,8080,WL,B,11.0
4,29.891000032424927,learn,30108.999967575073,Tue Jul 07 2026 10:17:29 GMT-0500 (Central Daylight Time),554238.100000143,A,window,I,w,599,3,1482.4000000953674,552755.7000000477,8080,WL,B,11.0
4,30.223999977111816,learn,29776.000022888184,Tue Jul 07 2026 10:17:29 GMT-0500 (Central Daylight Time),554571.4000000954,A,windowenter,I,enter,318,3,1815.7000000476837,552755.7000000477,8080,WL,B,11.0
4,32.723000049591064,learn,27276.999950408936,Tue Jul 07 2026 10:17:29 GMT-0500 (Central Daylight Time),557070.5,A,a,I,a,2489,3,2498.7999999523163,554571.7000000477,8080,WL,B,12.0
4,32.805999994277954,learn,27194.000005722046,Tue Jul 07 2026 10:17:29 GMT-0500 (Central Daylight Time),557153.7999999523,A,ar,I,r,77,3,2582.0999999046326,554571.7000000477,8080,WL,B,12.0
4,33.00699996948242,learn,26993.000030517578,Tue Jul 07 2026 10:17:29 GMT-0500 (Central Daylight Time),557354.0,A,arm,I,m,187,3,2782.2999999523163,554571.7000000477,8080,WL,B,12.0
4,33.223000049591064,learn,26776.999950408936,Tue Jul 07 2026 10:17:29 GMT-0500 (Central Daylight Time),557570.4000000954,A,armenter,I,enter,202,3,2998.7000000476837,554571.7000000477,8080,WL,B,12.0
4,36.17200016975403,learn,23827.99983024597,Tue Jul 07 2026 10:17:29 GMT-0500 (Central Daylight Time),560519.5,A,f,I,f,2938,3,2948.7000000476837,557570.7999999523,8080,WL,B,13.0
4,36.25500011444092,learn,23744.999885559082,Tue Jul 07 2026 10:17:29 GMT-0500 (Central Daylight Time),560602.600000143,A,fi,I,i,69,3,3031.800000190735,557570.7999999523,8080,WL,B,13.0
4,36.355000019073486,learn,23644.999980926514,Tue Jul 07 2026 10:17:29 GMT-0500 (Central Daylight Time),560702.600000143,A,fir,I,r,88,3,3131.800000190735,557570.7999999523,8080,WL,B,13.0
4,36.44000005722046,learn,23559.99994277954,Tue Jul 07 2026 10:17:29 GMT-0500 (Central Daylight Time),560787.100000143,A,fire,I,e,78,3,3216.300000190735,557570.7999999523,8080,WL,B,13.0
4,36.53800010681152,learn,23461.999893188477,Tue Jul 07 2026 10:17:29 GMT-0500 (Central Daylight Time),560885.9000000954,A,fireenter,I,enter,81,3,3315.100000143051,557570.7999999523,8080,WL,B,13.0
4,41.80299997329712,learn,18197.00002670288,Tue Jul 07 2026 10:17:29 GMT-0500 (Central Daylight Time),566150.9000000954,A,c,I,c,5246,3,5264.700000047684,560886.2000000477,8080,WL,B,14.0
4,41.837000131607056,learn,18162.999868392944,Tue Jul 07 2026 10:17:29 GMT-0500 (Central Daylight Time),566184.4000000954,A,cl,I,l,12,3,5298.200000047684,560886.2000000477,8080,WL,B,14.0
4,43.15300011634827,learn,16846.999883651733,Tue Jul 07 2026 10:17:29 GMT-0500 (Central Daylight Time),567500.7000000477,A,clo,I,o,1308,3,6614.5,560886.2000000477,8080,WL,B,14.0
4,43.835999965667725,learn,16164.000034332275,Tue Jul 07 2026 10:17:29 GMT-0500 (Central Daylight Time),568183.7000000477,A,cloc,I,c,662,3,7297.5,560886.2000000477,8080,WL,B,14.0
4,43.93600010871887,learn,16063.999891281128,Tue Jul 07 2026 10:17:29 GMT-0500 (Central Daylight Time),568283.7000000477,A,clock,I,k,84,3,7397.5,560886.2000000477,8080,WL,B,14.0
4,44.41700005531311,learn,15582.99994468689,Tue Jul 07 2026 10:17:29 GMT-0500 (Central Daylight Time),568764.5,A,clockenter,I,enter,476,3,7878.299999952316,560886.2000000477,8080,WL,B,14.0
4,44.87100005149841,learn,15128.999948501587,Tue Jul 07 2026 10:17:29 GMT-0500 (Central Daylight Time),569218.100000143,A,w,I,w,440,3,453.30000019073486,568764.7999999523,8080,WL,B,15.0
4,44.920000076293945,learn,15079.999923706055,Tue Jul 07 2026 10:17:29 GMT-0500 (Central Daylight Time),569267.2000000477,A,wi,I,i,34,3,502.40000009536743,568764.7999999523,8080,WL,B,15.0
4,45.00200009346008,learn,14997.999906539917,Tue Jul 07 2026 10:17:29 GMT-0500 (Central Daylight Time),569350.0,A,win,I,n,73,3,585.2000000476837,568764.7999999523,8080,WL,B,15.0
4,45.11899995803833,learn,14881.00004196167,Tue Jul 07 2026 10:17:29 GMT-0500 (Central Daylight Time),569466.4000000954,A,wind,I,d,110,3,701.6000001430511,568764.7999999523,8080,WL,B,15.0
4,45.253000020980835,learn,14746.999979019165,Tue Jul 07 2026 10:17:29 GMT-0500 (Central Daylight Time),569600.100000143,A,windo,I,o,113,3,835.3000001907349,568764.7999999523,8080,WL,B,15.0
4,45.35300016403198,learn,14646.999835968018,Tue Jul 07 2026 10:17:29 GMT-0500 (Central Daylight Time),569700.0,A,window,I,w,83,3,935.2000000476837,568764.7999999523,8080,WL,B,15.0
4,45.569000005722046,learn,14430.999994277954,Tue Jul 07 2026 10:17:29 GMT-0500 (Central Daylight Time),569916.600000143,A,windowenter,I,enter,200,3,1151.8000001907349,568764.7999999523,8080,WL,B,15.0
5,0.7170000076293945,learn,60000.0,Tue Jul 07 2026 10:17:29 GMT-0500 (Central Daylight Time),637795.600000143,A,f,I,f,702,3,716.7000000476837,637078.9000000954,8080,WL,B,1.0
5,0.8330001831054688,learn,60000.0,Tue Jul 07 2026 10:17:29 GMT-0500 (Central Daylight Time),637911.7000000477,A,fi,I,i,103,3,832.7999999523163,637078.9000000954,8080,WL,B,1.0
5,0.9660000801086426,learn,60000.0,Tue Jul 07 2026 10:17:29 GMT-0500 (Central Daylight Time),638045.4000000954,A,fir,I,r,117,3,966.5,637078.9000000954,8080,WL,B,1.0
5,1.067000150680542,learn,60000.0,Tue Jul 07 2026 10:17:29 GMT-0500 (Central Daylight Time),638146.100000143,A,fire,I,e,94,3,1067.2000000476837,637078.9000000954,8080,WL,B,1.0
5,1.56600022315979,learn,60000.0,Tue Jul 07 2026 10:17:29 GMT-0500 (Central Daylight Time),638645.100000143,A,fireenter,I,enter,482,3,1566.2000000476837,637078.9000000954,8080,WL,B,1.0
5,1.9830000400543213,learn,60000.0,Tue Jul 07 2026 10:17:29 GMT-0500 (Central Daylight Time),639061.5,A,s,I,s,407,3,415.89999985694885,638645.600000143,8080,WL,B,2.0
5,2.1000001430511475,learn,60000.0,Tue Jul 07 2026 10:17:29 GMT-0500 (Central Daylight Time),639179.100000143,A,sk,I,k,111,3,533.5,638645.600000143,8080,WL,B,2.0
5,2.364000082015991,learn,60000.0,Tue Jul 07 2026 10:17:29 GMT-0500 (Central Daylight Time),639442.9000000954,A,ski,I,i,259,3,797.2999999523163,638645.600000143,8080,WL,B,2.0
5,2.511000156402588,learn,60000.0,Tue Jul 07 2026 10:17:29 GMT-0500 (Central Daylight Time),639589.7999999523,A,skin,I,n,142,3,944.1999998092651,638645.600000143,8080,WL,B,2.0
5,2.7150001525878906,learn,60000.0,Tue Jul 07 2026 10:17:29 GMT-0500 (Central Daylight Time),639794.4000000954,A,skinenter,I,enter,190,3,1148.7999999523163,638645.600000143,8080,WL,B,2.0
5,3.0320000648498535,learn,60000.0,Tue Jul 07 2026 10:17:29 GMT-0500 (Central Daylight Time),640110.9000000954,A,c,I,c,305,3,316.2000000476837,639794.7000000477,8080,WL,B,3.0
5,3.132000207901001,learn,60000.0,Tue Jul 07 2026 10:17:29 GMT-0500 (Central Daylight Time),640211.2000000477,A,cl,I,l,85,3,416.5,639794.7000000477,8080,WL,B,3.0
5,3.3320000171661377,learn,60000.0,Tue Jul 07 2026 10:17:29 GMT-0500 (Central Daylight Time),640411.2000000477,A,clo,I,o,185,3,616.5,639794.7000000477,8080,WL,B,3.0
5,3.765000104904175,learn,60000.0,Tue Jul 07 2026 10:17:29 GMT-0500 (Central Daylight Time),640844.2000000477,A,cloc,I,c,417,3,1049.5,639794.7000000477,8080,WL,B,3.0
5,3.8990001678466797,learn,60000.0,Tue Jul 07 2026 10:17:29 GMT-0500 (Central Daylight Time),640977.600000143,A,clock,I,k,128,3,1182.9000000953674,639794.7000000477,8080,WL,B,3.0
5,4.182000160217285,learn,60000.0,Tue Jul 07 2026 10:17:29 GMT-0500 (Central Daylight Time),641260.7999999523,A,clockenter,I,enter,275,3,1466.0999999046326,639794.7000000477,8080,WL,B,3.0
5,4.633000135421753,learn,60000.0,Tue Jul 07 2026 10:17:29 GMT-0500 (Central Daylight Time),641711.5,A,d,I,d,431,3,450.2999999523163,641261.2000000477,8080,WL,B,4.0
5,4.715000152587891,learn,60000.0,Tue Jul 07 2026 10:17:29 GMT-0500 (Central Daylight Time),641793.9000000954,A,do,I,o,61,3,532.7000000476837,641261.2000000477,8080,WL,B,4.0
5,4.8490002155303955,learn,60000.0,Tue Jul 07 2026 10:17:29 GMT-0500 (Central Daylight Time),641927.5,A,doo,I,o,115,3,666.2999999523163,641261.2000000477,8080,WL,B,4.0
5,5.015000104904175,learn,60000.0,Tue Jul 07 2026 10:17:29 GMT-0500 (Central Daylight Time),642093.9000000954,A,door,I,r,155,3,832.7000000476837,641261.2000000477,8080,WL,B,4.0
5,5.182000160217285,learn,60000.0,Tue Jul 07 2026 10:17:29 GMT-0500 (Central Daylight Time),642260.5,A,doorenter,I,enter,150,3,999.2999999523163,641261.2000000477,8080,WL,B,4.0
5,5.515000104904175,learn,60000.0,Tue Jul 07 2026 10:17:29 GMT-0500 (Central Daylight Time),642593.7000000477,A,w,I,w,319,3,332.90000009536743,642260.7999999523,8080,WL,B,5.0
5,5.615000009536743,learn,60000.0,Tue Jul 07 2026 10:17:29 GMT-0500 (Central Daylight Time),642693.7000000477,A,wi,I,i,83,3,432.90000009536743,642260.7999999523,8080,WL,B,5.0
5,5.715000152587891,learn,60000.0,Tue Jul 07 2026 10:17:29 GMT-0500 (Central Daylight Time),642793.4000000954,A,win,I,n,94,3,532.6000001430511,642260.7999999523,8080,WL,B,5.0
5,5.831000089645386,learn,60000.0,Tue Jul 07 2026 10:17:29 GMT-0500 (Central Daylight Time),642910.5,A,wind,I,d,107,3,649.7000000476837,642260.7999999523,8080,WL,B,5.0
5,6.015000104904175,learn,60000.0,Tue Jul 07 2026 10:17:29 GMT-0500 (Central Daylight Time),643093.5,A,windo,I,o,166,3,832.7000000476837,642260.7999999523,8080,WL,B,5.0
5,6.181000232696533,learn,60000.0,Tue Jul 07 2026 10:17:29 GMT-0500 (Central Daylight Time),643260.2000000477,A,window,I,w,151,3,999.4000000953674,642260.7999999523,8080,WL,B,5.0
5,6.398000001907349,learn,60000.0,Tue Jul 07 2026 10:17:29 GMT-0500 (Central Daylight Time),643476.7999999523,A,windowenter,I,enter,200,3,1216.0,642260.7999999523,8080,WL,B,5.0
5,6.614000082015991,learn,60000.0,Tue Jul 07 2026 10:17:29 GMT-0500 (Central Daylight Time),643693.2999999523,A,s,I,s,208,3,216.19999980926514,643477.100000143,8080,WL,B,6.0
5,6.731000185012817,learn,60000.0,Tue Jul 07 2026 10:17:29 GMT-0500 (Central Daylight Time),643810.0,A,st,I,t,103,3,332.89999985694885,643477.100000143,8080,WL,B,6.0
5,6.882000207901001,learn,60000.0,Tue Jul 07 2026 10:17:29 GMT-0500 (Central Daylight Time),643961.0,A,sta,I,a,138,3,483.89999985694885,643477.100000143,8080,WL,B,6.0
5,6.981000185012817,learn,60000.0,Tue Jul 07 2026 10:17:29 GMT-0500 (Central Daylight Time),644060.0,A,star,I,r,91,3,582.8999998569489,643477.100000143,8080,WL,B,6.0
5,7.281000137329102,learn,60000.0,Tue Jul 07 2026 10:17:29 GMT-0500 (Central Daylight Time),644360.0,A,starenter,I,enter,288,3,882.8999998569489,643477.100000143,8080,WL,B,6.0
5,8.364000082015991,learn,60000.0,Tue Jul 07 2026 10:17:29 GMT-0500 (Central Daylight Time),645442.7999999523,A,w,I,w,1076,3,1082.5,644360.2999999523,8080,WL,B,7.0
5,8.514000177383423,learn,60000.0,Tue Jul 07 2026 10:17:29 GMT-0500 (Central Daylight Time),645592.7000000477,A,wi,I,i,144,3,1232.4000000953674,644360.2999999523,8080,WL,B,7.0
5,8.664000034332275,learn,60000.0,Tue Jul 07 2026 10:17:29 GMT-0500 (Central Daylight Time),645742.9000000954,A,wif,I,f,140,3,1382.6000001430511,644360.2999999523,8080,WL,B,7.0
5,8.897000074386597,learn,60000.0,Tue Jul 07 2026 10:17:29 GMT-0500 (Central Daylight Time),645975.9000000954,A,wife,I,e,213,3,1615.6000001430511,644360.2999999523,8080,WL,B,7.0
5,8.997000217437744,learn,60000.0,Tue Jul 07 2026 10:17:29 GMT-0500 (Central Daylight Time),646076.0,A,wifeenter,I,enter,84,3,1715.7000000476837,644360.2999999523,8080,WL,B,7.0
5,9.463000059127808,learn,60000.0,Tue Jul 07 2026 10:17:29 GMT-0500 (Central Daylight Time),646542.4000000954,A,p,I,p,457,3,466.2000000476837,646076.2000000477,8080,WL,B,8.0
5,9.78000020980835,learn,60000.0,Tue Jul 07 2026 10:17:29 GMT-0500 (Central Daylight Time),646859.2000000477,A,pu,I,u,302,3,783.0,646076.2000000477,8080,WL,B,8.0
5,10.263000011444092,learn,60000.0,Tue Jul 07 2026 10:17:29 GMT-0500 (Central Daylight Time),647342.2999999523,A,p,I,backspace,464,3,1266.0999999046326,646076.2000000477,8080,WL,B,8.0
5,10.53000020980835,learn,60000.0,Tue Jul 07 2026 10:17:29 GMT-0500 (Central Daylight Time),647608.7999999523,A,pi,I,i,261,3,1532.5999999046326,646076.2000000477,8080,WL,B,8.0
5,10.646000146865845,learn,60000.0,Tue Jul 07 2026 10:17:29 GMT-0500 (Central Daylight Time),647725.4000000954,A,pip,I,p,99,3,1649.2000000476837,646076.2000000477,8080,WL,B,8.0
5,11.146000146865845,learn,60000.0,Tue Jul 07 2026 10:17:29 GMT-0500 (Central Daylight Time),648225.2999999523,A,pipe,I,e,488,3,2149.0999999046326,646076.2000000477,8080,WL,B,8.0
5,11.313000202178955,learn,60000.0,Tue Jul 07 2026 10:17:29 GMT-0500 (Central Daylight Time),648392.0,A,pipeenter,I,enter,147,3,2315.7999999523163,646076.2000000477,8080,WL,B,8.0
5,11.696000099182129,learn,60000.0,Tue Jul 07 2026 10:17:29 GMT-0500 (Central Daylight Time),648775.100000143,A,p,I,p,365,3,382.7000000476837,648392.4000000954,8080,WL,B,9.0
5,11.88100004196167,learn,60000.0,Tue Jul 07 2026 10:17:29 GMT-0500 (Central Daylight Time),648959.5,A,pu,I,u,165,3,567.0999999046326,648392.4000000954,8080,WL,B,9.0
5,12.662000179290771,learn,60000.0,Tue Jul 07 2026 10:17:29 GMT-0500 (Central Daylight Time),649741.4000000954,A,pup,I,p,773,3,1349.0,648392.4000000954,8080,WL,B,9.0
5,13.296000003814697,learn,60000.0,Tue Jul 07 2026 10:17:29 GMT-0500 (Central Daylight Time),650374.7000000477,A,pupi,I,i,615,3,1982.2999999523163,648392.4000000954,8080,WL,B,9.0
5,13.546000003814697,learn,60000.0,Tue Jul 07 2026 10:17:29 GMT-0500 (Central Daylight Time),650624.7999999523,A,pupil,I,l,228,3,2232.399999856949,648392.4000000954,8080,WL,B,9.0
5,14.378000020980835,learn,60000.0,Tue Jul 07 2026 10:17:29 GMT-0500 (Central Daylight Time),651457.5,A,pupilenter,I,enter,827,3,3065.0999999046326,648392.4000000954,8080,WL,B,9.0
5,15.811000108718872,learn,60000.0,Tue Jul 07 2026 10:17:29 GMT-0500 (Central Daylight Time),652890.4000000954,A,g,I,g,1427,3,1432.7000000476837,651457.7000000477,8080,WL,B,10.0
5,16.045000076293945,learn,60000.0,Tue Jul 07 2026 10:17:29 GMT-0500 (Central Daylight Time),653123.7999999523,A,gr,I,r,218,3,1666.0999999046326,651457.7000000477,8080,WL,B,10.0
5,16.145000219345093,learn,60000.0,Tue Jul 07 2026 10:17:29 GMT-0500 (Central Daylight Time),653223.7000000477,A,gra,I,a,88,3,1766.0,651457.7000000477,8080,WL,B,10.0
5,16.32800006866455,learn,60000.0,Tue Jul 07 2026 10:17:29 GMT-0500 (Central Daylight Time),653407.2999999523,A,gras,I,s,165,3,1949.5999999046326,651457.7000000477,8080,WL,B,10.0
5,16.612000226974487,learn,60000.0,Tue Jul 07 2026 10:17:29 GMT-0500 (Central Daylight Time),653691.2000000477,A,grass,I,s,277,3,2233.5,651457.7000000477,8080,WL,B,10.0
5,17.89400005340576,learn,60000.0,Tue Jul 07 2026 10:17:29 GMT-0500 (Central Daylight Time),654973.2000000477,A,grassc,I,c,1273,3,3515.5,651457.7000000477,8080,WL,B,10.0
5,17.97699999809265,learn,60000.0,Tue Jul 07 2026 10:17:29 GMT-0500 (Central Daylight Time),655056.600000143,A,grassci,I,i,71,3,3598.9000000953674,651457.7000000477,8080,WL,B,10.0
5,18.16000008583069,learn,60000.0,Tue Jul 07 2026 10:17:29 GMT-0500 (Central Daylight Time),655239.7999999523,A,grasscit,I,t,172,3,3782.0999999046326,651457.7000000477,8080,WL,B,10.0
5,18.260000228881836,learn,60000.0,Tue Jul 07 2026 10:17:29 GMT-0500 (Central Daylight Time),655339.7999999523,A,grasscity,I,y,84,3,3882.0999999046326,651457.7000000477,8080,WL,B,10.0
5,18.5770001411438,learn,60000.0,Tue Jul 07 2026 10:17:29 GMT-0500 (Central Daylight Time),655656.2000000477,A,grasscit,I,backspace,305,3,4198.5,651457.7000000477,8080,WL,B,10.0
5,18.927000045776367,learn,60000.0,Tue Jul 07 2026 10:17:29 GMT-0500 (Central Daylight Time),656006.100000143,A,grassci,I,backspace,332,3,4548.400000095367,651457.7000000477,8080,WL,B,10.0
5,19.110000133514404,learn,60000.0,Tue Jul 07 2026 10:17:29 GMT-0500 (Central Daylight Time),656189.2999999523,A,grassc,I,backspace,166,3,4731.599999904633,651457.7000000477,8080,WL,B,10.0
5,19.31000018119812,learn,60000.0,Tue Jul 07 2026 10:17:29 GMT-0500 (Central Daylight Time),656389.5,A,grass,I,backspace,183,3,4931.799999952316,651457.7000000477,8080,WL,B,10.0
5,20.04300022125244,learn,60000.0,Tue Jul 07 2026 10:17:29 GMT-0500 (Central Daylight Time),657122.4000000954,A,grassenter,I,enter,727,3,5664.700000047684,651457.7000000477,8080,WL,B,10.0
5,20.526000022888184,learn,60000.0,Tue Jul 07 2026 10:17:29 GMT-0500 (Central Daylight Time),657605.600000143,A,c,I,c,466,3,482.90000009536743,657122.7000000477,8080,WL,B,11.0
5,20.610000133514404,learn,60000.0,Tue Jul 07 2026 10:17:29 GMT-0500 (Central Daylight Time),657689.2000000477,A,ci,I,i,70,3,566.5,657122.7000000477,8080,WL,B,11.0
5,20.80900001525879,learn,60000.0,Tue Jul 07 2026 10:17:29 GMT-0500 (Central Daylight Time),657888.7000000477,A,cit,I,t,188,3,766.0,657122.7000000477,8080,WL,B,11.0
5,20.89300012588501,learn,60000.0,Tue Jul 07 2026 10:17:29 GMT-0500 (Central Daylight Time),657972.100000143,A,city,I,y,68,3,849.4000000953674,657122.7000000477,8080,WL,B,11.0
5,21.176000118255615,learn,60000.0,Tue Jul 07 2026 10:17:29 GMT-0500 (Central Daylight Time),658255.4000000954,A,cityenter,I,enter,264,3,1132.7000000476837,657122.7000000477,8080,WL,B,11.0
5,26.45900011062622,learn,60000.0,Tue Jul 07 2026 10:17:29 GMT-0500 (Central Daylight Time),663538.7000000477,A,c,I,c,5269,3,5283.0,658255.7000000477,8080,WL,B,12.0
5,26.474000215530396,learn,60000.0,Tue Jul 07 2026 10:17:29 GMT-0500 (Central Daylight Time),663553.4000000954,A,cl,I,l,8,3,5297.700000047684,658255.7000000477,8080,WL,B,12.0
5,26.658000230789185,learn,60000.0,Tue Jul 07 2026 10:17:29 GMT-0500 (Central Daylight Time),663737.100000143,A,clo,I,o,171,3,5481.400000095367,658255.7000000477,8080,WL,B,12.0
5,26.79100012779236,learn,60000.0,Tue Jul 07 2026 10:17:29 GMT-0500 (Central Daylight Time),663870.2000000477,A,cloc,I,c,123,3,5614.5,658255.7000000477,8080,WL,B,12.0
5,26.891000032424927,learn,60000.0,Tue Jul 07 2026 10:17:29 GMT-0500 (Central Daylight Time),663970.5,A,clock,I,k,86,3,5714.799999952316,658255.7000000477,8080,WL,B,12.0
5,27.141000032424927,learn,60000.0,Tue Jul 07 2026 10:17:29 GMT-0500 (Central Daylight Time),664220.2999999523,A,clockenter,I,enter,242,3,5964.599999904633,658255.7000000477,8080,WL,B,12.0
5,29.324000120162964,learn,60000.0,Tue Jul 07 2026 10:17:29 GMT-0500 (Central Daylight Time),666403.100000143,A,s,I,s,2168,3,2182.5,664220.600000143,8080,WL,B,13.0
5,29.42300009727478,learn,60000.0,Tue Jul 07 2026 10:17:29 GMT-0500 (Central Daylight Time),666502.7999999523,A,st,I,t,88,3,2282.199999809265,664220.600000143,8080,WL,B,13.0
5,29.574000120162964,learn,60000.0,Tue Jul 07 2026 10:17:29 GMT-0500 (Central Daylight Time),666653.9000000954,A,sta,I,a,142,3,2433.2999999523163,664220.600000143,8080,WL,B,13.0
5,29.67300009727478,learn,60000.0,Tue Jul 07 2026 10:17:29 GMT-0500 (Central Daylight Time),666752.7000000477,A,star,I,r,93,3,2532.0999999046326,664220.600000143,8080,WL,B,13.0
5,29.873000144958496,learn,60000.0,Tue Jul 07 2026 10:17:29 GMT-0500 (Central Daylight Time),666952.7999999523,A,starenter,I,enter,180,3,2732.199999809265,664220.600000143,8080,WL,B,13.0
5,32.08900022506714,learn,60000.0,Tue Jul 07 2026 10:17:29 GMT-0500 (Central Daylight Time),669168.9000000954,A,s,I,s,2203,3,2215.7999999523163,666953.100000143,8080,WL,B,14.0
5,32.456000089645386,learn,60000.0,Tue Jul 07 2026 10:17:29 GMT-0500 (Central Daylight Time),669535.2000000477,A,st,I,t,355,3,2582.0999999046326,666953.100000143,8080,WL,B,14.0
5,32.789000034332275,learn,60000.0,Tue Jul 07 2026 10:17:29 GMT-0500 (Central Daylight Time),669868.2000000477,A,str,I,r,317,3,2915.0999999046326,666953.100000143,8080,WL,B,14.0
5,32.872000217437744,learn,60000.0,Tue Jul 07 2026 10:17:29 GMT-0500 (Central Daylight Time),669951.7999999523,A,stre,I,e,61,3,2998.699999809265,666953.100000143,8080,WL,B,14.0
5,33.08900022506714,learn,60000.0,Tue Jul 07 2026 10:17:29 GMT-0500 (Central Daylight Time),670168.4000000954,A,stree,I,e,195,3,3215.2999999523163,666953.100000143,8080,WL,B,14.0
5,33.17200016975403,learn,60000.0,Tue Jul 07 2026 10:17:29 GMT-0500 (Central Daylight Time),670251.7999999523,A,street,I,t,68,3,3298.699999809265,666953.100000143,8080,WL,B,14.0
5,33.32200002670288,learn,60000.0,Tue Jul 07 2026 10:17:29 GMT-0500 (Central Daylight Time),670401.4000000954,A,streetenter,I,enter,137,3,3448.2999999523163,666953.100000143,8080,WL,B,14.0
5,33.67200016975403,learn,60000.0,Tue Jul 07 2026 10:17:29 GMT-0500 (Central Daylight Time),670751.7000000477,A,g,I,g,340,3,350.09999990463257,670401.600000143,8080,WL,B,15.0
5,33.9060001373291,learn,60000.0,Tue Jul 07 2026 10:17:29 GMT-0500 (Central Daylight Time),670985.7999999523,A,gr,I,r,213,3,584.1999998092651,670401.600000143,8080,WL,B,15.0
5,34.0220000743866,learn,60000.0,Tue Jul 07 2026 10:17:29 GMT-0500 (Central Daylight Time),671101.5,A,gra,I,a,98,3,699.8999998569489,670401.600000143,8080,WL,B,15.0
5,34.205000162124634,learn,60000.0,Tue Jul 07 2026 10:17:29 GMT-0500 (Central Daylight Time),671284.7999999523,A,gras,I,s,175,3,883.1999998092651,670401.600000143,8080,WL,B,15.0
5,34.48900008201599,learn,60000.0,Tue Jul 07 2026 10:17:29 GMT-0500 (Central Daylight Time),671568.0,A,grass,I,s,272,3,1166.3999998569489,670401.600000143,8080,WL,B,15.0
5,34.62100005149841,learn,60000.0,Tue Jul 07 2026 10:17:29 GMT-0500 (Central Daylight Time),671700.7999999523,A,grassenter,I,enter,123,3,1299.1999998092651,670401.600000143,8080,WL,B,15.0
6,0.317000150680542,distr,59682.99984931946,Tue Jul 07 2026 10:17:29 GMT-0500 (Central Daylight Time),738313.9000000954,B,s,I,s,304,3,316.7000000476837,737997.2000000477,8080,WL,B,1.0
6,0.5169999599456787,distr,59483.00004005432,Tue Jul 07 2026 10:17:29 GMT-0500 (Central Daylight Time),738513.5,B,st,I,t,185,3,516.2999999523163,737997.2000000477,8080,WL,B,1.0
6,0.75,distr,59250.0,Tue Jul 07 2026 10:17:29 GMT-0500 (Central Daylight Time),738747.2000000477,B,str,I,r,227,3,750.0,737997.2000000477,8080,WL,B,1.0
6,0.8500001430511475,distr,59149.99985694885,Tue Jul 07 2026 10:17:29 GMT-0500 (Central Daylight Time),738846.9000000954,B,stre,I,e,89,3,849.7000000476837,737997.2000000477,8080,WL,B,1.0
6,1.0160000324249268,distr,58983.99996757507,Tue Jul 07 2026 10:17:29 GMT-0500 (Central Daylight Time),739013.2000000477,B,strea,I,a,157,3,1016.0,737997.2000000477,8080,WL,B,1.0
6,1.183000087738037,distr,58816.99991226196,Tue Jul 07 2026 10:17:29 GMT-0500 (Central Daylight Time),739180.100000143,B,stream,I,m,159,3,1182.9000000953674,737997.2000000477,8080,WL,B,1.0
6,1.4160001277923584,distr,58583.99987220764,Tue Jul 07 2026 10:17:29 GMT-0500 (Central Daylight Time),739413.2000000477,B,streamenter,I,enter,216,3,1416.0,737997.2000000477,8080,WL,B,1.0
6,1.9660000801086426,distr,58033.99991989136,Tue Jul 07 2026 10:17:29 GMT-0500 (Central Daylight Time),739963.2999999523,B,d,I,d,535,3,549.7999999523163,739413.5,8080,WL,B,2.0
6,2.0829999446868896,distr,57917.00005531311,Tue Jul 07 2026 10:17:29 GMT-0500 (Central Daylight Time),740080.0,B,do,I,o,105,3,666.5,739413.5,8080,WL,B,2.0
6,2.184000015258789,distr,57815.99998474121,Tue Jul 07 2026 10:17:29 GMT-0500 (Central Daylight Time),740180.7999999523,B,doo,I,o,83,3,767.2999999523163,739413.5,8080,WL,B,2.0
6,2.383000135421753,distr,57616.99986457825,Tue Jul 07 2026 10:17:29 GMT-0500 (Central Daylight Time),740379.7000000477,B,door,I,r,184,3,966.2000000476837,739413.5,8080,WL,B,2.0
6,2.5329999923706055,distr,57467.000007629395,Tue Jul 07 2026 10:17:29 GMT-0500 (Central Daylight Time),740529.7999999523,B,doorenter,I,enter,137,3,1116.2999999523163,739413.5,8080,WL,B,2.0
6,7.265000104904175,distr,52734.999895095825,Tue Jul 07 2026 10:17:29 GMT-0500 (Central Daylight Time),745261.5,B,l,I,l,4715,3,4731.299999952316,740530.2000000477,8080,WL,B,3.0
6,7.466000080108643,distr,52533.99991989136,Tue Jul 07 2026 10:17:29 GMT-0500 (Central Daylight Time),745462.600000143,B,li,I,i,183,3,4932.400000095367,740530.2000000477,8080,WL,B,3.0
6,7.648000001907349,distr,52351.99999809265,Tue Jul 07 2026 10:17:29 GMT-0500 (Central Daylight Time),745644.5,B,lip,I,p,165,3,5114.299999952316,740530.2000000477,8080,WL,B,3.0
6,7.914999961853027,distr,52085.00003814697,Tue Jul 07 2026 10:17:29 GMT-0500 (Central Daylight Time),745911.5,B,lipenter,I,enter,256,3,5381.299999952316,740530.2000000477,8080,WL,B,3.0
6,8.564000129699707,distr,51435.99987030029,Tue Jul 07 2026 10:17:29 GMT-0500 (Central Daylight Time),746561.100000143,B,c,I,c,629,3,649.3000001907349,745911.7999999523,8080,WL,B,4.0
6,8.648000001907349,distr,51351.99999809265,Tue Jul 07 2026 10:17:29 GMT-0500 (Central Daylight Time),746644.5,B,co,I,o,75,3,732.7000000476837,745911.7999999523,8080,WL,B,4.0
6,8.730999946594238,distr,51269.00005340576,Tue Jul 07 2026 10:17:29 GMT-0500 (Central Daylight Time),746727.7000000477,B,coi,I,i,72,3,815.9000000953674,745911.7999999523,8080,WL,B,4.0
6,8.864000082015991,distr,51135.99991798401,Tue Jul 07 2026 10:17:29 GMT-0500 (Central Daylight Time),746861.0,B,coin,I,n,116,3,949.2000000476837,745911.7999999523,8080,WL,B,4.0
6,9.13100004196167,distr,50868.99995803833,Tue Jul 07 2026 10:17:29 GMT-0500 (Central Daylight Time),747127.600000143,B,coinenter,I,enter,256,3,1215.8000001907349,745911.7999999523,8080,WL,B,4.0
6,10.496999979019165,distr,49503.000020980835,Tue Jul 07 2026 10:17:29 GMT-0500 (Central Daylight Time),748493.7000000477,B,s,I,s,1349,3,1365.7000000476837,747128.0,8080,WL,B,5.0
6,10.664000034332275,distr,49335.999965667725,Tue Jul 07 2026 10:17:29 GMT-0500 (Central Daylight Time),748660.4000000954,B,st,I,t,150,3,1532.4000000953674,747128.0,8080,WL,B,5.0
6,10.914000034332275,distr,49085.999965667725,Tue Jul 07 2026 10:17:29 GMT-0500 (Central Daylight Time),748910.5,B,stt,I,t,239,3,1782.5,747128.0,8080,WL,B,5.0
6,11.064000129699707,distr,48935.99987030029,Tue Jul 07 2026 10:17:29 GMT-0500 (Central Daylight Time),749060.4000000954,B,stte,I,e,142,3,1932.4000000953674,747128.0,8080,WL,B,5.0
6,11.19700002670288,distr,48802.99997329712,Tue Jul 07 2026 10:17:29 GMT-0500 (Central Daylight Time),749193.7000000477,B,sttea,I,a,120,3,2065.7000000476837,747128.0,8080,WL,B,5.0
6,11.77999997138977,distr,48220.00002861023,Tue Jul 07 2026 10:17:29 GMT-0500 (Central Daylight Time),749776.7000000477,B,stte,I,backspace,571,3,2648.7000000476837,747128.0,8080,WL,B,5.0
6,11.96399998664856,distr,48036.00001335144,Tue Jul 07 2026 10:17:29 GMT-0500 (Central Daylight Time),749960.7999999523,B,stt,I,backspace,171,3,2832.7999999523163,747128.0,8080,WL,B,5.0
6,12.213000059127808,distr,47786.99994087219,Tue Jul 07 2026 10:17:29 GMT-0500 (Central Daylight Time),750210.0,B,st,I,backspace,236,3,3082.0,747128.0,8080,WL,B,5.0
6,12.430000066757202,distr,47569.9999332428,Tue Jul 07 2026 10:17:29 GMT-0500 (Central Daylight Time),750426.4000000954,B,str,I,r,210,3,3298.4000000953674,747128.0,8080,WL,B,5.0
6,12.680000066757202,distr,47319.9999332428,Tue Jul 07 2026 10:17:29 GMT-0500 (Central Daylight Time),750676.5,B,stre,I,e,242,3,3548.5,747128.0,8080,WL,B,5.0
6,12.845999956130981,distr,47154.00004386902,Tue Jul 07 2026 10:17:29 GMT-0500 (Central Daylight Time),750842.9000000954,B,strea,I,a,160,3,3714.9000000953674,747128.0,8080,WL,B,5.0
6,13.046000003814697,distr,46953.9999961853,Tue Jul 07 2026 10:17:29 GMT-0500 (Central Daylight Time),751043.100000143,B,stream,I,m,184,3,3915.100000143051,747128.0,8080,WL,B,5.0
6,13.413000106811523,distr,46586.99989318848,Tue Jul 07 2026 10:17:29 GMT-0500 (Central Daylight Time),751409.600000143,B,streamenter,I,enter,353,3,4281.600000143051,747128.0,8080,WL,B,5.0
6,14.361999988555908,distr,45638.00001144409,Tue Jul 07 2026 10:17:29 GMT-0500 (Central Daylight Time),752359.2999999523,B,c,I,c,930,3,949.3999998569489,751409.9000000954,8080,WL,B,6.0
6,14.396000146865845,distr,45603.999853134155,Tue Jul 07 2026 10:17:29 GMT-0500 (Central Daylight Time),752392.4000000954,B,co,I,o,21,3,982.5,751409.9000000954,8080,WL,B,6.0
6,14.463000059127808,distr,45536.99994087219,Tue Jul 07 2026 10:17:29 GMT-0500 (Central Daylight Time),752460.2999999523,B,coi,I,i,52,3,1050.3999998569489,751409.9000000954,8080,WL,B,6.0
6,14.546000003814697,distr,45453.9999961853,Tue Jul 07 2026 10:17:29 GMT-0500 (Central Daylight Time),752542.7999999523,B,coin,I,n,64,3,1132.8999998569489,751409.9000000954,8080,WL,B,6.0
6,14.828999996185303,distr,45171.0000038147,Tue Jul 07 2026 10:17:29 GMT-0500 (Central Daylight Time),752825.7000000477,B,coinenter,I,enter,269,3,1415.7999999523163,751409.9000000954,8080,WL,B,6.0
6,23.259999990463257,distr,36740.00000953674,Tue Jul 07 2026 10:17:29 GMT-0500 (Central Daylight Time),761256.600000143,B,b,I,b,8411,3,8430.600000143051,752826.0,8080,WL,B,7.0
6,23.39300012588501,distr,36606.99987411499,Tue Jul 07 2026 10:17:29 GMT-0500 (Central Daylight Time),761389.7000000477,B,ba,I,a,124,3,8563.700000047684,752826.0,8080,WL,B,7.0
6,23.526000022888184,distr,36473.99997711182,Tue Jul 07 2026 10:17:29 GMT-0500 (Central Daylight Time),761523.0,B,bab,I,b,119,3,8697.0,752826.0,8080,WL,B,7.0
6,23.676000118255615,distr,36323.999881744385,Tue Jul 07 2026 10:17:29 GMT-0500 (Central Daylight Time),761673.0,B,baby,I,y,129,3,8847.0,752826.0,8080,WL,B,7.0
6,23.87600016593933,distr,36123.99983406067,Tue Jul 07 2026 10:17:29 GMT-0500 (Central Daylight Time),761872.9000000954,B,babyenter,I,enter,179,3,9046.900000095367,752826.0,8080,WL,B,7.0
6,33.24000000953674,distr,26759.999990463257,Tue Jul 07 2026 10:17:29 GMT-0500 (Central Daylight Time),771237.0,B,w,I,w,9347,3,9363.700000047684,761873.2999999523,8080,WL,B,8.0
6,33.32299995422363,distr,26677.000045776367,Tue Jul 07 2026 10:17:29 GMT-0500 (Central Daylight Time),771320.100000143,B,wu,I,u,71,3,9446.800000190735,761873.2999999523,8080,WL,B,8.0
6,33.4060001373291,distr,26593.9998626709,Tue Jul 07 2026 10:17:29 GMT-0500 (Central Daylight Time),771403.2000000477,B,wui,I,i,69,3,9529.900000095367,761873.2999999523,8080,WL,B,8.0
6,33.50600004196167,distr,26493.99995803833,Tue Jul 07 2026 10:17:29 GMT-0500 (Central Daylight Time),771503.100000143,B,wuil,I,l,89,3,9629.800000190735,761873.2999999523,8080,WL,B,8.0
6,33.640000104904175,distr,26359.999895095825,Tue Jul 07 2026 10:17:29 GMT-0500 (Central Daylight Time),771636.5,B,wuili,I,i,118,3,9763.200000047684,761873.2999999523,8080,WL,B,8.0
6,33.723000049591064,distr,26276.999950408936,Tue Jul 07 2026 10:17:29 GMT-0500 (Central Daylight Time),771720.100000143,B,wuilin,I,n,72,3,9846.800000190735,761873.2999999523,8080,WL,B,8.0
6,34.10599994659424,distr,25894.00005340576,Tue Jul 07 2026 10:17:29 GMT-0500 (Central Daylight Time),772102.9000000954,B,wuili,I,backspace,372,3,10229.600000143051,761873.2999999523,8080,WL,B,8.0
6,34.43900012969971,distr,25560.999870300293,Tue Jul 07 2026 10:17:29 GMT-0500 (Central Daylight Time),772436.2000000477,B,wuil,I,backspace,318,3,10562.900000095367,761873.2999999523,8080,WL,B,8.0
6,34.623000144958496,distr,25376.999855041504,Tue Jul 07 2026 10:17:29 GMT-0500 (Central Daylight Time),772619.600000143,B,wui,I,backspace,168,3,10746.300000190735,761873.2999999523,8080,WL,B,8.0
6,34.789000034332275,distr,25210.999965667725,Tue Jul 07 2026 10:17:29 GMT-0500 (Central Daylight Time),772786.2000000477,B,wu,I,backspace,161,3,10912.900000095367,761873.2999999523,8080,WL,B,8.0
6,34.973000049591064,distr,25026.999950408936,Tue Jul 07 2026 10:17:29 GMT-0500 (Central Daylight Time),772969.5,B,w,I,backspace,178,3,11096.200000047684,761873.2999999523,8080,WL,B,8.0
6,35.289000034332275,distr,24710.999965667725,Tue Jul 07 2026 10:17:29 GMT-0500 (Central Daylight Time),773286.2000000477,B,,I,backspace,298,3,11412.900000095367,761873.2999999523,8080,WL,B,8.0
6,36.00500011444092,distr,23994.999885559082,Tue Jul 07 2026 10:17:29 GMT-0500 (Central Daylight Time),774002.4000000954,B,b,I,b,709,3,12129.100000143051,761873.2999999523,8080,WL,B,8.0
6,36.23900008201599,distr,23760.99991798401,Tue Jul 07 2026 10:17:29 GMT-0500 (Central Daylight Time),774235.7000000477,B,bu,I,u,226,3,12362.400000095367,761873.2999999523,8080,WL,B,8.0
6,36.33899998664856,distr,23661.00001335144,Tue Jul 07 2026 10:17:29 GMT-0500 (Central Daylight Time),774336.2000000477,B,bui,I,i,89,3,12462.900000095367,761873.2999999523,8080,WL,B,8.0
6,36.455000162124634,distr,23544.999837875366,Tue Jul 07 2026 10:17:29 GMT-0500 (Central Daylight Time),774452.2999999523,B,buil,I,l,108,3,12579.0,761873.2999999523,8080,WL,B,8.0
6,36.705000162124634,distr,23294.999837875366,Tue Jul 07 2026 10:17:29 GMT-0500 (Central Daylight Time),774702.4000000954,B,build,I,d,232,3,12829.100000143051,761873.2999999523,8080,WL,B,8.0
6,36.855000019073486,distr,23144.999980926514,Tue Jul 07 2026 10:17:29 GMT-0500 (Central Daylight Time),774852.2000000477,B,buildi,I,i,134,3,12978.900000095367,761873.2999999523,8080,WL,B,8.0
6,36.92200016975403,distr,23077.99983024597,Tue Jul 07 2026 10:17:29 GMT-0500 (Central Daylight Time),774919.100000143,B,buildin,I,n,48,3,13045.800000190735,761873.2999999523,8080,WL,B,8.0
6,37.22200012207031,distr,22777.999877929688,Tue Jul 07 2026 10:17:29 GMT-0500 (Central Daylight Time),775218.9000000954,B,building,I,g,292,3,13345.600000143051,761873.2999999523,8080,WL,B,8.0
6,37.63800001144409,distr,22361.99998855591,Tue Jul 07 2026 10:17:29 GMT-0500 (Central Daylight Time),775635.4000000954,B,buildingenter,I,enter,410,3,13762.100000143051,761873.2999999523,8080,WL,B,8.0
6,42.867000102996826,distr,17132.999897003174,Tue Jul 07 2026 10:17:29 GMT-0500 (Central Daylight Time),780864.100000143,B,s,I,s,5224,3,5228.400000095367,775635.7000000477,8080,WL,B,9.0
6,43.015000104904175,distr,16984.999895095825,Tue Jul 07 2026 10:17:29 GMT-0500 (Central Daylight Time),781011.600000143,B,st,I,t,141,3,5375.900000095367,775635.7000000477,8080,WL,B,9.0
6,43.10300016403198,distr,16896.999835968018,Tue Jul 07 2026 10:17:29 GMT-0500 (Central Daylight Time),781099.7999999523,B,sto,I,o,82,3,5464.099999904633,775635.7000000477,8080,WL,B,9.0
6,43.769999980926514,distr,16230.000019073486,Tue Jul 07 2026 10:17:29 GMT-0500 (Central Daylight Time),781766.7999999523,B,stor,I,r,656,3,6131.099999904633,775635.7000000477,8080,WL,B,9.0
6,43.88600015640259,distr,16113.999843597412,Tue Jul 07 2026 10:17:29 GMT-0500 (Central Daylight Time),781883.5,B,storm,I,m,101,3,6247.799999952316,775635.7000000477,8080,WL,B,9.0
6,44.12100005149841,distr,15878.999948501587,Tue Jul 07 2026 10:17:29 GMT-0500 (Central Daylight Time),782117.600000143,B,stormenter,I,enter,217,3,6481.900000095367,775635.7000000477,8080,WL,B,9.0
6,60.015000104904175,distr,-15.000104904174805,Tue Jul 07 2026 10:17:29 GMT-0500 (Central Daylight Time),798011.7000000477,B,None,I,None,15889,3,15893.799999952316,782117.9000000954,8080,WL,B,10.0
7,0.8159999847412109,immed,59184.00001525879,Tue Jul 07 2026 10:17:29 GMT-0500 (Central Daylight Time),812640.100000143,A,s,I,s,805,3,816.0,811824.100000143,8080,WL,B,1.0
7,1.0490000247955322,immed,58950.99997520447,Tue Jul 07 2026 10:17:29 GMT-0500 (Central Daylight Time),812873.2999999523,A,st,I,t,226,3,1049.1999998092651,811824.100000143,8080,WL,B,1.0
7,1.3329999446868896,immed,58667.00005531311,Tue Jul 07 2026 10:17:29 GMT-0500 (Central Daylight Time),813156.7000000477,A,sto,I,o,267,3,1332.5999999046326,811824.100000143,8080,WL,B,1.0
7,1.4829998016357422,immed,58517.00019836426,Tue Jul 07 2026 10:17:29 GMT-0500 (Central Daylight Time),813306.7999999523,A,stor,I,r,136,3,1482.6999998092651,811824.100000143,8080,WL,B,1.0
7,1.7159998416900635,immed,58284.00015830994,Tue Jul 07 2026 10:17:29 GMT-0500 (Central Daylight Time),813539.9000000954,A,storm,I,m,225,3,1715.7999999523163,811824.100000143,8080,WL,B,1.0
7,2.0160000324249268,immed,57983.99996757507,Tue Jul 07 2026 10:17:29 GMT-0500 (Central Daylight Time),813840.100000143,A,stormenter,I,enter,290,3,2016.0,811824.100000143,8080,WL,B,1.0
7,2.4659998416900635,immed,57534.00015830994,Tue Jul 07 2026 10:17:29 GMT-0500 (Central Daylight Time),814289.7000000477,A,g,I,g,444,3,449.40000009536743,813840.2999999523,8080,WL,B,2.0
7,2.9659998416900635,immed,57034.00015830994,Tue Jul 07 2026 10:17:29 GMT-0500 (Central Daylight Time),814789.600000143,A,gr,I,r,491,3,949.3000001907349,813840.2999999523,8080,WL,B,2.0
7,3.115000009536743,immed,56884.99999046326,Tue Jul 07 2026 10:17:29 GMT-0500 (Central Daylight Time),814939.5,A,gra,I,a,143,3,1099.2000000476837,813840.2999999523,8080,WL,B,2.0
7,3.31499981880188,immed,56685.00018119812,Tue Jul 07 2026 10:17:29 GMT-0500 (Central Daylight Time),815139.4000000954,A,gras,I,s,185,3,1299.1000001430511,813840.2999999523,8080,WL,B,2.0
7,3.5149998664855957,immed,56485.000133514404,Tue Jul 07 2026 10:17:29 GMT-0500 (Central Daylight Time),815339.2999999523,A,grass,I,s,185,3,1499.0,813840.2999999523,8080,WL,B,2.0
7,3.5989999771118164,immed,56401.00002288818,Tue Jul 07 2026 10:17:29 GMT-0500 (Central Daylight Time),815422.7999999523,A,grassenter,I,enter,73,3,1582.5,813840.2999999523,8080,WL,B,2.0
7,3.9819998741149902,immed,56018.00012588501,Tue Jul 07 2026 10:17:29 GMT-0500 (Central Daylight Time),815806.100000143,A,c,I,c,366,3,383.0,815423.100000143,8080,WL,B,3.0
7,4.06499981880188,immed,55935.00018119812,Tue Jul 07 2026 10:17:29 GMT-0500 (Central Daylight Time),815889.2999999523,A,ci,I,i,70,3,466.19999980926514,815423.100000143,8080,WL,B,3.0
7,4.4649999141693115,immed,55535.00008583069,Tue Jul 07 2026 10:17:29 GMT-0500 (Central Daylight Time),816289.2000000477,A,ciy,I,y,387,3,866.0999999046326,815423.100000143,8080,WL,B,3.0
7,5.330999851226807,immed,54669.00014877319,Tue Jul 07 2026 10:17:29 GMT-0500 (Central Daylight Time),817155.600000143,A,ci,I,backspace,850,3,1732.5,815423.100000143,8080,WL,B,3.0
7,5.598999977111816,immed,54401.00002288818,Tue Jul 07 2026 10:17:29 GMT-0500 (Central Daylight Time),817423.4000000954,A,cit,I,t,249,3,2000.2999999523163,815423.100000143,8080,WL,B,3.0
7,5.730999946594238,immed,54269.00005340576,Tue Jul 07 2026 10:17:29 GMT-0500 (Central Daylight Time),817555.2000000477,A,city,I,y,117,3,2132.0999999046326,815423.100000143,8080,WL,B,3.0
7,5.997999906539917,immed,54002.00009346008,Tue Jul 07 2026 10:17:29 GMT-0500 (Central Daylight Time),817821.9000000954,A,cityenter,I,enter,258,3,2398.7999999523163,815423.100000143,8080,WL,B,3.0
7,6.898000001907349,immed,53101.99999809265,Tue Jul 07 2026 10:17:29 GMT-0500 (Central Daylight Time),818721.7999999523,A,a,I,a,880,3,899.5999999046326,817822.2000000477,8080,WL,B,4.0
7,6.947999954223633,immed,53052.00004577637,Tue Jul 07 2026 10:17:29 GMT-0500 (Central Daylight Time),818771.7999999523,A,ar,I,r,34,3,949.5999999046326,817822.2000000477,8080,WL,B,4.0
7,7.080999851226807,immed,52919.00014877319,Tue Jul 07 2026 10:17:29 GMT-0500 (Central Daylight Time),818905.0,A,arm,I,m,121,3,1082.7999999523163,817822.2000000477,8080,WL,B,4.0
7,7.2809998989105225,immed,52719.00010108948,Tue Jul 07 2026 10:17:29 GMT-0500 (Central Daylight Time),819104.9000000954,A,armenter,I,enter,187,3,1282.7000000476837,817822.2000000477,8080,WL,B,4.0
7,9.246999979019165,immed,50753.000020980835,Tue Jul 07 2026 10:17:29 GMT-0500 (Central Daylight Time),821071.0,A,w,I,w,1947,3,1965.7999999523163,819105.2000000477,8080,WL,B,5.0
7,9.313999891281128,immed,50686.00010871887,Tue Jul 07 2026 10:17:29 GMT-0500 (Central Daylight Time),821137.7000000477,A,wi,I,i,53,3,2032.5,819105.2000000477,8080,WL,B,5.0
7,9.396999835968018,immed,50603.00016403198,Tue Jul 07 2026 10:17:29 GMT-0500 (Central Daylight Time),821220.7999999523,A,win,I,n,67,3,2115.5999999046326,819105.2000000477,8080,WL,B,5.0
7,9.513000011444092,immed,50486.99998855591,Tue Jul 07 2026 10:17:29 GMT-0500 (Central Daylight Time),821337.5,A,wind,I,d,104,3,2232.2999999523163,819105.2000000477,8080,WL,B,5.0
7,9.61299991607666,immed,50387.00008392334,Tue Jul 07 2026 10:17:29 GMT-0500 (Central Daylight Time),821437.5,A,windo,I,o,83,3,2332.2999999523163,819105.2000000477,8080,WL,B,5.0
7,9.746999979019165,immed,50253.000020980835,Tue Jul 07 2026 10:17:29 GMT-0500 (Central Daylight Time),821570.7999999523,A,window,I,w,127,3,2465.5999999046326,819105.2000000477,8080,WL,B,5.0
7,9.929999828338623,immed,50070.00017166138,Tue Jul 07 2026 10:17:29 GMT-0500 (Central Daylight Time),821753.7000000477,A,windowenter,I,enter,178,3,2648.5,819105.2000000477,8080,WL,B,5.0
7,10.513000011444092,immed,49486.99998855591,Tue Jul 07 2026 10:17:29 GMT-0500 (Central Daylight Time),822337.2000000477,A,w,I,w,571,3,583.2000000476837,821754.0,8080,WL,B,6.0
7,10.56499981880188,immed,49435.00018119812,Tue Jul 07 2026 10:17:29 GMT-0500 (Central Daylight Time),822389.2000000477,A,wi,I,i,43,3,635.2000000476837,821754.0,8080,WL,B,6.0
7,10.679999828338623,immed,49320.00017166138,Tue Jul 07 2026 10:17:29 GMT-0500 (Central Daylight Time),822503.7000000477,A,wif,I,f,102,3,749.7000000476837,821754.0,8080,WL,B,6.0
7,10.812999963760376,immed,49187.000036239624,Tue Jul 07 2026 10:17:29 GMT-0500 (Central Daylight Time),822637.2999999523,A,wife,I,e,123,3,883.2999999523163,821754.0,8080,WL,B,6.0
7,10.895999908447266,immed,49104.000091552734,Tue Jul 07 2026 10:17:29 GMT-0500 (Central Daylight Time),822720.4000000954,A,wifeenter,I,enter,62,3,966.4000000953674,821754.0,8080,WL,B,6.0
7,15.51199984550476,immed,44488.00015449524,Tue Jul 07 2026 10:17:29 GMT-0500 (Central Daylight Time),827335.7000000477,A,c,I,c,4604,3,4615.0,822720.7000000477,8080,WL,B,7.0
7,15.611999988555908,immed,44388.00001144409,Tue Jul 07 2026 10:17:29 GMT-0500 (Central Daylight Time),827435.7999999523,A,cl,I,l,85,3,4715.099999904633,822720.7000000477,8080,WL,B,7.0
7,15.812000036239624,immed,44187.999963760376,Tue Jul 07 2026 10:17:29 GMT-0500 (Central Daylight Time),827635.600000143,A,clo,I,o,192,3,4914.900000095367,822720.7000000477,8080,WL,B,7.0
7,15.911999940872192,immed,44088.00005912781,Tue Jul 07 2026 10:17:29 GMT-0500 (Central Daylight Time),827735.7000000477,A,cloc,I,c,89,3,5015.0,822720.7000000477,8080,WL,B,7.0
7,16.174999952316284,immed,43825.000047683716,Tue Jul 07 2026 10:17:29 GMT-0500 (Central Daylight Time),827998.7999999523,A,clock,I,k,117,3,5278.099999904633,822720.7000000477,8080,WL,B,7.0
7,16.32200002670288,immed,43677.99997329712,Tue Jul 07 2026 10:17:29 GMT-0500 (Central Daylight Time),828146.4000000954,A,clockenter,I,enter,142,3,5425.700000047684,822720.7000000477,8080,WL,B,7.0
7,31.43999981880188,immed,28560.00018119812,Tue Jul 07 2026 10:17:29 GMT-0500 (Central Daylight Time),843264.7000000477,A,f,I,f,15113,3,15118.0,828146.7000000477,8080,WL,B,8.0
7,31.58999991416931,immed,28410.00008583069,Tue Jul 07 2026 10:17:29 GMT-0500 (Central Daylight Time),843414.100000143,A,fi,I,i,139,3,15267.400000095367,828146.7000000477,8080,WL,B,8.0
7,31.705999851226807,immed,28294.000148773193,Tue Jul 07 2026 10:17:29 GMT-0500 (Central Daylight Time),843530.7000000477,A,fir,I,r,102,3,15384.0,828146.7000000477,8080,WL,B,8.0
7,31.822999954223633,immed,28177.000045776367,Tue Jul 07 2026 10:17:29 GMT-0500 (Central Daylight Time),843647.2000000477,A,fire,I,e,106,3,15500.5,828146.7000000477,8080,WL,B,8.0
7,31.972999811172485,immed,28027.000188827515,Tue Jul 07 2026 10:17:29 GMT-0500 (Central Daylight Time),843797.5,A,fireenter,I,enter,133,3,15650.799999952316,828146.7000000477,8080,WL,B,8.0
7,33.93899989128113,immed,26061.000108718872,Tue Jul 07 2026 10:17:29 GMT-0500 (Central Daylight Time),845763.2000000477,A,s,I,s,1958,3,1965.4000000953674,843797.7999999523,8080,WL,B,9.0
7,34.15599989891052,immed,25844.000101089478,Tue Jul 07 2026 10:17:29 GMT-0500 (Central Daylight Time),845979.9000000954,A,st,I,t,201,3,2182.100000143051,843797.7999999523,8080,WL,B,9.0
7,34.371999979019165,immed,25628.000020980835,Tue Jul 07 2026 10:17:29 GMT-0500 (Central Daylight Time),846196.5,A,str,I,r,200,3,2398.7000000476837,843797.7999999523,8080,WL,B,9.0
7,34.45599985122681,immed,25544.000148773193,Tue Jul 07 2026 10:17:29 GMT-0500 (Central Daylight Time),846279.9000000954,A,stre,I,e,72,3,2482.100000143051,843797.7999999523,8080,WL,B,9.0
7,34.55499982833862,immed,25445.000171661377,Tue Jul 07 2026 10:17:29 GMT-0500 (Central Daylight Time),846379.600000143,A,strea,I,a,92,3,2581.800000190735,843797.7999999523,8080,WL,B,9.0
7,34.68899989128113,immed,25311.000108718872,Tue Jul 07 2026 10:17:29 GMT-0500 (Central Daylight Time),846513.100000143,A,streat,I,t,121,3,2715.300000190735,843797.7999999523,8080,WL,B,9.0
7,34.83999991416931,immed,25160.00008583069,Tue Jul 07 2026 10:17:29 GMT-0500 (Central Daylight Time),846664.100000143,A,streatm,I,m,131,3,2866.300000190735,843797.7999999523,8080,WL,B,9.0
7,35.48899984359741,immed,24511.000156402588,Tue Jul 07 2026 10:17:29 GMT-0500 (Central Daylight Time),847312.9000000954,A,streat,I,backspace,644,3,3515.100000143051,843797.7999999523,8080,WL,B,9.0
7,35.67199993133545,immed,24328.00006866455,Tue Jul 07 2026 10:17:29 GMT-0500 (Central Daylight Time),847496.0,A,strea,I,backspace,171,3,3698.2000000476837,843797.7999999523,8080,WL,B,9.0
7,35.954999923706055,immed,24045.000076293945,Tue Jul 07 2026 10:17:29 GMT-0500 (Central Daylight Time),847779.100000143,A,stream,I,m,275,3,3981.300000190735,843797.7999999523,8080,WL,B,9.0
7,36.287999868392944,immed,23712.000131607056,Tue Jul 07 2026 10:17:29 GMT-0500 (Central Daylight Time),848112.4000000954,A,streamenter,I,enter,312,3,4314.600000143051,843797.7999999523,8080,WL,B,9.0
7,38.287999868392944,immed,21712.000131607056,Tue Jul 07 2026 10:17:29 GMT-0500 (Central Daylight Time),850112.0,A,b,I,b,1979,3,1999.2000000476837,848112.7999999523,8080,WL,B,10.0
7,38.73699998855591,immed,21263.00001144409,Tue Jul 07 2026 10:17:29 GMT-0500 (Central Daylight Time),850561.7000000477,A,ba,I,a,428,3,2448.9000000953674,848112.7999999523,8080,WL,B,10.0
7,38.83799982070923,immed,21162.00017929077,Tue Jul 07 2026 10:17:29 GMT-0500 (Central Daylight Time),850661.7999999523,A,bab,I,b,90,3,2549.0,848112.7999999523,8080,WL,B,10.0
7,39.00399994850159,immed,20996.000051498413,Tue Jul 07 2026 10:17:29 GMT-0500 (Central Daylight Time),850828.4000000954,A,baby,I,y,159,3,2715.600000143051,848112.7999999523,8080,WL,B,10.0
7,39.25399994850159,immed,20746.000051498413,Tue Jul 07 2026 10:17:29 GMT-0500 (Central Daylight Time),851078.5,A,babyenter,I,enter,232,3,2965.7000000476837,848112.7999999523,8080,WL,B,10.0
7,43.28699994087219,immed,16713.000059127808,Tue Jul 07 2026 10:17:29 GMT-0500 (Central Daylight Time),855111.2000000477,A,l,I,l,4021,3,4032.4000000953674,851078.7999999523,8080,WL,B,11.0
7,43.40299987792969,immed,16597.000122070312,Tue Jul 07 2026 10:17:29 GMT-0500 (Central Daylight Time),855226.9000000954,A,la,I,a,109,3,4148.100000143051,851078.7999999523,8080,WL,B,11.0
7,44.085999965667725,immed,15914.000034332275,Tue Jul 07 2026 10:17:29 GMT-0500 (Central Daylight Time),855910.2999999523,A,lae,I,e,674,3,4831.5,851078.7999999523,8080,WL,B,11.0
7,44.4689998626709,immed,15531.000137329102,Tue Jul 07 2026 10:17:29 GMT-0500 (Central Daylight Time),856293.2000000477,A,la,I,backspace,366,3,5214.400000095367,851078.7999999523,8080,WL,B,11.0
7,44.7189998626709,immed,15281.000137329102,Tue Jul 07 2026 10:17:29 GMT-0500 (Central Daylight Time),856543.4000000954,A,lak,I,k,231,3,5464.600000143051,851078.7999999523,8080,WL,B,11.0
7,44.86899995803833,immed,15131.00004196167,Tue Jul 07 2026 10:17:29 GMT-0500 (Central Daylight Time),856693.2000000477,A,lake,I,e,141,3,5614.400000095367,851078.7999999523,8080,WL,B,11.0
7,45.019999980926514,immed,14980.000019073486,Tue Jul 07 2026 10:17:29 GMT-0500 (Central Daylight Time),856844.0,A,lakeenter,I,enter,143,3,5765.200000047684,851078.7999999523,8080,WL,B,11.0
7,45.319000005722046,immed,14680.999994277954,Tue Jul 07 2026 10:17:29 GMT-0500 (Central Daylight Time),857142.9000000954,A,c,I,c,288,3,298.60000014305115,856844.2999999523,8080,WL,B,12.0
7,45.36899995803833,immed,14631.00004196167,Tue Jul 07 2026 10:17:29 GMT-0500 (Central Daylight Time),857192.7999999523,A,ca,I,a,37,3,348.5,856844.2999999523,8080,WL,B,12.0
7,45.80299997329712,immed,14197.00002670288,Tue Jul 07 2026 10:17:29 GMT-0500 (Central Daylight Time),857627.100000143,A,cab,I,b,427,3,782.8000001907349,856844.2999999523,8080,WL,B,12.0
7,45.9689998626709,immed,14031.000137329102,Tue Jul 07 2026 10:17:29 GMT-0500 (Central Daylight Time),857792.7999999523,A,cabi,I,i,153,3,948.5,856844.2999999523,8080,WL,B,12.0
7,46.05199980735779,immed,13948.000192642212,Tue Jul 07 2026 10:17:29 GMT-0500 (Central Daylight Time),857876.4000000954,A,cabin,I,n,68,3,1032.1000001430511,856844.2999999523,8080,WL,B,12.0
7,46.36800003051758,immed,13631.999969482422,Tue Jul 07 2026 10:17:29 GMT-0500 (Central Daylight Time),858192.7000000477,A,cabinenter,I,enter,296,3,1348.4000000953674,856844.2999999523,8080,WL,B,12.0
7,48.03399991989136,immed,11966.000080108643,Tue Jul 07 2026 10:17:29 GMT-0500 (Central Daylight Time),859858.5,A,c,I,c,1660,3,1665.5,858193.0,8080,WL,B,13.0
7,48.151000022888184,immed,11848.999977111816,Tue Jul 07 2026 10:17:29 GMT-0500 (Central Daylight Time),859975.4000000954,A,ci,I,i,97,3,1782.4000000953674,858193.0,8080,WL,B,13.0
7,48.317999839782715,immed,11682.000160217285,Tue Jul 07 2026 10:17:29 GMT-0500 (Central Daylight Time),860141.9000000954,A,cit,I,t,157,3,1948.9000000953674,858193.0,8080,WL,B,13.0
7,48.401000022888184,immed,11598.999977111816,Tue Jul 07 2026 10:17:29 GMT-0500 (Central Daylight Time),860225.4000000954,A,city,I,y,69,3,2032.4000000953674,858193.0,8080,WL,B,13.0
7,48.66799998283386,immed,11332.000017166138,Tue Jul 07 2026 10:17:29 GMT-0500 (Central Daylight Time),860491.7999999523,A,cityenter,I,enter,259,3,2298.7999999523163,858193.0,8080,WL,B,13.0
7,53.48299980163574,immed,6517.000198364258,Tue Jul 07 2026 10:17:29 GMT-0500 (Central Daylight Time),865307.2999999523,A,p,I,p,4801,3,4815.099999904633,860492.2000000477,8080,WL,B,14.0
7,53.549999952316284,immed,6450.000047683716,Tue Jul 07 2026 10:17:29 GMT-0500 (Central Daylight Time),865373.9000000954,A,pu,I,u,48,3,4881.700000047684,860492.2000000477,8080,WL,B,14.0
7,53.74899983406067,immed,6251.000165939331,Tue Jul 07 2026 10:17:29 GMT-0500 (Central Daylight Time),865573.7000000477,A,pup,I,p,182,3,5081.5,860492.2000000477,8080,WL,B,14.0
7,54.26600003242493,immed,5733.999967575073,Tue Jul 07 2026 10:17:29 GMT-0500 (Central Daylight Time),866090.2999999523,A,pupi,I,i,510,3,5598.099999904633,860492.2000000477,8080,WL,B,14.0
7,54.51600003242493,immed,5483.999967575073,Tue Jul 07 2026 10:17:29 GMT-0500 (Central Daylight Time),866340.4000000954,A,pupil,I,l,234,3,5848.200000047684,860492.2000000477,8080,WL,B,14.0
7,54.78399991989136,immed,5216.000080108643,Tue Jul 07 2026 10:17:29 GMT-0500 (Central Daylight Time),866607.7999999523,A,pupilenter,I,enter,247,3,6115.599999904633,860492.2000000477,8080,WL,B,14.0
7,55.13199996948242,immed,4868.000030517578,Tue Jul 07 2026 10:17:29 GMT-0500 (Central Daylight Time),866956.4000000954,A,p,I,p,332,3,348.2000000476837,866608.2000000477,8080,WL,B,15.0
7,55.24899983406067,immed,4751.000165939331,Tue Jul 07 2026 10:17:29 GMT-0500 (Central Daylight Time),867073.2000000477,A,pi,I,i,104,3,465.0,866608.2000000477,8080,WL,B,15.0
7,55.431999921798706,immed,4568.000078201294,Tue Jul 07 2026 10:17:29 GMT-0500 (Central Daylight Time),867256.600000143,A,pip,I,p,171,3,648.4000000953674,866608.2000000477,8080,WL,B,15.0
7,55.948999881744385,immed,4051.0001182556152,Tue Jul 07 2026 10:17:29 GMT-0500 (Central Daylight Time),867773.100000143,A,pipe,I,e,500,3,1164.9000000953674,866608.2000000477,8080,WL,B,15.0
7,56.16499996185303,immed,3835.0000381469727,Tue Jul 07 2026 10:17:29 GMT-0500 (Central Daylight Time),867989.5,A,pipeenter,I,enter,207,3,1381.2999999523163,866608.2000000477,8080,WL,B,15.0
