block_c,block_dur,condition,countdown,datetime,endtime,list,multichar_response,project,response,response_time,session_number,start_end,starttime,subject_id,task,task_vers,trial
,,,,Tue Jul 07 2026 16:00:26 GMT-0400 (Eastern Daylight Time),,,,I,space,668,2,,,9076,WL,B,
prac,,0,,Tue Jul 07 2026 16:00:26 GMT-0400 (Eastern Daylight Time),,NA,b,I,b,2183,2,,,9076,WL,B,1.0
prac,,0,,Tue Jul 07 2026 16:00:26 GMT-0400 (Eastern Daylight Time),,NA,bo,I,o,282,2,,,9076,WL,B,1.0
prac,,0,,Tue Jul 07 2026 16:00:26 GMT-0400 (Eastern Daylight Time),,NA,boo,I,o,117,2,,,9076,WL,B,1.0
prac,,0,,Tue Jul 07 2026 16:00:26 GMT-0400 (Eastern Daylight Time),,NA,boos,I,s,1481,2,,,9076,WL,B,1.0
prac,,0,,Tue Jul 07 2026 16:00:26 GMT-0400 (Eastern Daylight Time),,NA,boost,I,t,252,2,,,9076,WL,B,1.0
prac,,0,,Tue Jul 07 2026 16:00:26 GMT-0400 (Eastern Daylight Time),,NA,boostenter,I,enter,1002,2,,,9076,WL,B,1.0
1,0.500999927520752,learn,59499.00007247925,Tue Jul 07 2026 16:00:26 GMT-0400 (Eastern Daylight Time),120027.5,A,s,I,s,477,2,499.5,119528.0,9076,WL,B,1.0
1,0.7669999599456787,learn,59233.00004005432,Tue Jul 07 2026 16:00:26 GMT-0400 (Eastern Daylight Time),120293.79999995232,A,st,I,t,246,2,765.7999999523163,119528.0,9076,WL,B,1.0
1,1.0339999198913574,learn,58966.00008010864,Tue Jul 07 2026 16:00:26 GMT-0400 (Eastern Daylight Time),120560.39999997616,A,str,I,r,251,2,1032.3999999761581,119528.0,9076,WL,B,1.0
1,1.6670000553131104,learn,58332.99994468689,Tue Jul 07 2026 16:00:26 GMT-0400 (Eastern Daylight Time),121193.70000004768,A,stre,I,e,620,2,1665.7000000476837,119528.0,9076,WL,B,1.0
1,1.8840000629425049,learn,58115.999937057495,Tue Jul 07 2026 16:00:26 GMT-0400 (Eastern Daylight Time),121410.5,A,stree,I,e,198,2,1882.5,119528.0,9076,WL,B,1.0
1,2.0339999198913574,learn,57966.00008010864,Tue Jul 07 2026 16:00:26 GMT-0400 (Eastern Daylight Time),121560.29999995232,A,street,I,t,126,2,2032.2999999523163,119528.0,9076,WL,B,1.0
1,2.4170000553131104,learn,57582.99994468689,Tue Jul 07 2026 16:00:26 GMT-0400 (Eastern Daylight Time),121943.20000004768,A,streetenter,I,enter,368,2,2415.2000000476837,119528.0,9076,WL,B,1.0
1,3.616999864578247,learn,56383.00013542175,Tue Jul 07 2026 16:00:26 GMT-0400 (Eastern Daylight Time),123143.60000002384,A,g,I,g,1190,2,1199.6000000238419,121944.0,9076,WL,B,2.0
1,3.9170000553131104,learn,56082.99994468689,Tue Jul 07 2026 16:00:26 GMT-0400 (Eastern Daylight Time),123443.70000004768,A,gr,I,r,284,2,1499.7000000476837,121944.0,9076,WL,B,2.0
1,4.200999975204468,learn,55799.00002479553,Tue Jul 07 2026 16:00:26 GMT-0400 (Eastern Daylight Time),123727.60000002384,A,gra,I,a,262,2,1783.6000000238419,121944.0,9076,WL,B,2.0
1,4.549999952316284,learn,55450.000047683716,Tue Jul 07 2026 16:00:26 GMT-0400 (Eastern Daylight Time),124077.10000002384,A,gras,I,s,326,2,2133.100000023842,121944.0,9076,WL,B,2.0
1,4.684000015258789,learn,55315.99998474121,Tue Jul 07 2026 16:00:26 GMT-0400 (Eastern Daylight Time),124210.29999995232,A,grass,I,s,118,2,2266.2999999523163,121944.0,9076,WL,B,2.0
1,5.016999959945679,learn,54983.00004005432,Tue Jul 07 2026 16:00:26 GMT-0400 (Eastern Daylight Time),124543.20000004768,A,grassenter,I,enter,318,2,2599.2000000476837,121944.0,9076,WL,B,2.0
1,5.316999912261963,learn,54683.00008773804,Tue Jul 07 2026 16:00:26 GMT-0400 (Eastern Daylight Time),124843.70000004768,A,d,I,d,279,2,299.8000000715256,124543.89999997616,9076,WL,B,3.0
1,6.434000015258789,learn,53565.99998474121,Tue Jul 07 2026 16:00:26 GMT-0400 (Eastern Daylight Time),125960.39999997616,A,do,I,o,1093,2,1416.5,124543.89999997616,9076,WL,B,3.0
1,6.566999912261963,learn,53433.00008773804,Tue Jul 07 2026 16:00:26 GMT-0400 (Eastern Daylight Time),126093.79999995232,A,doo,I,o,112,2,1549.8999999761581,124543.89999997616,9076,WL,B,3.0
1,6.7170000076293945,learn,53282.999992370605,Tue Jul 07 2026 16:00:26 GMT-0400 (Eastern Daylight Time),126243.79999995232,A,door,I,r,132,2,1699.8999999761581,124543.89999997616,9076,WL,B,3.0
1,7.2829999923706055,learn,52717.000007629395,Tue Jul 07 2026 16:00:26 GMT-0400 (Eastern Daylight Time),126809.60000002384,A,doorenter,I,enter,540,2,2265.7000000476837,124543.89999997616,9076,WL,B,3.0
1,7.66700005531311,learn,52332.99994468689,Tue Jul 07 2026 16:00:26 GMT-0400 (Eastern Daylight Time),127193.70000004768,A,a,I,a,373,2,383.7000000476837,126810.0,9076,WL,B,4.0
1,7.866999864578247,learn,52133.00013542175,Tue Jul 07 2026 16:00:26 GMT-0400 (Eastern Daylight Time),127393.79999995232,A,ar,I,r,177,2,583.7999999523163,126810.0,9076,WL,B,4.0
1,8.899999856948853,learn,51100.00014305115,Tue Jul 07 2026 16:00:26 GMT-0400 (Eastern Daylight Time),128427.10000002384,A,arm,I,m,999,2,1617.1000000238419,126810.0,9076,WL,B,4.0
1,9.266999959945679,learn,50733.00004005432,Tue Jul 07 2026 16:00:26 GMT-0400 (Eastern Daylight Time),128793.20000004768,A,armenter,I,enter,342,2,1983.2000000476837,126810.0,9076,WL,B,4.0
1,9.783999919891357,learn,50216.00008010864,Tue Jul 07 2026 16:00:26 GMT-0400 (Eastern Daylight Time),129310.29999995232,A,s,I,s,493,2,516.6999999284744,128793.60000002384,9076,WL,B,5.0
1,9.967000007629395,learn,50032.999992370605,Tue Jul 07 2026 16:00:26 GMT-0400 (Eastern Daylight Time),129493.60000002384,A,st,I,t,156,2,700.0,128793.60000002384,9076,WL,B,5.0
1,10.149999856948853,learn,49850.00014305115,Tue Jul 07 2026 16:00:26 GMT-0400 (Eastern Daylight Time),129677.0,A,sta,I,a,156,2,883.3999999761581,128793.60000002384,9076,WL,B,5.0
1,10.399999856948853,learn,49600.00014305115,Tue Jul 07 2026 16:00:26 GMT-0400 (Eastern Daylight Time),129926.70000004768,A,star,I,r,238,2,1133.1000000238419,128793.60000002384,9076,WL,B,5.0
1,10.917999982833862,learn,49082.00001716614,Tue Jul 07 2026 16:00:26 GMT-0400 (Eastern Daylight Time),130444.39999997616,A,starenter,I,enter,498,2,1650.7999999523163,128793.60000002384,9076,WL,B,5.0
1,11.134000062942505,learn,48865.999937057495,Tue Jul 07 2026 16:00:26 GMT-0400 (Eastern Daylight Time),130660.29999995232,A,w,I,w,202,2,215.59999990463257,130444.70000004768,9076,WL,B,6.0
1,11.316999912261963,learn,48683.00008773804,Tue Jul 07 2026 16:00:26 GMT-0400 (Eastern Daylight Time),130843.70000004768,A,wi,I,i,165,2,399.0,130444.70000004768,9076,WL,B,6.0
1,11.483999967575073,learn,48516.00003242493,Tue Jul 07 2026 16:00:26 GMT-0400 (Eastern Daylight Time),131010.39999997616,A,wif,I,f,154,2,565.6999999284744,130444.70000004768,9076,WL,B,6.0
1,11.983000040054321,learn,48016.99995994568,Tue Jul 07 2026 16:00:26 GMT-0400 (Eastern Daylight Time),131509.89999997616,A,wife,I,e,488,2,1065.1999999284744,130444.70000004768,9076,WL,B,6.0
1,12.299999952316284,learn,47700.000047683716,Tue Jul 07 2026 16:00:26 GMT-0400 (Eastern Daylight Time),131826.5,A,wifeenter,I,enter,302,2,1381.7999999523163,130444.70000004768,9076,WL,B,6.0
1,12.649999856948853,learn,47350.00014305115,Tue Jul 07 2026 16:00:26 GMT-0400 (Eastern Daylight Time),132176.89999997616,A,s,I,s,340,2,350.0,131826.89999997616,9076,WL,B,7.0
1,12.866999864578247,learn,47133.00013542175,Tue Jul 07 2026 16:00:26 GMT-0400 (Eastern Daylight Time),132393.39999997616,A,st,I,t,201,2,566.5,131826.89999997616,9076,WL,B,7.0
1,13.599999904632568,learn,46400.00009536743,Tue Jul 07 2026 16:00:26 GMT-0400 (Eastern Daylight Time),133126.79999995232,A,s,I,backspace,718,2,1299.8999999761581,131826.89999997616,9076,WL,B,7.0
1,13.733999967575073,learn,46266.00003242493,Tue Jul 07 2026 16:00:26 GMT-0400 (Eastern Daylight Time),133260.29999995232,A,,I,backspace,113,2,1433.3999999761581,131826.89999997616,9076,WL,B,7.0
1,14.866999864578247,learn,45133.00013542175,Tue Jul 07 2026 16:00:26 GMT-0400 (Eastern Daylight Time),134393.5,A,i,I,i,1109,2,2566.600000023842,131826.89999997616,9076,WL,B,7.0
1,15.349999904632568,learn,44650.00009536743,Tue Jul 07 2026 16:00:26 GMT-0400 (Eastern Daylight Time),134877.0,A,,I,backspace,460,2,3050.100000023842,131826.89999997616,9076,WL,B,7.0
1,15.583999872207642,learn,44416.00012779236,Tue Jul 07 2026 16:00:26 GMT-0400 (Eastern Daylight Time),135110.29999995232,A,w,I,w,208,2,3283.399999976158,131826.89999997616,9076,WL,B,7.0
1,15.816999912261963,learn,44183.00008773804,Tue Jul 07 2026 16:00:26 GMT-0400 (Eastern Daylight Time),135343.70000004768,A,wi,I,i,212,2,3516.8000000715256,131826.89999997616,9076,WL,B,7.0
1,15.91700005531311,learn,44082.99994468689,Tue Jul 07 2026 16:00:26 GMT-0400 (Eastern Daylight Time),135443.70000004768,A,win,I,n,74,2,3616.8000000715256,131826.89999997616,9076,WL,B,7.0
1,16.33399987220764,learn,43666.00012779236,Tue Jul 07 2026 16:00:26 GMT-0400 (Eastern Daylight Time),135860.39999997616,A,wind,I,d,382,2,4033.5,131826.89999997616,9076,WL,B,7.0
1,16.450000047683716,learn,43549.999952316284,Tue Jul 07 2026 16:00:26 GMT-0400 (Eastern Daylight Time),135977.0,A,windo,I,o,97,2,4150.100000023842,131826.89999997616,9076,WL,B,7.0
1,16.783999919891357,learn,43216.00008010864,Tue Jul 07 2026 16:00:26 GMT-0400 (Eastern Daylight Time),136310.39999997616,A,window,I,w,312,2,4483.5,131826.89999997616,9076,WL,B,7.0
1,17.75,learn,42250.0,Tue Jul 07 2026 16:00:26 GMT-0400 (Eastern Daylight Time),137276.5,A,windowenter,I,enter,947,2,5449.600000023842,131826.89999997616,9076,WL,B,7.0
1,18.533999919891357,learn,41466.00008010864,Tue Jul 07 2026 16:00:26 GMT-0400 (Eastern Daylight Time),138060.39999997616,A,f,I,f,763,2,783.5,137276.89999997616,9076,WL,B,8.0
1,18.700000047683716,learn,41299.999952316284,Tue Jul 07 2026 16:00:26 GMT-0400 (Eastern Daylight Time),138227.10000002384,A,fi,I,i,143,2,950.2000000476837,137276.89999997616,9076,WL,B,8.0
1,18.91700005531311,learn,41082.99994468689,Tue Jul 07 2026 16:00:26 GMT-0400 (Eastern Daylight Time),138443.60000002384,A,fie,I,e,189,2,1166.7000000476837,137276.89999997616,9076,WL,B,8.0
1,19.783999919891357,learn,40216.00008010864,Tue Jul 07 2026 16:00:26 GMT-0400 (Eastern Daylight Time),139310.39999997616,A,fi,I,backspace,855,2,2033.5,137276.89999997616,9076,WL,B,8.0
1,20.01699995994568,learn,39983.00004005432,Tue Jul 07 2026 16:00:26 GMT-0400 (Eastern Daylight Time),139543.5,A,fir,I,r,221,2,2266.600000023842,137276.89999997616,9076,WL,B,8.0
1,20.717000007629395,learn,39282.999992370605,Tue Jul 07 2026 16:00:26 GMT-0400 (Eastern Daylight Time),140243.70000004768,A,fire,I,e,675,2,2966.8000000715256,137276.89999997616,9076,WL,B,8.0
1,21.0,learn,39000.0,Tue Jul 07 2026 16:00:26 GMT-0400 (Eastern Daylight Time),140526.5,A,fireenter,I,enter,262,2,3249.600000023842,137276.89999997616,9076,WL,B,8.0
1,22.316999912261963,learn,37683.00008773804,Tue Jul 07 2026 16:00:26 GMT-0400 (Eastern Daylight Time),141843.79999995232,A,l,I,l,1296,2,1316.8999999761581,140526.89999997616,9076,WL,B,9.0
1,22.399999856948853,learn,37600.00014305115,Tue Jul 07 2026 16:00:26 GMT-0400 (Eastern Daylight Time),141926.60000002384,A,la,I,a,69,2,1399.7000000476837,140526.89999997616,9076,WL,B,9.0
1,22.733999967575073,learn,37266.00003242493,Tue Jul 07 2026 16:00:26 GMT-0400 (Eastern Daylight Time),142260.39999997616,A,lac,I,c,318,2,1733.5,140526.89999997616,9076,WL,B,9.0
1,23.299999952316284,learn,36700.000047683716,Tue Jul 07 2026 16:00:26 GMT-0400 (Eastern Daylight Time),142827.10000002384,A,la,I,backspace,544,2,2300.2000000476837,140526.89999997616,9076,WL,B,9.0
1,23.733999967575073,learn,36266.00003242493,Tue Jul 07 2026 16:00:26 GMT-0400 (Eastern Daylight Time),143260.29999995232,A,lak,I,k,415,2,2733.399999976158,140526.89999997616,9076,WL,B,9.0
1,24.566999912261963,learn,35433.00008773804,Tue Jul 07 2026 16:00:26 GMT-0400 (Eastern Daylight Time),144093.70000004768,A,lake,I,e,807,2,3566.8000000715256,140526.89999997616,9076,WL,B,9.0
1,24.93400001525879,learn,35065.99998474121,Tue Jul 07 2026 16:00:26 GMT-0400 (Eastern Daylight Time),144460.89999997616,A,lakeenter,I,enter,341,2,3934.0,140526.89999997616,9076,WL,B,9.0
1,25.233999967575073,learn,34766.00003242493,Tue Jul 07 2026 16:00:26 GMT-0400 (Eastern Daylight Time),144760.39999997616,A,c,I,c,282,2,299.10000002384186,144461.29999995232,9076,WL,B,10.0
1,25.399999856948853,learn,34600.00014305115,Tue Jul 07 2026 16:00:26 GMT-0400 (Eastern Daylight Time),144926.60000002384,A,ca,I,a,157,2,465.3000000715256,144461.29999995232,9076,WL,B,10.0
1,25.717000007629395,learn,34282.999992370605,Tue Jul 07 2026 16:00:26 GMT-0400 (Eastern Daylight Time),145243.70000004768,A,cab,I,b,292,2,782.4000000953674,144461.29999995232,9076,WL,B,10.0
1,26.01699995994568,learn,33983.00004005432,Tue Jul 07 2026 16:00:26 GMT-0400 (Eastern Daylight Time),145543.5,A,cabi,I,i,288,2,1082.2000000476837,144461.29999995232,9076,WL,B,10.0
1,26.134000062942505,learn,33865.999937057495,Tue Jul 07 2026 16:00:26 GMT-0400 (Eastern Daylight Time),145660.5,A,cabin,I,n,98,2,1199.2000000476837,144461.29999995232,9076,WL,B,10.0
1,26.98300004005432,learn,33016.99995994568,Tue Jul 07 2026 16:00:26 GMT-0400 (Eastern Daylight Time),146509.89999997616,A,cabinenter,I,enter,820,2,2048.600000023842,144461.29999995232,9076,WL,B,10.0
1,29.033999919891357,learn,30966.000080108643,Tue Jul 07 2026 16:00:26 GMT-0400 (Eastern Daylight Time),148560.29999995232,A,s,I,s,2042,2,2050.0,146510.29999995232,9076,WL,B,11.0
1,29.200000047683716,learn,30799.999952316284,Tue Jul 07 2026 16:00:26 GMT-0400 (Eastern Daylight Time),148726.60000002384,A,sk,I,k,154,2,2216.3000000715256,146510.29999995232,9076,WL,B,11.0
1,29.467000007629395,learn,30532.999992370605,Tue Jul 07 2026 16:00:26 GMT-0400 (Eastern Daylight Time),148993.70000004768,A,ski,I,i,243,2,2483.4000000953674,146510.29999995232,9076,WL,B,11.0
1,29.649999856948853,learn,30350.000143051147,Tue Jul 07 2026 16:00:26 GMT-0400 (Eastern Daylight Time),149177.0,A,skin,I,n,168,2,2666.7000000476837,146510.29999995232,9076,WL,B,11.0
1,30.26699995994568,learn,29733.00004005432,Tue Jul 07 2026 16:00:26 GMT-0400 (Eastern Daylight Time),149793.20000004768,A,skinenter,I,enter,595,2,3282.9000000953674,146510.29999995232,9076,WL,B,11.0
1,32.84999990463257,learn,27150.00009536743,Tue Jul 07 2026 16:00:26 GMT-0400 (Eastern Daylight Time),152376.89999997616,A,d,I,d,2574,2,2583.2999999523163,149793.60000002384,9076,WL,B,12.0
1,33.01699995994568,learn,26983.00004005432,Tue Jul 07 2026 16:00:26 GMT-0400 (Eastern Daylight Time),152543.60000002384,A,do,I,o,155,2,2750.0,149793.60000002384,9076,WL,B,12.0
1,33.16700005531311,learn,26832.99994468689,Tue Jul 07 2026 16:00:26 GMT-0400 (Eastern Daylight Time),152693.60000002384,A,doo,I,o,115,2,2900.0,149793.60000002384,9076,WL,B,12.0
1,33.299999952316284,learn,26700.000047683716,Tue Jul 07 2026 16:00:26 GMT-0400 (Eastern Daylight Time),152826.79999995232,A,door,I,r,118,2,3033.1999999284744,149793.60000002384,9076,WL,B,12.0
1,35.967000007629395,learn,24032.999992370605,Tue Jul 07 2026 16:00:26 GMT-0400 (Eastern Daylight Time),155493.20000004768,A,doorenter,I,enter,2641,2,5699.600000023842,149793.60000002384,9076,WL,B,12.0
1,40.134000062942505,learn,19865.999937057495,Tue Jul 07 2026 16:00:26 GMT-0400 (Eastern Daylight Time),159660.29999995232,A,w,I,w,4154,2,4166.699999928474,155493.60000002384,9076,WL,B,13.0
1,40.33399987220764,learn,19666.00012779236,Tue Jul 07 2026 16:00:26 GMT-0400 (Eastern Daylight Time),159860.29999995232,A,wi,I,i,174,2,4366.699999928474,155493.60000002384,9076,WL,B,13.0
1,40.450000047683716,learn,19549.999952316284,Tue Jul 07 2026 16:00:26 GMT-0400 (Eastern Daylight Time),159976.89999997616,A,wif,I,f,87,2,4483.299999952316,155493.60000002384,9076,WL,B,13.0
1,40.73399996757507,learn,19266.000032424927,Tue Jul 07 2026 16:00:26 GMT-0400 (Eastern Daylight Time),160260.29999995232,A,wife,I,e,258,2,4766.699999928474,155493.60000002384,9076,WL,B,13.0
1,41.06699991226196,learn,18933.000087738037,Tue Jul 07 2026 16:00:26 GMT-0400 (Eastern Daylight Time),160593.20000004768,A,wifeenter,I,enter,317,2,5099.600000023842,155493.60000002384,9076,WL,B,13.0
1,43.36699986457825,learn,16633.000135421753,Tue Jul 07 2026 16:00:26 GMT-0400 (Eastern Daylight Time),162893.70000004768,A,l,I,l,2285,2,2300.0,160593.70000004768,9076,WL,B,14.0
1,43.5,learn,16500.0,Tue Jul 07 2026 16:00:26 GMT-0400 (Eastern Daylight Time),163026.89999997616,A,la,I,a,119,2,2433.1999999284744,160593.70000004768,9076,WL,B,14.0
1,43.68400001525879,learn,16315.999984741211,Tue Jul 07 2026 16:00:26 GMT-0400 (Eastern Daylight Time),163210.20000004768,A,lak,I,k,169,2,2616.5,160593.70000004768,9076,WL,B,14.0
1,43.83399987220764,learn,16166.000127792358,Tue Jul 07 2026 16:00:26 GMT-0400 (Eastern Daylight Time),163360.20000004768,A,lake,I,e,127,2,2766.5,160593.70000004768,9076,WL,B,14.0
1,44.16700005531311,learn,15832.99994468689,Tue Jul 07 2026 16:00:26 GMT-0400 (Eastern Daylight Time),163693.39999997616,A,lakeenter,I,enter,323,2,3099.6999999284744,160593.70000004768,9076,WL,B,14.0
1,60.01699995994568,learn,-16.99995994567871,Tue Jul 07 2026 16:00:26 GMT-0400 (Eastern Daylight Time),179543.89999997616,A,None,I,None,15843,2,15850.199999928474,163693.70000004768,9076,WL,B,15.0
2,0.38299989700317383,learn,59617.000102996826,Tue Jul 07 2026 16:00:26 GMT-0400 (Eastern Daylight Time),251110.20000004768,A,f,I,f,359,2,382.90000009536743,250727.29999995232,9076,WL,B,1.0
2,0.5169999599456787,learn,59483.00004005432,Tue Jul 07 2026 16:00:26 GMT-0400 (Eastern Daylight Time),251243.29999995232,A,fi,I,i,116,2,516.0,250727.29999995232,9076,WL,B,1.0
2,1.4839999675750732,learn,58516.00003242493,Tue Jul 07 2026 16:00:26 GMT-0400 (Eastern Daylight Time),252210.20000004768,A,fir,I,r,951,2,1482.9000000953674,250727.29999995232,9076,WL,B,1.0
2,1.6669998168945312,learn,58333.00018310547,Tue Jul 07 2026 16:00:26 GMT-0400 (Eastern Daylight Time),252393.39999997616,A,fire,I,e,161,2,1666.1000000238419,250727.29999995232,9076,WL,B,1.0
2,2.049999952316284,learn,57950.000047683716,Tue Jul 07 2026 16:00:26 GMT-0400 (Eastern Daylight Time),252776.29999995232,A,fireenter,I,enter,359,2,2049.0,250727.29999995232,9076,WL,B,1.0
2,2.5,learn,57500.0,Tue Jul 07 2026 16:00:26 GMT-0400 (Eastern Daylight Time),253226.70000004768,A,c,I,c,438,2,450.10000002384186,252776.60000002384,9076,WL,B,2.0
2,2.616999864578247,learn,57383.00013542175,Tue Jul 07 2026 16:00:26 GMT-0400 (Eastern Daylight Time),253343.39999997616,A,cl,I,l,97,2,566.7999999523163,252776.60000002384,9076,WL,B,2.0
2,2.816999912261963,learn,57183.00008773804,Tue Jul 07 2026 16:00:26 GMT-0400 (Eastern Daylight Time),253543.29999995232,A,clo,I,o,178,2,766.6999999284744,252776.60000002384,9076,WL,B,2.0
2,2.982999801635742,learn,57017.00019836426,Tue Jul 07 2026 16:00:26 GMT-0400 (Eastern Daylight Time),253710.10000002384,A,cloc,I,c,147,2,933.5,252776.60000002384,9076,WL,B,2.0
2,3.2829999923706055,learn,56717.000007629395,Tue Jul 07 2026 16:00:26 GMT-0400 (Eastern Daylight Time),254010.10000002384,A,clock,I,k,276,2,1233.5,252776.60000002384,9076,WL,B,2.0
2,3.6659998893737793,learn,56334.00011062622,Tue Jul 07 2026 16:00:26 GMT-0400 (Eastern Daylight Time),254392.89999997616,A,clockenter,I,enter,360,2,1616.2999999523163,252776.60000002384,9076,WL,B,2.0
2,4.382999897003174,learn,55617.000102996826,Tue Jul 07 2026 16:00:26 GMT-0400 (Eastern Daylight Time),255110.10000002384,A,p,I,p,693,2,716.8000000715256,254393.29999995232,9076,WL,B,3.0
2,4.58299994468689,learn,55417.00005531311,Tue Jul 07 2026 16:00:26 GMT-0400 (Eastern Daylight Time),255310.0,A,pu,I,u,186,2,916.7000000476837,254393.29999995232,9076,WL,B,3.0
2,5.184000015258789,learn,54815.99998474121,Tue Jul 07 2026 16:00:26 GMT-0400 (Eastern Daylight Time),255910.20000004768,A,pup,I,p,573,2,1516.9000000953674,254393.29999995232,9076,WL,B,3.0
2,5.549999952316284,learn,54450.000047683716,Tue Jul 07 2026 16:00:26 GMT-0400 (Eastern Daylight Time),256276.70000004768,A,pupi,I,i,346,2,1883.4000000953674,254393.29999995232,9076,WL,B,3.0
2,5.766999959945679,learn,54233.00004005432,Tue Jul 07 2026 16:00:26 GMT-0400 (Eastern Daylight Time),256493.5,A,pupil,I,l,198,2,2100.2000000476837,254393.29999995232,9076,WL,B,3.0
2,6.132999897003174,learn,53867.000102996826,Tue Jul 07 2026 16:00:26 GMT-0400 (Eastern Daylight Time),256859.60000002384,A,pupilenter,I,enter,349,2,2466.3000000715256,254393.29999995232,9076,WL,B,3.0
2,6.58299994468689,learn,53417.00005531311,Tue Jul 07 2026 16:00:26 GMT-0400 (Eastern Daylight Time),257310.10000002384,A,s,I,s,436,2,450.10000002384186,256860.0,9076,WL,B,4.0
2,7.182999849319458,learn,52817.00015068054,Tue Jul 07 2026 16:00:26 GMT-0400 (Eastern Daylight Time),257910.10000002384,A,sk,I,k,581,2,1050.1000000238419,256860.0,9076,WL,B,4.0
2,7.382999897003174,learn,52617.000102996826,Tue Jul 07 2026 16:00:26 GMT-0400 (Eastern Daylight Time),258110.0,A,ski,I,i,180,2,1250.0,256860.0,9076,WL,B,4.0
2,7.566999912261963,learn,52433.00008773804,Tue Jul 07 2026 16:00:26 GMT-0400 (Eastern Daylight Time),258293.39999997616,A,skil,I,l,164,2,1433.3999999761581,256860.0,9076,WL,B,4.0
2,8.116999864578247,learn,51883.00013542175,Tue Jul 07 2026 16:00:26 GMT-0400 (Eastern Daylight Time),258843.39999997616,A,ski,I,backspace,526,2,1983.3999999761581,256860.0,9076,WL,B,4.0
2,8.416999816894531,learn,51583.00018310547,Tue Jul 07 2026 16:00:26 GMT-0400 (Eastern Daylight Time),259143.20000004768,A,skin,I,n,286,2,2283.2000000476837,256860.0,9076,WL,B,4.0
2,8.849999904632568,learn,51150.00009536743,Tue Jul 07 2026 16:00:26 GMT-0400 (Eastern Daylight Time),259576.29999995232,A,skinenter,I,enter,412,2,2716.2999999523163,256860.0,9076,WL,B,4.0
2,9.549999952316284,learn,50450.000047683716,Tue Jul 07 2026 16:00:26 GMT-0400 (Eastern Daylight Time),260276.79999995232,A,c,I,c,678,2,700.1999999284744,259576.60000002384,9076,WL,B,5.0
2,9.799999952316284,learn,50200.000047683716,Tue Jul 07 2026 16:00:26 GMT-0400 (Eastern Daylight Time),260526.39999997616,A,ca,I,a,236,2,949.7999999523163,259576.60000002384,9076,WL,B,5.0
2,10.049999952316284,learn,49950.000047683716,Tue Jul 07 2026 16:00:26 GMT-0400 (Eastern Daylight Time),260776.70000004768,A,cab,I,b,238,2,1200.1000000238419,259576.60000002384,9076,WL,B,5.0
2,10.182999849319458,learn,49817.00015068054,Tue Jul 07 2026 16:00:26 GMT-0400 (Eastern Daylight Time),260910.10000002384,A,cabi,I,i,123,2,1333.5,259576.60000002384,9076,WL,B,5.0
2,10.349999904632568,learn,49650.00009536743,Tue Jul 07 2026 16:00:26 GMT-0400 (Eastern Daylight Time),261076.70000004768,A,cabin,I,n,141,2,1500.1000000238419,259576.60000002384,9076,WL,B,5.0
2,10.815999984741211,learn,49184.00001525879,Tue Jul 07 2026 16:00:26 GMT-0400 (Eastern Daylight Time),261543.0,A,cabinenter,I,enter,445,2,1966.3999999761581,259576.60000002384,9076,WL,B,5.0
2,11.382999897003174,learn,48617.000102996826,Tue Jul 07 2026 16:00:26 GMT-0400 (Eastern Daylight Time),262110.0,A,l,I,l,560,2,566.7000000476837,261543.29999995232,9076,WL,B,6.0
2,11.5,learn,48500.0,Tue Jul 07 2026 16:00:26 GMT-0400 (Eastern Daylight Time),262226.7000000477,A,la,I,a,99,2,683.4000000953674,261543.29999995232,9076,WL,B,6.0
2,11.799999952316284,learn,48200.000047683716,Tue Jul 07 2026 16:00:26 GMT-0400 (Eastern Daylight Time),262526.7000000477,A,lac,I,c,278,2,983.4000000953674,261543.29999995232,9076,WL,B,6.0
2,11.932999849319458,learn,48067.00015068054,Tue Jul 07 2026 16:00:26 GMT-0400 (Eastern Daylight Time),262660.0,A,lack,I,k,115,2,1116.7000000476837,261543.29999995232,9076,WL,B,6.0
2,12.432999849319458,learn,47567.00015068054,Tue Jul 07 2026 16:00:26 GMT-0400 (Eastern Daylight Time),263160.10000002384,A,lac,I,backspace,480,2,1616.8000000715256,261543.29999995232,9076,WL,B,6.0
2,12.583999872207642,learn,47416.00012779236,Tue Jul 07 2026 16:00:26 GMT-0400 (Eastern Daylight Time),263310.10000002384,A,la,I,backspace,130,2,1766.8000000715256,261543.29999995232,9076,WL,B,6.0
2,12.882999897003174,learn,47117.000102996826,Tue Jul 07 2026 16:00:26 GMT-0400 (Eastern Daylight Time),263610.10000002384,A,lak,I,k,267,2,2066.8000000715256,261543.29999995232,9076,WL,B,6.0
2,13.132999897003174,learn,46867.000102996826,Tue Jul 07 2026 16:00:26 GMT-0400 (Eastern Daylight Time),263860.10000002384,A,lake,I,e,226,2,2316.8000000715256,261543.29999995232,9076,WL,B,6.0
2,14.365999937057495,learn,45634.000062942505,Tue Jul 07 2026 16:00:26 GMT-0400 (Eastern Daylight Time),265092.89999997616,A,lakeenter,I,enter,1206,2,3549.600000023842,261543.29999995232,9076,WL,B,6.0
2,16.18400001525879,learn,43815.99998474121,Tue Jul 07 2026 16:00:26 GMT-0400 (Eastern Daylight Time),266910.2000000477,A,s,I,s,1810,2,1817.0,265093.2000000477,9076,WL,B,7.0
2,16.382999897003174,learn,43617.000102996826,Tue Jul 07 2026 16:00:26 GMT-0400 (Eastern Daylight Time),267110.0,A,st,I,t,181,2,2016.7999999523163,265093.2000000477,9076,WL,B,7.0
2,16.632999897003174,learn,43367.000102996826,Tue Jul 07 2026 16:00:26 GMT-0400 (Eastern Daylight Time),267360.10000002384,A,str,I,r,228,2,2266.899999976158,265093.2000000477,9076,WL,B,7.0
2,17.217000007629395,learn,42782.999992370605,Tue Jul 07 2026 16:00:26 GMT-0400 (Eastern Daylight Time),267943.39999997616,A,stre,I,e,562,2,2850.1999999284744,265093.2000000477,9076,WL,B,7.0
2,17.399999856948853,learn,42600.00014305115,Tue Jul 07 2026 16:00:26 GMT-0400 (Eastern Daylight Time),268126.5,A,stree,I,e,174,2,3033.2999999523163,265093.2000000477,9076,WL,B,7.0
2,17.649999856948853,learn,42350.00014305115,Tue Jul 07 2026 16:00:26 GMT-0400 (Eastern Daylight Time),268376.7000000477,A,street,I,t,234,2,3283.5,265093.2000000477,9076,WL,B,7.0
2,18.34999990463257,learn,41650.00009536743,Tue Jul 07 2026 16:00:26 GMT-0400 (Eastern Daylight Time),269076.2000000477,A,streetenter,I,enter,674,2,3983.0,265093.2000000477,9076,WL,B,7.0
2,18.66699981689453,learn,41333.00018310547,Tue Jul 07 2026 16:00:26 GMT-0400 (Eastern Daylight Time),269393.5,A,g,I,g,298,2,316.7999999523163,269076.7000000477,9076,WL,B,8.0
2,18.899999856948853,learn,41100.00014305115,Tue Jul 07 2026 16:00:26 GMT-0400 (Eastern Daylight Time),269626.7999999523,A,gr,I,r,207,2,550.0999999046326,269076.7000000477,9076,WL,B,8.0
2,19.08299994468689,learn,40917.00005531311,Tue Jul 07 2026 16:00:26 GMT-0400 (Eastern Daylight Time),269810.10000002384,A,gre,I,e,167,2,733.3999999761581,269076.7000000477,9076,WL,B,8.0
2,19.382999897003174,learn,40617.000102996826,Tue Jul 07 2026 16:00:26 GMT-0400 (Eastern Daylight Time),270110.0,A,grea,I,a,280,2,1033.2999999523163,269076.7000000477,9076,WL,B,8.0
2,19.682999849319458,learn,40317.00015068054,Tue Jul 07 2026 16:00:26 GMT-0400 (Eastern Daylight Time),270410.0,A,greas,I,s,277,2,1333.2999999523163,269076.7000000477,9076,WL,B,8.0
2,19.83299994468689,learn,40167.00005531311,Tue Jul 07 2026 16:00:26 GMT-0400 (Eastern Daylight Time),270559.89999997616,A,greass,I,s,136,2,1483.1999999284744,269076.7000000477,9076,WL,B,8.0
2,20.632999897003174,learn,39367.000102996826,Tue Jul 07 2026 16:00:26 GMT-0400 (Eastern Daylight Time),271360.0,A,greas,I,backspace,780,2,2283.2999999523163,269076.7000000477,9076,WL,B,8.0
2,20.782999992370605,learn,39217.000007629395,Tue Jul 07 2026 16:00:26 GMT-0400 (Eastern Daylight Time),271510.10000002384,A,grea,I,backspace,140,2,2433.399999976158,269076.7000000477,9076,WL,B,8.0
2,20.982999801635742,learn,39017.00019836426,Tue Jul 07 2026 16:00:26 GMT-0400 (Eastern Daylight Time),271710.0,A,gre,I,backspace,181,2,2633.2999999523163,269076.7000000477,9076,WL,B,8.0
2,21.116999864578247,learn,38883.00013542175,Tue Jul 07 2026 16:00:26 GMT-0400 (Eastern Daylight Time),271843.39999997616,A,gr,I,backspace,109,2,2766.6999999284744,269076.7000000477,9076,WL,B,8.0
2,21.566999912261963,learn,38433.00008773804,Tue Jul 07 2026 16:00:26 GMT-0400 (Eastern Daylight Time),272293.2999999523,A,gra,I,a,431,2,3216.5999999046326,269076.7000000477,9076,WL,B,8.0
2,21.93400001525879,learn,38065.99998474121,Tue Jul 07 2026 16:00:26 GMT-0400 (Eastern Daylight Time),272660.2000000477,A,gras,I,s,341,2,3583.5,269076.7000000477,9076,WL,B,8.0
2,22.08299994468689,learn,37917.00005531311,Tue Jul 07 2026 16:00:26 GMT-0400 (Eastern Daylight Time),272810.0,A,grass,I,s,133,2,3733.2999999523163,269076.7000000477,9076,WL,B,8.0
2,22.75,learn,37250.0,Tue Jul 07 2026 16:00:26 GMT-0400 (Eastern Daylight Time),273476.2000000477,A,grassenter,I,enter,641,2,4399.5,269076.7000000477,9076,WL,B,8.0
2,23.066999912261963,learn,36933.00008773804,Tue Jul 07 2026 16:00:26 GMT-0400 (Eastern Daylight Time),273793.2999999523,A,d,I,d,298,2,316.7999999523163,273476.5,9076,WL,B,9.0
2,23.199999809265137,learn,36800.00019073486,Tue Jul 07 2026 16:00:26 GMT-0400 (Eastern Daylight Time),273926.60000002384,A,do,I,o,110,2,450.10000002384186,273476.5,9076,WL,B,9.0
2,23.482999801635742,learn,36517.00019836426,Tue Jul 07 2026 16:00:26 GMT-0400 (Eastern Daylight Time),274209.89999997616,A,doo,I,o,260,2,733.3999999761581,273476.5,9076,WL,B,9.0
2,23.59999990463257,learn,36400.00009536743,Tue Jul 07 2026 16:00:26 GMT-0400 (Eastern Daylight Time),274326.5,A,door,I,r,104,2,850.0,273476.5,9076,WL,B,9.0
2,24.0,learn,36000.0,Tue Jul 07 2026 16:00:26 GMT-0400 (Eastern Daylight Time),274726.10000002384,A,doorenter,I,enter,387,2,1249.6000000238419,273476.5,9076,WL,B,9.0
2,24.33299994468689,learn,35667.00005531311,Tue Jul 07 2026 16:00:26 GMT-0400 (Eastern Daylight Time),275060.0,A,a,I,a,320,2,333.60000002384186,274726.39999997616,9076,WL,B,10.0
2,24.532999992370605,learn,35467.000007629395,Tue Jul 07 2026 16:00:26 GMT-0400 (Eastern Daylight Time),275260.0,A,ar,I,r,184,2,533.6000000238419,274726.39999997616,9076,WL,B,10.0
2,25.032999992370605,learn,34967.000007629395,Tue Jul 07 2026 16:00:26 GMT-0400 (Eastern Daylight Time),275760.0,A,arm,I,m,478,2,1033.6000000238419,274726.39999997616,9076,WL,B,10.0
2,25.682999849319458,learn,34317.00015068054,Tue Jul 07 2026 16:00:26 GMT-0400 (Eastern Daylight Time),276410.10000002384,A,armw,I,w,636,2,1683.7000000476837,274726.39999997616,9076,WL,B,10.0
2,25.799999952316284,learn,34200.000047683716,Tue Jul 07 2026 16:00:26 GMT-0400 (Eastern Daylight Time),276526.7000000477,A,armwi,I,i,95,2,1800.3000000715256,274726.39999997616,9076,WL,B,10.0
2,26.33399987220764,learn,33666.00012779236,Tue Jul 07 2026 16:00:26 GMT-0400 (Eastern Daylight Time),277060.2000000477,A,armw,I,backspace,508,2,2333.8000000715256,274726.39999997616,9076,WL,B,10.0
2,26.467000007629395,learn,33532.999992370605,Tue Jul 07 2026 16:00:26 GMT-0400 (Eastern Daylight Time),277193.2999999523,A,arm,I,backspace,111,2,2466.899999976158,274726.39999997616,9076,WL,B,10.0
2,26.932999849319458,learn,33067.00015068054,Tue Jul 07 2026 16:00:26 GMT-0400 (Eastern Daylight Time),277659.5,A,armenter,I,enter,449,2,2933.100000023842,274726.39999997616,9076,WL,B,10.0
2,27.25,learn,32750.0,Tue Jul 07 2026 16:00:26 GMT-0400 (Eastern Daylight Time),277976.60000002384,A,w,I,w,306,2,316.60000002384186,277660.0,9076,WL,B,11.0
2,27.382999897003174,learn,32617.000102996826,Tue Jul 07 2026 16:00:26 GMT-0400 (Eastern Daylight Time),278110.0,A,wi,I,i,107,2,450.0,277660.0,9076,WL,B,11.0
2,27.566999912261963,learn,32433.000087738037,Tue Jul 07 2026 16:00:26 GMT-0400 (Eastern Daylight Time),278293.2999999523,A,wif,I,f,164,2,633.2999999523163,277660.0,9076,WL,B,11.0
2,27.932999849319458,learn,32067.000150680542,Tue Jul 07 2026 16:00:26 GMT-0400 (Eastern Daylight Time),278659.89999997616,A,wife,I,e,341,2,999.8999999761581,277660.0,9076,WL,B,11.0
2,28.982999801635742,learn,31017.000198364258,Tue Jul 07 2026 16:00:26 GMT-0400 (Eastern Daylight Time),279709.60000002384,A,wifeenter,I,enter,1031,2,2049.600000023842,277660.0,9076,WL,B,11.0
2,29.616999864578247,learn,30383.000135421753,Tue Jul 07 2026 16:00:26 GMT-0400 (Eastern Daylight Time),280343.39999997616,A,p,I,p,617,2,633.3999999761581,279710.0,9076,WL,B,12.0
2,29.816999912261963,learn,30183.000087738037,Tue Jul 07 2026 16:00:26 GMT-0400 (Eastern Daylight Time),280543.2999999523,A,pu,I,u,187,2,833.2999999523163,279710.0,9076,WL,B,12.0
2,30.34999990463257,learn,29650.00009536743,Tue Jul 07 2026 16:00:26 GMT-0400 (Eastern Daylight Time),281076.60000002384,A,pup,I,p,496,2,1366.6000000238419,279710.0,9076,WL,B,12.0
2,30.699999809265137,learn,29300.000190734863,Tue Jul 07 2026 16:00:26 GMT-0400 (Eastern Daylight Time),281426.60000002384,A,pupi,I,i,326,2,1716.6000000238419,279710.0,9076,WL,B,12.0
2,30.932999849319458,learn,29067.000150680542,Tue Jul 07 2026 16:00:26 GMT-0400 (Eastern Daylight Time),281659.89999997616,A,pupil,I,l,217,2,1949.8999999761581,279710.0,9076,WL,B,12.0
2,31.199999809265137,learn,28800.000190734863,Tue Jul 07 2026 16:00:26 GMT-0400 (Eastern Daylight Time),281926.10000002384,A,pupilenter,I,enter,254,2,2216.100000023842,279710.0,9076,WL,B,12.0
2,31.467000007629395,learn,28532.999992370605,Tue Jul 07 2026 16:00:26 GMT-0400 (Eastern Daylight Time),282193.39999997616,A,w,I,w,247,2,267.0,281926.39999997616,9076,WL,B,13.0
2,31.58299994468689,learn,28417.00005531311,Tue Jul 07 2026 16:00:26 GMT-0400 (Eastern Daylight Time),282310.0,A,wi,I,i,89,2,383.60000002384186,281926.39999997616,9076,WL,B,13.0
2,31.682999849319458,learn,28317.000150680542,Tue Jul 07 2026 16:00:26 GMT-0400 (Eastern Daylight Time),282410.0,A,win,I,n,84,2,483.60000002384186,281926.39999997616,9076,WL,B,13.0
2,32.25,learn,27750.0,Tue Jul 07 2026 16:00:26 GMT-0400 (Eastern Daylight Time),282976.60000002384,A,wind,I,d,552,2,1050.2000000476837,281926.39999997616,9076,WL,B,13.0
2,32.382999897003174,learn,27617.000102996826,Tue Jul 07 2026 16:00:26 GMT-0400 (Eastern Daylight Time),283110.0,A,windo,I,o,121,2,1183.6000000238419,281926.39999997616,9076,WL,B,13.0
2,32.59999990463257,learn,27400.00009536743,Tue Jul 07 2026 16:00:26 GMT-0400 (Eastern Daylight Time),283326.60000002384,A,window,I,w,188,2,1400.2000000476837,281926.39999997616,9076,WL,B,13.0
2,33.51600003242493,learn,26483.999967575073,Tue Jul 07 2026 16:00:26 GMT-0400 (Eastern Daylight Time),284242.89999997616,A,windowenter,I,enter,899,2,2316.5,281926.39999997616,9076,WL,B,13.0
2,35.93299984931946,learn,24067.000150680542,Tue Jul 07 2026 16:00:26 GMT-0400 (Eastern Daylight Time),286659.7999999523,A,f,I,f,2403,2,2416.5,284243.2999999523,9076,WL,B,14.0
2,36.83299994468689,learn,23167.00005531311,Tue Jul 07 2026 16:00:26 GMT-0400 (Eastern Daylight Time),287560.0,A,fi,I,i,877,2,3316.7000000476837,284243.2999999523,9076,WL,B,14.0
2,37.14999985694885,learn,22850.000143051147,Tue Jul 07 2026 16:00:26 GMT-0400 (Eastern Daylight Time),287876.5,A,fir,I,r,289,2,3633.2000000476837,284243.2999999523,9076,WL,B,14.0
2,37.83299994468689,learn,22167.00005531311,Tue Jul 07 2026 16:00:26 GMT-0400 (Eastern Daylight Time),288560.0,A,fire,I,e,661,2,4316.700000047684,284243.2999999523,9076,WL,B,14.0
2,39.16599988937378,learn,20834.00011062622,Tue Jul 07 2026 16:00:26 GMT-0400 (Eastern Daylight Time),289892.89999997616,A,fireenter,I,enter,1307,2,5649.600000023842,284243.2999999523,9076,WL,B,14.0
2,43.11699986457825,learn,16883.000135421753,Tue Jul 07 2026 16:00:26 GMT-0400 (Eastern Daylight Time),293843.2999999523,A,a,I,a,3929,2,3950.0,289893.2999999523,9076,WL,B,15.0
2,43.382999897003174,learn,16617.000102996826,Tue Jul 07 2026 16:00:26 GMT-0400 (Eastern Daylight Time),294110.0,A,ar,I,r,239,2,4216.700000047684,289893.2999999523,9076,WL,B,15.0
2,44.23299980163574,learn,15767.000198364258,Tue Jul 07 2026 16:00:26 GMT-0400 (Eastern Daylight Time),294959.89999997616,A,arm,I,m,836,2,5066.600000023842,289893.2999999523,9076,WL,B,15.0
2,44.96599984169006,learn,15034.000158309937,Tue Jul 07 2026 16:00:26 GMT-0400 (Eastern Daylight Time),295692.89999997616,A,armenter,I,enter,713,2,5799.600000023842,289893.2999999523,9076,WL,B,15.0
3,1.0169999599456787,learn,58983.00004005432,Tue Jul 07 2026 16:00:26 GMT-0400 (Eastern Daylight Time),364543.2999999523,A,l,I,l,999,2,1016.0,363527.2999999523,9076,WL,B,1.0
3,1.3329999446868896,learn,58667.00005531311,Tue Jul 07 2026 16:00:26 GMT-0400 (Eastern Daylight Time),364859.7999999523,A,la,I,a,300,2,1332.5,363527.2999999523,9076,WL,B,1.0
3,1.4660000801086426,learn,58533.99991989136,Tue Jul 07 2026 16:00:26 GMT-0400 (Eastern Daylight Time),364993.0,A,lai,I,i,122,2,1465.7000000476837,363527.2999999523,9076,WL,B,1.0
3,1.8499999046325684,learn,58150.00009536743,Tue Jul 07 2026 16:00:26 GMT-0400 (Eastern Daylight Time),365376.39999997616,A,laik,I,k,371,2,1849.1000000238419,363527.2999999523,9076,WL,B,1.0
3,2.316999912261963,learn,57683.00008773804,Tue Jul 07 2026 16:00:26 GMT-0400 (Eastern Daylight Time),365843.2000000477,A,lai,I,backspace,442,2,2315.9000000953674,363527.2999999523,9076,WL,B,1.0
3,2.450000047683716,learn,57549.999952316284,Tue Jul 07 2026 16:00:26 GMT-0400 (Eastern Daylight Time),365976.5,A,la,I,backspace,111,2,2449.2000000476837,363527.2999999523,9076,WL,B,1.0
3,2.799999952316284,learn,57200.000047683716,Tue Jul 07 2026 16:00:26 GMT-0400 (Eastern Daylight Time),366326.39999997616,A,lak,I,k,329,2,2799.100000023842,363527.2999999523,9076,WL,B,1.0
3,2.950000047683716,learn,57049.999952316284,Tue Jul 07 2026 16:00:26 GMT-0400 (Eastern Daylight Time),366476.39999997616,A,lake,I,e,123,2,2949.100000023842,363527.2999999523,9076,WL,B,1.0
3,3.365999937057495,learn,56634.000062942505,Tue Jul 07 2026 16:00:26 GMT-0400 (Eastern Daylight Time),366892.7000000477,A,lakeenter,I,enter,389,2,3365.4000000953674,363527.2999999523,9076,WL,B,1.0
3,3.7829999923706055,learn,56217.000007629395,Tue Jul 07 2026 16:00:26 GMT-0400 (Eastern Daylight Time),367309.7999999523,A,p,I,p,401,2,416.6999999284744,366893.10000002384,9076,WL,B,2.0
3,4.016000032424927,learn,55983.99996757507,Tue Jul 07 2026 16:00:26 GMT-0400 (Eastern Daylight Time),367543.0,A,pi,I,i,219,2,649.8999999761581,366893.10000002384,9076,WL,B,2.0
3,4.382999897003174,learn,55617.000102996826,Tue Jul 07 2026 16:00:26 GMT-0400 (Eastern Daylight Time),367909.7999999523,A,pip,I,p,355,2,1016.6999999284744,366893.10000002384,9076,WL,B,2.0
3,4.632999897003174,learn,55367.000102996826,Tue Jul 07 2026 16:00:26 GMT-0400 (Eastern Daylight Time),368159.7999999523,A,pipe,I,e,236,2,1266.6999999284744,366893.10000002384,9076,WL,B,2.0
3,4.865999937057495,learn,55134.000062942505,Tue Jul 07 2026 16:00:26 GMT-0400 (Eastern Daylight Time),368392.7000000477,A,pipeenter,I,enter,217,2,1499.6000000238419,366893.10000002384,9076,WL,B,2.0
3,5.165999889373779,learn,54834.00011062622,Tue Jul 07 2026 16:00:26 GMT-0400 (Eastern Daylight Time),368693.0,A,c,I,c,277,2,300.0,368393.0,9076,WL,B,3.0
3,5.299999952316284,learn,54700.000047683716,Tue Jul 07 2026 16:00:26 GMT-0400 (Eastern Daylight Time),368826.5,A,cl,I,l,116,2,433.5,368393.0,9076,WL,B,3.0
3,5.5,learn,54500.0,Tue Jul 07 2026 16:00:26 GMT-0400 (Eastern Daylight Time),369026.39999997616,A,clo,I,o,165,2,633.3999999761581,368393.0,9076,WL,B,3.0
3,6.516000032424927,learn,53483.99996757507,Tue Jul 07 2026 16:00:26 GMT-0400 (Eastern Daylight Time),370043.10000002384,A,cloc,I,c,994,2,1650.1000000238419,368393.0,9076,WL,B,3.0
3,6.700000047683716,learn,53299.999952316284,Tue Jul 07 2026 16:00:26 GMT-0400 (Eastern Daylight Time),370226.39999997616,A,clock,I,k,169,2,1833.3999999761581,368393.0,9076,WL,B,3.0
3,7.648999929428101,learn,52351.0000705719,Tue Jul 07 2026 16:00:26 GMT-0400 (Eastern Daylight Time),371176.10000002384,A,clockenter,I,enter,929,2,2783.100000023842,368393.0,9076,WL,B,3.0
3,9.349999904632568,learn,50650.00009536743,Tue Jul 07 2026 16:00:26 GMT-0400 (Eastern Daylight Time),372876.2999999523,A,s,I,s,1678,2,1699.7999999523163,371176.5,9076,WL,B,4.0
3,9.549999952316284,learn,50450.000047683716,Tue Jul 07 2026 16:00:26 GMT-0400 (Eastern Daylight Time),373076.5,A,st,I,t,174,2,1900.0,371176.5,9076,WL,B,4.0
3,9.782999992370605,learn,50217.000007629395,Tue Jul 07 2026 16:00:26 GMT-0400 (Eastern Daylight Time),373309.89999997616,A,str,I,r,223,2,2133.399999976158,371176.5,9076,WL,B,4.0
3,10.0,learn,50000.0,Tue Jul 07 2026 16:00:26 GMT-0400 (Eastern Daylight Time),373526.39999997616,A,stre,I,e,196,2,2349.899999976158,371176.5,9076,WL,B,4.0
3,10.200000047683716,learn,49799.999952316284,Tue Jul 07 2026 16:00:26 GMT-0400 (Eastern Daylight Time),373726.5,A,stree,I,e,180,2,2550.0,371176.5,9076,WL,B,4.0
3,10.33299994468689,learn,49667.00005531311,Tue Jul 07 2026 16:00:26 GMT-0400 (Eastern Daylight Time),373859.7999999523,A,street,I,t,116,2,2683.2999999523163,371176.5,9076,WL,B,4.0
3,10.516000032424927,learn,49483.99996757507,Tue Jul 07 2026 16:00:26 GMT-0400 (Eastern Daylight Time),374042.7000000477,A,streetenter,I,enter,157,2,2866.2000000476837,371176.5,9076,WL,B,4.0
3,10.950000047683716,learn,49049.999952316284,Tue Jul 07 2026 16:00:26 GMT-0400 (Eastern Daylight Time),374476.39999997616,A,g,I,g,411,2,433.2999999523163,374043.10000002384,9076,WL,B,5.0
3,11.198999881744385,learn,48801.000118255615,Tue Jul 07 2026 16:00:26 GMT-0400 (Eastern Daylight Time),374726.0,A,gr,I,r,229,2,682.8999999761581,374043.10000002384,9076,WL,B,5.0
3,11.516000032424927,learn,48483.99996757507,Tue Jul 07 2026 16:00:26 GMT-0400 (Eastern Daylight Time),375043.10000002384,A,gra,I,a,293,2,1000.0,374043.10000002384,9076,WL,B,5.0
3,12.0,learn,48000.0,Tue Jul 07 2026 16:00:26 GMT-0400 (Eastern Daylight Time),375526.5,A,gras,I,s,463,2,1483.3999999761581,374043.10000002384,9076,WL,B,5.0
3,12.882999897003174,learn,47117.000102996826,Tue Jul 07 2026 16:00:26 GMT-0400 (Eastern Daylight Time),376409.7000000477,A,grass,I,s,859,2,2366.600000023842,374043.10000002384,9076,WL,B,5.0
3,14.766000032424927,learn,45233.99996757507,Tue Jul 07 2026 16:00:26 GMT-0400 (Eastern Daylight Time),378292.7000000477,A,grassenter,I,enter,1864,2,4249.600000023842,374043.10000002384,9076,WL,B,5.0
3,15.08299994468689,learn,44917.00005531311,Tue Jul 07 2026 16:00:26 GMT-0400 (Eastern Daylight Time),378609.89999997616,A,w,I,w,297,2,316.89999997615814,378293.0,9076,WL,B,6.0
3,15.216000080108643,learn,44783.99991989136,Tue Jul 07 2026 16:00:26 GMT-0400 (Eastern Daylight Time),378742.89999997616,A,wi,I,i,120,2,449.89999997615814,378293.0,9076,WL,B,6.0
3,15.349999904632568,learn,44650.00009536743,Tue Jul 07 2026 16:00:26 GMT-0400 (Eastern Daylight Time),378876.2999999523,A,win,I,n,107,2,583.2999999523163,378293.0,9076,WL,B,6.0
3,15.549999952316284,learn,44450.000047683716,Tue Jul 07 2026 16:00:26 GMT-0400 (Eastern Daylight Time),379076.39999997616,A,wind,I,d,173,2,783.3999999761581,378293.0,9076,WL,B,6.0
3,15.91599988937378,learn,44084.00011062622,Tue Jul 07 2026 16:00:26 GMT-0400 (Eastern Daylight Time),379443.10000002384,A,windo,I,o,351,2,1150.1000000238419,378293.0,9076,WL,B,6.0
3,17.149999856948853,learn,42850.00014305115,Tue Jul 07 2026 16:00:26 GMT-0400 (Eastern Daylight Time),380676.5,A,wind,I,backspace,1215,2,2383.5,378293.0,9076,WL,B,6.0
3,17.33299994468689,learn,42667.00005531311,Tue Jul 07 2026 16:00:26 GMT-0400 (Eastern Daylight Time),380859.7000000477,A,win,I,backspace,158,2,2566.7000000476837,378293.0,9076,WL,B,6.0
3,17.48300004005432,learn,42516.99995994568,Tue Jul 07 2026 16:00:26 GMT-0400 (Eastern Daylight Time),381009.7999999523,A,wi,I,backspace,127,2,2716.7999999523163,378293.0,9076,WL,B,6.0
3,18.06599998474121,learn,41934.00001525879,Tue Jul 07 2026 16:00:26 GMT-0400 (Eastern Daylight Time),381593.0,A,w,I,backspace,560,2,3300.0,378293.0,9076,WL,B,6.0
3,18.450000047683716,learn,41549.999952316284,Tue Jul 07 2026 16:00:26 GMT-0400 (Eastern Daylight Time),381976.5,A,,I,backspace,361,2,3683.5,378293.0,9076,WL,B,6.0
3,19.516000032424927,learn,40483.99996757507,Tue Jul 07 2026 16:00:26 GMT-0400 (Eastern Daylight Time),383043.10000002384,A,c,I,c,1044,2,4750.100000023842,378293.0,9076,WL,B,6.0
3,19.66599988937378,learn,40334.00011062622,Tue Jul 07 2026 16:00:26 GMT-0400 (Eastern Daylight Time),383193.0,A,ci,I,i,130,2,4900.0,378293.0,9076,WL,B,6.0
3,19.81599998474121,learn,40184.00001525879,Tue Jul 07 2026 16:00:26 GMT-0400 (Eastern Daylight Time),383343.0,A,cit,I,t,128,2,5050.0,378293.0,9076,WL,B,6.0
3,19.98300004005432,learn,40016.99995994568,Tue Jul 07 2026 16:00:26 GMT-0400 (Eastern Daylight Time),383510.0,A,city,I,y,155,2,5217.0,378293.0,9076,WL,B,6.0
3,20.6489999294281,learn,39351.0000705719,Tue Jul 07 2026 16:00:26 GMT-0400 (Eastern Daylight Time),384176.0,A,cityenter,I,enter,651,2,5883.0,378293.0,9076,WL,B,6.0
3,21.466000080108643,learn,38533.99991989136,Tue Jul 07 2026 16:00:26 GMT-0400 (Eastern Daylight Time),384993.10000002384,A,w,I,w,806,2,816.7000000476837,384176.39999997616,9076,WL,B,7.0
3,21.58299994468689,learn,38417.00005531311,Tue Jul 07 2026 16:00:26 GMT-0400 (Eastern Daylight Time),385109.7999999523,A,wi,I,i,107,2,933.3999999761581,384176.39999997616,9076,WL,B,7.0
3,21.865999937057495,learn,38134.000062942505,Tue Jul 07 2026 16:00:26 GMT-0400 (Eastern Daylight Time),385393.10000002384,A,wif,I,f,261,2,1216.7000000476837,384176.39999997616,9076,WL,B,7.0
3,22.182999849319458,learn,37817.00015068054,Tue Jul 07 2026 16:00:26 GMT-0400 (Eastern Daylight Time),385709.7999999523,A,wife,I,e,297,2,1533.3999999761581,384176.39999997616,9076,WL,B,7.0
3,22.382999897003174,learn,37617.000102996826,Tue Jul 07 2026 16:00:26 GMT-0400 (Eastern Daylight Time),385909.39999997616,A,wifeenter,I,enter,171,2,1733.0,384176.39999997616,9076,WL,B,7.0
3,22.58299994468689,learn,37417.00005531311,Tue Jul 07 2026 16:00:26 GMT-0400 (Eastern Daylight Time),386109.7999999523,A,w,I,w,193,2,200.09999990463257,385909.7000000477,9076,WL,B,8.0
3,22.73300004005432,learn,37266.99995994568,Tue Jul 07 2026 16:00:26 GMT-0400 (Eastern Daylight Time),386259.7999999523,A,wi,I,i,131,2,350.09999990463257,385909.7000000477,9076,WL,B,8.0
3,22.84999990463257,learn,37150.00009536743,Tue Jul 07 2026 16:00:26 GMT-0400 (Eastern Daylight Time),386376.39999997616,A,win,I,n,93,2,466.6999999284744,385909.7000000477,9076,WL,B,8.0
3,23.399999856948853,learn,36600.00014305115,Tue Jul 07 2026 16:00:26 GMT-0400 (Eastern Daylight Time),386926.39999997616,A,wind,I,d,520,2,1016.6999999284744,385909.7000000477,9076,WL,B,8.0
3,23.5,learn,36500.0,Tue Jul 07 2026 16:00:26 GMT-0400 (Eastern Daylight Time),387026.39999997616,A,windo,I,o,85,2,1116.6999999284744,385909.7000000477,9076,WL,B,8.0
3,23.716000080108643,learn,36283.99991989136,Tue Jul 07 2026 16:00:26 GMT-0400 (Eastern Daylight Time),387243.0,A,windon,I,n,192,2,1333.2999999523163,385909.7000000477,9076,WL,B,8.0
3,24.365999937057495,learn,35634.000062942505,Tue Jul 07 2026 16:00:26 GMT-0400 (Eastern Daylight Time),387892.7000000477,A,windo,I,backspace,622,2,1983.0,385909.7000000477,9076,WL,B,8.0
3,24.516000032424927,learn,35483.99996757507,Tue Jul 07 2026 16:00:26 GMT-0400 (Eastern Daylight Time),388043.10000002384,A,window,I,w,134,2,2133.399999976158,385909.7000000477,9076,WL,B,8.0
3,25.098999977111816,learn,34901.00002288818,Tue Jul 07 2026 16:00:26 GMT-0400 (Eastern Daylight Time),388625.89999997616,A,windowenter,I,enter,550,2,2716.1999999284744,385909.7000000477,9076,WL,B,8.0
3,27.34999990463257,learn,32650.00009536743,Tue Jul 07 2026 16:00:26 GMT-0400 (Eastern Daylight Time),390876.2999999523,A,l,I,l,2236,2,2249.899999976158,388626.39999997616,9076,WL,B,9.0
3,27.48300004005432,learn,32516.99995994568,Tue Jul 07 2026 16:00:26 GMT-0400 (Eastern Daylight Time),391009.7000000477,A,la,I,a,112,2,2383.3000000715256,388626.39999997616,9076,WL,B,9.0
3,27.682999849319458,learn,32317.000150680542,Tue Jul 07 2026 16:00:26 GMT-0400 (Eastern Daylight Time),391209.7999999523,A,lak,I,k,168,2,2583.399999976158,388626.39999997616,9076,WL,B,9.0
3,27.83299994468689,learn,32167.00005531311,Tue Jul 07 2026 16:00:26 GMT-0400 (Eastern Daylight Time),391359.7000000477,A,lake,I,e,136,2,2733.3000000715256,388626.39999997616,9076,WL,B,9.0
3,28.182999849319458,learn,31817.000150680542,Tue Jul 07 2026 16:00:26 GMT-0400 (Eastern Daylight Time),391709.39999997616,A,lakeenter,I,enter,323,2,3083.0,388626.39999997616,9076,WL,B,9.0
3,29.66599988937378,learn,30334.00011062622,Tue Jul 07 2026 16:00:26 GMT-0400 (Eastern Daylight Time),393193.10000002384,A,p,I,p,1465,2,1483.3999999761581,391709.7000000477,9076,WL,B,10.0
3,30.33299994468689,learn,29667.00005531311,Tue Jul 07 2026 16:00:26 GMT-0400 (Eastern Daylight Time),393859.7000000477,A,,I,backspace,648,2,2150.0,391709.7000000477,9076,WL,B,10.0
3,32.08299994468689,learn,27917.00005531311,Tue Jul 07 2026 16:00:26 GMT-0400 (Eastern Daylight Time),395609.7000000477,A,c,I,c,1735,2,3900.0,391709.7000000477,9076,WL,B,10.0
3,32.33299994468689,learn,27667.00005531311,Tue Jul 07 2026 16:00:26 GMT-0400 (Eastern Daylight Time),395859.89999997616,A,ca,I,a,224,2,4150.199999928474,391709.7000000477,9076,WL,B,10.0
3,32.58299994468689,learn,27417.00005531311,Tue Jul 07 2026 16:00:26 GMT-0400 (Eastern Daylight Time),396109.7999999523,A,cab,I,b,237,2,4400.099999904633,391709.7000000477,9076,WL,B,10.0
3,32.68299984931946,learn,27317.000150680542,Tue Jul 07 2026 16:00:26 GMT-0400 (Eastern Daylight Time),396209.7000000477,A,cabi,I,i,76,2,4500.0,391709.7000000477,9076,WL,B,10.0
3,32.782999992370605,learn,27217.000007629395,Tue Jul 07 2026 16:00:26 GMT-0400 (Eastern Daylight Time),396309.7999999523,A,cabin,I,n,89,2,4600.099999904633,391709.7000000477,9076,WL,B,10.0
3,33.31599998474121,learn,26684.00001525879,Tue Jul 07 2026 16:00:26 GMT-0400 (Eastern Daylight Time),396842.7000000477,A,cabinenter,I,enter,509,2,5133.0,391709.7000000477,9076,WL,B,10.0
3,39.14999985694885,learn,20850.000143051147,Tue Jul 07 2026 16:00:26 GMT-0400 (Eastern Daylight Time),402676.39999997616,A,w,I,w,5819,2,5833.5,396842.89999997616,9076,WL,B,11.0
3,39.299999952316284,learn,20700.000047683716,Tue Jul 07 2026 16:00:26 GMT-0400 (Eastern Daylight Time),402826.39999997616,A,wi,I,i,125,2,5983.5,396842.89999997616,9076,WL,B,11.0
3,39.450000047683716,learn,20549.999952316284,Tue Jul 07 2026 16:00:26 GMT-0400 (Eastern Daylight Time),402976.39999997616,A,win,I,n,130,2,6133.5,396842.89999997616,9076,WL,B,11.0
3,39.59999990463257,learn,20400.00009536743,Tue Jul 07 2026 16:00:26 GMT-0400 (Eastern Daylight Time),403126.2999999523,A,wind,I,d,131,2,6283.399999976158,396842.89999997616,9076,WL,B,11.0
3,40.18299984931946,learn,19817.000150680542,Tue Jul 07 2026 16:00:26 GMT-0400 (Eastern Daylight Time),403709.7999999523,A,windo,I,o,548,2,6866.899999976158,396842.89999997616,9076,WL,B,11.0
3,40.48300004005432,learn,19516.99995994568,Tue Jul 07 2026 16:00:26 GMT-0400 (Eastern Daylight Time),404009.7000000477,A,window,I,w,284,2,7166.800000071526,396842.89999997616,9076,WL,B,11.0
3,41.23300004005432,learn,18766.99995994568,Tue Jul 07 2026 16:00:26 GMT-0400 (Eastern Daylight Time),404759.2999999523,A,windowenter,I,enter,727,2,7916.399999976158,396842.89999997616,9076,WL,B,11.0
3,44.032999992370605,learn,15967.000007629395,Tue Jul 07 2026 16:00:26 GMT-0400 (Eastern Daylight Time),407559.60000002384,A,g,I,g,2792,2,2800.0,404759.60000002384,9076,WL,B,12.0
3,44.299999952316284,learn,15700.000047683716,Tue Jul 07 2026 16:00:26 GMT-0400 (Eastern Daylight Time),407826.39999997616,A,gr,I,r,242,2,3066.7999999523163,404759.60000002384,9076,WL,B,12.0
3,44.549999952316284,learn,15450.000047683716,Tue Jul 07 2026 16:00:26 GMT-0400 (Eastern Daylight Time),408076.39999997616,A,gra,I,a,224,2,3316.7999999523163,404759.60000002384,9076,WL,B,12.0
3,44.950000047683716,learn,15049.999952316284,Tue Jul 07 2026 16:00:26 GMT-0400 (Eastern Daylight Time),408476.2999999523,A,gras,I,s,382,2,3716.6999999284744,404759.60000002384,9076,WL,B,12.0
3,45.115999937057495,learn,14884.000062942505,Tue Jul 07 2026 16:00:26 GMT-0400 (Eastern Daylight Time),408643.0,A,grass,I,s,151,2,3883.399999976158,404759.60000002384,9076,WL,B,12.0
3,45.96600008010864,learn,14033.999919891357,Tue Jul 07 2026 16:00:26 GMT-0400 (Eastern Daylight Time),409492.7000000477,A,grassenter,I,enter,823,2,4733.100000023842,404759.60000002384,9076,WL,B,12.0
3,46.41599988937378,learn,13584.00011062622,Tue Jul 07 2026 16:00:26 GMT-0400 (Eastern Daylight Time),409943.10000002384,A,a,I,a,433,2,450.2000000476837,409492.89999997616,9076,WL,B,13.0
3,46.59999990463257,learn,13400.000095367432,Tue Jul 07 2026 16:00:26 GMT-0400 (Eastern Daylight Time),410126.39999997616,A,ar,I,r,164,2,633.5,409492.89999997616,9076,WL,B,13.0
3,46.75,learn,13250.0,Tue Jul 07 2026 16:00:26 GMT-0400 (Eastern Daylight Time),410276.2999999523,A,are,I,e,114,2,783.3999999761581,409492.89999997616,9076,WL,B,13.0
3,47.51600003242493,learn,12483.999967575073,Tue Jul 07 2026 16:00:26 GMT-0400 (Eastern Daylight Time),411043.10000002384,A,ar,I,backspace,748,2,1550.2000000476837,409492.89999997616,9076,WL,B,13.0
3,48.23300004005432,learn,11766.999959945679,Tue Jul 07 2026 16:00:26 GMT-0400 (Eastern Daylight Time),411759.7999999523,A,arm,I,m,702,2,2266.899999976158,409492.89999997616,9076,WL,B,13.0
3,48.698999881744385,learn,11301.000118255615,Tue Jul 07 2026 16:00:26 GMT-0400 (Eastern Daylight Time),412225.89999997616,A,armenter,I,enter,444,2,2733.0,409492.89999997616,9076,WL,B,13.0
3,49.032999992370605,learn,10967.000007629395,Tue Jul 07 2026 16:00:26 GMT-0400 (Eastern Daylight Time),412559.7999999523,A,s,I,s,316,2,333.5,412226.2999999523,9076,WL,B,14.0
3,49.615999937057495,learn,10384.000062942505,Tue Jul 07 2026 16:00:26 GMT-0400 (Eastern Daylight Time),413143.10000002384,A,sk,I,k,562,2,916.8000000715256,412226.2999999523,9076,WL,B,14.0
3,49.865999937057495,learn,10134.000062942505,Tue Jul 07 2026 16:00:26 GMT-0400 (Eastern Daylight Time),413393.0,A,ski,I,i,234,2,1166.7000000476837,412226.2999999523,9076,WL,B,14.0
3,50.08299994468689,learn,9917.00005531311,Tue Jul 07 2026 16:00:26 GMT-0400 (Eastern Daylight Time),413609.7000000477,A,skil,I,l,193,2,1383.4000000953674,412226.2999999523,9076,WL,B,14.0
3,50.56599998474121,learn,9434.000015258789,Tue Jul 07 2026 16:00:26 GMT-0400 (Eastern Daylight Time),414093.10000002384,A,ski,I,backspace,456,2,1866.8000000715256,412226.2999999523,9076,WL,B,14.0
3,51.84999990463257,learn,8150.000095367432,Tue Jul 07 2026 16:00:26 GMT-0400 (Eastern Daylight Time),415376.39999997616,A,skin,I,n,1260,2,3150.100000023842,412226.2999999523,9076,WL,B,14.0
3,52.33299994468689,learn,7667.00005531311,Tue Jul 07 2026 16:00:26 GMT-0400 (Eastern Daylight Time),415859.2999999523,A,skinenter,I,enter,465,2,3633.0,412226.2999999523,9076,WL,B,14.0
3,60.01699995994568,learn,-16.99995994567871,Tue Jul 07 2026 16:00:26 GMT-0400 (Eastern Daylight Time),423543.2000000477,A,None,I,None,7676,2,7683.600000023842,415859.60000002384,9076,WL,B,15.0
4,0.4330000877380371,learn,59566.99991226196,Tue Jul 07 2026 16:00:26 GMT-0400 (Eastern Daylight Time),490325.89999997616,A,l,I,l,423,2,432.60000002384186,489893.2999999523,9076,WL,B,1.0
4,1.0,learn,59000.0,Tue Jul 07 2026 16:00:26 GMT-0400 (Eastern Daylight Time),490892.7999999523,A,la,I,a,539,2,999.5,489893.2999999523,9076,WL,B,1.0
4,1.1170001029968262,learn,58882.999897003174,Tue Jul 07 2026 16:00:26 GMT-0400 (Eastern Daylight Time),491009.5,A,lak,I,k,92,2,1116.2000000476837,489893.2999999523,9076,WL,B,1.0
4,1.2669999599456787,learn,58733.00004005432,Tue Jul 07 2026 16:00:26 GMT-0400 (Eastern Daylight Time),491159.39999997616,A,lake,I,e,137,2,1266.1000000238419,489893.2999999523,9076,WL,B,1.0
4,1.8329999446868896,learn,58167.00005531311,Tue Jul 07 2026 16:00:26 GMT-0400 (Eastern Daylight Time),491725.60000002384,A,lakeenter,I,enter,553,2,1832.3000000715256,489893.2999999523,9076,WL,B,1.0
4,2.2170000076293945,learn,57782.999992370605,Tue Jul 07 2026 16:00:26 GMT-0400 (Eastern Daylight Time),492109.5,A,f,I,f,360,2,383.60000002384186,491725.89999997616,9076,WL,B,2.0
4,3.0169999599456787,learn,56983.00004005432,Tue Jul 07 2026 16:00:26 GMT-0400 (Eastern Daylight Time),492909.5,A,fi,I,i,771,2,1183.6000000238419,491725.89999997616,9076,WL,B,2.0
4,3.1500000953674316,learn,56849.99990463257,Tue Jul 07 2026 16:00:26 GMT-0400 (Eastern Daylight Time),493042.7999999523,A,fir,I,r,108,2,1316.8999999761581,491725.89999997616,9076,WL,B,2.0
4,3.299999952316284,learn,56700.000047683716,Tue Jul 07 2026 16:00:26 GMT-0400 (Eastern Daylight Time),493192.7999999523,A,fire,I,e,127,2,1466.8999999761581,491725.89999997616,9076,WL,B,2.0
4,3.7330000400543213,learn,56266.99995994568,Tue Jul 07 2026 16:00:26 GMT-0400 (Eastern Daylight Time),493625.7999999523,A,fireenter,I,enter,408,2,1899.8999999761581,491725.89999997616,9076,WL,B,2.0
4,4.0329999923706055,learn,55967.000007629395,Tue Jul 07 2026 16:00:26 GMT-0400 (Eastern Daylight Time),493925.60000002384,A,c,I,c,292,2,299.5,493626.10000002384,9076,WL,B,3.0
4,4.16700005531311,learn,55832.99994468689,Tue Jul 07 2026 16:00:26 GMT-0400 (Eastern Daylight Time),494059.2999999523,A,cl,I,l,121,2,433.1999999284744,493626.10000002384,9076,WL,B,3.0
4,4.367000102996826,learn,55632.999897003174,Tue Jul 07 2026 16:00:26 GMT-0400 (Eastern Daylight Time),494259.60000002384,A,clo,I,o,174,2,633.5,493626.10000002384,9076,WL,B,3.0
4,4.766999959945679,learn,55233.00004005432,Tue Jul 07 2026 16:00:26 GMT-0400 (Eastern Daylight Time),494659.5,A,cloc,I,c,383,2,1033.3999999761581,493626.10000002384,9076,WL,B,3.0
4,4.900000095367432,learn,55099.99990463257,Tue Jul 07 2026 16:00:26 GMT-0400 (Eastern Daylight Time),494792.7999999523,A,clock,I,k,111,2,1166.6999999284744,493626.10000002384,9076,WL,B,3.0
4,5.417999982833862,learn,54582.00001716614,Tue Jul 07 2026 16:00:26 GMT-0400 (Eastern Daylight Time),495310.10000002384,A,clockenter,I,enter,504,2,1684.0,493626.10000002384,9076,WL,B,3.0
4,5.75,learn,54250.0,Tue Jul 07 2026 16:00:26 GMT-0400 (Eastern Daylight Time),495642.89999997616,A,s,I,s,320,2,332.39999997615814,495310.5,9076,WL,B,4.0
4,5.83299994468689,learn,54167.00005531311,Tue Jul 07 2026 16:00:26 GMT-0400 (Eastern Daylight Time),495725.7000000477,A,sk,I,k,71,2,415.2000000476837,495310.5,9076,WL,B,4.0
4,6.049999952316284,learn,53950.000047683716,Tue Jul 07 2026 16:00:26 GMT-0400 (Eastern Daylight Time),495942.89999997616,A,ski,I,i,188,2,632.3999999761581,495310.5,9076,WL,B,4.0
4,6.450000047683716,learn,53549.999952316284,Tue Jul 07 2026 16:00:26 GMT-0400 (Eastern Daylight Time),496342.7000000477,A,skin,I,n,386,2,1032.2000000476837,495310.5,9076,WL,B,4.0
4,7.0,learn,53000.0,Tue Jul 07 2026 16:00:26 GMT-0400 (Eastern Daylight Time),496892.60000002384,A,skinenter,I,enter,538,2,1582.1000000238419,495310.5,9076,WL,B,4.0
4,12.033999919891357,learn,47966.00008010864,Tue Jul 07 2026 16:00:26 GMT-0400 (Eastern Daylight Time),501926.2000000477,A,c,I,c,5011,2,5033.200000047684,496893.0,9076,WL,B,5.0
4,12.117000102996826,learn,47882.999897003174,Tue Jul 07 2026 16:00:26 GMT-0400 (Eastern Daylight Time),502009.39999997616,A,ci,I,i,69,2,5116.399999976158,496893.0,9076,WL,B,5.0
4,12.316999912261963,learn,47683.00008773804,Tue Jul 07 2026 16:00:26 GMT-0400 (Eastern Daylight Time),502209.5,A,cit,I,t,178,2,5316.5,496893.0,9076,WL,B,5.0
4,12.434000015258789,learn,47565.99998474121,Tue Jul 07 2026 16:00:26 GMT-0400 (Eastern Daylight Time),502326.2000000477,A,city,I,y,89,2,5433.200000047684,496893.0,9076,WL,B,5.0
4,13.216000080108643,learn,46783.99991989136,Tue Jul 07 2026 16:00:26 GMT-0400 (Eastern Daylight Time),503109.0,A,cityenter,I,enter,746,2,6216.0,496893.0,9076,WL,B,5.0
4,13.66700005531311,learn,46332.99994468689,Tue Jul 07 2026 16:00:26 GMT-0400 (Eastern Daylight Time),503559.39999997616,A,a,I,a,441,2,450.10000002384186,503109.2999999523,9076,WL,B,6.0
4,13.83299994468689,learn,46167.00005531311,Tue Jul 07 2026 16:00:26 GMT-0400 (Eastern Daylight Time),503725.89999997616,A,ar,I,r,154,2,616.6000000238419,503109.2999999523,9076,WL,B,6.0
4,14.032999992370605,learn,45967.000007629395,Tue Jul 07 2026 16:00:26 GMT-0400 (Eastern Daylight Time),503925.89999997616,A,are,I,e,180,2,816.6000000238419,503109.2999999523,9076,WL,B,6.0
4,14.634000062942505,learn,45365.999937057495,Tue Jul 07 2026 16:00:26 GMT-0400 (Eastern Daylight Time),504526.2000000477,A,ar,I,backspace,572,2,1416.9000000953674,503109.2999999523,9076,WL,B,6.0
4,14.91700005531311,learn,45082.99994468689,Tue Jul 07 2026 16:00:26 GMT-0400 (Eastern Daylight Time),504809.39999997616,A,arm,I,m,268,2,1700.1000000238419,503109.2999999523,9076,WL,B,6.0
4,15.200000047683716,learn,44799.999952316284,Tue Jul 07 2026 16:00:26 GMT-0400 (Eastern Daylight Time),505092.39999997616,A,armenter,I,enter,265,2,1983.1000000238419,503109.2999999523,9076,WL,B,6.0
4,15.5,learn,44500.0,Tue Jul 07 2026 16:00:26 GMT-0400 (Eastern Daylight Time),505392.7999999523,A,w,I,w,282,2,300.0,505092.7999999523,9076,WL,B,7.0
4,16.01699995994568,learn,43983.00004005432,Tue Jul 07 2026 16:00:26 GMT-0400 (Eastern Daylight Time),505909.5,A,wi,I,i,496,2,816.7000000476837,505092.7999999523,9076,WL,B,7.0
4,16.200000047683716,learn,43799.999952316284,Tue Jul 07 2026 16:00:26 GMT-0400 (Eastern Daylight Time),506092.7999999523,A,wif,I,f,156,2,1000.0,505092.7999999523,9076,WL,B,7.0
4,16.433000087738037,learn,43566.99991226196,Tue Jul 07 2026 16:00:26 GMT-0400 (Eastern Daylight Time),506325.7999999523,A,wife,I,e,222,2,1233.0,505092.7999999523,9076,WL,B,7.0
4,16.716000080108643,learn,43283.99991989136,Tue Jul 07 2026 16:00:26 GMT-0400 (Eastern Daylight Time),506609.0,A,wifeenter,I,enter,260,2,1516.2000000476837,505092.7999999523,9076,WL,B,7.0
4,17.26699995994568,learn,42733.00004005432,Tue Jul 07 2026 16:00:26 GMT-0400 (Eastern Daylight Time),507159.39999997616,A,w,I,w,541,2,550.0,506609.39999997616,9076,WL,B,8.0
4,17.40000009536743,learn,42599.99990463257,Tue Jul 07 2026 16:00:26 GMT-0400 (Eastern Daylight Time),507292.7999999523,A,wi,I,i,115,2,683.3999999761581,506609.39999997616,9076,WL,B,8.0
4,17.51699995994568,learn,42483.00004005432,Tue Jul 07 2026 16:00:26 GMT-0400 (Eastern Daylight Time),507409.60000002384,A,win,I,n,93,2,800.2000000476837,506609.39999997616,9076,WL,B,8.0
4,17.950000047683716,learn,42049.999952316284,Tue Jul 07 2026 16:00:26 GMT-0400 (Eastern Daylight Time),507842.7000000477,A,wind,I,d,408,2,1233.3000000715256,506609.39999997616,9076,WL,B,8.0
4,18.100000143051147,learn,41899.99985694885,Tue Jul 07 2026 16:00:26 GMT-0400 (Eastern Daylight Time),507992.7999999523,A,windo,I,o,129,2,1383.3999999761581,506609.39999997616,9076,WL,B,8.0
4,18.617000102996826,learn,41382.999897003174,Tue Jul 07 2026 16:00:26 GMT-0400 (Eastern Daylight Time),508509.5,A,window,I,w,506,2,1900.1000000238419,506609.39999997616,9076,WL,B,8.0
4,18.883000135421753,learn,41116.99986457825,Tue Jul 07 2026 16:00:26 GMT-0400 (Eastern Daylight Time),508775.7000000477,A,windowenter,I,enter,251,2,2166.3000000715256,506609.39999997616,9076,WL,B,8.0
4,19.25,learn,40750.0,Tue Jul 07 2026 16:00:26 GMT-0400 (Eastern Daylight Time),509142.7000000477,A,p,I,p,359,2,366.7000000476837,508776.0,9076,WL,B,9.0
4,19.467000007629395,learn,40532.999992370605,Tue Jul 07 2026 16:00:26 GMT-0400 (Eastern Daylight Time),509359.39999997616,A,pu,I,u,196,2,583.3999999761581,508776.0,9076,WL,B,9.0
4,19.816999912261963,learn,40183.00008773804,Tue Jul 07 2026 16:00:26 GMT-0400 (Eastern Daylight Time),509709.5,A,pup,I,p,325,2,933.5,508776.0,9076,WL,B,9.0
4,20.316999912261963,learn,39683.00008773804,Tue Jul 07 2026 16:00:26 GMT-0400 (Eastern Daylight Time),510209.39999997616,A,pupi,I,i,484,2,1433.3999999761581,508776.0,9076,WL,B,9.0
4,20.717000007629395,learn,39282.999992370605,Tue Jul 07 2026 16:00:26 GMT-0400 (Eastern Daylight Time),510609.5,A,pupil,I,l,386,2,1833.5,508776.0,9076,WL,B,9.0
4,21.782999992370605,learn,38217.000007629395,Tue Jul 07 2026 16:00:26 GMT-0400 (Eastern Daylight Time),511675.7000000477,A,pupilenter,I,enter,1045,2,2899.7000000476837,508776.0,9076,WL,B,9.0
4,22.16700005531311,learn,37832.99994468689,Tue Jul 07 2026 16:00:26 GMT-0400 (Eastern Daylight Time),512059.5,A,p,I,p,371,2,383.5,511676.0,9076,WL,B,10.0
4,22.433000087738037,learn,37566.99991226196,Tue Jul 07 2026 16:00:26 GMT-0400 (Eastern Daylight Time),512325.89999997616,A,pi,I,i,254,2,649.8999999761581,511676.0,9076,WL,B,10.0
4,22.883000135421753,learn,37116.99986457825,Tue Jul 07 2026 16:00:26 GMT-0400 (Eastern Daylight Time),512776.10000002384,A,pip,I,p,427,2,1100.1000000238419,511676.0,9076,WL,B,10.0
4,23.117000102996826,learn,36882.999897003174,Tue Jul 07 2026 16:00:26 GMT-0400 (Eastern Daylight Time),513009.39999997616,A,pipe,I,e,211,2,1333.3999999761581,511676.0,9076,WL,B,10.0
4,23.716000080108643,learn,36283.99991989136,Tue Jul 07 2026 16:00:26 GMT-0400 (Eastern Daylight Time),513609.0,A,pipeenter,I,enter,568,2,1933.0,511676.0,9076,WL,B,10.0
4,25.01699995994568,learn,34983.00004005432,Tue Jul 07 2026 16:00:26 GMT-0400 (Eastern Daylight Time),514909.5,A,g,I,g,1285,2,1300.1000000238419,513609.39999997616,9076,WL,B,11.0
4,25.299999952316284,learn,34700.000047683716,Tue Jul 07 2026 16:00:26 GMT-0400 (Eastern Daylight Time),515192.7999999523,A,gr,I,r,270,2,1583.3999999761581,513609.39999997616,9076,WL,B,11.0
4,25.532999992370605,learn,34467.000007629395,Tue Jul 07 2026 16:00:26 GMT-0400 (Eastern Daylight Time),515426.10000002384,A,gra,I,a,216,2,1816.7000000476837,513609.39999997616,9076,WL,B,11.0
4,25.933000087738037,learn,34066.99991226196,Tue Jul 07 2026 16:00:26 GMT-0400 (Eastern Daylight Time),515826.10000002384,A,gras,I,s,375,2,2216.7000000476837,513609.39999997616,9076,WL,B,11.0
4,26.100000143051147,learn,33899.99985694885,Tue Jul 07 2026 16:00:26 GMT-0400 (Eastern Daylight Time),515992.7999999523,A,grass,I,s,151,2,2383.399999976158,513609.39999997616,9076,WL,B,11.0
4,26.950000047683716,learn,33049.999952316284,Tue Jul 07 2026 16:00:26 GMT-0400 (Eastern Daylight Time),516842.39999997616,A,grassenter,I,enter,824,2,3233.0,513609.39999997616,9076,WL,B,11.0
4,28.41700005531311,learn,31582.99994468689,Tue Jul 07 2026 16:00:26 GMT-0400 (Eastern Daylight Time),518309.7000000477,A,s,I,s,1460,2,1467.0,516842.7000000477,9076,WL,B,12.0
4,28.549999952316284,learn,31450.000047683716,Tue Jul 07 2026 16:00:26 GMT-0400 (Eastern Daylight Time),518442.89999997616,A,st,I,t,116,2,1600.1999999284744,516842.7000000477,9076,WL,B,12.0
4,29.467000007629395,learn,30532.999992370605,Tue Jul 07 2026 16:00:26 GMT-0400 (Eastern Daylight Time),519359.2999999523,A,str,I,r,895,2,2516.5999999046326,516842.7000000477,9076,WL,B,12.0
4,29.967000007629395,learn,30032.999992370605,Tue Jul 07 2026 16:00:26 GMT-0400 (Eastern Daylight Time),519859.39999997616,A,stre,I,e,483,2,3016.6999999284744,516842.7000000477,9076,WL,B,12.0
4,30.15000009536743,learn,29849.99990463257,Tue Jul 07 2026 16:00:26 GMT-0400 (Eastern Daylight Time),520042.7999999523,A,stree,I,e,167,2,3200.0999999046326,516842.7000000477,9076,WL,B,12.0
4,30.467000007629395,learn,29532.999992370605,Tue Jul 07 2026 16:00:26 GMT-0400 (Eastern Daylight Time),520359.5,A,street,I,t,297,2,3516.7999999523163,516842.7000000477,9076,WL,B,12.0
4,30.81599998474121,learn,29184.00001525879,Tue Jul 07 2026 16:00:26 GMT-0400 (Eastern Daylight Time),520709.0,A,streetenter,I,enter,330,2,3866.2999999523163,516842.7000000477,9076,WL,B,12.0
4,31.08299994468689,learn,28917.00005531311,Tue Jul 07 2026 16:00:26 GMT-0400 (Eastern Daylight Time),520976.10000002384,A,a,I,a,249,2,266.8000000715256,520709.2999999523,9076,WL,B,13.0
4,31.316999912261963,learn,28683.000087738037,Tue Jul 07 2026 16:00:26 GMT-0400 (Eastern Daylight Time),521209.5,A,ar,I,r,206,2,500.2000000476837,520709.2999999523,9076,WL,B,13.0
4,31.467000007629395,learn,28532.999992370605,Tue Jul 07 2026 16:00:26 GMT-0400 (Eastern Daylight Time),521359.39999997616,A,are,I,e,137,2,650.1000000238419,520709.2999999523,9076,WL,B,13.0
4,32.23300004005432,learn,27766.99995994568,Tue Jul 07 2026 16:00:26 GMT-0400 (Eastern Daylight Time),522126.10000002384,A,ar,I,backspace,747,2,1416.8000000715256,520709.2999999523,9076,WL,B,13.0
4,32.549999952316284,learn,27450.000047683716,Tue Jul 07 2026 16:00:26 GMT-0400 (Eastern Daylight Time),522442.89999997616,A,arm,I,m,292,2,1733.6000000238419,520709.2999999523,9076,WL,B,13.0
4,33.049999952316284,learn,26950.000047683716,Tue Jul 07 2026 16:00:26 GMT-0400 (Eastern Daylight Time),522942.2999999523,A,armenter,I,enter,479,2,2233.0,520709.2999999523,9076,WL,B,13.0
4,33.384000062942505,learn,26615.999937057495,Tue Jul 07 2026 16:00:26 GMT-0400 (Eastern Daylight Time),523276.2000000477,A,s,I,s,312,2,333.5,522942.7000000477,9076,WL,B,14.0
4,33.56699991226196,learn,26433.000087738037,Tue Jul 07 2026 16:00:26 GMT-0400 (Eastern Daylight Time),523459.39999997616,A,st,I,t,165,2,516.6999999284744,522942.7000000477,9076,WL,B,14.0
4,33.76699995994568,learn,26233.00004005432,Tue Jul 07 2026 16:00:26 GMT-0400 (Eastern Daylight Time),523659.39999997616,A,sta,I,a,166,2,716.6999999284744,522942.7000000477,9076,WL,B,14.0
4,33.950000047683716,learn,26049.999952316284,Tue Jul 07 2026 16:00:26 GMT-0400 (Eastern Daylight Time),523842.7999999523,A,star,I,r,158,2,900.0999999046326,522942.7000000477,9076,WL,B,14.0
4,34.91600012779236,learn,25083.99987220764,Tue Jul 07 2026 16:00:26 GMT-0400 (Eastern Daylight Time),524808.8999999762,A,starenter,I,enter,949,2,1866.1999999284744,522942.7000000477,9076,WL,B,14.0
4,35.217000007629395,learn,24782.999992370605,Tue Jul 07 2026 16:00:26 GMT-0400 (Eastern Daylight Time),525109.5,A,w,I,w,285,2,300.2000000476837,524809.2999999523,9076,WL,B,15.0
4,35.35000014305115,learn,24649.999856948853,Tue Jul 07 2026 16:00:26 GMT-0400 (Eastern Daylight Time),525242.6000000238,A,wi,I,i,110,2,433.3000000715256,524809.2999999523,9076,WL,B,15.0
4,35.5,learn,24500.0,Tue Jul 07 2026 16:00:26 GMT-0400 (Eastern Daylight Time),525392.7999999523,A,win,I,n,128,2,583.5,524809.2999999523,9076,WL,B,15.0
4,35.950000047683716,learn,24049.999952316284,Tue Jul 07 2026 16:00:26 GMT-0400 (Eastern Daylight Time),525842.5,A,wind,I,d,416,2,1033.2000000476837,524809.2999999523,9076,WL,B,15.0
4,36.08400011062622,learn,23915.99988937378,Tue Jul 07 2026 16:00:26 GMT-0400 (Eastern Daylight Time),525976.1000000238,A,windo,I,o,112,2,1166.8000000715256,524809.2999999523,9076,WL,B,15.0
4,36.31699991226196,learn,23683.000087738037,Tue Jul 07 2026 16:00:26 GMT-0400 (Eastern Daylight Time),526209.3999999762,A,window,I,w,217,2,1400.1000000238419,524809.2999999523,9076,WL,B,15.0
4,36.60000014305115,learn,23399.999856948853,Tue Jul 07 2026 16:00:26 GMT-0400 (Eastern Daylight Time),526492.8999999762,A,windown,I,n,257,2,1683.6000000238419,524809.2999999523,9076,WL,B,15.0
4,37.117000102996826,learn,22882.999897003174,Tue Jul 07 2026 16:00:26 GMT-0400 (Eastern Daylight Time),527009.3999999762,A,window,I,backspace,494,2,2200.100000023842,524809.2999999523,9076,WL,B,15.0
4,40.0,learn,20000.0,Tue Jul 07 2026 16:00:26 GMT-0400 (Eastern Daylight Time),529892.7000000477,A,windowenter,I,enter,2873,2,5083.400000095367,524809.2999999523,9076,WL,B,15.0
5,2.434000015258789,learn,60000.0,Tue Jul 07 2026 16:00:26 GMT-0400 (Eastern Daylight Time),602309.7000000477,A,s,I,s,2407,2,2433.2000000476837,599876.5,9076,WL,B,1.0
5,2.5999999046325684,learn,60000.0,Tue Jul 07 2026 16:00:26 GMT-0400 (Eastern Daylight Time),602475.7999999523,A,st,I,t,147,2,2599.2999999523163,599876.5,9076,WL,B,1.0
5,2.867000102996826,learn,60000.0,Tue Jul 07 2026 16:00:26 GMT-0400 (Eastern Daylight Time),602742.5,A,str,I,r,255,2,2866.0,599876.5,9076,WL,B,1.0
5,3.0999999046325684,learn,60000.0,Tue Jul 07 2026 16:00:26 GMT-0400 (Eastern Daylight Time),602976.0,A,stre,I,e,219,2,3099.5,599876.5,9076,WL,B,1.0
5,3.2669999599456787,learn,60000.0,Tue Jul 07 2026 16:00:26 GMT-0400 (Eastern Daylight Time),603142.5,A,stree,I,e,155,2,3266.0,599876.5,9076,WL,B,1.0
5,3.5169999599456787,learn,60000.0,Tue Jul 07 2026 16:00:26 GMT-0400 (Eastern Daylight Time),603392.6000000238,A,street,I,t,237,2,3516.100000023842,599876.5,9076,WL,B,1.0
5,3.9000000953674316,learn,60000.0,Tue Jul 07 2026 16:00:26 GMT-0400 (Eastern Daylight Time),603775.5,A,streetenter,I,enter,361,2,3899.0,599876.5,9076,WL,B,1.0
5,4.233999967575073,learn,60000.0,Tue Jul 07 2026 16:00:26 GMT-0400 (Eastern Daylight Time),604109.2999999523,A,g,I,g,327,2,333.5,603775.7999999523,9076,WL,B,2.0
5,4.583999872207642,learn,60000.0,Tue Jul 07 2026 16:00:26 GMT-0400 (Eastern Daylight Time),604459.3999999762,A,gr,I,r,325,2,683.6000000238419,603775.7999999523,9076,WL,B,2.0
5,5.483999967575073,learn,60000.0,Tue Jul 07 2026 16:00:26 GMT-0400 (Eastern Daylight Time),605359.2000000477,A,gra,I,a,885,2,1583.4000000953674,603775.7999999523,9076,WL,B,2.0
5,5.816999912261963,learn,60000.0,Tue Jul 07 2026 16:00:26 GMT-0400 (Eastern Daylight Time),605692.7000000477,A,gras,I,s,306,2,1916.9000000953674,603775.7999999523,9076,WL,B,2.0
5,5.983999967575073,learn,60000.0,Tue Jul 07 2026 16:00:26 GMT-0400 (Eastern Daylight Time),605859.2000000477,A,grass,I,s,150,2,2083.4000000953674,603775.7999999523,9076,WL,B,2.0
5,6.933000087738037,learn,60000.0,Tue Jul 07 2026 16:00:26 GMT-0400 (Eastern Daylight Time),606808.7999999523,A,grassenter,I,enter,932,2,3033.0,603775.7999999523,9076,WL,B,2.0
5,7.450000047683716,learn,60000.0,Tue Jul 07 2026 16:00:26 GMT-0400 (Eastern Daylight Time),607326.0,A,s,I,s,501,2,516.8999999761581,606809.1000000238,9076,WL,B,3.0
5,7.599999904632568,learn,60000.0,Tue Jul 07 2026 16:00:26 GMT-0400 (Eastern Daylight Time),607475.8999999762,A,st,I,t,124,2,666.7999999523163,606809.1000000238,9076,WL,B,3.0
5,8.316999912261963,learn,60000.0,Tue Jul 07 2026 16:00:26 GMT-0400 (Eastern Daylight Time),608192.5,A,s,I,backspace,702,2,1383.3999999761581,606809.1000000238,9076,WL,B,3.0
5,8.450000047683716,learn,60000.0,Tue Jul 07 2026 16:00:26 GMT-0400 (Eastern Daylight Time),608325.8999999762,A,,I,backspace,112,2,1516.7999999523163,606809.1000000238,9076,WL,B,3.0
5,8.583999872207642,learn,60000.0,Tue Jul 07 2026 16:00:26 GMT-0400 (Eastern Daylight Time),608459.1000000238,A,,I,backspace,111,2,1650.0,606809.1000000238,9076,WL,B,3.0
5,10.799999952316284,learn,60000.0,Tue Jul 07 2026 16:00:26 GMT-0400 (Eastern Daylight Time),610675.8999999762,A,d,I,d,2192,2,3866.7999999523163,606809.1000000238,9076,WL,B,3.0
5,10.884000062942505,learn,60000.0,Tue Jul 07 2026 16:00:26 GMT-0400 (Eastern Daylight Time),610759.1000000238,A,do,I,o,60,2,3950.0,606809.1000000238,9076,WL,B,3.0
5,11.033999919891357,learn,60000.0,Tue Jul 07 2026 16:00:26 GMT-0400 (Eastern Daylight Time),610909.2999999523,A,doo,I,o,132,2,4100.199999928474,606809.1000000238,9076,WL,B,3.0
5,11.184000015258789,learn,60000.0,Tue Jul 07 2026 16:00:26 GMT-0400 (Eastern Daylight Time),611059.3999999762,A,door,I,r,116,2,4250.299999952316,606809.1000000238,9076,WL,B,3.0
5,11.5,learn,60000.0,Tue Jul 07 2026 16:00:26 GMT-0400 (Eastern Daylight Time),611375.5,A,doorenter,I,enter,285,2,4566.399999976158,606809.1000000238,9076,WL,B,3.0
5,13.016999959945679,learn,60000.0,Tue Jul 07 2026 16:00:26 GMT-0400 (Eastern Daylight Time),612892.6000000238,A,a,I,a,1502,2,1516.8000000715256,611375.7999999523,9076,WL,B,4.0
5,13.217000007629395,learn,60000.0,Tue Jul 07 2026 16:00:26 GMT-0400 (Eastern Daylight Time),613092.6000000238,A,ar,I,r,183,2,1716.8000000715256,611375.7999999523,9076,WL,B,4.0
5,13.83299994468689,learn,60000.0,Tue Jul 07 2026 16:00:26 GMT-0400 (Eastern Daylight Time),613708.8999999762,A,arm,I,m,582,2,2333.100000023842,611375.7999999523,9076,WL,B,4.0
5,14.217000007629395,learn,60000.0,Tue Jul 07 2026 16:00:26 GMT-0400 (Eastern Daylight Time),614092.1000000238,A,armenter,I,enter,360,2,2716.3000000715256,611375.7999999523,9076,WL,B,4.0
5,14.783999919891357,learn,60000.0,Tue Jul 07 2026 16:00:26 GMT-0400 (Eastern Daylight Time),614659.2999999523,A,a,I,a,554,2,566.7999999523163,614092.5,9076,WL,B,5.0
5,15.233999967575073,learn,60000.0,Tue Jul 07 2026 16:00:26 GMT-0400 (Eastern Daylight Time),615109.2999999523,A,,I,backspace,432,2,1016.7999999523163,614092.5,9076,WL,B,5.0
5,15.384000062942505,learn,60000.0,Tue Jul 07 2026 16:00:26 GMT-0400 (Eastern Daylight Time),615259.2999999523,A,s,I,s,136,2,1166.7999999523163,614092.5,9076,WL,B,5.0
5,15.516999959945679,learn,60000.0,Tue Jul 07 2026 16:00:26 GMT-0400 (Eastern Daylight Time),615392.6000000238,A,st,I,t,112,2,1300.1000000238419,614092.5,9076,WL,B,5.0
5,15.934000015258789,learn,60000.0,Tue Jul 07 2026 16:00:26 GMT-0400 (Eastern Daylight Time),615809.2999999523,A,sta,I,a,393,2,1716.7999999523163,614092.5,9076,WL,B,5.0
5,16.15000009536743,learn,60000.0,Tue Jul 07 2026 16:00:26 GMT-0400 (Eastern Daylight Time),616025.8999999762,A,star,I,r,194,2,1933.3999999761581,614092.5,9076,WL,B,5.0
5,16.65000009536743,learn,60000.0,Tue Jul 07 2026 16:00:26 GMT-0400 (Eastern Daylight Time),616525.5,A,starenter,I,enter,469,2,2433.0,614092.5,9076,WL,B,5.0
5,17.08399987220764,learn,60000.0,Tue Jul 07 2026 16:00:26 GMT-0400 (Eastern Daylight Time),616959.2000000477,A,w,I,w,417,2,433.40000009536743,616525.7999999523,9076,WL,B,6.0
5,17.283999919891357,learn,60000.0,Tue Jul 07 2026 16:00:26 GMT-0400 (Eastern Daylight Time),617159.2000000477,A,wi,I,i,188,2,633.4000000953674,616525.7999999523,9076,WL,B,6.0
5,17.51699995994568,learn,60000.0,Tue Jul 07 2026 16:00:26 GMT-0400 (Eastern Daylight Time),617392.5,A,wif,I,f,218,2,866.7000000476837,616525.7999999523,9076,WL,B,6.0
5,17.75,learn,60000.0,Tue Jul 07 2026 16:00:26 GMT-0400 (Eastern Daylight Time),617625.8999999762,A,wife,I,e,209,2,1100.1000000238419,616525.7999999523,9076,WL,B,6.0
5,17.90000009536743,learn,60000.0,Tue Jul 07 2026 16:00:26 GMT-0400 (Eastern Daylight Time),617775.3999999762,A,wifeenter,I,enter,126,2,1249.6000000238419,616525.7999999523,9076,WL,B,6.0
5,18.18400001525879,learn,60000.0,Tue Jul 07 2026 16:00:26 GMT-0400 (Eastern Daylight Time),618059.2999999523,A,w,I,w,263,2,283.5,617775.7999999523,9076,WL,B,7.0
5,18.316999912261963,learn,60000.0,Tue Jul 07 2026 16:00:26 GMT-0400 (Eastern Daylight Time),618192.6000000238,A,wi,I,i,110,2,416.8000000715256,617775.7999999523,9076,WL,B,7.0
5,18.467000007629395,learn,60000.0,Tue Jul 07 2026 16:00:26 GMT-0400 (Eastern Daylight Time),618342.3999999762,A,win,I,n,132,2,566.6000000238419,617775.7999999523,9076,WL,B,7.0
5,18.983999967575073,learn,60000.0,Tue Jul 07 2026 16:00:26 GMT-0400 (Eastern Daylight Time),618859.2999999523,A,wind,I,d,491,2,1083.5,617775.7999999523,9076,WL,B,7.0
5,19.117000102996826,learn,60000.0,Tue Jul 07 2026 16:00:26 GMT-0400 (Eastern Daylight Time),618992.6000000238,A,windo,I,o,119,2,1216.8000000715256,617775.7999999523,9076,WL,B,7.0
5,19.783999919891357,learn,60000.0,Tue Jul 07 2026 16:00:26 GMT-0400 (Eastern Daylight Time),619659.2999999523,A,window,I,w,640,2,1883.5,617775.7999999523,9076,WL,B,7.0
5,20.282999992370605,learn,60000.0,Tue Jul 07 2026 16:00:26 GMT-0400 (Eastern Daylight Time),620158.7000000477,A,windowenter,I,enter,487,2,2382.9000000953674,617775.7999999523,9076,WL,B,7.0
5,20.634000062942505,learn,60000.0,Tue Jul 07 2026 16:00:26 GMT-0400 (Eastern Daylight Time),620509.2999999523,A,c,I,c,327,2,350.2999999523163,620159.0,9076,WL,B,8.0
5,20.84999990463257,learn,60000.0,Tue Jul 07 2026 16:00:26 GMT-0400 (Eastern Daylight Time),620725.8999999762,A,ca,I,a,197,2,566.8999999761581,620159.0,9076,WL,B,8.0
5,21.117000102996826,learn,60000.0,Tue Jul 07 2026 16:00:26 GMT-0400 (Eastern Daylight Time),620992.5,A,cab,I,b,236,2,833.5,620159.0,9076,WL,B,8.0
5,21.33399987220764,learn,60000.0,Tue Jul 07 2026 16:00:26 GMT-0400 (Eastern Daylight Time),621209.2000000477,A,cabi,I,i,195,2,1050.2000000476837,620159.0,9076,WL,B,8.0
5,21.41700005531311,learn,60000.0,Tue Jul 07 2026 16:00:26 GMT-0400 (Eastern Daylight Time),621292.6000000238,A,cabin,I,n,47,2,1133.6000000238419,620159.0,9076,WL,B,8.0
5,21.882999897003174,learn,60000.0,Tue Jul 07 2026 16:00:26 GMT-0400 (Eastern Daylight Time),621758.7000000477,A,cabinenter,I,enter,437,2,1599.7000000476837,620159.0,9076,WL,B,8.0
5,22.43400001525879,learn,60000.0,Tue Jul 07 2026 16:00:26 GMT-0400 (Eastern Daylight Time),622309.3999999762,A,p,I,p,544,2,550.3999999761581,621759.0,9076,WL,B,9.0
5,22.65000009536743,learn,60000.0,Tue Jul 07 2026 16:00:26 GMT-0400 (Eastern Daylight Time),622525.7000000477,A,pu,I,u,203,2,766.7000000476837,621759.0,9076,WL,B,9.0
5,22.93400001525879,learn,60000.0,Tue Jul 07 2026 16:00:26 GMT-0400 (Eastern Daylight Time),622809.2000000477,A,pup,I,p,259,2,1050.2000000476837,621759.0,9076,WL,B,9.0
5,23.617000102996826,learn,60000.0,Tue Jul 07 2026 16:00:26 GMT-0400 (Eastern Daylight Time),623492.6000000238,A,pupi,I,i,667,2,1733.6000000238419,621759.0,9076,WL,B,9.0
5,23.882999897003174,learn,60000.0,Tue Jul 07 2026 16:00:26 GMT-0400 (Eastern Daylight Time),623759.2000000477,A,pupil,I,l,254,2,2000.2000000476837,621759.0,9076,WL,B,9.0
5,24.25,learn,60000.0,Tue Jul 07 2026 16:00:26 GMT-0400 (Eastern Daylight Time),624125.5,A,pupilenter,I,enter,345,2,2366.5,621759.0,9076,WL,B,9.0
5,25.01699995994568,learn,60000.0,Tue Jul 07 2026 16:00:26 GMT-0400 (Eastern Daylight Time),624892.6000000238,A,l,I,l,753,2,766.8999999761581,624125.7000000477,9076,WL,B,10.0
5,25.217000007629395,learn,60000.0,Tue Jul 07 2026 16:00:26 GMT-0400 (Eastern Daylight Time),625092.5,A,la,I,a,174,2,966.7999999523163,624125.7000000477,9076,WL,B,10.0
5,25.467000007629395,learn,60000.0,Tue Jul 07 2026 16:00:26 GMT-0400 (Eastern Daylight Time),625342.3999999762,A,lak,I,k,237,2,1216.6999999284744,624125.7000000477,9076,WL,B,10.0
5,26.200000047683716,learn,60000.0,Tue Jul 07 2026 16:00:26 GMT-0400 (Eastern Daylight Time),626075.8999999762,A,lake,I,e,716,2,1950.1999999284744,624125.7000000477,9076,WL,B,10.0
5,26.466000080108643,learn,60000.0,Tue Jul 07 2026 16:00:26 GMT-0400 (Eastern Daylight Time),626342.0,A,lakeenter,I,enter,253,2,2216.2999999523163,624125.7000000477,9076,WL,B,10.0
5,27.41700005531311,learn,60000.0,Tue Jul 07 2026 16:00:26 GMT-0400 (Eastern Daylight Time),627292.6000000238,A,f,I,f,927,2,950.3000000715256,626342.2999999523,9076,WL,B,11.0
5,27.549999952316284,learn,60000.0,Tue Jul 07 2026 16:00:26 GMT-0400 (Eastern Daylight Time),627425.8999999762,A,fi,I,i,110,2,1083.6000000238419,626342.2999999523,9076,WL,B,11.0
5,27.816999912261963,learn,60000.0,Tue Jul 07 2026 16:00:26 GMT-0400 (Eastern Daylight Time),627692.6000000238,A,fir,I,r,239,2,1350.3000000715256,626342.2999999523,9076,WL,B,11.0
5,28.033999919891357,learn,60000.0,Tue Jul 07 2026 16:00:26 GMT-0400 (Eastern Daylight Time),627909.2999999523,A,fire,I,e,188,2,1567.0,626342.2999999523,9076,WL,B,11.0
5,28.23300004005432,learn,60000.0,Tue Jul 07 2026 16:00:26 GMT-0400 (Eastern Daylight Time),628108.7000000477,A,fireenter,I,enter,172,2,1766.4000000953674,626342.2999999523,9076,WL,B,11.0
5,28.59999990463257,learn,60000.0,Tue Jul 07 2026 16:00:26 GMT-0400 (Eastern Daylight Time),628475.8999999762,A,c,I,c,345,2,366.89999997615814,628109.0,9076,WL,B,12.0
5,28.733999967575073,learn,60000.0,Tue Jul 07 2026 16:00:26 GMT-0400 (Eastern Daylight Time),628609.2999999523,A,cl,I,l,111,2,500.2999999523163,628109.0,9076,WL,B,12.0
5,28.950000047683716,learn,60000.0,Tue Jul 07 2026 16:00:26 GMT-0400 (Eastern Daylight Time),628825.7999999523,A,clo,I,o,193,2,716.7999999523163,628109.0,9076,WL,B,12.0
5,29.34999990463257,learn,60000.0,Tue Jul 07 2026 16:00:26 GMT-0400 (Eastern Daylight Time),629225.7999999523,A,cloc,I,c,376,2,1116.7999999523163,628109.0,9076,WL,B,12.0
5,29.634000062942505,learn,60000.0,Tue Jul 07 2026 16:00:26 GMT-0400 (Eastern Daylight Time),629509.2000000477,A,clock,I,k,257,2,1400.2000000476837,628109.0,9076,WL,B,12.0
5,30.16700005531311,learn,60000.0,Tue Jul 07 2026 16:00:26 GMT-0400 (Eastern Daylight Time),630042.1000000238,A,clockenter,I,enter,516,2,1933.1000000238419,628109.0,9076,WL,B,12.0
5,30.549999952316284,learn,60000.0,Tue Jul 07 2026 16:00:26 GMT-0400 (Eastern Daylight Time),630425.8999999762,A,p,I,p,364,2,383.5,630042.3999999762,9076,WL,B,13.0
5,30.783999919891357,learn,60000.0,Tue Jul 07 2026 16:00:26 GMT-0400 (Eastern Daylight Time),630659.2000000477,A,pi,I,i,209,2,616.8000000715256,630042.3999999762,9076,WL,B,13.0
5,31.066999912261963,learn,60000.0,Tue Jul 07 2026 16:00:26 GMT-0400 (Eastern Daylight Time),630942.6000000238,A,pip,I,p,256,2,900.2000000476837,630042.3999999762,9076,WL,B,13.0
5,31.634000062942505,learn,60000.0,Tue Jul 07 2026 16:00:26 GMT-0400 (Eastern Daylight Time),631509.2000000477,A,pipe,I,e,548,2,1466.8000000715256,630042.3999999762,9076,WL,B,13.0
5,32.15000009536743,learn,60000.0,Tue Jul 07 2026 16:00:26 GMT-0400 (Eastern Daylight Time),632025.3999999762,A,pipeenter,I,enter,490,2,1983.0,630042.3999999762,9076,WL,B,13.0
5,32.41700005531311,learn,60000.0,Tue Jul 07 2026 16:00:26 GMT-0400 (Eastern Daylight Time),632292.5,A,s,I,s,252,2,266.7000000476837,632025.7999999523,9076,WL,B,14.0
5,32.56699991226196,learn,60000.0,Tue Jul 07 2026 16:00:26 GMT-0400 (Eastern Daylight Time),632442.6000000238,A,sk,I,k,126,2,416.8000000715256,632025.7999999523,9076,WL,B,14.0
5,32.799999952316284,learn,60000.0,Tue Jul 07 2026 16:00:26 GMT-0400 (Eastern Daylight Time),632675.7999999523,A,ski,I,i,208,2,650.0,632025.7999999523,9076,WL,B,14.0
5,33.33399987220764,learn,60000.0,Tue Jul 07 2026 16:00:26 GMT-0400 (Eastern Daylight Time),633209.2000000477,A,skin,I,n,510,2,1183.4000000953674,632025.7999999523,9076,WL,B,14.0
5,33.950000047683716,learn,60000.0,Tue Jul 07 2026 16:00:26 GMT-0400 (Eastern Daylight Time),633825.3999999762,A,skinenter,I,enter,599,2,1799.6000000238419,632025.7999999523,9076,WL,B,14.0
5,37.23300004005432,learn,60000.0,Tue Jul 07 2026 16:00:26 GMT-0400 (Eastern Daylight Time),637109.0,A,f,I,f,3261,2,3283.2000000476837,633825.7999999523,9076,WL,B,15.0
5,38.65000009536743,learn,60000.0,Tue Jul 07 2026 16:00:26 GMT-0400 (Eastern Daylight Time),638525.8999999762,A,,I,backspace,1400,2,4700.100000023842,633825.7999999523,9076,WL,B,15.0
5,39.867000102996826,learn,60000.0,Tue Jul 07 2026 16:00:26 GMT-0400 (Eastern Daylight Time),639742.2000000477,A,c,I,c,1202,2,5916.400000095367,633825.7999999523,9076,WL,B,15.0
5,39.950000047683716,learn,60000.0,Tue Jul 07 2026 16:00:26 GMT-0400 (Eastern Daylight Time),639825.8999999762,A,ci,I,i,68,2,6000.100000023842,633825.7999999523,9076,WL,B,15.0
5,40.15000009536743,learn,60000.0,Tue Jul 07 2026 16:00:26 GMT-0400 (Eastern Daylight Time),640025.8999999762,A,cit,I,t,183,2,6200.100000023842,633825.7999999523,9076,WL,B,15.0
5,40.28399991989136,learn,60000.0,Tue Jul 07 2026 16:00:26 GMT-0400 (Eastern Daylight Time),640159.2000000477,A,city,I,y,104,2,6333.400000095367,633825.7999999523,9076,WL,B,15.0
5,40.81599998474121,learn,60000.0,Tue Jul 07 2026 16:00:26 GMT-0400 (Eastern Daylight Time),640692.1000000238,A,cityenter,I,enter,514,2,6866.300000071526,633825.7999999523,9076,WL,B,15.0
6,0.6169998645782471,distr,59383.00013542175,Tue Jul 07 2026 16:00:26 GMT-0400 (Eastern Daylight Time),712442.5,B,b,I,b,603,2,616.2999999523163,711826.2000000477,9076,WL,B,1.0
6,0.8329999446868896,distr,59167.00005531311,Tue Jul 07 2026 16:00:26 GMT-0400 (Eastern Daylight Time),712659.1000000238,B,ba,I,a,201,2,832.8999999761581,711826.2000000477,9076,WL,B,1.0
6,1.0,distr,59000.0,Tue Jul 07 2026 16:00:26 GMT-0400 (Eastern Daylight Time),712825.7000000477,B,bab,I,b,143,2,999.5,711826.2000000477,9076,WL,B,1.0
6,1.1670000553131104,distr,58832.99994468689,Tue Jul 07 2026 16:00:26 GMT-0400 (Eastern Daylight Time),712992.2000000477,B,baby,I,y,144,2,1166.0,711826.2000000477,9076,WL,B,1.0
6,1.8829998970031738,distr,58117.000102996826,Tue Jul 07 2026 16:00:26 GMT-0400 (Eastern Daylight Time),713708.6000000238,B,babyenter,I,enter,689,2,1882.3999999761581,711826.2000000477,9076,WL,B,1.0
6,2.299999952316284,distr,57700.000047683716,Tue Jul 07 2026 16:00:26 GMT-0400 (Eastern Daylight Time),714125.6000000238,B,o,I,o,401,2,416.7000000476837,713708.8999999762,9076,WL,B,2.0
6,2.432999849319458,distr,57567.00015068054,Tue Jul 07 2026 16:00:26 GMT-0400 (Eastern Daylight Time),714259.0,B,oc,I,c,110,2,550.1000000238419,713708.8999999762,9076,WL,B,2.0
6,3.25,distr,56750.0,Tue Jul 07 2026 16:00:26 GMT-0400 (Eastern Daylight Time),715075.6000000238,B,oce,I,e,792,2,1366.7000000476837,713708.8999999762,9076,WL,B,2.0
6,3.4670000076293945,distr,56532.999992370605,Tue Jul 07 2026 16:00:26 GMT-0400 (Eastern Daylight Time),715292.2999999523,B,ocea,I,a,197,2,1583.3999999761581,713708.8999999762,9076,WL,B,2.0
6,3.6499998569488525,distr,56350.00014305115,Tue Jul 07 2026 16:00:26 GMT-0400 (Eastern Daylight Time),715475.6000000238,B,ocear,I,r,157,2,1766.7000000476837,713708.8999999762,9076,WL,B,2.0
6,4.16700005531311,distr,55832.99994468689,Tue Jul 07 2026 16:00:26 GMT-0400 (Eastern Daylight Time),715992.3999999762,B,ocea,I,backspace,504,2,2283.5,713708.8999999762,9076,WL,B,2.0
6,4.4670000076293945,distr,55532.999992370605,Tue Jul 07 2026 16:00:26 GMT-0400 (Eastern Daylight Time),716292.2999999523,B,ocean,I,n,282,2,2583.399999976158,713708.8999999762,9076,WL,B,2.0
6,4.815999984741211,distr,55184.00001525879,Tue Jul 07 2026 16:00:26 GMT-0400 (Eastern Daylight Time),716641.8999999762,B,oceanenter,I,enter,325,2,2933.0,713708.8999999762,9076,WL,B,2.0
6,5.200000047683716,distr,54799.999952316284,Tue Jul 07 2026 16:00:26 GMT-0400 (Eastern Daylight Time),717025.6000000238,B,p,I,p,364,2,383.39999997615814,716642.2000000477,9076,WL,B,3.0
6,5.349999904632568,distr,54650.00009536743,Tue Jul 07 2026 16:00:26 GMT-0400 (Eastern Daylight Time),717175.6000000238,B,pa,I,a,136,2,533.3999999761581,716642.2000000477,9076,WL,B,3.0
6,5.866999864578247,distr,54133.00013542175,Tue Jul 07 2026 16:00:26 GMT-0400 (Eastern Daylight Time),717692.2999999523,B,pal,I,l,498,2,1050.0999999046326,716642.2000000477,9076,WL,B,3.0
6,6.0329999923706055,distr,53967.000007629395,Tue Jul 07 2026 16:00:26 GMT-0400 (Eastern Daylight Time),717859.0,B,pala,I,a,151,2,1216.7999999523163,716642.2000000477,9076,WL,B,3.0
6,6.766999959945679,distr,53233.00004005432,Tue Jul 07 2026 16:00:26 GMT-0400 (Eastern Daylight Time),718592.2999999523,B,palac,I,c,719,2,1950.0999999046326,716642.2000000477,9076,WL,B,3.0
6,7.116999864578247,distr,52883.00013542175,Tue Jul 07 2026 16:00:26 GMT-0400 (Eastern Daylight Time),718942.1000000238,B,palace,I,e,338,2,2299.899999976158,716642.2000000477,9076,WL,B,3.0
6,7.983000040054321,distr,52016.99995994568,Tue Jul 07 2026 16:00:26 GMT-0400 (Eastern Daylight Time),719808.6000000238,B,palaceenter,I,enter,842,2,3166.399999976158,716642.2000000477,9076,WL,B,3.0
6,9.715999841690063,distr,50284.00015830994,Tue Jul 07 2026 16:00:26 GMT-0400 (Eastern Daylight Time),721542.1000000238,B,o,I,o,1717,2,1733.2000000476837,719808.8999999762,9076,WL,B,4.0
6,9.882999897003174,distr,50117.000102996826,Tue Jul 07 2026 16:00:26 GMT-0400 (Eastern Daylight Time),721709.1000000238,B,oc,I,c,141,2,1900.2000000476837,719808.8999999762,9076,WL,B,4.0
6,10.58299994468689,distr,49417.00005531311,Tue Jul 07 2026 16:00:26 GMT-0400 (Eastern Daylight Time),722409.1000000238,B,oce,I,e,675,2,2600.2000000476837,719808.8999999762,9076,WL,B,4.0
6,10.816999912261963,distr,49183.00008773804,Tue Jul 07 2026 16:00:26 GMT-0400 (Eastern Daylight Time),722642.2999999523,B,ocea,I,a,218,2,2833.399999976158,719808.8999999762,9076,WL,B,4.0
6,10.932999849319458,distr,49067.00015068054,Tue Jul 07 2026 16:00:26 GMT-0400 (Eastern Daylight Time),722758.8999999762,B,ocean,I,n,96,2,2950.0,719808.8999999762,9076,WL,B,4.0
6,11.516000032424927,distr,48483.99996757507,Tue Jul 07 2026 16:00:26 GMT-0400 (Eastern Daylight Time),723341.7999999523,B,oceanenter,I,enter,562,2,3532.899999976158,719808.8999999762,9076,WL,B,4.0
6,11.932999849319458,distr,48067.00015068054,Tue Jul 07 2026 16:00:26 GMT-0400 (Eastern Daylight Time),723759.0,B,d,I,d,401,2,416.7999999523163,723342.2000000477,9076,WL,B,5.0
6,12.099999904632568,distr,47900.00009536743,Tue Jul 07 2026 16:00:26 GMT-0400 (Eastern Daylight Time),723925.3999999762,B,dr,I,r,155,2,583.1999999284744,723342.2000000477,9076,WL,B,5.0
6,12.316999912261963,distr,47683.00008773804,Tue Jul 07 2026 16:00:26 GMT-0400 (Eastern Daylight Time),724142.2999999523,B,dre,I,e,188,2,800.0999999046326,723342.2000000477,9076,WL,B,5.0
6,12.967000007629395,distr,47032.999992370605,Tue Jul 07 2026 16:00:26 GMT-0400 (Eastern Daylight Time),724792.2999999523,B,dres,I,s,627,2,1450.0999999046326,723342.2000000477,9076,WL,B,5.0
6,13.132999897003174,distr,46867.000102996826,Tue Jul 07 2026 16:00:26 GMT-0400 (Eastern Daylight Time),724958.8999999762,B,dress,I,s,153,2,1616.6999999284744,723342.2000000477,9076,WL,B,5.0
6,13.399999856948853,distr,46600.00014305115,Tue Jul 07 2026 16:00:26 GMT-0400 (Eastern Daylight Time),725225.2000000477,B,dressenter,I,enter,242,2,1883.0,723342.2000000477,9076,WL,B,5.0
6,14.616999864578247,distr,45383.00013542175,Tue Jul 07 2026 16:00:26 GMT-0400 (Eastern Daylight Time),726442.3999999762,B,b,I,b,1205,2,1216.8999999761581,725225.5,9076,WL,B,6.0
6,14.766999959945679,distr,45233.00004005432,Tue Jul 07 2026 16:00:26 GMT-0400 (Eastern Daylight Time),726592.2000000477,B,bu,I,u,134,2,1366.7000000476837,725225.5,9076,WL,B,6.0
6,14.967000007629395,distr,45032.999992370605,Tue Jul 07 2026 16:00:26 GMT-0400 (Eastern Daylight Time),726792.2000000477,B,bui,I,i,178,2,1566.7000000476837,725225.5,9076,WL,B,6.0
6,15.366999864578247,distr,44633.00013542175,Tue Jul 07 2026 16:00:26 GMT-0400 (Eastern Daylight Time),727192.2000000477,B,buil,I,l,375,2,1966.7000000476837,725225.5,9076,WL,B,6.0
6,15.566999912261963,distr,44433.00008773804,Tue Jul 07 2026 16:00:26 GMT-0400 (Eastern Daylight Time),727392.3999999762,B,build,I,d,179,2,2166.899999976158,725225.5,9076,WL,B,6.0
6,15.698999881744385,distr,44301.000118255615,Tue Jul 07 2026 16:00:26 GMT-0400 (Eastern Daylight Time),727524.8999999762,B,buildi,I,i,113,2,2299.399999976158,725225.5,9076,WL,B,6.0
6,15.782999992370605,distr,44217.000007629395,Tue Jul 07 2026 16:00:26 GMT-0400 (Eastern Daylight Time),727608.3999999762,B,buildin,I,n,64,2,2382.899999976158,725225.5,9076,WL,B,6.0
6,15.950000047683716,distr,44049.999952316284,Tue Jul 07 2026 16:00:26 GMT-0400 (Eastern Daylight Time),727775.6000000238,B,building,I,g,150,2,2550.100000023842,725225.5,9076,WL,B,6.0
6,16.432999849319458,distr,43567.00015068054,Tue Jul 07 2026 16:00:26 GMT-0400 (Eastern Daylight Time),728258.6000000238,B,buildingenter,I,enter,457,2,3033.100000023842,725225.5,9076,WL,B,6.0
6,16.83299994468689,distr,43167.00005531311,Tue Jul 07 2026 16:00:26 GMT-0400 (Eastern Daylight Time),728659.0,B,c,I,c,388,2,400.10000002384186,728258.8999999762,9076,WL,B,7.0
6,17.09999990463257,distr,42900.00009536743,Tue Jul 07 2026 16:00:26 GMT-0400 (Eastern Daylight Time),728925.2999999523,B,ce,I,e,256,2,666.3999999761581,728258.8999999762,9076,WL,B,7.0
6,17.282999992370605,distr,42717.000007629395,Tue Jul 07 2026 16:00:26 GMT-0400 (Eastern Daylight Time),729109.1000000238,B,cel,I,l,157,2,850.2000000476837,728258.8999999762,9076,WL,B,7.0
6,17.450000047683716,distr,42549.999952316284,Tue Jul 07 2026 16:00:26 GMT-0400 (Eastern Daylight Time),729275.7000000477,B,cell,I,l,129,2,1016.8000000715256,728258.8999999762,9076,WL,B,7.0
6,17.799999952316284,distr,42200.000047683716,Tue Jul 07 2026 16:00:26 GMT-0400 (Eastern Daylight Time),729625.2000000477,B,cellenter,I,enter,334,2,1366.3000000715256,728258.8999999762,9076,WL,B,7.0
6,27.23300004005432,distr,32766.99995994568,Tue Jul 07 2026 16:00:26 GMT-0400 (Eastern Daylight Time),739059.0,B,o,I,o,9413,2,9433.5,729625.5,9076,WL,B,8.0
6,27.382999897003174,distr,32617.000102996826,Tue Jul 07 2026 16:00:26 GMT-0400 (Eastern Daylight Time),739208.8999999762,B,oc,I,c,133,2,9583.399999976158,729625.5,9076,WL,B,8.0
6,27.700000047683716,distr,32299.999952316284,Tue Jul 07 2026 16:00:26 GMT-0400 (Eastern Daylight Time),739525.6000000238,B,ocr,I,r,281,2,9900.100000023842,729625.5,9076,WL,B,8.0
6,27.882999897003174,distr,32117.000102996826,Tue Jul 07 2026 16:00:26 GMT-0400 (Eastern Daylight Time),739709.1000000238,B,ocre,I,e,157,2,10083.600000023842,729625.5,9076,WL,B,8.0
6,28.08299994468689,distr,31917.00005531311,Tue Jul 07 2026 16:00:26 GMT-0400 (Eastern Daylight Time),739908.8999999762,B,ocrea,I,a,173,2,10283.399999976158,729625.5,9076,WL,B,8.0
6,28.59999990463257,distr,31400.00009536743,Tue Jul 07 2026 16:00:26 GMT-0400 (Eastern Daylight Time),740425.6000000238,B,ocre,I,backspace,500,2,10800.100000023842,729625.5,9076,WL,B,8.0
6,28.899999856948853,distr,31100.000143051147,Tue Jul 07 2026 16:00:26 GMT-0400 (Eastern Daylight Time),740725.2000000477,B,ocr,I,backspace,287,2,11099.700000047684,729625.5,9076,WL,B,8.0
6,29.0,distr,31000.0,Tue Jul 07 2026 16:00:26 GMT-0400 (Eastern Daylight Time),740825.7000000477,B,oc,I,backspace,84,2,11200.200000047684,729625.5,9076,WL,B,8.0
6,29.23300004005432,distr,30766.99995994568,Tue Jul 07 2026 16:00:26 GMT-0400 (Eastern Daylight Time),741059.0,B,o,I,backspace,199,2,11433.5,729625.5,9076,WL,B,8.0
6,29.950000047683716,distr,30049.999952316284,Tue Jul 07 2026 16:00:26 GMT-0400 (Eastern Daylight Time),741775.6000000238,B,oc,I,c,704,2,12150.100000023842,729625.5,9076,WL,B,8.0
6,30.23300004005432,distr,29766.99995994568,Tue Jul 07 2026 16:00:26 GMT-0400 (Eastern Daylight Time),742059.0,B,oce,I,e,257,2,12433.5,729625.5,9076,WL,B,8.0
6,30.782999992370605,distr,29217.000007629395,Tue Jul 07 2026 16:00:26 GMT-0400 (Eastern Daylight Time),742609.0,B,ocea,I,a,527,2,12983.5,729625.5,9076,WL,B,8.0
6,30.882999897003174,distr,29117.000102996826,Tue Jul 07 2026 16:00:26 GMT-0400 (Eastern Daylight Time),742709.1000000238,B,ocean,I,n,90,2,13083.600000023842,729625.5,9076,WL,B,8.0
6,31.25,distr,28750.0,Tue Jul 07 2026 16:00:26 GMT-0400 (Eastern Daylight Time),743075.2000000477,B,oceanenter,I,enter,342,2,13449.700000047684,729625.5,9076,WL,B,8.0
6,60.01699995994568,distr,-16.99995994567871,Tue Jul 07 2026 16:00:26 GMT-0400 (Eastern Daylight Time),771842.3999999762,B,None,I,None,28760,2,28766.899999976158,743075.5,9076,WL,B,9.0
7,0.8989999294281006,immed,59101.0000705719,Tue Jul 07 2026 16:00:26 GMT-0400 (Eastern Daylight Time),791742.1000000238,A,s,I,s,889,2,899.2000000476837,790842.8999999762,9076,WL,B,1.0
7,1.0329999923706055,immed,58967.000007629395,Tue Jul 07 2026 16:00:26 GMT-0400 (Eastern Daylight Time),791875.5,A,st,I,t,115,2,1032.6000000238419,790842.8999999762,9076,WL,B,1.0
7,1.2999999523162842,immed,58700.000047683716,Tue Jul 07 2026 16:00:26 GMT-0400 (Eastern Daylight Time),792142.2000000477,A,str,I,r,247,2,1299.3000000715256,790842.8999999762,9076,WL,B,1.0
7,1.4830000400543213,immed,58516.99995994568,Tue Jul 07 2026 16:00:26 GMT-0400 (Eastern Daylight Time),792325.6000000238,A,stre,I,e,163,2,1482.7000000476837,790842.8999999762,9076,WL,B,1.0
7,1.6659998893737793,immed,58334.00011062622,Tue Jul 07 2026 16:00:26 GMT-0400 (Eastern Daylight Time),792508.7999999523,A,stree,I,e,155,2,1665.8999999761581,790842.8999999762,9076,WL,B,1.0
7,1.8659999370574951,immed,58134.000062942505,Tue Jul 07 2026 16:00:26 GMT-0400 (Eastern Daylight Time),792708.8999999762,A,street,I,t,189,2,1866.0,790842.8999999762,9076,WL,B,1.0
7,2.3489999771118164,immed,57651.00002288818,Tue Jul 07 2026 16:00:26 GMT-0400 (Eastern Daylight Time),793191.7999999523,A,streetenter,I,enter,460,2,2348.899999976158,790842.8999999762,9076,WL,B,1.0
7,3.7160000801086426,immed,56283.99991989136,Tue Jul 07 2026 16:00:26 GMT-0400 (Eastern Daylight Time),794558.7000000477,A,c,I,c,1358,2,1366.6000000238419,793192.1000000238,9076,WL,B,2.0
7,3.8329999446868896,immed,56167.00005531311,Tue Jul 07 2026 16:00:26 GMT-0400 (Eastern Daylight Time),794675.3999999762,A,ci,I,i,92,2,1483.2999999523163,793192.1000000238,9076,WL,B,2.0
7,3.9830000400543213,immed,56016.99995994568,Tue Jul 07 2026 16:00:26 GMT-0400 (Eastern Daylight Time),794825.3999999762,A,cit,I,t,126,2,1633.2999999523163,793192.1000000238,9076,WL,B,2.0
7,4.08299994468689,immed,55917.00005531311,Tue Jul 07 2026 16:00:26 GMT-0400 (Eastern Daylight Time),794925.2000000477,A,city,I,y,84,2,1733.1000000238419,793192.1000000238,9076,WL,B,2.0
7,4.681999921798706,immed,55318.000078201294,Tue Jul 07 2026 16:00:26 GMT-0400 (Eastern Daylight Time),795525.1000000238,A,cityenter,I,enter,572,2,2333.0,793192.1000000238,9076,WL,B,2.0
7,5.016000032424927,immed,54983.99996757507,Tue Jul 07 2026 16:00:26 GMT-0400 (Eastern Daylight Time),795858.8999999762,A,d,I,d,312,2,333.5,795525.3999999762,9076,WL,B,3.0
7,5.098999977111816,immed,54901.00002288818,Tue Jul 07 2026 16:00:26 GMT-0400 (Eastern Daylight Time),795942.1000000238,A,do,I,o,70,2,416.7000000476837,795525.3999999762,9076,WL,B,3.0
7,5.266000032424927,immed,54733.99996757507,Tue Jul 07 2026 16:00:26 GMT-0400 (Eastern Daylight Time),796109.1000000238,A,doo,I,o,157,2,583.7000000476837,795525.3999999762,9076,WL,B,3.0
7,5.433000087738037,immed,54566.99991226196,Tue Jul 07 2026 16:00:26 GMT-0400 (Eastern Daylight Time),796275.5,A,door,I,r,143,2,750.1000000238419,795525.3999999762,9076,WL,B,3.0
7,5.815999984741211,immed,54184.00001525879,Tue Jul 07 2026 16:00:26 GMT-0400 (Eastern Daylight Time),796658.3999999762,A,doorenter,I,enter,365,2,1133.0,795525.3999999762,9076,WL,B,3.0
7,5.999000072479248,immed,54000.99992752075,Tue Jul 07 2026 16:00:26 GMT-0400 (Eastern Daylight Time),796842.1000000238,A,w,I,w,171,2,183.39999997615814,796658.7000000477,9076,WL,B,4.0
7,6.148999929428101,immed,53851.0000705719,Tue Jul 07 2026 16:00:26 GMT-0400 (Eastern Daylight Time),796992.2000000477,A,wi,I,i,134,2,333.5,796658.7000000477,9076,WL,B,4.0
7,6.233000040054321,immed,53766.99995994568,Tue Jul 07 2026 16:00:26 GMT-0400 (Eastern Daylight Time),797075.6000000238,A,win,I,n,56,2,416.89999997615814,796658.7000000477,9076,WL,B,4.0
7,6.665999889373779,immed,53334.00011062622,Tue Jul 07 2026 16:00:26 GMT-0400 (Eastern Daylight Time),797508.7999999523,A,wind,I,d,414,2,850.0999999046326,796658.7000000477,9076,WL,B,4.0
7,6.766000032424927,immed,53233.99996757507,Tue Jul 07 2026 16:00:26 GMT-0400 (Eastern Daylight Time),797608.7999999523,A,windo,I,o,77,2,950.0999999046326,796658.7000000477,9076,WL,B,4.0
7,6.983000040054321,immed,53016.99995994568,Tue Jul 07 2026 16:00:26 GMT-0400 (Eastern Daylight Time),797825.6000000238,A,window,I,w,193,2,1166.8999999761581,796658.7000000477,9076,WL,B,4.0
7,7.2820000648498535,immed,52717.99993515015,Tue Jul 07 2026 16:00:26 GMT-0400 (Eastern Daylight Time),798124.8999999762,A,windowenter,I,enter,278,2,1466.1999999284744,796658.7000000477,9076,WL,B,4.0
7,7.848999977111816,immed,52151.00002288818,Tue Jul 07 2026 16:00:26 GMT-0400 (Eastern Daylight Time),798692.1000000238,A,w,I,w,545,2,566.8999999761581,798125.2000000477,9076,WL,B,5.0
7,7.950000047683716,immed,52049.999952316284,Tue Jul 07 2026 16:00:26 GMT-0400 (Eastern Daylight Time),798792.2000000477,A,wi,I,i,85,2,667.0,798125.2000000477,9076,WL,B,5.0
7,8.115999937057495,immed,51884.000062942505,Tue Jul 07 2026 16:00:26 GMT-0400 (Eastern Daylight Time),798959.0,A,wif,I,f,145,2,833.7999999523163,798125.2000000477,9076,WL,B,5.0
7,8.365999937057495,immed,51634.000062942505,Tue Jul 07 2026 16:00:26 GMT-0400 (Eastern Daylight Time),799208.8999999762,A,wife,I,e,227,2,1083.6999999284744,798125.2000000477,9076,WL,B,5.0
7,9.23199987411499,immed,50768.00012588501,Tue Jul 07 2026 16:00:26 GMT-0400 (Eastern Daylight Time),800075.1000000238,A,wifeenter,I,enter,849,2,1949.8999999761581,798125.2000000477,9076,WL,B,5.0
7,9.532999992370605,immed,50467.000007629395,Tue Jul 07 2026 16:00:26 GMT-0400 (Eastern Daylight Time),800375.5,A,a,I,a,282,2,300.10000002384186,800075.3999999762,9076,WL,B,6.0
7,9.683000087738037,immed,50316.99991226196,Tue Jul 07 2026 16:00:26 GMT-0400 (Eastern Daylight Time),800525.1000000238,A,ar,I,r,138,2,449.7000000476837,800075.3999999762,9076,WL,B,6.0
7,10.16599988937378,immed,49834.00011062622,Tue Jul 07 2026 16:00:26 GMT-0400 (Eastern Daylight Time),801008.7999999523,A,arm,I,m,452,2,933.3999999761581,800075.3999999762,9076,WL,B,6.0
7,10.466000080108643,immed,49533.99991989136,Tue Jul 07 2026 16:00:26 GMT-0400 (Eastern Daylight Time),801308.3999999762,A,armenter,I,enter,282,2,1233.0,800075.3999999762,9076,WL,B,6.0
7,10.933000087738037,immed,49066.99991226196,Tue Jul 07 2026 16:00:26 GMT-0400 (Eastern Daylight Time),801775.5,A,s,I,s,448,2,466.60000002384186,801308.8999999762,9076,WL,B,7.0
7,11.065999984741211,immed,48934.00001525879,Tue Jul 07 2026 16:00:26 GMT-0400 (Eastern Daylight Time),801908.8999999762,A,sk,I,k,123,2,600.0,801308.8999999762,9076,WL,B,7.0
7,11.282999992370605,immed,48717.000007629395,Tue Jul 07 2026 16:00:26 GMT-0400 (Eastern Daylight Time),802125.2999999523,A,ski,I,i,197,2,816.3999999761581,801308.8999999762,9076,WL,B,7.0
7,11.766000032424927,immed,48233.99996757507,Tue Jul 07 2026 16:00:26 GMT-0400 (Eastern Daylight Time),802608.8999999762,A,skin,I,n,461,2,1300.0,801308.8999999762,9076,WL,B,7.0
7,12.032000064849854,immed,47967.99993515015,Tue Jul 07 2026 16:00:26 GMT-0400 (Eastern Daylight Time),802875.0,A,skinenter,I,enter,248,2,1566.1000000238419,801308.8999999762,9076,WL,B,7.0
7,12.365999937057495,immed,47634.000062942505,Tue Jul 07 2026 16:00:26 GMT-0400 (Eastern Daylight Time),803208.7999999523,A,p,I,p,322,2,333.5,802875.2999999523,9076,WL,B,8.0
7,12.615999937057495,immed,47384.000062942505,Tue Jul 07 2026 16:00:26 GMT-0400 (Eastern Daylight Time),803458.7999999523,A,pi,I,i,225,2,583.5,802875.2999999523,9076,WL,B,8.0
7,12.766000032424927,immed,47233.99996757507,Tue Jul 07 2026 16:00:26 GMT-0400 (Eastern Daylight Time),803608.7000000477,A,pip,I,p,130,2,733.4000000953674,802875.2999999523,9076,WL,B,8.0
7,13.200000047683716,immed,46799.999952316284,Tue Jul 07 2026 16:00:26 GMT-0400 (Eastern Daylight Time),804042.2000000477,A,pipe,I,e,408,2,1166.9000000953674,802875.2999999523,9076,WL,B,8.0
7,13.499000072479248,immed,46500.99992752075,Tue Jul 07 2026 16:00:26 GMT-0400 (Eastern Daylight Time),804341.7000000477,A,pipeenter,I,enter,279,2,1466.4000000953674,802875.2999999523,9076,WL,B,8.0
7,13.83299994468689,immed,46167.00005531311,Tue Jul 07 2026 16:00:26 GMT-0400 (Eastern Daylight Time),804675.6000000238,A,f,I,f,312,2,333.60000002384186,804342.0,9076,WL,B,9.0
7,13.950000047683716,immed,46049.999952316284,Tue Jul 07 2026 16:00:26 GMT-0400 (Eastern Daylight Time),804792.2000000477,A,fi,I,i,93,2,450.2000000476837,804342.0,9076,WL,B,9.0
7,14.282999992370605,immed,45717.000007629395,Tue Jul 07 2026 16:00:26 GMT-0400 (Eastern Daylight Time),805125.1000000238,A,fir,I,r,313,2,783.1000000238419,804342.0,9076,WL,B,9.0
7,14.549999952316284,immed,45450.000047683716,Tue Jul 07 2026 16:00:26 GMT-0400 (Eastern Daylight Time),805392.2000000477,A,fire,I,e,242,2,1050.2000000476837,804342.0,9076,WL,B,9.0
7,17.73199987411499,immed,42268.00012588501,Tue Jul 07 2026 16:00:26 GMT-0400 (Eastern Daylight Time),808575.0,A,fireenter,I,enter,3168,2,4233.0,804342.0,9076,WL,B,9.0
7,18.06599998474121,immed,41934.00001525879,Tue Jul 07 2026 16:00:26 GMT-0400 (Eastern Daylight Time),808908.7000000477,A,p,I,p,318,2,333.40000009536743,808575.2999999523,9076,WL,B,10.0
7,18.282999992370605,immed,41717.000007629395,Tue Jul 07 2026 16:00:26 GMT-0400 (Eastern Daylight Time),809125.5,A,pu,I,u,198,2,550.2000000476837,808575.2999999523,9076,WL,B,10.0
7,18.782999992370605,immed,41217.000007629395,Tue Jul 07 2026 16:00:26 GMT-0400 (Eastern Daylight Time),809625.3999999762,A,pup,I,p,483,2,1050.1000000238419,808575.2999999523,9076,WL,B,10.0
7,19.16599988937378,immed,40834.00011062622,Tue Jul 07 2026 16:00:26 GMT-0400 (Eastern Daylight Time),810008.7999999523,A,pupi,I,i,369,2,1433.5,808575.2999999523,9076,WL,B,10.0
7,19.3989999294281,immed,40601.0000705719,Tue Jul 07 2026 16:00:26 GMT-0400 (Eastern Daylight Time),810242.1000000238,A,pupil,I,l,207,2,1666.8000000715256,808575.2999999523,9076,WL,B,10.0
7,20.381999969482422,immed,39618.00003051758,Tue Jul 07 2026 16:00:26 GMT-0400 (Eastern Daylight Time),811225.0,A,pupilenter,I,enter,968,2,2649.7000000476837,808575.2999999523,9076,WL,B,10.0
7,23.81599998474121,immed,36184.00001525879,Tue Jul 07 2026 16:00:26 GMT-0400 (Eastern Daylight Time),814658.8999999762,A,w,I,w,3412,2,3433.600000023842,811225.2999999523,9076,WL,B,11.0
7,23.933000087738037,immed,36066.99991226196,Tue Jul 07 2026 16:00:26 GMT-0400 (Eastern Daylight Time),814775.3999999762,A,wi,I,i,93,2,3550.100000023842,811225.2999999523,9076,WL,B,11.0
7,24.06599998474121,immed,35934.00001525879,Tue Jul 07 2026 16:00:26 GMT-0400 (Eastern Daylight Time),814909.0,A,win,I,n,122,2,3683.7000000476837,811225.2999999523,9076,WL,B,11.0
7,24.299000024795532,immed,35700.99997520447,Tue Jul 07 2026 16:00:26 GMT-0400 (Eastern Daylight Time),815141.7999999523,A,wind,I,d,221,2,3916.5,811225.2999999523,9076,WL,B,11.0
7,24.549000024795532,immed,35450.99997520447,Tue Jul 07 2026 16:00:26 GMT-0400 (Eastern Daylight Time),815391.5,A,windo,I,o,226,2,4166.200000047684,811225.2999999523,9076,WL,B,11.0
7,24.73300004005432,immed,35266.99995994568,Tue Jul 07 2026 16:00:26 GMT-0400 (Eastern Daylight Time),815575.5,A,window,I,w,166,2,4350.200000047684,811225.2999999523,9076,WL,B,11.0
7,25.582000017166138,immed,34417.99998283386,Tue Jul 07 2026 16:00:26 GMT-0400 (Eastern Daylight Time),816425.0,A,windowenter,I,enter,835,2,5199.700000047684,811225.2999999523,9076,WL,B,11.0
7,60.01600003242493,immed,-16.000032424926758,Tue Jul 07 2026 16:00:26 GMT-0400 (Eastern Daylight Time),850859.0,A,None,I,None,34426,2,34433.60000002384,816425.3999999762,9076,WL,B,12.0
