block_c,block_dur,condition,countdown,datetime,endtime,list,multichar_response,project,response,response_time,session_number,start_end,starttime,subject_id,task,task_vers,trial
,,,,Mon Jul 06 2026 16:12:37 GMT-0400 (Eastern Daylight Time),,,,I,space,977,2,,,9070,WL,C,
prac,,0,,Mon Jul 06 2026 16:12:37 GMT-0400 (Eastern Daylight Time),,NA,o,I,o,9726,2,,,9070,WL,C,1.0
prac,,0,,Mon Jul 06 2026 16:12:37 GMT-0400 (Eastern Daylight Time),,NA,oo,I,o,124,2,,,9070,WL,C,1.0
prac,,0,,Mon Jul 06 2026 16:12:37 GMT-0400 (Eastern Daylight Time),,NA,oos,I,s,980,2,,,9070,WL,C,1.0
prac,,0,,Mon Jul 06 2026 16:12:37 GMT-0400 (Eastern Daylight Time),,NA,oost,I,t,271,2,,,9070,WL,C,1.0
prac,,0,,Mon Jul 06 2026 16:12:37 GMT-0400 (Eastern Daylight Time),,NA,oos,I,backspace,482,2,,,9070,WL,C,1.0
prac,,0,,Mon Jul 06 2026 16:12:37 GMT-0400 (Eastern Daylight Time),,NA,oo,I,backspace,349,2,,,9070,WL,C,1.0
prac,,0,,Mon Jul 06 2026 16:12:37 GMT-0400 (Eastern Daylight Time),,NA,o,I,backspace,301,2,,,9070,WL,C,1.0
prac,,0,,Mon Jul 06 2026 16:12:37 GMT-0400 (Eastern Daylight Time),,NA,,I,backspace,691,2,,,9070,WL,C,1.0
prac,,0,,Mon Jul 06 2026 16:12:37 GMT-0400 (Eastern Daylight Time),,NA,,I,backspace,262,2,,,9070,WL,C,1.0
prac,,0,,Mon Jul 06 2026 16:12:37 GMT-0400 (Eastern Daylight Time),,NA,b,I,b,636,2,,,9070,WL,C,1.0
prac,,0,,Mon Jul 06 2026 16:12:37 GMT-0400 (Eastern Daylight Time),,NA,bo,I,o,449,2,,,9070,WL,C,1.0
prac,,0,,Mon Jul 06 2026 16:12:37 GMT-0400 (Eastern Daylight Time),,NA,boo,I,o,173,2,,,9070,WL,C,1.0
prac,,0,,Mon Jul 06 2026 16:12:37 GMT-0400 (Eastern Daylight Time),,NA,boos,I,s,134,2,,,9070,WL,C,1.0
prac,,0,,Mon Jul 06 2026 16:12:37 GMT-0400 (Eastern Daylight Time),,NA,boost,I,t,274,2,,,9070,WL,C,1.0
prac,,0,,Mon Jul 06 2026 16:12:37 GMT-0400 (Eastern Daylight Time),,NA,boostenter,I,enter,471,2,,,9070,WL,C,1.0
1,1.0,learn,59000.0,Mon Jul 06 2026 16:12:37 GMT-0400 (Eastern Daylight Time),152273.0,A,t,I,t,986,2,999.5999999046326,151273.40000009537,9070,WL,C,1.0
1,1.25,learn,58750.0,Mon Jul 06 2026 16:12:37 GMT-0400 (Eastern Daylight Time),152522.5,A,to,I,o,224,2,1249.0999999046326,151273.40000009537,9070,WL,C,1.0
1,1.4830000400543213,learn,58516.99995994568,Mon Jul 06 2026 16:12:37 GMT-0400 (Eastern Daylight Time),152755.90000009537,A,tow,I,w,215,2,1482.5,151273.40000009537,9070,WL,C,1.0
1,1.8670001029968262,learn,58132.999897003174,Mon Jul 06 2026 16:12:37 GMT-0400 (Eastern Daylight Time),153139.20000004768,A,towr,I,r,363,2,1865.7999999523163,151273.40000009537,9070,WL,C,1.0
1,2.0829999446868896,learn,57917.00005531311,Mon Jul 06 2026 16:12:37 GMT-0400 (Eastern Daylight Time),153355.20000004768,A,towrenter,I,enter,189,2,2081.7999999523163,151273.40000009537,9070,WL,C,1.0
1,2.2829999923706055,learn,57717.000007629395,Mon Jul 06 2026 16:12:37 GMT-0400 (Eastern Daylight Time),153555.80000007153,A,w,I,w,184,2,199.89999997615814,153355.90000009537,9070,WL,C,2.0
1,3.1670000553131104,learn,56832.99994468689,Mon Jul 06 2026 16:12:37 GMT-0400 (Eastern Daylight Time),154439.20000004768,A,wh,I,h,860,2,1083.2999999523163,153355.90000009537,9070,WL,C,2.0
1,4.049999952316284,learn,55950.000047683716,Mon Jul 06 2026 16:12:37 GMT-0400 (Eastern Daylight Time),155322.5,A,wha,I,a,856,2,1966.5999999046326,153355.90000009537,9070,WL,C,2.0
1,4.316999912261963,learn,55683.00008773804,Mon Jul 06 2026 16:12:37 GMT-0400 (Eastern Daylight Time),155589.20000004768,A,what,I,t,244,2,2233.2999999523163,153355.90000009537,9070,WL,C,2.0
1,4.650000095367432,learn,55349.99990463257,Mon Jul 06 2026 16:12:37 GMT-0400 (Eastern Daylight Time),155922.0,A,whatenter,I,enter,315,2,2566.0999999046326,153355.90000009537,9070,WL,C,2.0
1,5.334000110626221,learn,54665.99988937378,Mon Jul 06 2026 16:12:37 GMT-0400 (Eastern Daylight Time),156606.20000004768,A,c,I,c,675,2,683.7999999523163,155922.40000009537,9070,WL,C,3.0
1,5.483999967575073,learn,54516.00003242493,Mon Jul 06 2026 16:12:37 GMT-0400 (Eastern Daylight Time),156755.90000009537,A,co,I,o,134,2,833.5,155922.40000009537,9070,WL,C,3.0
1,6.433000087738037,learn,53566.99991226196,Mon Jul 06 2026 16:12:37 GMT-0400 (Eastern Daylight Time),157705.80000007153,A,con,I,n,925,2,1783.3999999761581,155922.40000009537,9070,WL,C,3.0
1,7.316999912261963,learn,52683.00008773804,Mon Jul 06 2026 16:12:37 GMT-0400 (Eastern Daylight Time),158589.30000007153,A,co,I,backspace,854,2,2666.899999976158,155922.40000009537,9070,WL,C,3.0
1,7.599999904632568,learn,52400.00009536743,Mon Jul 06 2026 16:12:37 GMT-0400 (Eastern Daylight Time),158872.5,A,cor,I,r,260,2,2950.0999999046326,155922.40000009537,9070,WL,C,3.0
1,7.9670000076293945,learn,52032.999992370605,Mon Jul 06 2026 16:12:37 GMT-0400 (Eastern Daylight Time),159239.10000002384,A,corn,I,n,343,2,3316.6999999284744,155922.40000009537,9070,WL,C,3.0
1,9.099999904632568,learn,50900.00009536743,Mon Jul 06 2026 16:12:37 GMT-0400 (Eastern Daylight Time),160371.90000009537,A,corns,I,s,1114,2,4449.5,155922.40000009537,9070,WL,C,3.0
1,9.367000102996826,learn,50632.999897003174,Mon Jul 06 2026 16:12:37 GMT-0400 (Eastern Daylight Time),160639.0,A,cornsu,I,u,256,2,4716.599999904633,155922.40000009537,9070,WL,C,3.0
1,9.632999897003174,learn,50367.000102996826,Mon Jul 06 2026 16:12:37 GMT-0400 (Eastern Daylight Time),160905.80000007153,A,cornsug,I,g,242,2,4983.399999976158,155922.40000009537,9070,WL,C,3.0
1,10.467000007629395,learn,49532.999992370605,Mon Jul 06 2026 16:12:37 GMT-0400 (Eastern Daylight Time),161739.10000002384,A,cornsuga,I,a,808,2,5816.699999928474,155922.40000009537,9070,WL,C,3.0
1,11.099999904632568,learn,48900.00009536743,Mon Jul 06 2026 16:12:37 GMT-0400 (Eastern Daylight Time),162372.40000009537,A,cornsug,I,backspace,612,2,6450.0,155922.40000009537,9070,WL,C,3.0
1,11.282999992370605,learn,48717.000007629395,Mon Jul 06 2026 16:12:37 GMT-0400 (Eastern Daylight Time),162555.80000007153,A,cornsu,I,backspace,157,2,6633.399999976158,155922.40000009537,9070,WL,C,3.0
1,11.450000047683716,learn,48549.999952316284,Mon Jul 06 2026 16:12:37 GMT-0400 (Eastern Daylight Time),162722.5,A,corns,I,backspace,139,2,6800.099999904633,155922.40000009537,9070,WL,C,3.0
1,12.266999959945679,learn,47733.00004005432,Mon Jul 06 2026 16:12:37 GMT-0400 (Eastern Daylight Time),163539.10000002384,A,corn,I,backspace,788,2,7616.699999928474,155922.40000009537,9070,WL,C,3.0
1,13.200999975204468,learn,46799.00002479553,Mon Jul 06 2026 16:12:37 GMT-0400 (Eastern Daylight Time),164473.0,A,cornenter,I,enter,909,2,8550.599999904633,155922.40000009537,9070,WL,C,3.0
1,13.66700005531311,learn,46332.99994468689,Mon Jul 06 2026 16:12:37 GMT-0400 (Eastern Daylight Time),164939.10000002384,A,s,I,s,443,2,465.60000002384186,164473.5,9070,WL,C,4.0
1,13.900000095367432,learn,46099.99990463257,Mon Jul 06 2026 16:12:37 GMT-0400 (Eastern Daylight Time),165172.30000007153,A,su,I,u,211,2,698.8000000715256,164473.5,9070,WL,C,4.0
1,14.117000102996826,learn,45882.999897003174,Mon Jul 06 2026 16:12:37 GMT-0400 (Eastern Daylight Time),165389.0,A,sug,I,g,204,2,915.5,164473.5,9070,WL,C,4.0
1,14.700000047683716,learn,45299.999952316284,Mon Jul 06 2026 16:12:37 GMT-0400 (Eastern Daylight Time),165972.40000009537,A,sugr,I,r,565,2,1498.9000000953674,164473.5,9070,WL,C,4.0
1,15.099999904632568,learn,44900.00009536743,Mon Jul 06 2026 16:12:37 GMT-0400 (Eastern Daylight Time),166372.0,A,sugrenter,I,enter,380,2,1898.5,164473.5,9070,WL,C,4.0
1,17.0,learn,43000.0,Mon Jul 06 2026 16:12:37 GMT-0400 (Eastern Daylight Time),168272.40000009537,A,h,I,h,1889,2,1900.0,166372.40000009537,9070,WL,C,5.0
1,17.617000102996826,learn,42382.999897003174,Mon Jul 06 2026 16:12:37 GMT-0400 (Eastern Daylight Time),168889.10000002384,A,hm,I,m,592,2,2516.6999999284744,166372.40000009537,9070,WL,C,5.0
1,18.01699995994568,learn,41983.00004005432,Mon Jul 06 2026 16:12:37 GMT-0400 (Eastern Daylight Time),169289.20000004768,A,hme,I,e,377,2,2916.7999999523163,166372.40000009537,9070,WL,C,5.0
1,18.98300004005432,learn,41016.99995994568,Mon Jul 06 2026 16:12:37 GMT-0400 (Eastern Daylight Time),170255.90000009537,A,hm,I,backspace,952,2,3883.5,166372.40000009537,9070,WL,C,5.0
1,19.16700005531311,learn,40832.99994468689,Mon Jul 06 2026 16:12:37 GMT-0400 (Eastern Daylight Time),170439.10000002384,A,h,I,backspace,162,2,4066.6999999284744,166372.40000009537,9070,WL,C,5.0
1,20.450000047683716,learn,39549.999952316284,Mon Jul 06 2026 16:12:37 GMT-0400 (Eastern Daylight Time),171722.40000009537,A,hm,I,m,1258,2,5350.0,166372.40000009537,9070,WL,C,5.0
1,20.799999952316284,learn,39200.000047683716,Mon Jul 06 2026 16:12:37 GMT-0400 (Eastern Daylight Time),172072.40000009537,A,hme,I,e,327,2,5700.0,166372.40000009537,9070,WL,C,5.0
1,21.200000047683716,learn,38799.999952316284,Mon Jul 06 2026 16:12:37 GMT-0400 (Eastern Daylight Time),172472.40000009537,A,hm,I,backspace,376,2,6100.0,166372.40000009537,9070,WL,C,5.0
1,21.367000102996826,learn,38632.999897003174,Mon Jul 06 2026 16:12:37 GMT-0400 (Eastern Daylight Time),172639.0,A,h,I,backspace,153,2,6266.599999904633,166372.40000009537,9070,WL,C,5.0
1,22.15000009536743,learn,37849.99990463257,Mon Jul 06 2026 16:12:37 GMT-0400 (Eastern Daylight Time),173422.5,A,ho,I,o,771,2,7050.099999904633,166372.40000009537,9070,WL,C,5.0
1,23.0,learn,37000.0,Mon Jul 06 2026 16:12:37 GMT-0400 (Eastern Daylight Time),174272.30000007153,A,hom,I,m,833,2,7899.899999976158,166372.40000009537,9070,WL,C,5.0
1,23.183000087738037,learn,36816.99991226196,Mon Jul 06 2026 16:12:37 GMT-0400 (Eastern Daylight Time),174455.70000004768,A,home,I,e,163,2,8083.299999952316,166372.40000009537,9070,WL,C,5.0
1,23.65000009536743,learn,36349.99990463257,Mon Jul 06 2026 16:12:37 GMT-0400 (Eastern Daylight Time),174921.90000009537,A,homeenter,I,enter,441,2,8549.5,166372.40000009537,9070,WL,C,5.0
1,24.15000009536743,learn,35849.99990463257,Mon Jul 06 2026 16:12:37 GMT-0400 (Eastern Daylight Time),175422.30000007153,A,b,I,b,491,2,499.89999997615814,174922.40000009537,9070,WL,C,6.0
1,24.26699995994568,learn,35733.00004005432,Mon Jul 06 2026 16:12:37 GMT-0400 (Eastern Daylight Time),175539.10000002384,A,bo,I,o,99,2,616.6999999284744,174922.40000009537,9070,WL,C,6.0
1,25.01699995994568,learn,34983.00004005432,Mon Jul 06 2026 16:12:37 GMT-0400 (Eastern Daylight Time),176289.10000002384,A,boy,I,y,726,2,1366.6999999284744,174922.40000009537,9070,WL,C,6.0
1,25.58299994468689,learn,34417.00005531311,Mon Jul 06 2026 16:12:37 GMT-0400 (Eastern Daylight Time),176855.20000004768,A,boyenter,I,enter,545,2,1932.7999999523163,174922.40000009537,9070,WL,C,6.0
1,26.367000102996826,learn,33632.999897003174,Mon Jul 06 2026 16:12:37 GMT-0400 (Eastern Daylight Time),177639.20000004768,A,d,I,d,766,2,783.6000000238419,176855.60000002384,9070,WL,C,7.0
1,26.65000009536743,learn,33349.99990463257,Mon Jul 06 2026 16:12:37 GMT-0400 (Eastern Daylight Time),177922.40000009537,A,dc,I,c,265,2,1066.8000000715256,176855.60000002384,9070,WL,C,7.0
1,26.91700005531311,learn,33082.99994468689,Mon Jul 06 2026 16:12:37 GMT-0400 (Eastern Daylight Time),178188.90000009537,A,dct,I,t,256,2,1333.3000000715256,176855.60000002384,9070,WL,C,7.0
1,27.049999952316284,learn,32950.000047683716,Mon Jul 06 2026 16:12:37 GMT-0400 (Eastern Daylight Time),178322.40000009537,A,dcto,I,o,116,2,1466.8000000715256,176855.60000002384,9070,WL,C,7.0
1,27.632999897003174,learn,32367.000102996826,Mon Jul 06 2026 16:12:37 GMT-0400 (Eastern Daylight Time),178905.80000007153,A,dct,I,backspace,560,2,2050.2000000476837,176855.60000002384,9070,WL,C,7.0
1,27.799999952316284,learn,32200.000047683716,Mon Jul 06 2026 16:12:37 GMT-0400 (Eastern Daylight Time),179072.40000009537,A,dc,I,backspace,153,2,2216.8000000715256,176855.60000002384,9070,WL,C,7.0
1,27.98300004005432,learn,32016.99995994568,Mon Jul 06 2026 16:12:37 GMT-0400 (Eastern Daylight Time),179255.70000004768,A,d,I,backspace,151,2,2400.100000023842,176855.60000002384,9070,WL,C,7.0
1,28.73300004005432,learn,31266.99995994568,Mon Jul 06 2026 16:12:37 GMT-0400 (Eastern Daylight Time),180005.90000009537,A,do,I,o,720,2,3150.3000000715256,176855.60000002384,9070,WL,C,7.0
1,29.299999952316284,learn,30700.000047683716,Mon Jul 06 2026 16:12:37 GMT-0400 (Eastern Daylight Time),180572.5,A,dot,I,t,539,2,3716.899999976158,176855.60000002384,9070,WL,C,7.0
1,29.40000009536743,learn,30599.99990463257,Mon Jul 06 2026 16:12:37 GMT-0400 (Eastern Daylight Time),180672.20000004768,A,doto,I,o,84,2,3816.600000023842,176855.60000002384,9070,WL,C,7.0
1,29.532999992370605,learn,30467.000007629395,Mon Jul 06 2026 16:12:37 GMT-0400 (Eastern Daylight Time),180805.60000002384,A,dotor,I,r,113,2,3950.0,176855.60000002384,9070,WL,C,7.0
1,30.032999992370605,learn,29967.000007629395,Mon Jul 06 2026 16:12:37 GMT-0400 (Eastern Daylight Time),181305.20000004768,A,dotorenter,I,enter,477,2,4449.600000023842,176855.60000002384,9070,WL,C,7.0
1,30.467000007629395,learn,29532.999992370605,Mon Jul 06 2026 16:12:37 GMT-0400 (Eastern Daylight Time),181739.10000002384,A,c,I,c,412,2,433.5,181305.60000002384,9070,WL,C,8.0
1,30.933000087738037,learn,29066.999912261963,Mon Jul 06 2026 16:12:37 GMT-0400 (Eastern Daylight Time),182205.40000009537,A,cm,I,m,456,2,899.8000000715256,181305.60000002384,9070,WL,C,8.0
1,31.33400011062622,learn,28665.99988937378,Mon Jul 06 2026 16:12:37 GMT-0400 (Eastern Daylight Time),182606.80000007153,A,cmp,I,p,386,2,1301.2000000476837,181305.60000002384,9070,WL,C,8.0
1,31.84999990463257,learn,28150.00009536743,Mon Jul 06 2026 16:12:37 GMT-0400 (Eastern Daylight Time),183122.30000007153,A,cm,I,backspace,500,2,1816.7000000476837,181305.60000002384,9070,WL,C,8.0
1,32.032999992370605,learn,27967.000007629395,Mon Jul 06 2026 16:12:37 GMT-0400 (Eastern Daylight Time),183305.70000004768,A,c,I,backspace,161,2,2000.1000000238419,181305.60000002384,9070,WL,C,8.0
1,32.18300008773804,learn,27816.999912261963,Mon Jul 06 2026 16:12:37 GMT-0400 (Eastern Daylight Time),183455.70000004768,A,ca,I,a,134,2,2150.100000023842,181305.60000002384,9070,WL,C,8.0
1,32.90000009536743,learn,27099.99990463257,Mon Jul 06 2026 16:12:37 GMT-0400 (Eastern Daylight Time),184172.60000002384,A,cam,I,m,697,2,2867.0,181305.60000002384,9070,WL,C,8.0
1,33.34999990463257,learn,26650.00009536743,Mon Jul 06 2026 16:12:37 GMT-0400 (Eastern Daylight Time),184622.40000009537,A,ca,I,backspace,437,2,3316.8000000715256,181305.60000002384,9070,WL,C,8.0
1,34.23300004005432,learn,25766.99995994568,Mon Jul 06 2026 16:12:37 GMT-0400 (Eastern Daylight Time),185505.70000004768,A,cao,I,o,868,2,4200.100000023842,181305.60000002384,9070,WL,C,8.0
1,34.867000102996826,learn,25132.999897003174,Mon Jul 06 2026 16:12:37 GMT-0400 (Eastern Daylight Time),186139.0,A,ca,I,backspace,606,2,4833.399999976158,181305.60000002384,9070,WL,C,8.0
1,35.717000007629395,learn,24282.999992370605,Mon Jul 06 2026 16:12:37 GMT-0400 (Eastern Daylight Time),186989.10000002384,A,cap,I,p,824,2,5683.5,181305.60000002384,9070,WL,C,8.0
1,36.09999990463257,learn,23900.00009536743,Mon Jul 06 2026 16:12:37 GMT-0400 (Eastern Daylight Time),187372.30000007153,A,ca,I,backspace,355,2,6066.700000047684,181305.60000002384,9070,WL,C,8.0
1,36.200000047683716,learn,23799.999952316284,Mon Jul 06 2026 16:12:37 GMT-0400 (Eastern Daylight Time),187472.10000002384,A,cam,I,m,86,2,6166.5,181305.60000002384,9070,WL,C,8.0
1,37.0,learn,23000.0,Mon Jul 06 2026 16:12:37 GMT-0400 (Eastern Daylight Time),188272.20000004768,A,camp,I,p,779,2,6966.600000023842,181305.60000002384,9070,WL,C,8.0
1,37.365999937057495,learn,22634.000062942505,Mon Jul 06 2026 16:12:37 GMT-0400 (Eastern Daylight Time),188638.5,A,campenter,I,enter,353,2,7332.899999976158,181305.60000002384,9070,WL,C,8.0
1,37.75,learn,22250.0,Mon Jul 06 2026 16:12:37 GMT-0400 (Eastern Daylight Time),189022.10000002384,A,f,I,f,375,2,383.1999999284744,188638.90000009537,9070,WL,C,9.0
1,37.91700005531311,learn,22082.99994468689,Mon Jul 06 2026 16:12:37 GMT-0400 (Eastern Daylight Time),189189.10000002384,A,fl,I,l,149,2,550.1999999284744,188638.90000009537,9070,WL,C,9.0
1,38.117000102996826,learn,21882.999897003174,Mon Jul 06 2026 16:12:37 GMT-0400 (Eastern Daylight Time),189389.10000002384,A,fla,I,a,173,2,750.1999999284744,188638.90000009537,9070,WL,C,9.0
1,38.43300008773804,learn,21566.999912261963,Mon Jul 06 2026 16:12:37 GMT-0400 (Eastern Daylight Time),189705.80000007153,A,flag,I,g,293,2,1066.8999999761581,188638.90000009537,9070,WL,C,9.0
1,39.549999952316284,learn,20450.000047683716,Mon Jul 06 2026 16:12:37 GMT-0400 (Eastern Daylight Time),190821.90000009537,A,flagenter,I,enter,1094,2,2183.0,188638.90000009537,9070,WL,C,9.0
1,48.25,learn,11750.0,Mon Jul 06 2026 16:12:37 GMT-0400 (Eastern Daylight Time),199522.30000007153,A,q,I,q,8688,2,8700.0,190822.30000007153,9070,WL,C,10.0
1,48.717000007629395,learn,11282.999992370605,Mon Jul 06 2026 16:12:37 GMT-0400 (Eastern Daylight Time),199989.0,A,qe,I,e,447,2,9166.699999928474,190822.30000007153,9070,WL,C,10.0
1,49.717000007629395,learn,10282.999992370605,Mon Jul 06 2026 16:12:37 GMT-0400 (Eastern Daylight Time),200989.0,A,q,I,backspace,973,2,10166.699999928474,190822.30000007153,9070,WL,C,10.0
1,49.782999992370605,learn,10217.000007629395,Mon Jul 06 2026 16:12:37 GMT-0400 (Eastern Daylight Time),201055.60000002384,A,qe,I,e,51,2,10233.299999952316,190822.30000007153,9070,WL,C,10.0
1,50.48300004005432,learn,9516.999959945679,Mon Jul 06 2026 16:12:37 GMT-0400 (Eastern Daylight Time),201755.70000004768,A,q,I,backspace,673,2,10933.399999976158,190822.30000007153,9070,WL,C,10.0
1,51.06599998474121,learn,8934.000015258789,Mon Jul 06 2026 16:12:37 GMT-0400 (Eastern Daylight Time),202338.80000007153,A,qu,I,u,565,2,11516.5,190822.30000007153,9070,WL,C,10.0
1,51.40000009536743,learn,8599.999904632568,Mon Jul 06 2026 16:12:37 GMT-0400 (Eastern Daylight Time),202672.20000004768,A,que,I,e,318,2,11849.899999976158,190822.30000007153,9070,WL,C,10.0
1,51.549999952316284,learn,8450.000047683716,Mon Jul 06 2026 16:12:37 GMT-0400 (Eastern Daylight Time),202822.40000009537,A,quee,I,e,129,2,12000.100000023842,190822.30000007153,9070,WL,C,10.0
1,52.33299994468689,learn,7667.00005531311,Mon Jul 06 2026 16:12:37 GMT-0400 (Eastern Daylight Time),203605.60000002384,A,queen,I,n,762,2,12783.299999952316,190822.30000007153,9070,WL,C,10.0
1,52.8989999294281,learn,7101.000070571899,Mon Jul 06 2026 16:12:37 GMT-0400 (Eastern Daylight Time),204171.80000007153,A,queenenter,I,enter,553,2,13349.5,190822.30000007153,9070,WL,C,10.0
1,60.01699995994568,learn,-16.99995994567871,Mon Jul 06 2026 16:12:37 GMT-0400 (Eastern Daylight Time),211289.20000004768,A,None,I,None,7110,2,7117.100000023842,204172.10000002384,9070,WL,C,11.0
2,0.8670001029968262,learn,59132.999897003174,Mon Jul 06 2026 16:12:37 GMT-0400 (Eastern Daylight Time),283522.10000002384,A,l,I,l,852,2,866.1999999284744,282655.90000009537,9070,WL,C,1.0
2,1.067000150680542,learn,58932.99984931946,Mon Jul 06 2026 16:12:37 GMT-0400 (Eastern Daylight Time),283722.2000000477,A,le,I,e,175,2,1066.2999999523163,282655.90000009537,9070,WL,C,1.0
2,1.4670000076293945,learn,58532.999992370605,Mon Jul 06 2026 16:12:37 GMT-0400 (Eastern Daylight Time),284122.10000002384,A,let,I,t,366,2,1466.1999999284744,282655.90000009537,9070,WL,C,1.0
2,1.7000000476837158,learn,58299.999952316284,Mon Jul 06 2026 16:12:37 GMT-0400 (Eastern Daylight Time),284355.40000009537,A,lete,I,e,214,2,1699.5,282655.90000009537,9070,WL,C,1.0
2,1.883000135421753,learn,58116.99986457825,Mon Jul 06 2026 16:12:37 GMT-0400 (Eastern Daylight Time),284538.90000009537,A,leter,I,r,157,2,1883.0,282655.90000009537,9070,WL,C,1.0
2,3.134000062942505,learn,56865.999937057495,Mon Jul 06 2026 16:12:37 GMT-0400 (Eastern Daylight Time),285789.3000000715,A,leterenter,I,enter,1229,2,3133.399999976158,282655.90000009537,9070,WL,C,1.0
2,3.700000047683716,learn,56299.999952316284,Mon Jul 06 2026 16:12:37 GMT-0400 (Eastern Daylight Time),286355.10000002384,A,n,I,n,551,2,565.2999999523163,285789.8000000715,9070,WL,C,2.0
2,3.9000000953674316,learn,56099.99990463257,Mon Jul 06 2026 16:12:37 GMT-0400 (Eastern Daylight Time),286555.60000002384,A,na,I,a,178,2,765.7999999523163,285789.8000000715,9070,WL,C,2.0
2,4.16700005531311,learn,55832.99994468689,Mon Jul 06 2026 16:12:37 GMT-0400 (Eastern Daylight Time),286822.10000002384,A,nai,I,i,245,2,1032.2999999523163,285789.8000000715,9070,WL,C,2.0
2,4.41700005531311,learn,55582.99994468689,Mon Jul 06 2026 16:12:37 GMT-0400 (Eastern Daylight Time),287072.10000002384,A,nail,I,l,235,2,1282.2999999523163,285789.8000000715,9070,WL,C,2.0
2,4.700000047683716,learn,55299.999952316284,Mon Jul 06 2026 16:12:37 GMT-0400 (Eastern Daylight Time),287355.0,A,nailenter,I,enter,256,2,1565.1999999284744,285789.8000000715,9070,WL,C,2.0
2,5.200000047683716,learn,54799.999952316284,Mon Jul 06 2026 16:12:37 GMT-0400 (Eastern Daylight Time),287855.40000009537,A,s,I,s,490,2,500.10000002384186,287355.3000000715,9070,WL,C,3.0
2,5.450000047683716,learn,54549.999952316284,Mon Jul 06 2026 16:12:37 GMT-0400 (Eastern Daylight Time),288105.60000002384,A,sh,I,h,225,2,750.2999999523163,287355.3000000715,9070,WL,C,3.0
2,5.733000040054321,learn,54266.99995994568,Mon Jul 06 2026 16:12:37 GMT-0400 (Eastern Daylight Time),288388.8000000715,A,sho,I,o,263,2,1033.5,287355.3000000715,9070,WL,C,3.0
2,6.0,learn,54000.0,Mon Jul 06 2026 16:12:37 GMT-0400 (Eastern Daylight Time),288655.40000009537,A,shor,I,r,254,2,1300.1000000238419,287355.3000000715,9070,WL,C,3.0
2,6.233000040054321,learn,53766.99995994568,Mon Jul 06 2026 16:12:37 GMT-0400 (Eastern Daylight Time),288888.8000000715,A,shore,I,e,209,2,1533.5,287355.3000000715,9070,WL,C,3.0
2,6.517000198364258,learn,53482.99980163574,Mon Jul 06 2026 16:12:37 GMT-0400 (Eastern Daylight Time),289172.8000000715,A,shoreenter,I,enter,262,2,1817.5,287355.3000000715,9070,WL,C,3.0
2,6.817000150680542,learn,53182.99984931946,Mon Jul 06 2026 16:12:37 GMT-0400 (Eastern Daylight Time),289472.2000000477,A,b,I,b,288,2,299.0,289173.2000000477,9070,WL,C,4.0
2,7.017000198364258,learn,52982.99980163574,Mon Jul 06 2026 16:12:37 GMT-0400 (Eastern Daylight Time),289672.0,A,bo,I,o,176,2,498.7999999523163,289173.2000000477,9070,WL,C,4.0
2,7.317000150680542,learn,52682.99984931946,Mon Jul 06 2026 16:12:37 GMT-0400 (Eastern Daylight Time),289972.10000002384,A,bod,I,d,281,2,798.8999999761581,289173.2000000477,9070,WL,C,4.0
2,7.617000102996826,learn,52382.999897003174,Mon Jul 06 2026 16:12:37 GMT-0400 (Eastern Daylight Time),290272.10000002384,A,body,I,y,285,2,1098.8999999761581,289173.2000000477,9070,WL,C,4.0
2,8.133000135421753,learn,51866.99986457825,Mon Jul 06 2026 16:12:37 GMT-0400 (Eastern Daylight Time),290788.3000000715,A,bodyenter,I,enter,496,2,1615.1000000238419,289173.2000000477,9070,WL,C,4.0
2,8.400000095367432,learn,51599.99990463257,Mon Jul 06 2026 16:12:37 GMT-0400 (Eastern Daylight Time),291055.5,A,c,I,c,256,2,266.7999999523163,290788.7000000477,9070,WL,C,5.0
2,8.650000095367432,learn,51349.99990463257,Mon Jul 06 2026 16:12:37 GMT-0400 (Eastern Daylight Time),291305.5,A,ca,I,a,217,2,516.7999999523163,290788.7000000477,9070,WL,C,5.0
2,8.883000135421753,learn,51116.99986457825,Mon Jul 06 2026 16:12:37 GMT-0400 (Eastern Daylight Time),291538.7000000477,A,cat,I,t,215,2,750.0,290788.7000000477,9070,WL,C,5.0
2,9.017000198364258,learn,50982.99980163574,Mon Jul 06 2026 16:12:37 GMT-0400 (Eastern Daylight Time),291672.0,A,catt,I,t,110,2,883.2999999523163,290788.7000000477,9070,WL,C,5.0
2,9.200000047683716,learn,50799.999952316284,Mon Jul 06 2026 16:12:37 GMT-0400 (Eastern Daylight Time),291855.3000000715,A,cattl,I,l,170,2,1066.6000000238419,290788.7000000477,9070,WL,C,5.0
2,9.41700005531311,learn,50582.99994468689,Mon Jul 06 2026 16:12:37 GMT-0400 (Eastern Daylight Time),292072.10000002384,A,cattle,I,e,192,2,1283.3999999761581,290788.7000000477,9070,WL,C,5.0
2,9.666000127792358,learn,50333.99987220764,Mon Jul 06 2026 16:12:37 GMT-0400 (Eastern Daylight Time),292321.60000002384,A,cattleenter,I,enter,231,2,1532.8999999761581,290788.7000000477,9070,WL,C,5.0
2,9.933000087738037,learn,50066.99991226196,Mon Jul 06 2026 16:12:37 GMT-0400 (Eastern Daylight Time),292588.8000000715,A,t,I,t,244,2,266.8000000715256,292322.0,9070,WL,C,6.0
2,10.100000143051147,learn,49899.99985694885,Mon Jul 06 2026 16:12:37 GMT-0400 (Eastern Daylight Time),292755.40000009537,A,to,I,o,148,2,433.40000009536743,292322.0,9070,WL,C,6.0
2,10.283000230789185,learn,49716.999769210815,Mon Jul 06 2026 16:12:37 GMT-0400 (Eastern Daylight Time),292938.8000000715,A,tow,I,w,159,2,616.8000000715256,292322.0,9070,WL,C,6.0
2,10.450000047683716,learn,49549.999952316284,Mon Jul 06 2026 16:12:37 GMT-0400 (Eastern Daylight Time),293105.40000009537,A,towe,I,e,150,2,783.4000000953674,292322.0,9070,WL,C,6.0
2,10.66700005531311,learn,49332.99994468689,Mon Jul 06 2026 16:12:37 GMT-0400 (Eastern Daylight Time),293322.2000000477,A,tower,I,r,193,2,1000.2000000476837,292322.0,9070,WL,C,6.0
2,10.933000087738037,learn,49066.99991226196,Mon Jul 06 2026 16:12:37 GMT-0400 (Eastern Daylight Time),293588.3000000715,A,towerenter,I,enter,245,2,1266.3000000715256,292322.0,9070,WL,C,6.0
2,11.233000040054321,learn,48766.99995994568,Mon Jul 06 2026 16:12:37 GMT-0400 (Eastern Daylight Time),293888.7000000477,A,w,I,w,289,2,300.10000002384186,293588.60000002384,9070,WL,C,7.0
2,11.617000102996826,learn,48382.999897003174,Mon Jul 06 2026 16:12:37 GMT-0400 (Eastern Daylight Time),294272.10000002384,A,we,I,e,369,2,683.5,293588.60000002384,9070,WL,C,7.0
2,11.867000102996826,learn,48132.999897003174,Mon Jul 06 2026 16:12:37 GMT-0400 (Eastern Daylight Time),294522.10000002384,A,wea,I,a,226,2,933.5,293588.60000002384,9070,WL,C,7.0
2,12.366000175476074,learn,47633.999824523926,Mon Jul 06 2026 16:12:37 GMT-0400 (Eastern Daylight Time),295021.60000002384,A,weaenter,I,enter,486,2,1433.0,293588.60000002384,9070,WL,C,7.0
2,12.600000143051147,learn,47399.99985694885,Mon Jul 06 2026 16:12:37 GMT-0400 (Eastern Daylight Time),295255.40000009537,A,c,I,c,216,2,233.5,295021.90000009537,9070,WL,C,8.0
2,12.767000198364258,learn,47232.99980163574,Mon Jul 06 2026 16:12:37 GMT-0400 (Eastern Daylight Time),295422.0,A,co,I,o,153,2,400.09999990463257,295021.90000009537,9070,WL,C,8.0
2,12.949000120162964,learn,47050.999879837036,Mon Jul 06 2026 16:12:37 GMT-0400 (Eastern Daylight Time),295604.60000002384,A,cor,I,r,162,2,582.6999999284744,295021.90000009537,9070,WL,C,8.0
2,13.233000040054321,learn,46766.99995994568,Mon Jul 06 2026 16:12:37 GMT-0400 (Eastern Daylight Time),295888.7000000477,A,corn,I,n,272,2,866.7999999523163,295021.90000009537,9070,WL,C,8.0
2,13.766000032424927,learn,46233.99996757507,Mon Jul 06 2026 16:12:37 GMT-0400 (Eastern Daylight Time),296421.60000002384,A,cornenter,I,enter,511,2,1399.6999999284744,295021.90000009537,9070,WL,C,8.0
2,14.450000047683716,learn,45549.999952316284,Mon Jul 06 2026 16:12:37 GMT-0400 (Eastern Daylight Time),297105.40000009537,A,s,I,s,671,2,683.4000000953674,296422.0,9070,WL,C,9.0
2,14.634000062942505,learn,45365.999937057495,Mon Jul 06 2026 16:12:37 GMT-0400 (Eastern Daylight Time),297288.90000009537,A,su,I,u,150,2,866.9000000953674,296422.0,9070,WL,C,9.0
2,14.883000135421753,learn,45116.99986457825,Mon Jul 06 2026 16:12:37 GMT-0400 (Eastern Daylight Time),297538.8000000715,A,sug,I,g,231,2,1116.8000000715256,296422.0,9070,WL,C,9.0
2,15.150000095367432,learn,44849.99990463257,Mon Jul 06 2026 16:12:37 GMT-0400 (Eastern Daylight Time),297805.2000000477,A,suga,I,a,241,2,1383.2000000476837,296422.0,9070,WL,C,9.0
2,15.400000095367432,learn,44599.99990463257,Mon Jul 06 2026 16:12:37 GMT-0400 (Eastern Daylight Time),298055.40000009537,A,sugar,I,r,226,2,1633.4000000953674,296422.0,9070,WL,C,9.0
2,15.700000047683716,learn,44299.999952316284,Mon Jul 06 2026 16:12:37 GMT-0400 (Eastern Daylight Time),298354.90000009537,A,sugarenter,I,enter,281,2,1932.9000000953674,296422.0,9070,WL,C,9.0
2,16.16700005531311,learn,43832.99994468689,Mon Jul 06 2026 16:12:37 GMT-0400 (Eastern Daylight Time),298822.10000002384,A,c,I,c,450,2,466.7999999523163,298355.3000000715,9070,WL,C,10.0
2,16.40000009536743,learn,43599.99990463257,Mon Jul 06 2026 16:12:37 GMT-0400 (Eastern Daylight Time),299055.40000009537,A,ca,I,a,217,2,700.1000000238419,298355.3000000715,9070,WL,C,10.0
2,16.633000135421753,learn,43366.99986457825,Mon Jul 06 2026 16:12:37 GMT-0400 (Eastern Daylight Time),299288.7000000477,A,cam,I,m,209,2,933.3999999761581,298355.3000000715,9070,WL,C,10.0
2,17.050000190734863,learn,42949.99980926514,Mon Jul 06 2026 16:12:37 GMT-0400 (Eastern Daylight Time),299705.40000009537,A,camp,I,p,392,2,1350.1000000238419,298355.3000000715,9070,WL,C,10.0
2,17.383000135421753,learn,42616.99986457825,Mon Jul 06 2026 16:12:37 GMT-0400 (Eastern Daylight Time),300038.40000009537,A,campenter,I,enter,310,2,1683.1000000238419,298355.3000000715,9070,WL,C,10.0
2,17.951000213623047,learn,42048.99978637695,Mon Jul 06 2026 16:12:37 GMT-0400 (Eastern Daylight Time),300606.40000009537,A,f,I,f,558,2,567.8000000715256,300038.60000002384,9070,WL,C,11.0
2,18.133000135421753,learn,41866.99986457825,Mon Jul 06 2026 16:12:37 GMT-0400 (Eastern Daylight Time),300788.8000000715,A,fl,I,l,153,2,750.2000000476837,300038.60000002384,9070,WL,C,11.0
2,18.300000190734863,learn,41699.99980926514,Mon Jul 06 2026 16:12:37 GMT-0400 (Eastern Daylight Time),300955.40000009537,A,fla,I,a,142,2,916.8000000715256,300038.60000002384,9070,WL,C,11.0
2,18.617000102996826,learn,41382.999897003174,Mon Jul 06 2026 16:12:37 GMT-0400 (Eastern Daylight Time),301272.10000002384,A,flag,I,g,293,2,1233.5,300038.60000002384,9070,WL,C,11.0
2,18.90000009536743,learn,41099.99990463257,Mon Jul 06 2026 16:12:37 GMT-0400 (Eastern Daylight Time),301555.0,A,flagenter,I,enter,264,2,1516.3999999761581,300038.60000002384,9070,WL,C,11.0
2,19.217000007629395,learn,40782.999992370605,Mon Jul 06 2026 16:12:37 GMT-0400 (Eastern Daylight Time),301872.10000002384,A,b,I,b,307,2,316.7999999523163,301555.3000000715,9070,WL,C,12.0
2,19.41700005531311,learn,40582.99994468689,Mon Jul 06 2026 16:12:37 GMT-0400 (Eastern Daylight Time),302072.0,A,bo,I,o,175,2,516.6999999284744,301555.3000000715,9070,WL,C,12.0
2,19.58300018310547,learn,40416.99981689453,Mon Jul 06 2026 16:12:37 GMT-0400 (Eastern Daylight Time),302238.7000000477,A,bod,I,d,153,2,683.3999999761581,301555.3000000715,9070,WL,C,12.0
2,19.951000213623047,learn,40048.99978637695,Mon Jul 06 2026 16:12:37 GMT-0400 (Eastern Daylight Time),302606.40000009537,A,bo,I,backspace,354,2,1051.1000000238419,301555.3000000715,9070,WL,C,12.0
2,20.08300018310547,learn,39916.99981689453,Mon Jul 06 2026 16:12:37 GMT-0400 (Eastern Daylight Time),302738.7000000477,A,boy,I,y,115,2,1183.3999999761581,301555.3000000715,9070,WL,C,12.0
2,20.81600022315979,learn,39183.99977684021,Mon Jul 06 2026 16:12:37 GMT-0400 (Eastern Daylight Time),303471.60000002384,A,boyenter,I,enter,718,2,1916.2999999523163,301555.3000000715,9070,WL,C,12.0
2,21.41700005531311,learn,38582.99994468689,Mon Jul 06 2026 16:12:37 GMT-0400 (Eastern Daylight Time),304072.2000000477,A,d,I,d,582,2,600.3999999761581,303471.8000000715,9070,WL,C,13.0
2,21.633000135421753,learn,38366.99986457825,Mon Jul 06 2026 16:12:37 GMT-0400 (Eastern Daylight Time),304288.8000000715,A,dc,I,c,203,2,817.0,303471.8000000715,9070,WL,C,13.0
2,21.90000009536743,learn,38099.99990463257,Mon Jul 06 2026 16:12:37 GMT-0400 (Eastern Daylight Time),304555.40000009537,A,dct,I,t,234,2,1083.6000000238419,303471.8000000715,9070,WL,C,13.0
2,22.017000198364258,learn,37982.99980163574,Mon Jul 06 2026 16:12:37 GMT-0400 (Eastern Daylight Time),304671.90000009537,A,dcto,I,o,103,2,1200.1000000238419,303471.8000000715,9070,WL,C,13.0
2,22.183000087738037,learn,37816.99991226196,Mon Jul 06 2026 16:12:37 GMT-0400 (Eastern Daylight Time),304838.7000000477,A,dctor,I,r,138,2,1366.8999999761581,303471.8000000715,9070,WL,C,13.0
2,23.41600012779236,learn,36583.99987220764,Mon Jul 06 2026 16:12:37 GMT-0400 (Eastern Daylight Time),306071.7000000477,A,dctorenter,I,enter,1209,2,2599.899999976158,303471.8000000715,9070,WL,C,13.0
2,24.600000143051147,learn,35399.99985694885,Mon Jul 06 2026 16:12:37 GMT-0400 (Eastern Daylight Time),307255.5,A,c,I,c,1165,2,1183.5,306072.0,9070,WL,C,14.0
2,24.91700005531311,learn,35082.99994468689,Mon Jul 06 2026 16:12:37 GMT-0400 (Eastern Daylight Time),307572.10000002384,A,ca,I,a,298,2,1500.1000000238419,306072.0,9070,WL,C,14.0
2,25.800000190734863,learn,34199.99980926514,Mon Jul 06 2026 16:12:37 GMT-0400 (Eastern Daylight Time),308455.40000009537,A,c,I,backspace,862,2,2383.4000000953674,306072.0,9070,WL,C,14.0
2,26.33300018310547,learn,33666.99981689453,Mon Jul 06 2026 16:12:37 GMT-0400 (Eastern Daylight Time),308988.90000009537,A,,I,backspace,506,2,2916.9000000953674,306072.0,9070,WL,C,14.0
2,27.66700005531311,learn,32332.99994468689,Mon Jul 06 2026 16:12:37 GMT-0400 (Eastern Daylight Time),310322.10000002384,A,c,I,c,1318,2,4250.100000023842,306072.0,9070,WL,C,14.0
2,28.484000205993652,learn,31515.999794006348,Mon Jul 06 2026 16:12:37 GMT-0400 (Eastern Daylight Time),311138.90000009537,A,cm,I,m,799,2,5066.900000095367,306072.0,9070,WL,C,14.0
2,29.517000198364258,learn,30482.999801635742,Mon Jul 06 2026 16:12:37 GMT-0400 (Eastern Daylight Time),312171.90000009537,A,c,I,backspace,1005,2,6099.900000095367,306072.0,9070,WL,C,14.0
2,29.717000007629395,learn,30282.999992370605,Mon Jul 06 2026 16:12:37 GMT-0400 (Eastern Daylight Time),312372.10000002384,A,,I,backspace,181,2,6300.100000023842,306072.0,9070,WL,C,14.0
2,30.58300018310547,learn,29416.99981689453,Mon Jul 06 2026 16:12:37 GMT-0400 (Eastern Daylight Time),313238.7000000477,A,c,I,c,846,2,7166.700000047684,306072.0,9070,WL,C,14.0
2,30.867000102996826,learn,29132.999897003174,Mon Jul 06 2026 16:12:37 GMT-0400 (Eastern Daylight Time),313522.10000002384,A,ca,I,a,267,2,7450.100000023842,306072.0,9070,WL,C,14.0
2,31.567000150680542,learn,28432.999849319458,Mon Jul 06 2026 16:12:37 GMT-0400 (Eastern Daylight Time),314221.90000009537,A,cap,I,p,686,2,8149.900000095367,306072.0,9070,WL,C,14.0
2,32.08300018310547,learn,27916.99981689453,Mon Jul 06 2026 16:12:37 GMT-0400 (Eastern Daylight Time),314738.7000000477,A,ca,I,backspace,500,2,8666.700000047684,306072.0,9070,WL,C,14.0
2,32.81700015068054,learn,27182.999849319458,Mon Jul 06 2026 16:12:37 GMT-0400 (Eastern Daylight Time),315472.0,A,cam,I,m,717,2,9400.0,306072.0,9070,WL,C,14.0
2,33.283000230789185,learn,26716.999769210815,Mon Jul 06 2026 16:12:37 GMT-0400 (Eastern Daylight Time),315938.8000000715,A,camp,I,p,450,2,9866.800000071526,306072.0,9070,WL,C,14.0
2,34.866000175476074,learn,25133.999824523926,Mon Jul 06 2026 16:12:37 GMT-0400 (Eastern Daylight Time),317521.60000002384,A,campenter,I,enter,1564,2,11449.600000023842,306072.0,9070,WL,C,14.0
2,46.950000047683716,learn,13049.999952316284,Mon Jul 06 2026 16:12:37 GMT-0400 (Eastern Daylight Time),329605.40000009537,A,b,I,b,12067,2,12083.5,317521.90000009537,9070,WL,C,15.0
2,47.13300013542175,learn,12866.999864578247,Mon Jul 06 2026 16:12:37 GMT-0400 (Eastern Daylight Time),329788.7000000477,A,bo,I,o,154,2,12266.799999952316,317521.90000009537,9070,WL,C,15.0
2,47.41700005531311,learn,12582.99994468689,Mon Jul 06 2026 16:12:37 GMT-0400 (Eastern Daylight Time),330072.0,A,bod,I,d,261,2,12550.099999904633,317521.90000009537,9070,WL,C,15.0
2,47.73300004005432,learn,12266.999959945679,Mon Jul 06 2026 16:12:37 GMT-0400 (Eastern Daylight Time),330388.7000000477,A,body,I,y,298,2,12866.799999952316,317521.90000009537,9070,WL,C,15.0
2,48.200000047683716,learn,11799.999952316284,Mon Jul 06 2026 16:12:37 GMT-0400 (Eastern Daylight Time),330854.90000009537,A,bodyenter,I,enter,443,2,13333.0,317521.90000009537,9070,WL,C,15.0
3,1.065999984741211,learn,58934.00001525879,Mon Jul 06 2026 16:12:37 GMT-0400 (Eastern Daylight Time),409021.8000000715,A,t,I,t,1057,2,1066.3000000715256,407955.5,9070,WL,C,1.0
3,1.25,learn,58750.0,Mon Jul 06 2026 16:12:37 GMT-0400 (Eastern Daylight Time),409205.2000000477,A,to,I,o,164,2,1249.7000000476837,407955.5,9070,WL,C,1.0
3,1.565999984741211,learn,58434.00001525879,Mon Jul 06 2026 16:12:37 GMT-0400 (Eastern Daylight Time),409521.7000000477,A,tow,I,w,291,2,1566.2000000476837,407955.5,9070,WL,C,1.0
3,1.7829999923706055,learn,58217.000007629395,Mon Jul 06 2026 16:12:37 GMT-0400 (Eastern Daylight Time),409738.5,A,towe,I,e,191,2,1783.0,407955.5,9070,WL,C,1.0
3,2.432999849319458,learn,57567.00015068054,Mon Jul 06 2026 16:12:37 GMT-0400 (Eastern Daylight Time),410388.10000002384,A,toweenter,I,enter,630,2,2432.600000023842,407955.5,9070,WL,C,1.0
3,3.932999849319458,learn,56067.00015068054,Mon Jul 06 2026 16:12:37 GMT-0400 (Eastern Daylight Time),411888.40000009537,A,u,I,u,1488,2,1500.1000000238419,410388.3000000715,9070,WL,C,2.0
3,4.182999849319458,learn,55817.00015068054,Mon Jul 06 2026 16:12:37 GMT-0400 (Eastern Daylight Time),412138.5,A,ue,I,e,225,2,1750.1999999284744,410388.3000000715,9070,WL,C,2.0
3,4.33299994468689,learn,55667.00005531311,Mon Jul 06 2026 16:12:37 GMT-0400 (Eastern Daylight Time),412288.60000002384,A,uee,I,e,135,2,1900.2999999523163,410388.3000000715,9070,WL,C,2.0
3,4.766000032424927,learn,55233.99996757507,Mon Jul 06 2026 16:12:37 GMT-0400 (Eastern Daylight Time),412721.8000000715,A,ueen,I,n,416,2,2333.5,410388.3000000715,9070,WL,C,2.0
3,5.2170000076293945,learn,54782.999992370605,Mon Jul 06 2026 16:12:37 GMT-0400 (Eastern Daylight Time),413172.5,A,ueenenter,I,enter,430,2,2784.1999999284744,410388.3000000715,9070,WL,C,2.0
3,6.116999864578247,learn,53883.00013542175,Mon Jul 06 2026 16:12:37 GMT-0400 (Eastern Daylight Time),414071.90000009537,A,s,I,s,881,2,899.1000000238419,413172.8000000715,9070,WL,C,3.0
3,6.349999904632568,learn,53650.00009536743,Mon Jul 06 2026 16:12:37 GMT-0400 (Eastern Daylight Time),414305.10000002384,A,su,I,u,216,2,1132.2999999523163,413172.8000000715,9070,WL,C,3.0
3,7.566999912261963,learn,52433.00008773804,Mon Jul 06 2026 16:12:37 GMT-0400 (Eastern Daylight Time),415521.90000009537,A,sua,I,a,1192,2,2349.100000023842,413172.8000000715,9070,WL,C,3.0
3,8.66599988937378,learn,51334.00011062622,Mon Jul 06 2026 16:12:37 GMT-0400 (Eastern Daylight Time),416621.8000000715,A,su,I,backspace,1088,2,3449.0,413172.8000000715,9070,WL,C,3.0
3,9.41599988937378,learn,50584.00011062622,Mon Jul 06 2026 16:12:37 GMT-0400 (Eastern Daylight Time),417371.8000000715,A,sug,I,g,723,2,4199.0,413172.8000000715,9070,WL,C,3.0
3,9.782999992370605,learn,50217.000007629395,Mon Jul 06 2026 16:12:37 GMT-0400 (Eastern Daylight Time),417738.5,A,suga,I,a,341,2,4565.699999928474,413172.8000000715,9070,WL,C,3.0
3,10.08299994468689,learn,49917.00005531311,Mon Jul 06 2026 16:12:37 GMT-0400 (Eastern Daylight Time),418038.40000009537,A,sugar,I,r,279,2,4865.600000023842,413172.8000000715,9070,WL,C,3.0
3,10.532999992370605,learn,49467.000007629395,Mon Jul 06 2026 16:12:37 GMT-0400 (Eastern Daylight Time),418488.0,A,sugarenter,I,enter,427,2,5315.199999928474,413172.8000000715,9070,WL,C,3.0
3,11.050999879837036,learn,48949.000120162964,Mon Jul 06 2026 16:12:37 GMT-0400 (Eastern Daylight Time),419006.2000000477,A,w,I,w,510,2,517.8999999761581,418488.3000000715,9070,WL,C,4.0
3,11.233000040054321,learn,48766.99995994568,Mon Jul 06 2026 16:12:37 GMT-0400 (Eastern Daylight Time),419188.5,A,wh,I,h,163,2,700.1999999284744,418488.3000000715,9070,WL,C,4.0
3,11.41599988937378,learn,48584.00011062622,Mon Jul 06 2026 16:12:37 GMT-0400 (Eastern Daylight Time),419371.8000000715,A,whe,I,e,149,2,883.5,418488.3000000715,9070,WL,C,4.0
3,11.899999856948853,learn,48100.00014305115,Mon Jul 06 2026 16:12:37 GMT-0400 (Eastern Daylight Time),419855.2000000477,A,whet,I,t,460,2,1366.8999999761581,418488.3000000715,9070,WL,C,4.0
3,12.23199987411499,learn,47768.00012588501,Mon Jul 06 2026 16:12:37 GMT-0400 (Eastern Daylight Time),420187.7000000477,A,whetenter,I,enter,319,2,1699.3999999761581,418488.3000000715,9070,WL,C,4.0
3,12.965999841690063,learn,47034.00015830994,Mon Jul 06 2026 16:12:37 GMT-0400 (Eastern Daylight Time),420921.8000000715,A,c,I,c,713,2,733.8000000715256,420188.0,9070,WL,C,5.0
3,13.215999841690063,learn,46784.00015830994,Mon Jul 06 2026 16:12:37 GMT-0400 (Eastern Daylight Time),421171.7000000477,A,ca,I,a,232,2,983.7000000476837,420188.0,9070,WL,C,5.0
3,13.5,learn,46500.0,Mon Jul 06 2026 16:12:37 GMT-0400 (Eastern Daylight Time),421455.10000002384,A,cat,I,t,269,2,1267.1000000238419,420188.0,9070,WL,C,5.0
3,13.815999984741211,learn,46184.00001525879,Mon Jul 06 2026 16:12:37 GMT-0400 (Eastern Daylight Time),421771.8000000715,A,catl,I,l,290,2,1583.8000000715256,420188.0,9070,WL,C,5.0
3,14.049999952316284,learn,45950.000047683716,Mon Jul 06 2026 16:12:37 GMT-0400 (Eastern Daylight Time),422005.10000002384,A,catle,I,e,213,2,1817.1000000238419,420188.0,9070,WL,C,5.0
3,14.965999841690063,learn,45034.00015830994,Mon Jul 06 2026 16:12:37 GMT-0400 (Eastern Daylight Time),422921.40000009537,A,catleenter,I,enter,883,2,2733.4000000953674,420188.0,9070,WL,C,5.0
3,15.66599988937378,learn,44334.00011062622,Mon Jul 06 2026 16:12:37 GMT-0400 (Eastern Daylight Time),423621.8000000715,A,c,I,c,683,2,700.0,422921.8000000715,9070,WL,C,6.0
3,15.932999849319458,learn,44067.00015068054,Mon Jul 06 2026 16:12:37 GMT-0400 (Eastern Daylight Time),423888.40000009537,A,ca,I,a,253,2,966.6000000238419,422921.8000000715,9070,WL,C,6.0
3,16.23300004005432,learn,43766.99995994568,Mon Jul 06 2026 16:12:37 GMT-0400 (Eastern Daylight Time),424188.40000009537,A,cam,I,m,272,2,1266.6000000238419,422921.8000000715,9070,WL,C,6.0
3,16.549999952316284,learn,43450.000047683716,Mon Jul 06 2026 16:12:37 GMT-0400 (Eastern Daylight Time),424505.2000000477,A,camp,I,p,293,2,1583.3999999761581,422921.8000000715,9070,WL,C,6.0
3,17.132999897003174,learn,42867.000102996826,Mon Jul 06 2026 16:12:37 GMT-0400 (Eastern Daylight Time),425088.5,A,camph,I,h,568,2,2166.6999999284744,422921.8000000715,9070,WL,C,6.0
3,17.365999937057495,learn,42634.000062942505,Mon Jul 06 2026 16:12:37 GMT-0400 (Eastern Daylight Time),425321.8000000715,A,campho,I,o,210,2,2400.0,422921.8000000715,9070,WL,C,6.0
3,17.615999937057495,learn,42384.000062942505,Mon Jul 06 2026 16:12:37 GMT-0400 (Eastern Daylight Time),425571.7000000477,A,camphom,I,m,230,2,2649.899999976158,422921.8000000715,9070,WL,C,6.0
3,17.83299994468689,learn,42167.00005531311,Mon Jul 06 2026 16:12:37 GMT-0400 (Eastern Daylight Time),425788.40000009537,A,camphome,I,e,204,2,2866.600000023842,422921.8000000715,9070,WL,C,6.0
3,18.16599988937378,learn,41834.00011062622,Mon Jul 06 2026 16:12:37 GMT-0400 (Eastern Daylight Time),426121.40000009537,A,camphomeenter,I,enter,300,2,3199.600000023842,422921.8000000715,9070,WL,C,6.0
3,19.032999992370605,learn,40967.000007629395,Mon Jul 06 2026 16:12:37 GMT-0400 (Eastern Daylight Time),426988.40000009537,A,b,I,b,859,2,866.6000000238419,426121.8000000715,9070,WL,C,7.0
3,19.23300004005432,learn,40766.99995994568,Mon Jul 06 2026 16:12:37 GMT-0400 (Eastern Daylight Time),427188.5,A,bo,I,o,180,2,1066.6999999284744,426121.8000000715,9070,WL,C,7.0
3,20.532999992370605,learn,39467.000007629395,Mon Jul 06 2026 16:12:37 GMT-0400 (Eastern Daylight Time),428488.5,A,boy,I,y,1268,2,2366.6999999284744,426121.8000000715,9070,WL,C,7.0
3,21.033999919891357,learn,38966.00008010864,Mon Jul 06 2026 16:12:37 GMT-0400 (Eastern Daylight Time),428989.0,A,boyenter,I,enter,488,2,2867.1999999284744,426121.8000000715,9070,WL,C,7.0
3,21.532999992370605,learn,38467.000007629395,Mon Jul 06 2026 16:12:37 GMT-0400 (Eastern Daylight Time),429488.3000000715,A,d,I,d,488,2,498.89999997615814,428989.40000009537,9070,WL,C,8.0
3,21.66599988937378,learn,38334.00011062622,Mon Jul 06 2026 16:12:37 GMT-0400 (Eastern Daylight Time),429621.90000009537,A,do,I,o,114,2,632.5,428989.40000009537,9070,WL,C,8.0
3,21.799999952316284,learn,38200.000047683716,Mon Jul 06 2026 16:12:37 GMT-0400 (Eastern Daylight Time),429755.10000002384,A,doc,I,c,99,2,765.6999999284744,428989.40000009537,9070,WL,C,8.0
3,22.032999992370605,learn,37967.000007629395,Mon Jul 06 2026 16:12:37 GMT-0400 (Eastern Daylight Time),429988.5,A,doct,I,t,206,2,999.0999999046326,428989.40000009537,9070,WL,C,8.0
3,22.34999990463257,learn,37650.00009536743,Mon Jul 06 2026 16:12:37 GMT-0400 (Eastern Daylight Time),430305.2000000477,A,doctr,I,r,301,2,1315.7999999523163,428989.40000009537,9070,WL,C,8.0
3,23.432999849319458,learn,36567.00015068054,Mon Jul 06 2026 16:12:37 GMT-0400 (Eastern Daylight Time),431388.40000009537,A,doctrl,I,l,1074,2,2399.0,428989.40000009537,9070,WL,C,8.0
3,23.59999990463257,learn,36400.00009536743,Mon Jul 06 2026 16:12:37 GMT-0400 (Eastern Daylight Time),431555.10000002384,A,doctrle,I,e,148,2,2565.6999999284744,428989.40000009537,9070,WL,C,8.0
3,23.84999990463257,learn,36150.00009536743,Mon Jul 06 2026 16:12:37 GMT-0400 (Eastern Daylight Time),431804.8000000715,A,doctrlet,I,t,230,2,2815.399999976158,428989.40000009537,9070,WL,C,8.0
3,24.0,learn,36000.0,Mon Jul 06 2026 16:12:37 GMT-0400 (Eastern Daylight Time),431955.0,A,doctrlett,I,t,132,2,2965.5999999046326,428989.40000009537,9070,WL,C,8.0
3,24.23300004005432,learn,35766.99995994568,Mon Jul 06 2026 16:12:37 GMT-0400 (Eastern Daylight Time),432188.40000009537,A,doctrlette,I,e,216,2,3199.0,428989.40000009537,9070,WL,C,8.0
3,24.632999897003174,learn,35367.000102996826,Mon Jul 06 2026 16:12:37 GMT-0400 (Eastern Daylight Time),432588.5,A,doctrlett,I,backspace,389,2,3599.0999999046326,428989.40000009537,9070,WL,C,8.0
3,24.83299994468689,learn,35167.00005531311,Mon Jul 06 2026 16:12:37 GMT-0400 (Eastern Daylight Time),432788.40000009537,A,doctrlet,I,backspace,180,2,3799.0,428989.40000009537,9070,WL,C,8.0
3,25.016000032424927,learn,34983.99996757507,Mon Jul 06 2026 16:12:37 GMT-0400 (Eastern Daylight Time),432971.8000000715,A,doctrle,I,backspace,147,2,3982.399999976158,428989.40000009537,9070,WL,C,8.0
3,25.182999849319458,learn,34817.00015068054,Mon Jul 06 2026 16:12:37 GMT-0400 (Eastern Daylight Time),433138.40000009537,A,doctrl,I,backspace,141,2,4149.0,428989.40000009537,9070,WL,C,8.0
3,25.365999937057495,learn,34634.000062942505,Mon Jul 06 2026 16:12:37 GMT-0400 (Eastern Daylight Time),433321.8000000715,A,doctr,I,backspace,151,2,4332.399999976158,428989.40000009537,9070,WL,C,8.0
3,26.31599998474121,learn,33684.00001525879,Mon Jul 06 2026 16:12:37 GMT-0400 (Eastern Daylight Time),434271.3000000715,A,doctrenter,I,enter,934,2,5281.899999976158,428989.40000009537,9070,WL,C,8.0
3,26.83299994468689,learn,33167.00005531311,Mon Jul 06 2026 16:12:37 GMT-0400 (Eastern Daylight Time),434788.40000009537,A,l,I,l,502,2,516.8000000715256,434271.60000002384,9070,WL,C,9.0
3,27.06599998474121,learn,32934.00001525879,Mon Jul 06 2026 16:12:37 GMT-0400 (Eastern Daylight Time),435021.7000000477,A,le,I,e,224,2,750.1000000238419,434271.60000002384,9070,WL,C,9.0
3,27.34999990463257,learn,32650.00009536743,Mon Jul 06 2026 16:12:37 GMT-0400 (Eastern Daylight Time),435305.2000000477,A,let,I,t,260,2,1033.6000000238419,434271.60000002384,9070,WL,C,9.0
3,27.48300004005432,learn,32516.99995994568,Mon Jul 06 2026 16:12:37 GMT-0400 (Eastern Daylight Time),435438.40000009537,A,lett,I,t,118,2,1166.8000000715256,434271.60000002384,9070,WL,C,9.0
3,27.73300004005432,learn,32266.99995994568,Mon Jul 06 2026 16:12:37 GMT-0400 (Eastern Daylight Time),435688.5,A,lette,I,e,227,2,1416.8999999761581,434271.60000002384,9070,WL,C,9.0
3,28.032999992370605,learn,31967.000007629395,Mon Jul 06 2026 16:12:37 GMT-0400 (Eastern Daylight Time),435988.5,A,letter,I,r,280,2,1716.8999999761581,434271.60000002384,9070,WL,C,9.0
3,29.132999897003174,learn,30867.000102996826,Mon Jul 06 2026 16:12:37 GMT-0400 (Eastern Daylight Time),437088.40000009537,A,lettera,I,a,1086,2,2816.8000000715256,434271.60000002384,9070,WL,C,9.0
3,29.33299994468689,learn,30667.00005531311,Mon Jul 06 2026 16:12:37 GMT-0400 (Eastern Daylight Time),437288.60000002384,A,letterai,I,i,177,2,3017.0,434271.60000002384,9070,WL,C,9.0
3,30.149999856948853,learn,29850.000143051147,Mon Jul 06 2026 16:12:37 GMT-0400 (Eastern Daylight Time),438105.10000002384,A,lettera,I,backspace,784,2,3833.5,434271.60000002384,9070,WL,C,9.0
3,30.33299994468689,learn,29667.00005531311,Mon Jul 06 2026 16:12:37 GMT-0400 (Eastern Daylight Time),438288.40000009537,A,letter,I,backspace,169,2,4016.8000000715256,434271.60000002384,9070,WL,C,9.0
3,31.049999952316284,learn,28950.000047683716,Mon Jul 06 2026 16:12:37 GMT-0400 (Eastern Daylight Time),439005.8000000715,A,letterenter,I,enter,703,2,4734.200000047684,434271.60000002384,9070,WL,C,9.0
3,31.965999841690063,learn,28034.000158309937,Mon Jul 06 2026 16:12:37 GMT-0400 (Eastern Daylight Time),439921.7000000477,A,a,I,a,904,2,915.6000000238419,439006.10000002384,9070,WL,C,10.0
3,32.34999990463257,learn,27650.00009536743,Mon Jul 06 2026 16:12:37 GMT-0400 (Eastern Daylight Time),440305.10000002384,A,al,I,l,368,2,1299.0,439006.10000002384,9070,WL,C,10.0
3,32.6489999294281,learn,27351.0000705719,Mon Jul 06 2026 16:12:37 GMT-0400 (Eastern Daylight Time),440604.60000002384,A,alenter,I,enter,286,2,1598.5,439006.10000002384,9070,WL,C,10.0
3,33.25,learn,26750.0,Mon Jul 06 2026 16:12:37 GMT-0400 (Eastern Daylight Time),441205.10000002384,A,s,I,s,585,2,600.1999999284744,440604.90000009537,9070,WL,C,11.0
3,33.43299984931946,learn,26567.000150680542,Mon Jul 06 2026 16:12:37 GMT-0400 (Eastern Daylight Time),441388.40000009537,A,sh,I,h,171,2,783.5,440604.90000009537,9070,WL,C,11.0
3,33.75,learn,26250.0,Mon Jul 06 2026 16:12:37 GMT-0400 (Eastern Daylight Time),441705.10000002384,A,sho,I,o,294,2,1100.1999999284744,440604.90000009537,9070,WL,C,11.0
3,33.94999980926514,learn,26050.000190734863,Mon Jul 06 2026 16:12:37 GMT-0400 (Eastern Daylight Time),441905.10000002384,A,shor,I,r,185,2,1300.1999999284744,440604.90000009537,9070,WL,C,11.0
3,34.16699981689453,learn,25833.00018310547,Mon Jul 06 2026 16:12:37 GMT-0400 (Eastern Daylight Time),442121.90000009537,A,shore,I,e,191,2,1517.0,440604.90000009537,9070,WL,C,11.0
3,34.698999881744385,learn,25301.000118255615,Mon Jul 06 2026 16:12:37 GMT-0400 (Eastern Daylight Time),442654.60000002384,A,shoreenter,I,enter,517,2,2049.6999999284744,440604.90000009537,9070,WL,C,11.0
3,41.51600003242493,learn,18483.999967575073,Mon Jul 06 2026 16:12:37 GMT-0400 (Eastern Daylight Time),449471.7000000477,A,f,I,f,6807,2,6816.700000047684,442655.0,9070,WL,C,12.0
3,41.64999985694885,learn,18350.000143051147,Mon Jul 06 2026 16:12:37 GMT-0400 (Eastern Daylight Time),449605.10000002384,A,fl,I,l,112,2,6950.100000023842,442655.0,9070,WL,C,12.0
3,42.33299994468689,learn,17667.00005531311,Mon Jul 06 2026 16:12:37 GMT-0400 (Eastern Daylight Time),450288.40000009537,A,flg,I,g,659,2,7633.400000095367,442655.0,9070,WL,C,12.0
3,43.382999897003174,learn,16617.000102996826,Mon Jul 06 2026 16:12:37 GMT-0400 (Eastern Daylight Time),451338.40000009537,A,flga,I,a,1024,2,8683.400000095367,442655.0,9070,WL,C,12.0
3,43.799999952316284,learn,16200.000047683716,Mon Jul 06 2026 16:12:37 GMT-0400 (Eastern Daylight Time),451755.10000002384,A,flgag,I,g,390,2,9100.100000023842,442655.0,9070,WL,C,12.0
3,44.549999952316284,learn,15450.000047683716,Mon Jul 06 2026 16:12:37 GMT-0400 (Eastern Daylight Time),452505.10000002384,A,flga,I,backspace,726,2,9850.100000023842,442655.0,9070,WL,C,12.0
3,44.75,learn,15250.0,Mon Jul 06 2026 16:12:37 GMT-0400 (Eastern Daylight Time),452705.10000002384,A,flg,I,backspace,183,2,10050.100000023842,442655.0,9070,WL,C,12.0
3,44.94999980926514,learn,15050.000190734863,Mon Jul 06 2026 16:12:37 GMT-0400 (Eastern Daylight Time),452905.0,A,fl,I,backspace,177,2,10250.0,442655.0,9070,WL,C,12.0
3,45.64999985694885,learn,14350.000143051147,Mon Jul 06 2026 16:12:37 GMT-0400 (Eastern Daylight Time),453605.0,A,fla,I,a,680,2,10950.0,442655.0,9070,WL,C,12.0
3,46.032999992370605,learn,13967.000007629395,Mon Jul 06 2026 16:12:37 GMT-0400 (Eastern Daylight Time),453988.60000002384,A,flag,I,g,363,2,11333.600000023842,442655.0,9070,WL,C,12.0
3,46.66599988937378,learn,13334.00011062622,Mon Jul 06 2026 16:12:37 GMT-0400 (Eastern Daylight Time),454621.2000000477,A,flagenter,I,enter,618,2,11966.200000047684,442655.0,9070,WL,C,12.0
3,56.23300004005432,learn,3766.9999599456787,Mon Jul 06 2026 16:12:37 GMT-0400 (Eastern Daylight Time),464188.5,A,d,I,d,9560,2,9567.0,454621.5,9070,WL,C,13.0
3,56.34999990463257,learn,3650.0000953674316,Mon Jul 06 2026 16:12:37 GMT-0400 (Eastern Daylight Time),464305.0,A,do,I,o,102,2,9683.5,454621.5,9070,WL,C,13.0
3,56.58299994468689,learn,3417.0000553131104,Mon Jul 06 2026 16:12:37 GMT-0400 (Eastern Daylight Time),464538.40000009537,A,doc,I,c,209,2,9916.900000095367,454621.5,9070,WL,C,13.0
3,56.865999937057495,learn,3134.000062942505,Mon Jul 06 2026 16:12:37 GMT-0400 (Eastern Daylight Time),464821.7000000477,A,doct,I,t,255,2,10200.200000047684,454621.5,9070,WL,C,13.0
3,58.14999985694885,learn,1850.0001430511475,Mon Jul 06 2026 16:12:37 GMT-0400 (Eastern Daylight Time),466105.10000002384,A,doctp,I,p,1258,2,11483.600000023842,454621.5,9070,WL,C,13.0
3,59.31599998474121,learn,684.0000152587891,Mon Jul 06 2026 16:12:37 GMT-0400 (Eastern Daylight Time),467271.7000000477,A,doctpo,I,o,1144,2,12650.200000047684,454621.5,9070,WL,C,13.0
3,59.46599984169006,learn,534.0001583099365,Mon Jul 06 2026 16:12:37 GMT-0400 (Eastern Daylight Time),467421.60000002384,A,doctpor,I,r,137,2,12800.100000023842,454621.5,9070,WL,C,13.0
3,60.01600003242493,learn,-16.000032424926758,Mon Jul 06 2026 16:12:37 GMT-0400 (Eastern Daylight Time),467971.7000000477,A,doctporNone,I,None,539,2,13350.200000047684,454621.5,9070,WL,C,13.0
4,1.116999864578247,learn,58883.00013542175,Mon Jul 06 2026 16:12:37 GMT-0400 (Eastern Daylight Time),541838.1000000238,A,t,I,t,1105,2,1116.0,540722.1000000238,9070,WL,C,1.0
4,1.5169999599456787,learn,58483.00004005432,Mon Jul 06 2026 16:12:37 GMT-0400 (Eastern Daylight Time),542237.9000000954,A,tw,I,w,388,2,1515.8000000715256,540722.1000000238,9070,WL,C,1.0
4,1.7170000076293945,learn,58282.999992370605,Mon Jul 06 2026 16:12:37 GMT-0400 (Eastern Daylight Time),542438.2000000477,A,twe,I,e,181,2,1716.1000000238419,540722.1000000238,9070,WL,C,1.0
4,1.9499998092651367,learn,58050.00019073486,Mon Jul 06 2026 16:12:37 GMT-0400 (Eastern Daylight Time),542671.4000000954,A,twer,I,r,219,2,1949.3000000715256,540722.1000000238,9070,WL,C,1.0
4,2.365999937057495,learn,57634.000062942505,Mon Jul 06 2026 16:12:37 GMT-0400 (Eastern Daylight Time),543087.8000000715,A,twerenter,I,enter,392,2,2365.7000000476837,540722.1000000238,9070,WL,C,1.0
4,2.93399977684021,learn,57066.00022315979,Mon Jul 06 2026 16:12:37 GMT-0400 (Eastern Daylight Time),543655.0,A,w,I,w,550,2,566.8999999761581,543088.1000000238,9070,WL,C,2.0
4,3.25,learn,56750.0,Mon Jul 06 2026 16:12:37 GMT-0400 (Eastern Daylight Time),543971.5,A,we,I,e,299,2,883.3999999761581,543088.1000000238,9070,WL,C,2.0
4,3.4670000076293945,learn,56532.999992370605,Mon Jul 06 2026 16:12:37 GMT-0400 (Eastern Daylight Time),544188.2000000477,A,wea,I,a,190,2,1100.1000000238419,543088.1000000238,9070,WL,C,2.0
4,3.7339999675750732,learn,56266.00003242493,Mon Jul 06 2026 16:12:37 GMT-0400 (Eastern Daylight Time),544455.0,A,weat,I,t,236,2,1366.8999999761581,543088.1000000238,9070,WL,C,2.0
4,3.9509999752044678,learn,56049.00002479553,Mon Jul 06 2026 16:12:37 GMT-0400 (Eastern Daylight Time),544672.1000000238,A,weatenter,I,enter,202,2,1584.0,543088.1000000238,9070,WL,C,2.0
4,5.066999912261963,learn,54933.00008773804,Mon Jul 06 2026 16:12:37 GMT-0400 (Eastern Daylight Time),545788.3000000715,A,a,I,a,1093,2,1115.8000000715256,544672.5,9070,WL,C,3.0
4,5.33299994468689,learn,54667.00005531311,Mon Jul 06 2026 16:12:37 GMT-0400 (Eastern Daylight Time),546054.9000000954,A,at,I,t,243,2,1382.4000000953674,544672.5,9070,WL,C,3.0
4,5.449999809265137,learn,54550.00019073486,Mon Jul 06 2026 16:12:37 GMT-0400 (Eastern Daylight Time),546171.4000000954,A,att,I,t,89,2,1498.9000000953674,544672.5,9070,WL,C,3.0
4,5.633999824523926,learn,54366.000175476074,Mon Jul 06 2026 16:12:37 GMT-0400 (Eastern Daylight Time),546354.8000000715,A,attl,I,l,157,2,1682.3000000715256,544672.5,9070,WL,C,3.0
4,5.799999952316284,learn,54200.000047683716,Mon Jul 06 2026 16:12:37 GMT-0400 (Eastern Daylight Time),546521.5,A,attle,I,e,132,2,1849.0,544672.5,9070,WL,C,3.0
4,6.115999937057495,learn,53884.000062942505,Mon Jul 06 2026 16:12:37 GMT-0400 (Eastern Daylight Time),546837.7000000477,A,attleenter,I,enter,294,2,2165.2000000476837,544672.5,9070,WL,C,3.0
4,7.049999952316284,learn,52950.000047683716,Mon Jul 06 2026 16:12:37 GMT-0400 (Eastern Daylight Time),547771.6000000238,A,q,I,q,910,2,933.3999999761581,546838.2000000477,9070,WL,C,4.0
4,7.5329999923706055,learn,52467.000007629395,Mon Jul 06 2026 16:12:37 GMT-0400 (Eastern Daylight Time),548254.8000000715,A,qe,I,e,469,2,1416.6000000238419,546838.2000000477,9070,WL,C,4.0
4,7.982999801635742,learn,52017.00019836426,Mon Jul 06 2026 16:12:37 GMT-0400 (Eastern Daylight Time),548704.8000000715,A,qen,I,n,434,2,1866.6000000238419,546838.2000000477,9070,WL,C,4.0
4,8.349999904632568,learn,51650.00009536743,Mon Jul 06 2026 16:12:37 GMT-0400 (Eastern Daylight Time),549071.0,A,qenenter,I,enter,351,2,2232.7999999523163,546838.2000000477,9070,WL,C,4.0
4,8.666999816894531,learn,51333.00018310547,Mon Jul 06 2026 16:12:37 GMT-0400 (Eastern Daylight Time),549388.2000000477,A,c,I,c,294,2,316.89999997615814,549071.3000000715,9070,WL,C,5.0
4,9.516999959945679,learn,50483.00004005432,Mon Jul 06 2026 16:12:37 GMT-0400 (Eastern Daylight Time),550238.0,A,cm,I,m,837,2,1166.6999999284744,549071.3000000715,9070,WL,C,5.0
4,9.882999897003174,learn,50117.000102996826,Mon Jul 06 2026 16:12:37 GMT-0400 (Eastern Daylight Time),550604.5,A,cmp,I,p,355,2,1533.1999999284744,549071.3000000715,9070,WL,C,5.0
4,10.232999801635742,learn,49767.00019836426,Mon Jul 06 2026 16:12:37 GMT-0400 (Eastern Daylight Time),550954.3000000715,A,cmpenter,I,enter,323,2,1883.0,549071.3000000715,9070,WL,C,5.0
4,10.549999952316284,learn,49450.000047683716,Mon Jul 06 2026 16:12:37 GMT-0400 (Eastern Daylight Time),551271.6000000238,A,b,I,b,299,2,317.0,550954.6000000238,9070,WL,C,6.0
4,10.699999809265137,learn,49300.00019073486,Mon Jul 06 2026 16:12:37 GMT-0400 (Eastern Daylight Time),551421.3000000715,A,bo,I,o,138,2,466.7000000476837,550954.6000000238,9070,WL,C,6.0
4,11.084999799728394,learn,48915.00020027161,Mon Jul 06 2026 16:12:37 GMT-0400 (Eastern Daylight Time),551805.9000000954,A,boy,I,y,370,2,851.3000000715256,550954.6000000238,9070,WL,C,6.0
4,11.682999849319458,learn,48317.00015068054,Mon Jul 06 2026 16:12:37 GMT-0400 (Eastern Daylight Time),552404.4000000954,A,boyenter,I,enter,579,2,1449.8000000715256,550954.6000000238,9070,WL,C,6.0
4,12.666999816894531,learn,47333.00018310547,Mon Jul 06 2026 16:12:37 GMT-0400 (Eastern Daylight Time),553388.0,A,s,I,s,961,2,983.1999999284744,552404.8000000715,9070,WL,C,7.0
4,12.849999904632568,learn,47150.00009536743,Mon Jul 06 2026 16:12:37 GMT-0400 (Eastern Daylight Time),553571.5,A,su,I,u,166,2,1166.6999999284744,552404.8000000715,9070,WL,C,7.0
4,13.099999904632568,learn,46900.00009536743,Mon Jul 06 2026 16:12:37 GMT-0400 (Eastern Daylight Time),553821.4000000954,A,sug,I,g,236,2,1416.6000000238419,552404.8000000715,9070,WL,C,7.0
4,13.382999897003174,learn,46617.000102996826,Mon Jul 06 2026 16:12:37 GMT-0400 (Eastern Daylight Time),554104.8000000715,A,suga,I,a,258,2,1700.0,552404.8000000715,9070,WL,C,7.0
4,13.632999897003174,learn,46367.000102996826,Mon Jul 06 2026 16:12:37 GMT-0400 (Eastern Daylight Time),554354.8000000715,A,sugar,I,r,231,2,1950.0,552404.8000000715,9070,WL,C,7.0
4,13.965999841690063,learn,46034.00015830994,Mon Jul 06 2026 16:12:37 GMT-0400 (Eastern Daylight Time),554687.7000000477,A,sugarenter,I,enter,319,2,2282.899999976158,552404.8000000715,9070,WL,C,7.0
4,15.083999872207642,learn,44916.00012779236,Mon Jul 06 2026 16:12:37 GMT-0400 (Eastern Daylight Time),555805.8000000715,A,l,I,l,1110,2,1117.8000000715256,554688.0,9070,WL,C,8.0
4,15.266999959945679,learn,44733.00004005432,Mon Jul 06 2026 16:12:37 GMT-0400 (Eastern Daylight Time),555988.2000000477,A,le,I,e,161,2,1300.2000000476837,554688.0,9070,WL,C,8.0
4,15.483999967575073,learn,44516.00003242493,Mon Jul 06 2026 16:12:37 GMT-0400 (Eastern Daylight Time),556205.9000000954,A,let,I,t,196,2,1517.9000000953674,554688.0,9070,WL,C,8.0
4,15.632999897003174,learn,44367.000102996826,Mon Jul 06 2026 16:12:37 GMT-0400 (Eastern Daylight Time),556354.8000000715,A,lett,I,t,130,2,1666.8000000715256,554688.0,9070,WL,C,8.0
4,15.866999864578247,learn,44133.00013542175,Mon Jul 06 2026 16:12:37 GMT-0400 (Eastern Daylight Time),556588.2000000477,A,lette,I,e,199,2,1900.2000000476837,554688.0,9070,WL,C,8.0
4,16.066999912261963,learn,43933.00008773804,Mon Jul 06 2026 16:12:37 GMT-0400 (Eastern Daylight Time),556788.3000000715,A,letter,I,r,180,2,2100.3000000715256,554688.0,9070,WL,C,8.0
4,16.465999841690063,learn,43534.00015830994,Mon Jul 06 2026 16:12:37 GMT-0400 (Eastern Daylight Time),557187.7000000477,A,letterenter,I,enter,371,2,2499.7000000476837,554688.0,9070,WL,C,8.0
4,16.816999912261963,learn,43183.00008773804,Mon Jul 06 2026 16:12:37 GMT-0400 (Eastern Daylight Time),557538.1000000238,A,f,I,f,337,2,350.0,557188.1000000238,9070,WL,C,9.0
4,17.0,learn,43000.0,Mon Jul 06 2026 16:12:37 GMT-0400 (Eastern Daylight Time),557721.5,A,fl,I,l,158,2,533.3999999761581,557188.1000000238,9070,WL,C,9.0
4,17.16699981689453,learn,42833.00018310547,Mon Jul 06 2026 16:12:37 GMT-0400 (Eastern Daylight Time),557888.2000000477,A,fla,I,a,143,2,700.1000000238419,557188.1000000238,9070,WL,C,9.0
4,17.715999841690063,learn,42284.00015830994,Mon Jul 06 2026 16:12:37 GMT-0400 (Eastern Daylight Time),558437.7000000477,A,flaenter,I,enter,528,2,1249.6000000238419,557188.1000000238,9070,WL,C,9.0
4,18.08399987220764,learn,41916.00012779236,Mon Jul 06 2026 16:12:37 GMT-0400 (Eastern Daylight Time),558804.9000000954,A,n,I,n,350,2,366.8000000715256,558438.1000000238,9070,WL,C,10.0
4,18.233999967575073,learn,41766.00003242493,Mon Jul 06 2026 16:12:37 GMT-0400 (Eastern Daylight Time),558954.8000000715,A,na,I,a,122,2,516.7000000476837,558438.1000000238,9070,WL,C,10.0
4,18.66699981689453,learn,41333.00018310547,Mon Jul 06 2026 16:12:37 GMT-0400 (Eastern Daylight Time),559388.2000000477,A,nal,I,l,406,2,950.1000000238419,558438.1000000238,9070,WL,C,10.0
4,19.467000007629395,learn,40532.999992370605,Mon Jul 06 2026 16:12:37 GMT-0400 (Eastern Daylight Time),560188.1000000238,A,na,I,backspace,790,2,1750.0,558438.1000000238,9070,WL,C,10.0
4,19.816999912261963,learn,40183.00008773804,Mon Jul 06 2026 16:12:37 GMT-0400 (Eastern Daylight Time),560538.2000000477,A,nai,I,i,325,2,2100.100000023842,558438.1000000238,9070,WL,C,10.0
4,20.382999897003174,learn,39617.000102996826,Mon Jul 06 2026 16:12:37 GMT-0400 (Eastern Daylight Time),561104.3000000715,A,naienter,I,enter,551,2,2666.2000000476837,558438.1000000238,9070,WL,C,10.0
4,20.882999897003174,learn,39117.000102996826,Mon Jul 06 2026 16:12:37 GMT-0400 (Eastern Daylight Time),561604.7000000477,A,o,I,o,486,2,500.0,561104.7000000477,9070,WL,C,11.0
4,21.09999990463257,learn,38900.00009536743,Mon Jul 06 2026 16:12:37 GMT-0400 (Eastern Daylight Time),561821.4000000954,A,om,I,m,206,2,716.7000000476837,561104.7000000477,9070,WL,C,11.0
4,22.0,learn,38000.0,Mon Jul 06 2026 16:12:37 GMT-0400 (Eastern Daylight Time),562721.5,A,o,I,backspace,883,2,1616.7999999523163,561104.7000000477,9070,WL,C,11.0
4,22.882999897003174,learn,37117.000102996826,Mon Jul 06 2026 16:12:37 GMT-0400 (Eastern Daylight Time),563604.9000000954,A,oh,I,h,863,2,2500.2000000476837,561104.7000000477,9070,WL,C,11.0
4,23.066999912261963,learn,36933.00008773804,Mon Jul 06 2026 16:12:37 GMT-0400 (Eastern Daylight Time),563788.2000000477,A,oho,I,o,147,2,2683.5,561104.7000000477,9070,WL,C,11.0
4,23.299999952316284,learn,36700.000047683716,Mon Jul 06 2026 16:12:37 GMT-0400 (Eastern Daylight Time),564021.7000000477,A,ohom,I,m,212,2,2917.0,561104.7000000477,9070,WL,C,11.0
4,23.549999952316284,learn,36450.000047683716,Mon Jul 06 2026 16:12:37 GMT-0400 (Eastern Daylight Time),564271.5,A,ohome,I,e,234,2,3166.7999999523163,561104.7000000477,9070,WL,C,11.0
4,23.950999975204468,learn,36049.00002479553,Mon Jul 06 2026 16:12:37 GMT-0400 (Eastern Daylight Time),564672.2000000477,A,ohomeenter,I,enter,385,2,3567.5,561104.7000000477,9070,WL,C,11.0
4,24.84999990463257,learn,35150.00009536743,Mon Jul 06 2026 16:12:37 GMT-0400 (Eastern Daylight Time),565571.5,A,d,I,d,885,2,899.0,564672.5,9070,WL,C,12.0
4,24.967000007629395,learn,35032.999992370605,Mon Jul 06 2026 16:12:37 GMT-0400 (Eastern Daylight Time),565688.1000000238,A,do,I,o,94,2,1015.6000000238419,564672.5,9070,WL,C,12.0
4,25.066999912261963,learn,34933.00008773804,Mon Jul 06 2026 16:12:37 GMT-0400 (Eastern Daylight Time),565788.1000000238,A,doc,I,c,89,2,1115.6000000238419,564672.5,9070,WL,C,12.0
4,25.316999912261963,learn,34683.00008773804,Mon Jul 06 2026 16:12:37 GMT-0400 (Eastern Daylight Time),566038.1000000238,A,doct,I,t,220,2,1365.6000000238419,564672.5,9070,WL,C,12.0
4,25.41699981689453,learn,34583.00018310547,Mon Jul 06 2026 16:12:37 GMT-0400 (Eastern Daylight Time),566138.2000000477,A,docto,I,o,75,2,1465.7000000476837,564672.5,9070,WL,C,12.0
4,25.532999992370605,learn,34467.000007629395,Mon Jul 06 2026 16:12:37 GMT-0400 (Eastern Daylight Time),566254.7000000477,A,doctor,I,r,102,2,1582.2000000476837,564672.5,9070,WL,C,12.0
4,26.232999801635742,learn,33767.00019836426,Mon Jul 06 2026 16:12:37 GMT-0400 (Eastern Daylight Time),566954.4000000954,A,doctorenter,I,enter,664,2,2281.9000000953674,564672.5,9070,WL,C,12.0
4,27.0,learn,33000.0,Mon Jul 06 2026 16:12:37 GMT-0400 (Eastern Daylight Time),567721.5,A,c,I,c,746,2,766.7999999523163,566954.7000000477,9070,WL,C,13.0
4,27.232999801635742,learn,32767.000198364258,Mon Jul 06 2026 16:12:37 GMT-0400 (Eastern Daylight Time),567954.8000000715,A,ca,I,a,217,2,1000.1000000238419,566954.7000000477,9070,WL,C,13.0
4,27.382999897003174,learn,32617.000102996826,Mon Jul 06 2026 16:12:37 GMT-0400 (Eastern Daylight Time),568104.9000000954,A,cam,I,m,117,2,1150.2000000476837,566954.7000000477,9070,WL,C,13.0
4,27.799999952316284,learn,32200.000047683716,Mon Jul 06 2026 16:12:37 GMT-0400 (Eastern Daylight Time),568521.5,A,camp,I,p,391,2,1566.7999999523163,566954.7000000477,9070,WL,C,13.0
4,28.465999841690063,learn,31534.000158309937,Mon Jul 06 2026 16:12:37 GMT-0400 (Eastern Daylight Time),569187.7000000477,A,campenter,I,enter,648,2,2233.0,566954.7000000477,9070,WL,C,13.0
4,31.09999990463257,learn,28900.00009536743,Mon Jul 06 2026 16:12:37 GMT-0400 (Eastern Daylight Time),571821.1000000238,A,c,I,c,2626,2,2633.1999999284744,569187.9000000954,9070,WL,C,14.0
4,31.182999849319458,learn,28817.000150680542,Mon Jul 06 2026 16:12:37 GMT-0400 (Eastern Daylight Time),571904.3000000715,A,co,I,o,66,2,2716.399999976158,569187.9000000954,9070,WL,C,14.0
4,31.366999864578247,learn,28633.000135421753,Mon Jul 06 2026 16:12:37 GMT-0400 (Eastern Daylight Time),572088.2000000477,A,cor,I,r,162,2,2900.2999999523163,569187.9000000954,9070,WL,C,14.0
4,31.632999897003174,learn,28367.000102996826,Mon Jul 06 2026 16:12:37 GMT-0400 (Eastern Daylight Time),572354.8000000715,A,corn,I,n,249,2,3166.899999976158,569187.9000000954,9070,WL,C,14.0
4,32.299999952316284,learn,27700.000047683716,Mon Jul 06 2026 16:12:37 GMT-0400 (Eastern Daylight Time),573021.0,A,cornenter,I,enter,653,2,3833.0999999046326,569187.9000000954,9070,WL,C,14.0
4,47.31699991226196,learn,12683.000087738037,Mon Jul 06 2026 16:12:37 GMT-0400 (Eastern Daylight Time),588038.1000000238,A,s,I,s,15000,2,15016.799999952316,573021.3000000715,9070,WL,C,15.0
4,47.44999980926514,learn,12550.000190734863,Mon Jul 06 2026 16:12:37 GMT-0400 (Eastern Daylight Time),588171.3000000715,A,su,I,u,105,2,15150.0,573021.3000000715,9070,WL,C,15.0
4,47.84999990463257,learn,12150.000095367432,Mon Jul 06 2026 16:12:37 GMT-0400 (Eastern Daylight Time),588571.3000000715,A,sua,I,a,373,2,15550.0,573021.3000000715,9070,WL,C,15.0
4,48.132999897003174,learn,11867.000102996826,Mon Jul 06 2026 16:12:37 GMT-0400 (Eastern Daylight Time),588854.7000000477,A,suar,I,r,261,2,15833.399999976158,573021.3000000715,9070,WL,C,15.0
4,48.615999937057495,learn,11384.000062942505,Mon Jul 06 2026 16:12:37 GMT-0400 (Eastern Daylight Time),589337.7000000477,A,suarenter,I,enter,458,2,16316.399999976158,573021.3000000715,9070,WL,C,15.0
5,1.2839999198913574,learn,60000.0,Mon Jul 06 2026 16:12:37 GMT-0400 (Eastern Daylight Time),660421.6000000238,A,t,I,t,1265,2,1283.2999999523163,659138.3000000715,9070,WL,C,1.0
5,1.4670000076293945,learn,60000.0,Mon Jul 06 2026 16:12:37 GMT-0400 (Eastern Daylight Time),660604.4000000954,A,to,I,o,171,2,1466.1000000238419,659138.3000000715,9070,WL,C,1.0
5,1.7339999675750732,learn,60000.0,Mon Jul 06 2026 16:12:37 GMT-0400 (Eastern Daylight Time),660871.3000000715,A,tow,I,w,244,2,1733.0,659138.3000000715,9070,WL,C,1.0
5,2.2170000076293945,learn,60000.0,Mon Jul 06 2026 16:12:37 GMT-0400 (Eastern Daylight Time),661354.6000000238,A,towr,I,r,457,2,2216.2999999523163,659138.3000000715,9070,WL,C,1.0
5,3.0510001182556152,learn,60000.0,Mon Jul 06 2026 16:12:37 GMT-0400 (Eastern Daylight Time),662188.0,A,tow,I,backspace,804,2,3049.6999999284744,659138.3000000715,9070,WL,C,1.0
5,3.184000015258789,learn,60000.0,Mon Jul 06 2026 16:12:37 GMT-0400 (Eastern Daylight Time),662321.3000000715,A,towe,I,e,115,2,3183.0,659138.3000000715,9070,WL,C,1.0
5,3.4010000228881836,learn,60000.0,Mon Jul 06 2026 16:12:37 GMT-0400 (Eastern Daylight Time),662538.0,A,tower,I,r,182,2,3399.6999999284744,659138.3000000715,9070,WL,C,1.0
5,3.8510000705718994,learn,60000.0,Mon Jul 06 2026 16:12:37 GMT-0400 (Eastern Daylight Time),662988.4000000954,A,towerenter,I,enter,437,2,3850.100000023842,659138.3000000715,9070,WL,C,1.0
5,4.4670000076293945,learn,60000.0,Mon Jul 06 2026 16:12:37 GMT-0400 (Eastern Daylight Time),663604.6000000238,A,q,I,q,600,2,615.6999999284744,662988.9000000954,9070,WL,C,2.0
5,4.651000022888184,learn,60000.0,Mon Jul 06 2026 16:12:37 GMT-0400 (Eastern Daylight Time),663788.0,A,qu,I,u,171,2,799.0999999046326,662988.9000000954,9070,WL,C,2.0
5,4.884000062942505,learn,60000.0,Mon Jul 06 2026 16:12:37 GMT-0400 (Eastern Daylight Time),664021.3000000715,A,que,I,e,214,2,1032.3999999761581,662988.9000000954,9070,WL,C,2.0
5,5.450999975204468,learn,60000.0,Mon Jul 06 2026 16:12:37 GMT-0400 (Eastern Daylight Time),664588.0,A,quen,I,n,538,2,1599.0999999046326,662988.9000000954,9070,WL,C,2.0
5,6.433000087738037,learn,60000.0,Mon Jul 06 2026 16:12:37 GMT-0400 (Eastern Daylight Time),665570.8000000715,A,quenenter,I,enter,964,2,2581.899999976158,662988.9000000954,9070,WL,C,2.0
5,8.617000102996826,learn,60000.0,Mon Jul 06 2026 16:12:37 GMT-0400 (Eastern Daylight Time),667754.6000000238,A,w,I,w,2162,2,2183.399999976158,665571.2000000477,9070,WL,C,3.0
5,8.783999919891357,learn,60000.0,Mon Jul 06 2026 16:12:37 GMT-0400 (Eastern Daylight Time),667921.2000000477,A,wh,I,h,149,2,2350.0,665571.2000000477,9070,WL,C,3.0
5,8.934000015258789,learn,60000.0,Mon Jul 06 2026 16:12:37 GMT-0400 (Eastern Daylight Time),668071.2000000477,A,whe,I,e,128,2,2500.0,665571.2000000477,9070,WL,C,3.0
5,9.134000062942505,learn,60000.0,Mon Jul 06 2026 16:12:37 GMT-0400 (Eastern Daylight Time),668271.4000000954,A,whea,I,a,177,2,2700.2000000476837,665571.2000000477,9070,WL,C,3.0
5,9.401000022888184,learn,60000.0,Mon Jul 06 2026 16:12:37 GMT-0400 (Eastern Daylight Time),668537.9000000954,A,wheat,I,t,239,2,2966.7000000476837,665571.2000000477,9070,WL,C,3.0
5,9.900000095367432,learn,60000.0,Mon Jul 06 2026 16:12:37 GMT-0400 (Eastern Daylight Time),669037.4000000954,A,wheatenter,I,enter,486,2,3466.2000000476837,665571.2000000477,9070,WL,C,3.0
5,10.467000007629395,learn,60000.0,Mon Jul 06 2026 16:12:37 GMT-0400 (Eastern Daylight Time),669604.6000000238,A,c,I,c,552,2,566.8999999761581,669037.7000000477,9070,WL,C,4.0
5,10.700000047683716,learn,60000.0,Mon Jul 06 2026 16:12:37 GMT-0400 (Eastern Daylight Time),669837.8000000715,A,ca,I,a,220,2,800.1000000238419,669037.7000000477,9070,WL,C,4.0
5,10.849999904632568,learn,60000.0,Mon Jul 06 2026 16:12:37 GMT-0400 (Eastern Daylight Time),669987.8000000715,A,cam,I,m,130,2,950.1000000238419,669037.7000000477,9070,WL,C,4.0
5,11.83400011062622,learn,60000.0,Mon Jul 06 2026 16:12:37 GMT-0400 (Eastern Daylight Time),670971.3000000715,A,camp,I,p,958,2,1933.6000000238419,669037.7000000477,9070,WL,C,4.0
5,12.41700005531311,learn,60000.0,Mon Jul 06 2026 16:12:37 GMT-0400 (Eastern Daylight Time),671554.1000000238,A,campenter,I,enter,565,2,2516.399999976158,669037.7000000477,9070,WL,C,4.0
5,13.151000022888184,learn,60000.0,Mon Jul 06 2026 16:12:37 GMT-0400 (Eastern Daylight Time),672287.9000000954,A,f,I,f,722,2,733.4000000953674,671554.5,9070,WL,C,5.0
5,13.266999959945679,learn,60000.0,Mon Jul 06 2026 16:12:37 GMT-0400 (Eastern Daylight Time),672404.6000000238,A,fl,I,l,96,2,850.1000000238419,671554.5,9070,WL,C,5.0
5,13.434000015258789,learn,60000.0,Mon Jul 06 2026 16:12:37 GMT-0400 (Eastern Daylight Time),672571.2000000477,A,fla,I,a,132,2,1016.7000000476837,671554.5,9070,WL,C,5.0
5,13.801000118255615,learn,60000.0,Mon Jul 06 2026 16:12:37 GMT-0400 (Eastern Daylight Time),672938.1000000238,A,flag,I,g,334,2,1383.6000000238419,671554.5,9070,WL,C,5.0
5,14.117000102996826,learn,60000.0,Mon Jul 06 2026 16:12:37 GMT-0400 (Eastern Daylight Time),673254.2000000477,A,flagenter,I,enter,294,2,1699.7000000476837,671554.5,9070,WL,C,5.0
5,14.750999927520752,learn,60000.0,Mon Jul 06 2026 16:12:37 GMT-0400 (Eastern Daylight Time),673888.0,A,h,I,h,622,2,633.5,673254.5,9070,WL,C,6.0
5,15.83400011062622,learn,60000.0,Mon Jul 06 2026 16:12:37 GMT-0400 (Eastern Daylight Time),674971.3000000715,A,,I,backspace,1056,2,1716.8000000715256,673254.5,9070,WL,C,6.0
5,16.651000022888184,learn,60000.0,Mon Jul 06 2026 16:12:37 GMT-0400 (Eastern Daylight Time),675788.0,A,h,I,h,789,2,2533.5,673254.5,9070,WL,C,6.0
5,16.950999975204468,learn,60000.0,Mon Jul 06 2026 16:12:37 GMT-0400 (Eastern Daylight Time),676087.9000000954,A,ho,I,o,277,2,2833.4000000953674,673254.5,9070,WL,C,6.0
5,17.200999975204468,learn,60000.0,Mon Jul 06 2026 16:12:37 GMT-0400 (Eastern Daylight Time),676337.9000000954,A,hom,I,m,233,2,3083.4000000953674,673254.5,9070,WL,C,6.0
5,17.5,learn,60000.0,Mon Jul 06 2026 16:12:37 GMT-0400 (Eastern Daylight Time),676637.8000000715,A,home,I,e,280,2,3383.3000000715256,673254.5,9070,WL,C,6.0
5,18.467000007629395,learn,60000.0,Mon Jul 06 2026 16:12:37 GMT-0400 (Eastern Daylight Time),677604.6000000238,A,homeb,I,b,948,2,4350.100000023842,673254.5,9070,WL,C,6.0
5,18.6010000705719,learn,60000.0,Mon Jul 06 2026 16:12:37 GMT-0400 (Eastern Daylight Time),677738.0,A,homebo,I,o,106,2,4483.5,673254.5,9070,WL,C,6.0
5,18.93400001525879,learn,60000.0,Mon Jul 06 2026 16:12:37 GMT-0400 (Eastern Daylight Time),678071.3000000715,A,homeboy,I,y,302,2,4816.800000071526,673254.5,9070,WL,C,6.0
5,19.634000062942505,learn,60000.0,Mon Jul 06 2026 16:12:37 GMT-0400 (Eastern Daylight Time),678771.4000000954,A,homebo,I,backspace,682,2,5516.900000095367,673254.5,9070,WL,C,6.0
5,19.8510000705719,learn,60000.0,Mon Jul 06 2026 16:12:37 GMT-0400 (Eastern Daylight Time),678988.0,A,homeb,I,backspace,187,2,5733.5,673254.5,9070,WL,C,6.0
5,20.000999927520752,learn,60000.0,Mon Jul 06 2026 16:12:37 GMT-0400 (Eastern Daylight Time),679137.9000000954,A,home,I,backspace,132,2,5883.400000095367,673254.5,9070,WL,C,6.0
5,20.532999992370605,learn,60000.0,Mon Jul 06 2026 16:12:37 GMT-0400 (Eastern Daylight Time),679670.8000000715,A,homeenter,I,enter,510,2,6416.300000071526,673254.5,9070,WL,C,6.0
5,21.051000118255615,learn,60000.0,Mon Jul 06 2026 16:12:37 GMT-0400 (Eastern Daylight Time),680188.0,A,b,I,b,510,2,516.8999999761581,679671.1000000238,9070,WL,C,7.0
5,21.200999975204468,learn,60000.0,Mon Jul 06 2026 16:12:37 GMT-0400 (Eastern Daylight Time),680338.0,A,bo,I,o,133,2,666.8999999761581,679671.1000000238,9070,WL,C,7.0
5,22.16700005531311,learn,60000.0,Mon Jul 06 2026 16:12:37 GMT-0400 (Eastern Daylight Time),681304.6000000238,A,boy,I,y,943,2,1633.5,679671.1000000238,9070,WL,C,7.0
5,23.233999967575073,learn,60000.0,Mon Jul 06 2026 16:12:37 GMT-0400 (Eastern Daylight Time),682371.3000000715,A,boyb,I,b,1049,2,2700.2000000476837,679671.1000000238,9070,WL,C,7.0
5,23.33400011062622,learn,60000.0,Mon Jul 06 2026 16:12:37 GMT-0400 (Eastern Daylight Time),682471.2000000477,A,boybo,I,o,76,2,2800.100000023842,679671.1000000238,9070,WL,C,7.0
5,23.533999919891357,learn,60000.0,Mon Jul 06 2026 16:12:37 GMT-0400 (Eastern Daylight Time),682671.3000000715,A,boybod,I,d,179,2,3000.2000000476837,679671.1000000238,9070,WL,C,7.0
5,23.8510000705719,learn,60000.0,Mon Jul 06 2026 16:12:37 GMT-0400 (Eastern Daylight Time),682987.9000000954,A,boybody,I,y,291,2,3316.8000000715256,679671.1000000238,9070,WL,C,7.0
5,24.43400001525879,learn,60000.0,Mon Jul 06 2026 16:12:37 GMT-0400 (Eastern Daylight Time),683571.2000000477,A,boybod,I,backspace,564,2,3900.100000023842,679671.1000000238,9070,WL,C,7.0
5,24.651000022888184,learn,60000.0,Mon Jul 06 2026 16:12:37 GMT-0400 (Eastern Daylight Time),683787.9000000954,A,boybo,I,backspace,181,2,4116.800000071526,679671.1000000238,9070,WL,C,7.0
5,24.816999912261963,learn,60000.0,Mon Jul 06 2026 16:12:37 GMT-0400 (Eastern Daylight Time),683954.5,A,boyb,I,backspace,143,2,4283.399999976158,679671.1000000238,9070,WL,C,7.0
5,25.283999919891357,learn,60000.0,Mon Jul 06 2026 16:12:37 GMT-0400 (Eastern Daylight Time),684421.3000000715,A,boy,I,backspace,447,2,4750.200000047684,679671.1000000238,9070,WL,C,7.0
5,25.617000102996826,learn,60000.0,Mon Jul 06 2026 16:12:37 GMT-0400 (Eastern Daylight Time),684754.0,A,boyenter,I,enter,315,2,5082.899999976158,679671.1000000238,9070,WL,C,7.0
5,26.6010000705719,learn,60000.0,Mon Jul 06 2026 16:12:37 GMT-0400 (Eastern Daylight Time),685737.9000000954,A,b,I,b,962,2,983.5,684754.4000000954,9070,WL,C,8.0
5,26.733999967575073,learn,60000.0,Mon Jul 06 2026 16:12:37 GMT-0400 (Eastern Daylight Time),685871.1000000238,A,bo,I,o,119,2,1116.6999999284744,684754.4000000954,9070,WL,C,8.0
5,27.08400011062622,learn,60000.0,Mon Jul 06 2026 16:12:37 GMT-0400 (Eastern Daylight Time),686221.1000000238,A,bod,I,d,337,2,1466.6999999284744,684754.4000000954,9070,WL,C,8.0
5,28.134000062942505,learn,60000.0,Mon Jul 06 2026 16:12:37 GMT-0400 (Eastern Daylight Time),687271.2000000477,A,body,I,y,1027,2,2516.7999999523163,684754.4000000954,9070,WL,C,8.0
5,28.967000007629395,learn,60000.0,Mon Jul 06 2026 16:12:37 GMT-0400 (Eastern Daylight Time),688104.5,A,bodys,I,s,809,2,3350.0999999046326,684754.4000000954,9070,WL,C,8.0
5,29.117000102996826,learn,60000.0,Mon Jul 06 2026 16:12:37 GMT-0400 (Eastern Daylight Time),688254.4000000954,A,bodysh,I,h,136,2,3500.0,684754.4000000954,9070,WL,C,8.0
5,29.3510000705719,learn,60000.0,Mon Jul 06 2026 16:12:37 GMT-0400 (Eastern Daylight Time),688488.0,A,bodysho,I,o,208,2,3733.5999999046326,684754.4000000954,9070,WL,C,8.0
5,29.5,learn,60000.0,Mon Jul 06 2026 16:12:37 GMT-0400 (Eastern Daylight Time),688637.7000000477,A,bodyshor,I,r,127,2,3883.2999999523163,684754.4000000954,9070,WL,C,8.0
5,29.68400001525879,learn,60000.0,Mon Jul 06 2026 16:12:37 GMT-0400 (Eastern Daylight Time),688821.3000000715,A,bodyshore,I,e,154,2,4066.899999976158,684754.4000000954,9070,WL,C,8.0
5,30.15000009536743,learn,60000.0,Mon Jul 06 2026 16:12:37 GMT-0400 (Eastern Daylight Time),689287.8000000715,A,bodyshor,I,backspace,445,2,4533.399999976158,684754.4000000954,9070,WL,C,8.0
5,30.316999912261963,learn,60000.0,Mon Jul 06 2026 16:12:37 GMT-0400 (Eastern Daylight Time),689454.6000000238,A,bodysho,I,backspace,153,2,4700.199999928474,684754.4000000954,9070,WL,C,8.0
5,30.500999927520752,learn,60000.0,Mon Jul 06 2026 16:12:37 GMT-0400 (Eastern Daylight Time),689637.8000000715,A,bodysh,I,backspace,162,2,4883.399999976158,684754.4000000954,9070,WL,C,8.0
5,30.66700005531311,learn,60000.0,Mon Jul 06 2026 16:12:37 GMT-0400 (Eastern Daylight Time),689804.5,A,bodys,I,backspace,146,2,5050.099999904633,684754.4000000954,9070,WL,C,8.0
5,30.83400011062622,learn,60000.0,Mon Jul 06 2026 16:12:37 GMT-0400 (Eastern Daylight Time),689971.3000000715,A,body,I,backspace,147,2,5216.899999976158,684754.4000000954,9070,WL,C,8.0
5,32.18300008773804,learn,60000.0,Mon Jul 06 2026 16:12:37 GMT-0400 (Eastern Daylight Time),691320.7000000477,A,bodyenter,I,enter,1325,2,6566.299999952316,684754.4000000954,9070,WL,C,8.0
5,33.31699991226196,learn,60000.0,Mon Jul 06 2026 16:12:37 GMT-0400 (Eastern Daylight Time),692454.6000000238,A,s,I,s,1115,2,1133.5,691321.1000000238,9070,WL,C,9.0
5,33.41700005531311,learn,60000.0,Mon Jul 06 2026 16:12:37 GMT-0400 (Eastern Daylight Time),692554.6000000238,A,sh,I,h,76,2,1233.5,691321.1000000238,9070,WL,C,9.0
5,33.634000062942505,learn,60000.0,Mon Jul 06 2026 16:12:37 GMT-0400 (Eastern Daylight Time),692771.3000000715,A,sho,I,o,190,2,1450.2000000476837,691321.1000000238,9070,WL,C,9.0
5,33.73399996757507,learn,60000.0,Mon Jul 06 2026 16:12:37 GMT-0400 (Eastern Daylight Time),692871.0,A,shor,I,r,68,2,1549.8999999761581,691321.1000000238,9070,WL,C,9.0
5,33.93400001525879,learn,60000.0,Mon Jul 06 2026 16:12:37 GMT-0400 (Eastern Daylight Time),693071.1000000238,A,shore,I,e,184,2,1750.0,691321.1000000238,9070,WL,C,9.0
5,34.26699995994568,learn,60000.0,Mon Jul 06 2026 16:12:37 GMT-0400 (Eastern Daylight Time),693403.9000000954,A,shoreenter,I,enter,313,2,2082.8000000715256,691321.1000000238,9070,WL,C,9.0
5,34.78399991989136,learn,60000.0,Mon Jul 06 2026 16:12:37 GMT-0400 (Eastern Daylight Time),693921.1000000238,A,n,I,n,504,2,516.7999999523163,693404.3000000715,9070,WL,C,10.0
5,35.08400011062622,learn,60000.0,Mon Jul 06 2026 16:12:37 GMT-0400 (Eastern Daylight Time),694221.0,A,ni,I,i,286,2,816.6999999284744,693404.3000000715,9070,WL,C,10.0
5,35.31699991226196,learn,60000.0,Mon Jul 06 2026 16:12:37 GMT-0400 (Eastern Daylight Time),694454.6000000238,A,nil,I,l,211,2,1050.2999999523163,693404.3000000715,9070,WL,C,10.0
5,36.03399991989136,learn,60000.0,Mon Jul 06 2026 16:12:37 GMT-0400 (Eastern Daylight Time),695171.1000000238,A,ni,I,backspace,689,2,1766.7999999523163,693404.3000000715,9070,WL,C,10.0
5,36.23399996757507,learn,60000.0,Mon Jul 06 2026 16:12:37 GMT-0400 (Eastern Daylight Time),695371.1000000238,A,n,I,backspace,172,2,1966.7999999523163,693404.3000000715,9070,WL,C,10.0
5,36.367000102996826,learn,60000.0,Mon Jul 06 2026 16:12:37 GMT-0400 (Eastern Daylight Time),695504.5,A,na,I,a,117,2,2100.1999999284744,693404.3000000715,9070,WL,C,10.0
5,37.068000078201294,learn,60000.0,Mon Jul 06 2026 16:12:37 GMT-0400 (Eastern Daylight Time),696205.5,A,nai,I,i,679,2,2801.1999999284744,693404.3000000715,9070,WL,C,10.0
5,37.26699995994568,learn,60000.0,Mon Jul 06 2026 16:12:37 GMT-0400 (Eastern Daylight Time),696404.6000000238,A,nail,I,l,178,2,3000.2999999523163,693404.3000000715,9070,WL,C,10.0
5,37.549999952316284,learn,60000.0,Mon Jul 06 2026 16:12:37 GMT-0400 (Eastern Daylight Time),696687.5,A,nailenter,I,enter,258,2,3283.1999999284744,693404.3000000715,9070,WL,C,10.0
5,37.93400001525879,learn,60000.0,Mon Jul 06 2026 16:12:37 GMT-0400 (Eastern Daylight Time),697071.2000000477,A,l,I,l,373,2,383.39999997615814,696687.8000000715,9070,WL,C,11.0
5,38.1010000705719,learn,60000.0,Mon Jul 06 2026 16:12:37 GMT-0400 (Eastern Daylight Time),697237.8000000715,A,le,I,e,145,2,550.0,696687.8000000715,9070,WL,C,11.0
5,38.299999952316284,learn,60000.0,Mon Jul 06 2026 16:12:37 GMT-0400 (Eastern Daylight Time),697437.7000000477,A,let,I,t,178,2,749.8999999761581,696687.8000000715,9070,WL,C,11.0
5,38.43400001525879,learn,60000.0,Mon Jul 06 2026 16:12:37 GMT-0400 (Eastern Daylight Time),697571.2000000477,A,lett,I,t,116,2,883.3999999761581,696687.8000000715,9070,WL,C,11.0
5,38.91700005531311,learn,60000.0,Mon Jul 06 2026 16:12:37 GMT-0400 (Eastern Daylight Time),698054.4000000954,A,lettr,I,r,452,2,1366.6000000238419,696687.8000000715,9070,WL,C,11.0
5,39.717000007629395,learn,60000.0,Mon Jul 06 2026 16:12:37 GMT-0400 (Eastern Daylight Time),698854.5,A,lett,I,backspace,778,2,2166.6999999284744,696687.8000000715,9070,WL,C,11.0
5,39.884000062942505,learn,60000.0,Mon Jul 06 2026 16:12:37 GMT-0400 (Eastern Daylight Time),699021.1000000238,A,lette,I,e,155,2,2333.2999999523163,696687.8000000715,9070,WL,C,11.0
5,40.06699991226196,learn,60000.0,Mon Jul 06 2026 16:12:37 GMT-0400 (Eastern Daylight Time),699204.2000000477,A,letter,I,r,163,2,2516.399999976158,696687.8000000715,9070,WL,C,11.0
5,40.549999952316284,learn,60000.0,Mon Jul 06 2026 16:12:37 GMT-0400 (Eastern Daylight Time),699687.4000000954,A,letterenter,I,enter,463,2,2999.600000023842,696687.8000000715,9070,WL,C,11.0
5,42.151000022888184,learn,60000.0,Mon Jul 06 2026 16:12:37 GMT-0400 (Eastern Daylight Time),701288.0,A,s,I,s,1582,2,1600.3999999761581,699687.6000000238,9070,WL,C,12.0
5,42.25,learn,60000.0,Mon Jul 06 2026 16:12:37 GMT-0400 (Eastern Daylight Time),701387.7000000477,A,su,I,u,90,2,1700.1000000238419,699687.6000000238,9070,WL,C,12.0
5,42.81699991226196,learn,60000.0,Mon Jul 06 2026 16:12:37 GMT-0400 (Eastern Daylight Time),701954.5,A,sua,I,a,540,2,2266.899999976158,699687.6000000238,9070,WL,C,12.0
5,43.08400011062622,learn,60000.0,Mon Jul 06 2026 16:12:37 GMT-0400 (Eastern Daylight Time),702221.1000000238,A,suar,I,r,252,2,2533.5,699687.6000000238,9070,WL,C,12.0
5,43.76699995994568,learn,60000.0,Mon Jul 06 2026 16:12:37 GMT-0400 (Eastern Daylight Time),702904.5,A,sua,I,backspace,659,2,3216.899999976158,699687.6000000238,9070,WL,C,12.0
5,43.93400001525879,learn,60000.0,Mon Jul 06 2026 16:12:37 GMT-0400 (Eastern Daylight Time),703071.1000000238,A,su,I,backspace,151,2,3383.5,699687.6000000238,9070,WL,C,12.0
5,44.617000102996826,learn,60000.0,Mon Jul 06 2026 16:12:37 GMT-0400 (Eastern Daylight Time),703754.6000000238,A,sug,I,g,659,2,4067.0,699687.6000000238,9070,WL,C,12.0
5,44.91700005531311,learn,60000.0,Mon Jul 06 2026 16:12:37 GMT-0400 (Eastern Daylight Time),704054.5,A,suga,I,a,279,2,4366.899999976158,699687.6000000238,9070,WL,C,12.0
5,45.18400001525879,learn,60000.0,Mon Jul 06 2026 16:12:37 GMT-0400 (Eastern Daylight Time),704321.2000000477,A,sugar,I,r,251,2,4633.600000023842,699687.6000000238,9070,WL,C,12.0
5,45.8510000705719,learn,60000.0,Mon Jul 06 2026 16:12:37 GMT-0400 (Eastern Daylight Time),704988.3000000715,A,sugarenter,I,enter,647,2,5300.700000047684,699687.6000000238,9070,WL,C,12.0
5,51.43400001525879,learn,60000.0,Mon Jul 06 2026 16:12:37 GMT-0400 (Eastern Daylight Time),710571.1000000238,A,w,I,w,5560,2,5582.299999952316,704988.8000000715,9070,WL,C,13.0
5,51.53399991989136,learn,60000.0,Mon Jul 06 2026 16:12:37 GMT-0400 (Eastern Daylight Time),710671.2000000477,A,wh,I,h,83,2,5682.399999976158,704988.8000000715,9070,WL,C,13.0
5,51.70099997520447,learn,60000.0,Mon Jul 06 2026 16:12:37 GMT-0400 (Eastern Daylight Time),710837.9000000954,A,wha,I,a,136,2,5849.100000023842,704988.8000000715,9070,WL,C,13.0
5,52.41700005531311,learn,60000.0,Mon Jul 06 2026 16:12:37 GMT-0400 (Eastern Daylight Time),711554.5,A,wh,I,backspace,690,2,6565.699999928474,704988.8000000715,9070,WL,C,13.0
5,52.53399991989136,learn,60000.0,Mon Jul 06 2026 16:12:37 GMT-0400 (Eastern Daylight Time),711671.2000000477,A,whe,I,e,92,2,6682.399999976158,704988.8000000715,9070,WL,C,13.0
5,52.799999952316284,learn,60000.0,Mon Jul 06 2026 16:12:37 GMT-0400 (Eastern Daylight Time),711937.7000000477,A,whea,I,a,249,2,6948.899999976158,704988.8000000715,9070,WL,C,13.0
5,53.48399996757507,learn,60000.0,Mon Jul 06 2026 16:12:37 GMT-0400 (Eastern Daylight Time),712620.9000000954,A,wheat,I,t,673,2,7632.100000023842,704988.8000000715,9070,WL,C,13.0
5,54.01699995994568,learn,60000.0,Mon Jul 06 2026 16:12:37 GMT-0400 (Eastern Daylight Time),713154.0,A,wheatenter,I,enter,515,2,8165.199999928474,704988.8000000715,9070,WL,C,13.0
5,60.5,learn,60000.0,Mon Jul 06 2026 16:12:37 GMT-0400 (Eastern Daylight Time),719637.8000000715,A,q,I,q,6466,2,6483.399999976158,713154.4000000954,9070,WL,C,14.0
6,0.8829998970031738,distr,59117.000102996826,Mon Jul 06 2026 16:12:37 GMT-0400 (Eastern Daylight Time),790670.2000000477,B,s,I,s,870,2,882.0,789788.2000000477,9070,WL,C,1.0
6,1.3499999046325684,distr,58650.00009536743,Mon Jul 06 2026 16:12:37 GMT-0400 (Eastern Daylight Time),791137.7000000477,B,sk,I,k,454,2,1349.5,789788.2000000477,9070,WL,C,1.0
6,1.6999998092651367,distr,58300.00019073486,Mon Jul 06 2026 16:12:37 GMT-0400 (Eastern Daylight Time),791487.6000000238,B,sky,I,y,334,2,1699.3999999761581,789788.2000000477,9070,WL,C,1.0
6,2.1999998092651367,distr,57800.00019073486,Mon Jul 06 2026 16:12:37 GMT-0400 (Eastern Daylight Time),791987.2000000477,B,skyenter,I,enter,479,2,2199.0,789788.2000000477,9070,WL,C,1.0
6,2.6499998569488525,distr,57350.00014305115,Mon Jul 06 2026 16:12:37 GMT-0400 (Eastern Daylight Time),792437.6000000238,B,v,I,v,433,2,450.10000002384186,791987.5,9070,WL,C,2.0
6,2.883999824523926,distr,57116.000175476074,Mon Jul 06 2026 16:12:37 GMT-0400 (Eastern Daylight Time),792671.0,B,va,I,a,219,2,683.5,791987.5,9070,WL,C,2.0
6,3.0339999198913574,distr,56966.00008010864,Mon Jul 06 2026 16:12:37 GMT-0400 (Eastern Daylight Time),792821.0,B,val,I,l,128,2,833.5,791987.5,9070,WL,C,2.0
6,3.184000015258789,distr,56815.99998474121,Mon Jul 06 2026 16:12:37 GMT-0400 (Eastern Daylight Time),792971.1000000238,B,vall,I,l,123,2,983.6000000238419,791987.5,9070,WL,C,2.0
6,3.299999952316284,distr,56700.000047683716,Mon Jul 06 2026 16:12:37 GMT-0400 (Eastern Daylight Time),793087.5,B,valle,I,e,91,2,1100.0,791987.5,9070,WL,C,2.0
6,3.5839998722076416,distr,56416.00012779236,Mon Jul 06 2026 16:12:37 GMT-0400 (Eastern Daylight Time),793371.0,B,valley,I,y,249,2,1383.5,791987.5,9070,WL,C,2.0
6,4.000999927520752,distr,55999.00007247925,Mon Jul 06 2026 16:12:37 GMT-0400 (Eastern Daylight Time),793788.1000000238,B,valleyenter,I,enter,406,2,1800.6000000238419,791987.5,9070,WL,C,2.0
6,4.566999912261963,distr,55433.00008773804,Mon Jul 06 2026 16:12:37 GMT-0400 (Eastern Daylight Time),794353.8000000715,B,d,I,d,552,2,565.2000000476837,793788.6000000238,9070,WL,C,3.0
6,4.699999809265137,distr,55300.00019073486,Mon Jul 06 2026 16:12:37 GMT-0400 (Eastern Daylight Time),794487.6000000238,B,do,I,o,112,2,699.0,793788.6000000238,9070,WL,C,3.0
6,4.8999998569488525,distr,55100.00014305115,Mon Jul 06 2026 16:12:37 GMT-0400 (Eastern Daylight Time),794687.6000000238,B,dol,I,l,177,2,899.0,793788.6000000238,9070,WL,C,3.0
6,5.049999952316284,distr,54950.000047683716,Mon Jul 06 2026 16:12:37 GMT-0400 (Eastern Daylight Time),794837.7000000477,B,doll,I,l,120,2,1049.1000000238419,793788.6000000238,9070,WL,C,3.0
6,5.166999816894531,distr,54833.00018310547,Mon Jul 06 2026 16:12:37 GMT-0400 (Eastern Daylight Time),794954.3000000715,B,dolla,I,a,92,2,1165.7000000476837,793788.6000000238,9070,WL,C,3.0
6,5.434000015258789,distr,54565.99998474121,Mon Jul 06 2026 16:12:37 GMT-0400 (Eastern Daylight Time),795221.1000000238,B,dollar,I,r,247,2,1432.5,793788.6000000238,9070,WL,C,3.0
6,5.682999849319458,distr,54317.00015068054,Mon Jul 06 2026 16:12:37 GMT-0400 (Eastern Daylight Time),795470.6000000238,B,dollarenter,I,enter,235,2,1682.0,793788.6000000238,9070,WL,C,3.0
6,6.233999967575073,distr,53766.00003242493,Mon Jul 06 2026 16:12:37 GMT-0400 (Eastern Daylight Time),796021.0,B,h,I,h,534,2,550.0999999046326,795470.9000000954,9070,WL,C,4.0
6,6.3999998569488525,distr,53600.00014305115,Mon Jul 06 2026 16:12:37 GMT-0400 (Eastern Daylight Time),796187.7000000477,B,ha,I,a,138,2,716.7999999523163,795470.9000000954,9070,WL,C,4.0
6,6.583999872207642,distr,53416.00012779236,Mon Jul 06 2026 16:12:37 GMT-0400 (Eastern Daylight Time),796371.0,B,hal,I,l,164,2,900.0999999046326,795470.9000000954,9070,WL,C,4.0
6,6.733999967575073,distr,53266.00003242493,Mon Jul 06 2026 16:12:37 GMT-0400 (Eastern Daylight Time),796521.0,B,hall,I,l,126,2,1050.0999999046326,795470.9000000954,9070,WL,C,4.0
6,7.165999889373779,distr,52834.00011062622,Mon Jul 06 2026 16:12:37 GMT-0400 (Eastern Daylight Time),796953.8000000715,B,hallenter,I,enter,407,2,1482.8999999761581,795470.9000000954,9070,WL,C,4.0
6,7.849999904632568,distr,52150.00009536743,Mon Jul 06 2026 16:12:37 GMT-0400 (Eastern Daylight Time),797637.7000000477,B,c,I,c,666,2,683.3999999761581,796954.3000000715,9070,WL,C,5.0
6,7.9670000076293945,distr,52032.999992370605,Mon Jul 06 2026 16:12:37 GMT-0400 (Eastern Daylight Time),797754.3000000715,B,ch,I,h,90,2,800.0,796954.3000000715,9070,WL,C,5.0
6,8.133999824523926,distr,51866.000175476074,Mon Jul 06 2026 16:12:37 GMT-0400 (Eastern Daylight Time),797921.0,B,chr,I,r,152,2,966.6999999284744,796954.3000000715,9070,WL,C,5.0
6,8.25,distr,51750.0,Mon Jul 06 2026 16:12:37 GMT-0400 (Eastern Daylight Time),798037.6000000238,B,chri,I,i,88,2,1083.2999999523163,796954.3000000715,9070,WL,C,5.0
6,8.399999856948853,distr,51600.00014305115,Mon Jul 06 2026 16:12:37 GMT-0400 (Eastern Daylight Time),798187.5,B,chris,I,s,132,2,1233.1999999284744,796954.3000000715,9070,WL,C,5.0
6,8.633999824523926,distr,51366.000175476074,Mon Jul 06 2026 16:12:37 GMT-0400 (Eastern Daylight Time),798421.0,B,christ,I,t,205,2,1466.6999999284744,796954.3000000715,9070,WL,C,5.0
6,8.766999959945679,distr,51233.00004005432,Mon Jul 06 2026 16:12:37 GMT-0400 (Eastern Daylight Time),798554.3000000715,B,christm,I,m,109,2,1600.0,796954.3000000715,9070,WL,C,5.0
6,9.049999952316284,distr,50950.000047683716,Mon Jul 06 2026 16:12:37 GMT-0400 (Eastern Daylight Time),798837.6000000238,B,christma,I,a,256,2,1883.2999999523163,796954.3000000715,9070,WL,C,5.0
6,9.316999912261963,distr,50683.00008773804,Mon Jul 06 2026 16:12:37 GMT-0400 (Eastern Daylight Time),799104.3000000715,B,christmas,I,s,254,2,2150.0,796954.3000000715,9070,WL,C,5.0
6,9.58299994468689,distr,50417.00005531311,Mon Jul 06 2026 16:12:37 GMT-0400 (Eastern Daylight Time),799370.5,B,christmasenter,I,enter,233,2,2416.1999999284744,796954.3000000715,9070,WL,C,5.0
6,9.983999967575073,distr,50016.00003242493,Mon Jul 06 2026 16:12:37 GMT-0400 (Eastern Daylight Time),799771.0,B,n,I,n,378,2,400.09999990463257,799370.9000000954,9070,WL,C,6.0
6,10.25,distr,49750.0,Mon Jul 06 2026 16:12:37 GMT-0400 (Eastern Daylight Time),800037.6000000238,B,no,I,o,245,2,666.6999999284744,799370.9000000954,9070,WL,C,6.0
6,10.849999904632568,distr,49150.00009536743,Mon Jul 06 2026 16:12:37 GMT-0400 (Eastern Daylight Time),800637.5,B,n,I,backspace,586,2,1266.5999999046326,799370.9000000954,9070,WL,C,6.0
6,11.016999959945679,distr,48983.00004005432,Mon Jul 06 2026 16:12:37 GMT-0400 (Eastern Daylight Time),800804.3000000715,B,,I,backspace,148,2,1433.3999999761581,799370.9000000954,9070,WL,C,6.0
6,11.766999959945679,distr,48233.00004005432,Mon Jul 06 2026 16:12:37 GMT-0400 (Eastern Daylight Time),801554.2000000477,B,m,I,m,724,2,2183.2999999523163,799370.9000000954,9070,WL,C,6.0
6,12.033999919891357,distr,47966.00008010864,Mon Jul 06 2026 16:12:37 GMT-0400 (Eastern Daylight Time),801820.9000000954,B,mo,I,o,255,2,2450.0,799370.9000000954,9070,WL,C,6.0
6,12.25,distr,47750.0,Mon Jul 06 2026 16:12:37 GMT-0400 (Eastern Daylight Time),802037.6000000238,B,mon,I,n,196,2,2666.6999999284744,799370.9000000954,9070,WL,C,6.0
6,12.566999912261963,distr,47433.00008773804,Mon Jul 06 2026 16:12:37 GMT-0400 (Eastern Daylight Time),802354.4000000954,B,mone,I,e,299,2,2983.5,799370.9000000954,9070,WL,C,6.0
6,12.799999952316284,distr,47200.000047683716,Mon Jul 06 2026 16:12:37 GMT-0400 (Eastern Daylight Time),802587.6000000238,B,money,I,y,221,2,3216.6999999284744,799370.9000000954,9070,WL,C,6.0
6,13.516999959945679,distr,46483.00004005432,Mon Jul 06 2026 16:12:37 GMT-0400 (Eastern Daylight Time),803303.8000000715,B,moneyenter,I,enter,691,2,3932.899999976158,799370.9000000954,9070,WL,C,6.0
6,15.866999864578247,distr,44133.00013542175,Mon Jul 06 2026 16:12:37 GMT-0400 (Eastern Daylight Time),805654.3000000715,B,t,I,t,2333,2,2350.2000000476837,803304.1000000238,9070,WL,C,7.0
6,16.01799988746643,distr,43982.00011253357,Mon Jul 06 2026 16:12:37 GMT-0400 (Eastern Daylight Time),805805.3000000715,B,to,I,o,138,2,2501.2000000476837,803304.1000000238,9070,WL,C,7.0
6,16.16699981689453,distr,43833.00018310547,Mon Jul 06 2026 16:12:37 GMT-0400 (Eastern Daylight Time),805954.2000000477,B,too,I,o,131,2,2650.100000023842,803304.1000000238,9070,WL,C,7.0
6,16.51699995994568,distr,43483.00004005432,Mon Jul 06 2026 16:12:37 GMT-0400 (Eastern Daylight Time),806304.3000000715,B,tool,I,l,333,2,3000.2000000476837,803304.1000000238,9070,WL,C,7.0
6,17.09999990463257,distr,42900.00009536743,Mon Jul 06 2026 16:12:37 GMT-0400 (Eastern Daylight Time),806887.2000000477,B,toolenter,I,enter,558,2,3583.100000023842,803304.1000000238,9070,WL,C,7.0
6,20.483999967575073,distr,39516.00003242493,Mon Jul 06 2026 16:12:37 GMT-0400 (Eastern Daylight Time),810271.0,B,b,I,b,3373,2,3383.5,806887.5,9070,WL,C,8.0
6,20.66699981689453,distr,39333.00018310547,Mon Jul 06 2026 16:12:37 GMT-0400 (Eastern Daylight Time),810454.3000000715,B,ba,I,a,163,2,3566.8000000715256,806887.5,9070,WL,C,8.0
6,20.75,distr,39250.0,Mon Jul 06 2026 16:12:37 GMT-0400 (Eastern Daylight Time),810537.6000000238,B,ban,I,n,58,2,3650.100000023842,806887.5,9070,WL,C,8.0
6,22.18400001525879,distr,37815.99998474121,Mon Jul 06 2026 16:12:37 GMT-0400 (Eastern Daylight Time),811971.0,B,bank,I,k,1407,2,5083.5,806887.5,9070,WL,C,8.0
6,24.233999967575073,distr,35766.00003242493,Mon Jul 06 2026 16:12:37 GMT-0400 (Eastern Daylight Time),814020.9000000954,B,banks,I,s,2029,2,7133.400000095367,806887.5,9070,WL,C,8.0
6,24.432999849319458,distr,35567.00015068054,Mon Jul 06 2026 16:12:37 GMT-0400 (Eastern Daylight Time),814220.8000000715,B,banksa,I,a,189,2,7333.300000071526,806887.5,9070,WL,C,8.0
6,24.66699981689453,distr,35333.00018310547,Mon Jul 06 2026 16:12:37 GMT-0400 (Eastern Daylight Time),814454.3000000715,B,banksan,I,n,213,2,7566.800000071526,806887.5,9070,WL,C,8.0
6,24.967000007629395,distr,35032.999992370605,Mon Jul 06 2026 16:12:37 GMT-0400 (Eastern Daylight Time),814754.3000000715,B,banksand,I,d,273,2,7866.800000071526,806887.5,9070,WL,C,8.0
6,25.733999967575073,distr,34266.00003242493,Mon Jul 06 2026 16:12:37 GMT-0400 (Eastern Daylight Time),815520.9000000954,B,banksan,I,backspace,751,2,8633.400000095367,806887.5,9070,WL,C,8.0
6,25.899999856948853,distr,34100.00014305115,Mon Jul 06 2026 16:12:37 GMT-0400 (Eastern Daylight Time),815687.6000000238,B,banksa,I,backspace,145,2,8800.100000023842,806887.5,9070,WL,C,8.0
6,26.066999912261963,distr,33933.00008773804,Mon Jul 06 2026 16:12:37 GMT-0400 (Eastern Daylight Time),815854.2000000477,B,banks,I,backspace,153,2,8966.700000047684,806887.5,9070,WL,C,8.0
6,27.432999849319458,distr,32567.000150680542,Mon Jul 06 2026 16:12:37 GMT-0400 (Eastern Daylight Time),817220.5,B,banksenter,I,enter,1338,2,10333.0,806887.5,9070,WL,C,8.0
6,28.066999912261963,distr,31933.000087738037,Mon Jul 06 2026 16:12:37 GMT-0400 (Eastern Daylight Time),817854.1000000238,B,o,I,o,623,2,633.2999999523163,817220.8000000715,9070,WL,C,9.0
6,28.366999864578247,distr,31633.000135421753,Mon Jul 06 2026 16:12:37 GMT-0400 (Eastern Daylight Time),818154.0,B,ol,I,l,273,2,933.1999999284744,817220.8000000715,9070,WL,C,9.0
6,28.51699995994568,distr,31483.00004005432,Mon Jul 06 2026 16:12:37 GMT-0400 (Eastern Daylight Time),818304.4000000954,B,oll,I,l,135,2,1083.6000000238419,817220.8000000715,9070,WL,C,9.0
6,28.633999824523926,distr,31366.000175476074,Mon Jul 06 2026 16:12:37 GMT-0400 (Eastern Daylight Time),818421.0,B,olla,I,a,88,2,1200.1999999284744,817220.8000000715,9070,WL,C,9.0
6,28.91699981689453,distr,31083.00018310547,Mon Jul 06 2026 16:12:37 GMT-0400 (Eastern Daylight Time),818704.2000000477,B,ollar,I,r,259,2,1483.3999999761581,817220.8000000715,9070,WL,C,9.0
6,29.316999912261963,distr,30683.000087738037,Mon Jul 06 2026 16:12:37 GMT-0400 (Eastern Daylight Time),819104.2000000477,B,olla,I,backspace,385,2,1883.3999999761581,817220.8000000715,9070,WL,C,9.0
6,29.51699995994568,distr,30483.00004005432,Mon Jul 06 2026 16:12:37 GMT-0400 (Eastern Daylight Time),819304.3000000715,B,oll,I,backspace,175,2,2083.5,817220.8000000715,9070,WL,C,9.0
6,29.66699981689453,distr,30333.00018310547,Mon Jul 06 2026 16:12:37 GMT-0400 (Eastern Daylight Time),819454.2000000477,B,ol,I,backspace,136,2,2233.399999976158,817220.8000000715,9070,WL,C,9.0
6,30.16699981689453,distr,29833.00018310547,Mon Jul 06 2026 16:12:37 GMT-0400 (Eastern Daylight Time),819954.2000000477,B,o,I,backspace,482,2,2733.399999976158,817220.8000000715,9070,WL,C,9.0
6,30.383999824523926,distr,29616.000175476074,Mon Jul 06 2026 16:12:37 GMT-0400 (Eastern Daylight Time),820171.0,B,,I,backspace,189,2,2950.1999999284744,817220.8000000715,9070,WL,C,9.0
6,31.08399987220764,distr,28916.00012779236,Mon Jul 06 2026 16:12:37 GMT-0400 (Eastern Daylight Time),820870.9000000954,B,d,I,d,670,2,3650.100000023842,817220.8000000715,9070,WL,C,9.0
6,31.283999919891357,distr,28716.000080108643,Mon Jul 06 2026 16:12:37 GMT-0400 (Eastern Daylight Time),821070.9000000954,B,do,I,o,184,2,3850.100000023842,817220.8000000715,9070,WL,C,9.0
6,31.5,distr,28500.0,Mon Jul 06 2026 16:12:37 GMT-0400 (Eastern Daylight Time),821287.6000000238,B,dol,I,l,194,2,4066.7999999523163,817220.8000000715,9070,WL,C,9.0
6,31.633999824523926,distr,28366.000175476074,Mon Jul 06 2026 16:12:37 GMT-0400 (Eastern Daylight Time),821420.9000000954,B,doll,I,l,113,2,4200.100000023842,817220.8000000715,9070,WL,C,9.0
6,31.733999967575073,distr,28266.000032424927,Mon Jul 06 2026 16:12:37 GMT-0400 (Eastern Daylight Time),821520.9000000954,B,dolla,I,a,73,2,4300.100000023842,817220.8000000715,9070,WL,C,9.0
6,32.032999992370605,distr,27967.000007629395,Mon Jul 06 2026 16:12:37 GMT-0400 (Eastern Daylight Time),821820.6000000238,B,dollar,I,r,279,2,4599.799999952316,817220.8000000715,9070,WL,C,9.0
6,32.5,distr,27500.0,Mon Jul 06 2026 16:12:37 GMT-0400 (Eastern Daylight Time),822287.0,B,dollarenter,I,enter,450,2,5066.199999928474,817220.8000000715,9070,WL,C,9.0
6,33.717000007629395,distr,26282.999992370605,Mon Jul 06 2026 16:12:37 GMT-0400 (Eastern Daylight Time),823504.3000000715,B,g,I,g,1205,2,1217.0,822287.3000000715,9070,WL,C,10.0
6,33.94999980926514,distr,26050.000190734863,Mon Jul 06 2026 16:12:37 GMT-0400 (Eastern Daylight Time),823737.6000000238,B,gr,I,r,208,2,1450.2999999523163,822287.3000000715,9070,WL,C,10.0
6,34.31699991226196,distr,25683.000087738037,Mon Jul 06 2026 16:12:37 GMT-0400 (Eastern Daylight Time),824104.2000000477,B,gre,I,e,342,2,1816.8999999761581,822287.3000000715,9070,WL,C,10.0
6,34.5,distr,25500.0,Mon Jul 06 2026 16:12:37 GMT-0400 (Eastern Daylight Time),824287.6000000238,B,gren,I,n,168,2,2000.2999999523163,822287.3000000715,9070,WL,C,10.0
6,35.31699991226196,distr,24683.000087738037,Mon Jul 06 2026 16:12:37 GMT-0400 (Eastern Daylight Time),825104.2000000477,B,gre,I,backspace,800,2,2816.899999976158,822287.3000000715,9070,WL,C,10.0
6,35.467000007629395,distr,24532.999992370605,Mon Jul 06 2026 16:12:37 GMT-0400 (Eastern Daylight Time),825254.3000000715,B,gree,I,e,126,2,2967.0,822287.3000000715,9070,WL,C,10.0
6,35.91699981689453,distr,24083.00018310547,Mon Jul 06 2026 16:12:37 GMT-0400 (Eastern Daylight Time),825704.2000000477,B,green,I,n,418,2,3416.899999976158,822287.3000000715,9070,WL,C,10.0
6,36.64999985694885,distr,23350.000143051147,Mon Jul 06 2026 16:12:37 GMT-0400 (Eastern Daylight Time),826437.2000000477,B,greenenter,I,enter,710,2,4149.899999976158,822287.3000000715,9070,WL,C,10.0
6,38.883999824523926,distr,21116.000175476074,Mon Jul 06 2026 16:12:37 GMT-0400 (Eastern Daylight Time),828670.9000000954,B,m,I,m,2223,2,2233.3000000715256,826437.6000000238,9070,WL,C,11.0
6,39.467000007629395,distr,20532.999992370605,Mon Jul 06 2026 16:12:37 GMT-0400 (Eastern Daylight Time),829254.2000000477,B,mo,I,o,562,2,2816.600000023842,826437.6000000238,9070,WL,C,11.0
6,39.66699981689453,distr,20333.00018310547,Mon Jul 06 2026 16:12:37 GMT-0400 (Eastern Daylight Time),829454.2000000477,B,mot,I,t,186,2,3016.600000023842,826437.6000000238,9070,WL,C,11.0
6,39.75,distr,20250.0,Mon Jul 06 2026 16:12:37 GMT-0400 (Eastern Daylight Time),829537.3000000715,B,moth,I,h,66,2,3099.7000000476837,826437.6000000238,9070,WL,C,11.0
6,39.91699981689453,distr,20083.00018310547,Mon Jul 06 2026 16:12:37 GMT-0400 (Eastern Daylight Time),829704.2000000477,B,mothe,I,e,147,2,3266.600000023842,826437.6000000238,9070,WL,C,11.0
6,40.08299994468689,distr,19917.00005531311,Mon Jul 06 2026 16:12:37 GMT-0400 (Eastern Daylight Time),829870.8000000715,B,mother,I,r,143,2,3433.2000000476837,826437.6000000238,9070,WL,C,11.0
6,40.401000022888184,distr,19598.999977111816,Mon Jul 06 2026 16:12:37 GMT-0400 (Eastern Daylight Time),830188.2000000477,B,motherenter,I,enter,304,2,3750.600000023842,826437.6000000238,9070,WL,C,11.0
6,44.48399996757507,distr,15516.000032424927,Mon Jul 06 2026 16:12:37 GMT-0400 (Eastern Daylight Time),834270.9000000954,B,c,I,c,4072,2,4082.3000000715256,830188.6000000238,9070,WL,C,12.0
6,44.61699986457825,distr,15383.000135421753,Mon Jul 06 2026 16:12:37 GMT-0400 (Eastern Daylight Time),834404.1000000238,B,ch,I,h,113,2,4215.5,830188.6000000238,9070,WL,C,12.0
6,44.83299994468689,distr,15167.00005531311,Mon Jul 06 2026 16:12:37 GMT-0400 (Eastern Daylight Time),834620.5,B,chi,I,i,207,2,4431.899999976158,830188.6000000238,9070,WL,C,12.0
6,44.91599988937378,distr,15084.00011062622,Mon Jul 06 2026 16:12:37 GMT-0400 (Eastern Daylight Time),834703.6000000238,B,chic,I,c,67,2,4515.0,830188.6000000238,9070,WL,C,12.0
6,45.09999990463257,distr,14900.000095367432,Mon Jul 06 2026 16:12:37 GMT-0400 (Eastern Daylight Time),834887.6000000238,B,chick,I,k,161,2,4699.0,830188.6000000238,9070,WL,C,12.0
6,45.39999985694885,distr,14600.000143051147,Mon Jul 06 2026 16:12:37 GMT-0400 (Eastern Daylight Time),835187.6000000238,B,chickn,I,n,280,2,4999.0,830188.6000000238,9070,WL,C,12.0
6,46.34999990463257,distr,13650.000095367432,Mon Jul 06 2026 16:12:37 GMT-0400 (Eastern Daylight Time),836137.1000000238,B,chicknenter,I,enter,923,2,5948.5,830188.6000000238,9070,WL,C,12.0
6,49.43299984931946,distr,10567.000150680542,Mon Jul 06 2026 16:12:37 GMT-0400 (Eastern Daylight Time),839220.8000000715,B,f,I,f,3067,2,3083.3000000715256,836137.5,9070,WL,C,13.0
6,49.61699986457825,distr,10383.000135421753,Mon Jul 06 2026 16:12:37 GMT-0400 (Eastern Daylight Time),839403.9000000954,B,fr,I,r,170,2,3266.4000000953674,836137.5,9070,WL,C,13.0
6,49.717000007629395,distr,10282.999992370605,Mon Jul 06 2026 16:12:37 GMT-0400 (Eastern Daylight Time),839504.1000000238,B,fri,I,i,85,2,3366.600000023842,836137.5,9070,WL,C,13.0
6,49.84999990463257,distr,10150.000095367432,Mon Jul 06 2026 16:12:37 GMT-0400 (Eastern Daylight Time),839637.6000000238,B,frie,I,e,104,2,3500.100000023842,836137.5,9070,WL,C,13.0
6,49.98399996757507,distr,10016.000032424927,Mon Jul 06 2026 16:12:37 GMT-0400 (Eastern Daylight Time),839770.9000000954,B,frien,I,n,107,2,3633.4000000953674,836137.5,9070,WL,C,13.0
6,50.132999897003174,distr,9867.000102996826,Mon Jul 06 2026 16:12:37 GMT-0400 (Eastern Daylight Time),839920.9000000954,B,friend,I,d,134,2,3783.4000000953674,836137.5,9070,WL,C,13.0
6,51.16699981689453,distr,8833.000183105469,Mon Jul 06 2026 16:12:37 GMT-0400 (Eastern Daylight Time),840953.8000000715,B,friendenter,I,enter,998,2,4816.300000071526,836137.5,9070,WL,C,13.0
6,55.299999952316284,distr,4700.000047683716,Mon Jul 06 2026 16:12:37 GMT-0400 (Eastern Daylight Time),845087.5,B,r,I,r,4122,2,4133.399999976158,840954.1000000238,9070,WL,C,14.0
6,55.73399996757507,distr,4266.000032424927,Mon Jul 06 2026 16:12:37 GMT-0400 (Eastern Daylight Time),845520.9000000954,B,rb,I,b,416,2,4566.800000071526,840954.1000000238,9070,WL,C,14.0
6,55.86699986457825,distr,4133.000135421753,Mon Jul 06 2026 16:12:37 GMT-0400 (Eastern Daylight Time),845654.2000000477,B,rbb,I,b,111,2,4700.100000023842,840954.1000000238,9070,WL,C,14.0
6,56.08299994468689,distr,3917.0000553131104,Mon Jul 06 2026 16:12:37 GMT-0400 (Eastern Daylight Time),845870.8000000715,B,rbbi,I,i,203,2,4916.700000047684,840954.1000000238,9070,WL,C,14.0
6,56.18400001525879,distr,3815.999984741211,Mon Jul 06 2026 16:12:37 GMT-0400 (Eastern Daylight Time),845970.9000000954,B,rbbit,I,t,82,2,5016.800000071526,840954.1000000238,9070,WL,C,14.0
6,56.86699986457825,distr,3133.000135421753,Mon Jul 06 2026 16:12:37 GMT-0400 (Eastern Daylight Time),846654.1000000238,B,rbbi,I,backspace,669,2,5700.0,840954.1000000238,9070,WL,C,14.0
6,57.19999980926514,distr,2800.0001907348633,Mon Jul 06 2026 16:12:37 GMT-0400 (Eastern Daylight Time),846987.6000000238,B,rbb,I,backspace,305,2,6033.5,840954.1000000238,9070,WL,C,14.0
6,57.34999990463257,distr,2650.0000953674316,Mon Jul 06 2026 16:12:37 GMT-0400 (Eastern Daylight Time),847137.6000000238,B,rb,I,backspace,133,2,6183.5,840954.1000000238,9070,WL,C,14.0
6,57.5,distr,2500.0,Mon Jul 06 2026 16:12:37 GMT-0400 (Eastern Daylight Time),847287.6000000238,B,r,I,backspace,125,2,6333.5,840954.1000000238,9070,WL,C,14.0
6,58.31699991226196,distr,1683.000087738037,Mon Jul 06 2026 16:12:37 GMT-0400 (Eastern Daylight Time),848104.2000000477,B,ra,I,a,784,2,7150.100000023842,840954.1000000238,9070,WL,C,14.0
6,58.66699981689453,distr,1333.0001831054688,Mon Jul 06 2026 16:12:37 GMT-0400 (Eastern Daylight Time),848454.3000000715,B,rab,I,b,327,2,7500.200000047684,840954.1000000238,9070,WL,C,14.0
6,58.91699981689453,distr,1083.0001831054688,Mon Jul 06 2026 16:12:37 GMT-0400 (Eastern Daylight Time),848704.2000000477,B,rabi,I,i,233,2,7750.100000023842,840954.1000000238,9070,WL,C,14.0
6,59.049999952316284,distr,950.0000476837158,Mon Jul 06 2026 16:12:37 GMT-0400 (Eastern Daylight Time),848837.5,B,rabit,I,t,112,2,7883.399999976158,840954.1000000238,9070,WL,C,14.0
6,59.89999985694885,distr,100.00014305114746,Mon Jul 06 2026 16:12:37 GMT-0400 (Eastern Daylight Time),849687.0,B,rabitenter,I,enter,822,2,8732.899999976158,840954.1000000238,9070,WL,C,14.0
6,60.01699995994568,distr,-16.99995994567871,Mon Jul 06 2026 16:12:37 GMT-0400 (Eastern Daylight Time),849804.3000000715,B,None,I,None,111,2,116.89999997615814,849687.4000000954,9070,WL,C,15.0
7,1.2999999523162842,immed,58700.000047683716,Mon Jul 06 2026 16:12:37 GMT-0400 (Eastern Daylight Time),860404.2000000477,A,t,I,t,1282,2,1299.6000000238419,859104.6000000238,9070,WL,C,1.0
7,1.499000072479248,immed,58500.99992752075,Mon Jul 06 2026 16:12:37 GMT-0400 (Eastern Daylight Time),860603.8000000715,A,to,I,o,188,2,1499.2000000476837,859104.6000000238,9070,WL,C,1.0
7,1.75,immed,58250.0,Mon Jul 06 2026 16:12:37 GMT-0400 (Eastern Daylight Time),860854.2000000477,A,tow,I,w,221,2,1749.6000000238419,859104.6000000238,9070,WL,C,1.0
7,1.9500000476837158,immed,58049.999952316284,Mon Jul 06 2026 16:12:37 GMT-0400 (Eastern Daylight Time),861054.1000000238,A,towe,I,e,187,2,1949.5,859104.6000000238,9070,WL,C,1.0
7,3.4839999675750732,immed,56516.00003242493,Mon Jul 06 2026 16:12:37 GMT-0400 (Eastern Daylight Time),862588.1000000238,A,toweenter,I,enter,1521,2,3483.5,859104.6000000238,9070,WL,C,1.0
7,3.950000047683716,immed,56049.999952316284,Mon Jul 06 2026 16:12:37 GMT-0400 (Eastern Daylight Time),863054.1000000238,A,w,I,w,456,2,465.6999999284744,862588.4000000954,9070,WL,C,2.0
7,4.066999912261963,immed,55933.00008773804,Mon Jul 06 2026 16:12:37 GMT-0400 (Eastern Daylight Time),863170.9000000954,A,wh,I,h,99,2,582.5,862588.4000000954,9070,WL,C,2.0
7,4.216000080108643,immed,55783.99991989136,Mon Jul 06 2026 16:12:37 GMT-0400 (Eastern Daylight Time),863320.8000000715,A,wha,I,a,126,2,732.3999999761581,862588.4000000954,9070,WL,C,2.0
7,4.766000032424927,immed,55233.99996757507,Mon Jul 06 2026 16:12:37 GMT-0400 (Eastern Daylight Time),863870.7000000477,A,wh,I,backspace,534,2,1282.2999999523163,862588.4000000954,9070,WL,C,2.0
7,4.882999897003174,immed,55117.000102996826,Mon Jul 06 2026 16:12:37 GMT-0400 (Eastern Daylight Time),863987.5,A,whe,I,e,98,2,1399.0999999046326,862588.4000000954,9070,WL,C,2.0
7,5.200000047683716,immed,54799.999952316284,Mon Jul 06 2026 16:12:37 GMT-0400 (Eastern Daylight Time),864304.1000000238,A,whea,I,a,301,2,1715.6999999284744,862588.4000000954,9070,WL,C,2.0
7,5.898999929428101,immed,54101.0000705719,Mon Jul 06 2026 16:12:37 GMT-0400 (Eastern Daylight Time),865003.8000000715,A,wheat,I,t,688,2,2415.399999976158,862588.4000000954,9070,WL,C,2.0
7,6.433000087738037,immed,53566.99991226196,Mon Jul 06 2026 16:12:37 GMT-0400 (Eastern Daylight Time),865537.0,A,wheatenter,I,enter,516,2,2948.5999999046326,862588.4000000954,9070,WL,C,2.0
7,7.933000087738037,immed,52066.99991226196,Mon Jul 06 2026 16:12:37 GMT-0400 (Eastern Daylight Time),867037.4000000954,A,q,I,q,1492,2,1500.1000000238419,865537.3000000715,9070,WL,C,3.0
7,8.183000087738037,immed,51816.99991226196,Mon Jul 06 2026 16:12:37 GMT-0400 (Eastern Daylight Time),867287.4000000954,A,qu,I,u,227,2,1750.1000000238419,865537.3000000715,9070,WL,C,3.0
7,8.400000095367432,immed,51599.99990463257,Mon Jul 06 2026 16:12:37 GMT-0400 (Eastern Daylight Time),867504.1000000238,A,que,I,e,200,2,1966.7999999523163,865537.3000000715,9070,WL,C,3.0
7,8.549999952316284,immed,51450.000047683716,Mon Jul 06 2026 16:12:37 GMT-0400 (Eastern Daylight Time),867654.3000000715,A,quee,I,e,128,2,2117.0,865537.3000000715,9070,WL,C,3.0
7,8.799999952316284,immed,51200.000047683716,Mon Jul 06 2026 16:12:37 GMT-0400 (Eastern Daylight Time),867904.2000000477,A,queen,I,n,226,2,2366.899999976158,865537.3000000715,9070,WL,C,3.0
7,9.33299994468689,immed,50667.00005531311,Mon Jul 06 2026 16:12:37 GMT-0400 (Eastern Daylight Time),868437.1000000238,A,queenenter,I,enter,510,2,2899.7999999523163,865537.3000000715,9070,WL,C,3.0
7,9.782999992370605,immed,50217.000007629395,Mon Jul 06 2026 16:12:37 GMT-0400 (Eastern Daylight Time),868887.5,A,s,I,s,432,2,450.09999990463257,868437.4000000954,9070,WL,C,4.0
7,10.0,immed,50000.0,Mon Jul 06 2026 16:12:37 GMT-0400 (Eastern Daylight Time),869104.1000000238,A,su,I,u,202,2,666.6999999284744,868437.4000000954,9070,WL,C,4.0
7,10.266999959945679,immed,49733.00004005432,Mon Jul 06 2026 16:12:37 GMT-0400 (Eastern Daylight Time),869370.9000000954,A,sug,I,g,239,2,933.5,868437.4000000954,9070,WL,C,4.0
7,10.516000032424927,immed,49483.99996757507,Mon Jul 06 2026 16:12:37 GMT-0400 (Eastern Daylight Time),869620.7000000477,A,suga,I,a,225,2,1183.2999999523163,868437.4000000954,9070,WL,C,4.0
7,10.766000032424927,immed,49233.99996757507,Mon Jul 06 2026 16:12:37 GMT-0400 (Eastern Daylight Time),869870.8000000715,A,sugar,I,r,236,2,1433.3999999761581,868437.4000000954,9070,WL,C,4.0
7,11.315999984741211,immed,48684.00001525879,Mon Jul 06 2026 16:12:37 GMT-0400 (Eastern Daylight Time),870420.4000000954,A,sugarenter,I,enter,529,2,1983.0,868437.4000000954,9070,WL,C,4.0
7,11.782999992370605,immed,48217.000007629395,Mon Jul 06 2026 16:12:37 GMT-0400 (Eastern Daylight Time),870887.5,A,b,I,b,448,2,466.89999997615814,870420.6000000238,9070,WL,C,5.0
7,11.8989999294281,immed,48101.0000705719,Mon Jul 06 2026 16:12:37 GMT-0400 (Eastern Daylight Time),871003.8000000715,A,bo,I,o,106,2,583.2000000476837,870420.6000000238,9070,WL,C,5.0
7,12.08299994468689,immed,47917.00005531311,Mon Jul 06 2026 16:12:37 GMT-0400 (Eastern Daylight Time),871187.4000000954,A,bot,I,t,165,2,766.8000000715256,870420.6000000238,9070,WL,C,5.0
7,12.433000087738037,immed,47566.99991226196,Mon Jul 06 2026 16:12:37 GMT-0400 (Eastern Daylight Time),871537.5,A,bo,I,backspace,330,2,1116.8999999761581,870420.6000000238,9070,WL,C,5.0
7,12.532999992370605,immed,47467.000007629395,Mon Jul 06 2026 16:12:37 GMT-0400 (Eastern Daylight Time),871637.5,A,boy,I,y,79,2,1216.8999999761581,870420.6000000238,9070,WL,C,5.0
7,13.348999977111816,immed,46651.00002288818,Mon Jul 06 2026 16:12:37 GMT-0400 (Eastern Daylight Time),872453.7000000477,A,boyenter,I,enter,786,2,2033.1000000238419,870420.6000000238,9070,WL,C,5.0
7,14.349999904632568,immed,45650.00009536743,Mon Jul 06 2026 16:12:37 GMT-0400 (Eastern Daylight Time),873454.0,A,c,I,c,990,2,1000.0,872454.0,9070,WL,C,6.0
7,14.615999937057495,immed,45384.000062942505,Mon Jul 06 2026 16:12:37 GMT-0400 (Eastern Daylight Time),873720.8000000715,A,ca,I,a,244,2,1266.8000000715256,872454.0,9070,WL,C,6.0
7,14.782999992370605,immed,45217.000007629395,Mon Jul 06 2026 16:12:37 GMT-0400 (Eastern Daylight Time),873887.4000000954,A,cam,I,m,152,2,1433.4000000953674,872454.0,9070,WL,C,6.0
7,16.06599998474121,immed,43934.00001525879,Mon Jul 06 2026 16:12:37 GMT-0400 (Eastern Daylight Time),875170.8000000715,A,camp,I,p,1257,2,2716.8000000715256,872454.0,9070,WL,C,6.0
7,16.532999992370605,immed,43467.000007629395,Mon Jul 06 2026 16:12:37 GMT-0400 (Eastern Daylight Time),875637.0,A,campenter,I,enter,445,2,3183.0,872454.0,9070,WL,C,6.0
7,17.098999977111816,immed,42901.00002288818,Mon Jul 06 2026 16:12:37 GMT-0400 (Eastern Daylight Time),876203.8000000715,A,d,I,d,560,2,566.5,875637.3000000715,9070,WL,C,7.0
7,17.40000009536743,immed,42599.99990463257,Mon Jul 06 2026 16:12:37 GMT-0400 (Eastern Daylight Time),876504.1000000238,A,dc,I,c,275,2,866.7999999523163,875637.3000000715,9070,WL,C,7.0
7,17.65000009536743,immed,42349.99990463257,Mon Jul 06 2026 16:12:37 GMT-0400 (Eastern Daylight Time),876754.1000000238,A,dct,I,t,232,2,1116.7999999523163,875637.3000000715,9070,WL,C,7.0
7,17.76699995994568,immed,42233.00004005432,Mon Jul 06 2026 16:12:37 GMT-0400 (Eastern Daylight Time),876871.0,A,dcto,I,o,94,2,1233.6999999284744,875637.3000000715,9070,WL,C,7.0
7,17.8989999294281,immed,42101.0000705719,Mon Jul 06 2026 16:12:37 GMT-0400 (Eastern Daylight Time),877003.8000000715,A,dctor,I,r,112,2,1366.5,875637.3000000715,9070,WL,C,7.0
7,18.749000072479248,immed,41250.99992752075,Mon Jul 06 2026 16:12:37 GMT-0400 (Eastern Daylight Time),877853.6000000238,A,dctorenter,I,enter,827,2,2216.2999999523163,875637.3000000715,9070,WL,C,7.0
7,20.200000047683716,immed,39799.999952316284,Mon Jul 06 2026 16:12:37 GMT-0400 (Eastern Daylight Time),879304.2000000477,A,f,I,f,1431,2,1450.2999999523163,877853.9000000954,9070,WL,C,8.0
7,20.31599998474121,immed,39684.00001525879,Mon Jul 06 2026 16:12:37 GMT-0400 (Eastern Daylight Time),879420.5,A,fl,I,l,105,2,1566.5999999046326,877853.9000000954,9070,WL,C,8.0
7,20.466000080108643,immed,39533.99991989136,Mon Jul 06 2026 16:12:37 GMT-0400 (Eastern Daylight Time),879570.8000000715,A,fla,I,a,131,2,1716.8999999761581,877853.9000000954,9070,WL,C,8.0
7,20.766000032424927,immed,39233.99996757507,Mon Jul 06 2026 16:12:37 GMT-0400 (Eastern Daylight Time),879870.7000000477,A,flag,I,g,285,2,2016.7999999523163,877853.9000000954,9070,WL,C,8.0
7,22.282999992370605,immed,37717.000007629395,Mon Jul 06 2026 16:12:37 GMT-0400 (Eastern Daylight Time),881387.4000000954,A,flagc,I,c,1505,2,3533.5,877853.9000000954,9070,WL,C,8.0
7,22.516000032424927,immed,37483.99996757507,Mon Jul 06 2026 16:12:37 GMT-0400 (Eastern Daylight Time),881620.9000000954,A,flagca,I,a,212,2,3767.0,877853.9000000954,9070,WL,C,8.0
7,22.75,immed,37250.0,Mon Jul 06 2026 16:12:37 GMT-0400 (Eastern Daylight Time),881854.1000000238,A,flagcat,I,t,219,2,4000.1999999284744,877853.9000000954,9070,WL,C,8.0
7,22.865999937057495,immed,37134.000062942505,Mon Jul 06 2026 16:12:37 GMT-0400 (Eastern Daylight Time),881970.8000000715,A,flagcatt,I,t,98,2,4116.899999976158,877853.9000000954,9070,WL,C,8.0
7,23.0,immed,37000.0,Mon Jul 06 2026 16:12:37 GMT-0400 (Eastern Daylight Time),882104.2000000477,A,flagcattl,I,l,101,2,4250.299999952316,877853.9000000954,9070,WL,C,8.0
7,23.56599998474121,immed,36434.00001525879,Mon Jul 06 2026 16:12:37 GMT-0400 (Eastern Daylight Time),882670.6000000238,A,flagcatt,I,backspace,543,2,4816.699999928474,877853.9000000954,9070,WL,C,8.0
7,23.766000032424927,immed,36233.99996757507,Mon Jul 06 2026 16:12:37 GMT-0400 (Eastern Daylight Time),882870.8000000715,A,flagcat,I,backspace,178,2,5016.899999976158,877853.9000000954,9070,WL,C,8.0
7,24.300999879837036,immed,35699.000120162964,Mon Jul 06 2026 16:12:37 GMT-0400 (Eastern Daylight Time),883405.0,A,flagca,I,backspace,512,2,5551.099999904633,877853.9000000954,9070,WL,C,8.0
7,25.032999992370605,immed,34967.000007629395,Mon Jul 06 2026 16:12:37 GMT-0400 (Eastern Daylight Time),884137.5,A,flagc,I,backspace,708,2,6283.599999904633,877853.9000000954,9070,WL,C,8.0
7,25.549999952316284,immed,34450.000047683716,Mon Jul 06 2026 16:12:37 GMT-0400 (Eastern Daylight Time),884654.0,A,flag,I,backspace,502,2,6800.099999904633,877853.9000000954,9070,WL,C,8.0
7,26.299000024795532,immed,33700.99997520447,Mon Jul 06 2026 16:12:37 GMT-0400 (Eastern Daylight Time),885403.6000000238,A,flagenter,I,enter,735,2,7549.699999928474,877853.9000000954,9070,WL,C,8.0
7,26.799999952316284,immed,33200.000047683716,Mon Jul 06 2026 16:12:37 GMT-0400 (Eastern Daylight Time),885904.0,A,c,I,c,488,2,500.09999990463257,885403.9000000954,9070,WL,C,9.0
7,27.032999992370605,immed,32967.000007629395,Mon Jul 06 2026 16:12:37 GMT-0400 (Eastern Daylight Time),886137.5,A,ca,I,a,210,2,733.5999999046326,885403.9000000954,9070,WL,C,9.0
7,27.266000032424927,immed,32733.999967575073,Mon Jul 06 2026 16:12:37 GMT-0400 (Eastern Daylight Time),886370.8000000715,A,cat,I,t,207,2,966.8999999761581,885403.9000000954,9070,WL,C,9.0
7,27.382999897003174,immed,32617.000102996826,Mon Jul 06 2026 16:12:37 GMT-0400 (Eastern Daylight Time),886487.5,A,catt,I,t,92,2,1083.5999999046326,885403.9000000954,9070,WL,C,9.0
7,27.5,immed,32500.0,Mon Jul 06 2026 16:12:37 GMT-0400 (Eastern Daylight Time),886603.9000000954,A,cattl,I,l,104,2,1200.0,885403.9000000954,9070,WL,C,9.0
7,27.81599998474121,immed,32184.00001525879,Mon Jul 06 2026 16:12:37 GMT-0400 (Eastern Daylight Time),886920.8000000715,A,cattle,I,e,285,2,1516.8999999761581,885403.9000000954,9070,WL,C,9.0
7,28.216000080108643,immed,31783.999919891357,Mon Jul 06 2026 16:12:37 GMT-0400 (Eastern Daylight Time),887320.2000000477,A,cattleenter,I,enter,373,2,1916.2999999523163,885403.9000000954,9070,WL,C,9.0
7,30.34999990463257,immed,29650.00009536743,Mon Jul 06 2026 16:12:37 GMT-0400 (Eastern Daylight Time),889454.0,A,s,I,s,2124,2,2133.5,887320.5,9070,WL,C,10.0
7,30.433000087738037,immed,29566.999912261963,Mon Jul 06 2026 16:12:37 GMT-0400 (Eastern Daylight Time),889537.4000000954,A,sh,I,h,66,2,2216.9000000953674,887320.5,9070,WL,C,10.0
7,30.632999897003174,immed,29367.000102996826,Mon Jul 06 2026 16:12:37 GMT-0400 (Eastern Daylight Time),889737.4000000954,A,sho,I,o,175,2,2416.9000000953674,887320.5,9070,WL,C,10.0
7,30.75,immed,29250.0,Mon Jul 06 2026 16:12:37 GMT-0400 (Eastern Daylight Time),889854.0,A,shor,I,r,104,2,2533.5,887320.5,9070,WL,C,10.0
7,30.950000047683716,immed,29049.999952316284,Mon Jul 06 2026 16:12:37 GMT-0400 (Eastern Daylight Time),890054.1000000238,A,shore,I,e,171,2,2733.600000023842,887320.5,9070,WL,C,10.0
7,32.132999897003174,immed,27867.000102996826,Mon Jul 06 2026 16:12:37 GMT-0400 (Eastern Daylight Time),891236.9000000954,A,shoreenter,I,enter,1162,2,3916.4000000953674,887320.5,9070,WL,C,10.0
7,33.282999992370605,immed,26717.000007629395,Mon Jul 06 2026 16:12:37 GMT-0400 (Eastern Daylight Time),892387.4000000954,A,n,I,n,1135,2,1150.2000000476837,891237.2000000477,9070,WL,C,11.0
7,33.43300008773804,immed,26566.999912261963,Mon Jul 06 2026 16:12:37 GMT-0400 (Eastern Daylight Time),892537.5,A,na,I,a,125,2,1300.2999999523163,891237.2000000477,9070,WL,C,11.0
7,33.59999990463257,immed,26400.00009536743,Mon Jul 06 2026 16:12:37 GMT-0400 (Eastern Daylight Time),892704.1000000238,A,nai,I,i,152,2,1466.8999999761581,891237.2000000477,9070,WL,C,11.0
7,33.83299994468689,immed,26167.00005531311,Mon Jul 06 2026 16:12:37 GMT-0400 (Eastern Daylight Time),892937.4000000954,A,nail,I,l,199,2,1700.2000000476837,891237.2000000477,9070,WL,C,11.0
7,34.49900007247925,immed,25500.999927520752,Mon Jul 06 2026 16:12:37 GMT-0400 (Eastern Daylight Time),893603.7000000477,A,nailenter,I,enter,645,2,2366.5,891237.2000000477,9070,WL,C,11.0
7,38.25,immed,21750.0,Mon Jul 06 2026 16:12:37 GMT-0400 (Eastern Daylight Time),897354.2000000477,A,c,I,c,3729,2,3750.2000000476837,893604.0,9070,WL,C,12.0
7,38.33299994468689,immed,21667.00005531311,Mon Jul 06 2026 16:12:37 GMT-0400 (Eastern Daylight Time),897437.3000000715,A,co,I,o,70,2,3833.3000000715256,893604.0,9070,WL,C,12.0
7,38.782999992370605,immed,21217.000007629395,Mon Jul 06 2026 16:12:37 GMT-0400 (Eastern Daylight Time),897887.3000000715,A,con,I,n,436,2,4283.300000071526,893604.0,9070,WL,C,12.0
7,39.56599998474121,immed,20434.00001525879,Mon Jul 06 2026 16:12:37 GMT-0400 (Eastern Daylight Time),898670.7000000477,A,co,I,backspace,769,2,5066.700000047684,893604.0,9070,WL,C,12.0
7,40.049999952316284,immed,19950.000047683716,Mon Jul 06 2026 16:12:37 GMT-0400 (Eastern Daylight Time),899154.0,A,cor,I,r,465,2,5550.0,893604.0,9070,WL,C,12.0
7,40.59999990463257,immed,19400.00009536743,Mon Jul 06 2026 16:12:37 GMT-0400 (Eastern Daylight Time),899704.1000000238,A,corn,I,n,526,2,6100.100000023842,893604.0,9070,WL,C,12.0
7,41.382999897003174,immed,18617.000102996826,Mon Jul 06 2026 16:12:37 GMT-0400 (Eastern Daylight Time),900486.9000000954,A,cornenter,I,enter,759,2,6882.900000095367,893604.0,9070,WL,C,12.0
7,42.365999937057495,immed,17634.000062942505,Mon Jul 06 2026 16:12:37 GMT-0400 (Eastern Daylight Time),901470.6000000238,A,l,I,l,973,2,983.3999999761581,900487.2000000477,9070,WL,C,13.0
7,42.532999992370605,immed,17467.000007629395,Mon Jul 06 2026 16:12:37 GMT-0400 (Eastern Daylight Time),901637.5,A,le,I,e,146,2,1150.2999999523163,900487.2000000477,9070,WL,C,13.0
7,42.75,immed,17250.0,Mon Jul 06 2026 16:12:37 GMT-0400 (Eastern Daylight Time),901854.0,A,let,I,t,194,2,1366.7999999523163,900487.2000000477,9070,WL,C,13.0
7,42.882999897003174,immed,17117.000102996826,Mon Jul 06 2026 16:12:37 GMT-0400 (Eastern Daylight Time),901987.4000000954,A,lett,I,t,114,2,1500.2000000476837,900487.2000000477,9070,WL,C,13.0
7,43.382999897003174,immed,16617.000102996826,Mon Jul 06 2026 16:12:37 GMT-0400 (Eastern Daylight Time),902487.4000000954,A,lettr,I,r,467,2,2000.2000000476837,900487.2000000477,9070,WL,C,13.0
7,44.06699991226196,immed,15933.000087738037,Mon Jul 06 2026 16:12:37 GMT-0400 (Eastern Daylight Time),903170.9000000954,A,lett,I,backspace,666,2,2683.7000000476837,900487.2000000477,9070,WL,C,13.0
7,44.15000009536743,immed,15849.999904632568,Mon Jul 06 2026 16:12:37 GMT-0400 (Eastern Daylight Time),903254.1000000238,A,lette,I,e,60,2,2766.899999976158,900487.2000000477,9070,WL,C,13.0
7,44.40000009536743,immed,15599.999904632568,Mon Jul 06 2026 16:12:37 GMT-0400 (Eastern Daylight Time),903504.0,A,letter,I,r,235,2,3016.7999999523163,900487.2000000477,9070,WL,C,13.0
7,44.99900007247925,immed,15000.999927520752,Mon Jul 06 2026 16:12:37 GMT-0400 (Eastern Daylight Time),904103.6000000238,A,letterenter,I,enter,576,2,3616.399999976158,900487.2000000477,9070,WL,C,13.0
7,46.08299994468689,immed,13917.00005531311,Mon Jul 06 2026 16:12:37 GMT-0400 (Eastern Daylight Time),905187.4000000954,A,h,I,h,1069,2,1083.5,904103.9000000954,9070,WL,C,14.0
7,46.18300008773804,immed,13816.999912261963,Mon Jul 06 2026 16:12:37 GMT-0400 (Eastern Daylight Time),905287.5,A,ho,I,o,77,2,1183.5999999046326,904103.9000000954,9070,WL,C,14.0
7,46.41599988937378,immed,13584.00011062622,Mon Jul 06 2026 16:12:37 GMT-0400 (Eastern Daylight Time),905520.7000000477,A,hom,I,m,217,2,1416.7999999523163,904103.9000000954,9070,WL,C,14.0
7,46.532999992370605,immed,13467.000007629395,Mon Jul 06 2026 16:12:37 GMT-0400 (Eastern Daylight Time),905637.6000000238,A,home,I,e,95,2,1533.6999999284744,904103.9000000954,9070,WL,C,14.0
7,47.21600008010864,immed,12783.999919891357,Mon Jul 06 2026 16:12:37 GMT-0400 (Eastern Daylight Time),906320.2000000477,A,homeenter,I,enter,667,2,2216.2999999523163,904103.9000000954,9070,WL,C,14.0
7,59.382999897003174,immed,617.0001029968262,Mon Jul 06 2026 16:12:37 GMT-0400 (Eastern Daylight Time),918487.3000000715,A,b,I,b,12148,2,12166.700000047684,906320.6000000238,9070,WL,C,15.0
7,59.48300004005432,immed,516.9999599456787,Mon Jul 06 2026 16:12:37 GMT-0400 (Eastern Daylight Time),918587.3000000715,A,bo,I,o,73,2,12266.700000047684,906320.6000000238,9070,WL,C,15.0
7,59.91599988937378,immed,84.0001106262207,Mon Jul 06 2026 16:12:37 GMT-0400 (Eastern Daylight Time),919020.7000000477,A,bod,I,d,423,2,12700.100000023842,906320.6000000238,9070,WL,C,15.0
7,60.01600003242493,immed,-16.000032424926758,Mon Jul 06 2026 16:12:37 GMT-0400 (Eastern Daylight Time),919120.7000000477,A,bodNone,I,None,87,2,12800.100000023842,906320.6000000238,9070,WL,C,15.0
