block_c,block_dur,condition,countdown,datetime,endtime,list,multichar_response,project,response,response_time,session_number,start_end,starttime,subject_id,task,task_vers,trial
,,,,Thu Oct 08 2026 11:33:41 GMT-0400 (Eastern Daylight Time),,,,I,space,53,3,,,9068,WL,A,
prac,,0,,Thu Oct 08 2026 11:33:41 GMT-0400 (Eastern Daylight Time),,NA,b,I,b,4551,3,,,9068,WL,A,1.0
prac,,0,,Thu Oct 08 2026 11:33:41 GMT-0400 (Eastern Daylight Time),,NA,bo,I,o,252,3,,,9068,WL,A,1.0
prac,,0,,Thu Oct 08 2026 11:33:41 GMT-0400 (Eastern Daylight Time),,NA,boo,I,o,113,3,,,9068,WL,A,1.0
prac,,0,,Thu Oct 08 2026 11:33:41 GMT-0400 (Eastern Daylight Time),,NA,boos,I,s,141,3,,,9068,WL,A,1.0
prac,,0,,Thu Oct 08 2026 11:33:41 GMT-0400 (Eastern Daylight Time),,NA,boost,I,t,206,3,,,9068,WL,A,1.0
prac,,0,,Thu Oct 08 2026 11:33:41 GMT-0400 (Eastern Daylight Time),,NA,boostenter,I,enter,1955,3,,,9068,WL,A,1.0
1,0.8330001831054688,learn,59166.99981689453,Thu Oct 08 2026 11:33:41 GMT-0400 (Eastern Daylight Time),119912.30000007153,A,g,I,g,811,3,833.0,119079.30000007153,9068,WL,A,1.0
1,1.133000135421753,learn,58866.99986457825,Thu Oct 08 2026 11:33:41 GMT-0400 (Eastern Daylight Time),120212.10000002384,A,go,I,o,282,3,1132.7999999523163,119079.30000007153,9068,WL,A,1.0
1,1.3670001029968262,learn,58632.999897003174,Thu Oct 08 2026 11:33:41 GMT-0400 (Eastern Daylight Time),120445.39999997616,A,gol,I,l,213,3,1366.0999999046326,119079.30000007153,9068,WL,A,1.0
1,1.6170001029968262,learn,58382.999897003174,Thu Oct 08 2026 11:33:41 GMT-0400 (Eastern Daylight Time),120695.30000007153,A,gold,I,d,217,3,1616.0,119079.30000007153,9068,WL,A,1.0
1,2.383000135421753,learn,57616.99986457825,Thu Oct 08 2026 11:33:41 GMT-0400 (Eastern Daylight Time),121461.60000002384,A,goldenter,I,enter,745,3,2382.2999999523163,119079.30000007153,9068,WL,A,1.0
1,3.2160000801086426,learn,56783.99991989136,Thu Oct 08 2026 11:33:41 GMT-0400 (Eastern Daylight Time),122295.20000004768,A,k,I,k,822,3,833.0,121462.20000004768,9068,WL,A,2.0
1,3.565999984741211,learn,56434.00001525879,Thu Oct 08 2026 11:33:41 GMT-0400 (Eastern Daylight Time),122645.30000007153,A,ke,I,e,329,3,1183.1000000238419,121462.20000004768,9068,WL,A,2.0
1,3.9000000953674316,learn,56099.99990463257,Thu Oct 08 2026 11:33:41 GMT-0400 (Eastern Daylight Time),122978.60000002384,A,key,I,y,316,3,1516.3999999761581,121462.20000004768,9068,WL,A,2.0
1,4.916000127792358,learn,55083.99987220764,Thu Oct 08 2026 11:33:41 GMT-0400 (Eastern Daylight Time),123994.80000007153,A,keyenter,I,enter,998,3,2532.600000023842,121462.20000004768,9068,WL,A,2.0
1,6.266999959945679,learn,53733.00004005432,Thu Oct 08 2026 11:33:41 GMT-0400 (Eastern Daylight Time),125345.39999997616,A,b,I,b,1329,3,1350.0,123995.39999997616,9068,WL,A,3.0
1,6.583000183105469,learn,53416.99981689453,Thu Oct 08 2026 11:33:41 GMT-0400 (Eastern Daylight Time),125662.0,A,bo,I,o,295,3,1666.6000000238419,123995.39999997616,9068,WL,A,3.0
1,6.733000040054321,learn,53266.99995994568,Thu Oct 08 2026 11:33:41 GMT-0400 (Eastern Daylight Time),125812.0,A,boo,I,o,123,3,1816.6000000238419,123995.39999997616,9068,WL,A,3.0
1,7.0329999923706055,learn,52967.000007629395,Thu Oct 08 2026 11:33:41 GMT-0400 (Eastern Daylight Time),126111.39999997616,A,book,I,k,275,3,2116.0,123995.39999997616,9068,WL,A,3.0
1,7.833000183105469,learn,52166.99981689453,Thu Oct 08 2026 11:33:41 GMT-0400 (Eastern Daylight Time),126911.5,A,bookenter,I,enter,789,3,2916.100000023842,123995.39999997616,9068,WL,A,3.0
1,8.350000143051147,learn,51649.99985694885,Thu Oct 08 2026 11:33:41 GMT-0400 (Eastern Daylight Time),127428.70000004768,A,f,I,f,502,3,516.7000000476837,126912.0,9068,WL,A,4.0
1,8.650000095367432,learn,51349.99990463257,Thu Oct 08 2026 11:33:41 GMT-0400 (Eastern Daylight Time),127728.60000002384,A,fl,I,l,284,3,816.6000000238419,126912.0,9068,WL,A,4.0
1,8.950000047683716,learn,51049.999952316284,Thu Oct 08 2026 11:33:41 GMT-0400 (Eastern Daylight Time),128028.60000002384,A,flo,I,o,274,3,1116.6000000238419,126912.0,9068,WL,A,4.0
1,9.233000040054321,learn,50766.99995994568,Thu Oct 08 2026 11:33:41 GMT-0400 (Eastern Daylight Time),128311.89999997616,A,flow,I,w,262,3,1399.8999999761581,126912.0,9068,WL,A,4.0
1,9.299000024795532,learn,50700.99997520447,Thu Oct 08 2026 11:33:41 GMT-0400 (Eastern Daylight Time),128378.20000004768,A,flowe,I,e,48,3,1466.2000000476837,126912.0,9068,WL,A,4.0
1,9.716000080108643,learn,50283.99991989136,Thu Oct 08 2026 11:33:41 GMT-0400 (Eastern Daylight Time),128795.30000007153,A,flower,I,r,389,3,1883.3000000715256,126912.0,9068,WL,A,4.0
1,10.749000072479248,learn,49250.99992752075,Thu Oct 08 2026 11:33:41 GMT-0400 (Eastern Daylight Time),129828.20000004768,A,flowerenter,I,enter,1006,3,2916.2000000476837,126912.0,9068,WL,A,4.0
1,11.383000135421753,learn,48616.99986457825,Thu Oct 08 2026 11:33:41 GMT-0400 (Eastern Daylight Time),130461.5,A,r,I,r,625,3,632.7999999523163,129828.70000004768,9068,WL,A,5.0
1,11.700000047683716,learn,48299.999952316284,Thu Oct 08 2026 11:33:41 GMT-0400 (Eastern Daylight Time),130778.60000002384,A,ru,I,u,292,3,949.8999999761581,129828.70000004768,9068,WL,A,5.0
1,11.91700005531311,learn,48082.99994468689,Thu Oct 08 2026 11:33:41 GMT-0400 (Eastern Daylight Time),130995.30000007153,A,rug,I,g,201,3,1166.6000000238419,129828.70000004768,9068,WL,A,5.0
1,12.616000175476074,learn,47383.999824523926,Thu Oct 08 2026 11:33:41 GMT-0400 (Eastern Daylight Time),131694.70000004768,A,rugenter,I,enter,676,3,1866.0,129828.70000004768,9068,WL,A,5.0
1,13.032999992370605,learn,46967.000007629395,Thu Oct 08 2026 11:33:41 GMT-0400 (Eastern Daylight Time),132111.89999997616,A,a,I,a,406,3,416.59999990463257,131695.30000007153,9068,WL,A,6.0
1,13.433000087738037,learn,46566.99991226196,Thu Oct 08 2026 11:33:41 GMT-0400 (Eastern Daylight Time),132511.89999997616,A,ap,I,p,377,3,816.5999999046326,131695.30000007153,9068,WL,A,6.0
1,13.565999984741211,learn,46434.00001525879,Thu Oct 08 2026 11:33:41 GMT-0400 (Eastern Daylight Time),132645.30000007153,A,app,I,p,114,3,950.0,131695.30000007153,9068,WL,A,6.0
1,13.815999984741211,learn,46184.00001525879,Thu Oct 08 2026 11:33:41 GMT-0400 (Eastern Daylight Time),132895.20000004768,A,appl,I,l,237,3,1199.8999999761581,131695.30000007153,9068,WL,A,6.0
1,14.083000183105469,learn,45916.99981689453,Thu Oct 08 2026 11:33:41 GMT-0400 (Eastern Daylight Time),133161.89999997616,A,apple,I,e,238,3,1466.5999999046326,131695.30000007153,9068,WL,A,6.0
1,15.14900016784668,learn,44850.99983215332,Thu Oct 08 2026 11:33:41 GMT-0400 (Eastern Daylight Time),134228.20000004768,A,appleenter,I,enter,1040,3,2532.899999976158,131695.30000007153,9068,WL,A,6.0
1,15.565999984741211,learn,44434.00001525879,Thu Oct 08 2026 11:33:41 GMT-0400 (Eastern Daylight Time),134645.20000004768,A,s,I,s,401,3,416.7000000476837,134228.5,9068,WL,A,7.0
1,15.833000183105469,learn,44166.99981689453,Thu Oct 08 2026 11:33:41 GMT-0400 (Eastern Daylight Time),134911.89999997616,A,sa,I,a,252,3,683.3999999761581,134228.5,9068,WL,A,7.0
1,16.16600012779236,learn,43833.99987220764,Thu Oct 08 2026 11:33:41 GMT-0400 (Eastern Daylight Time),135245.30000007153,A,sal,I,l,305,3,1016.8000000715256,134228.5,9068,WL,A,7.0
1,16.5,learn,43500.0,Thu Oct 08 2026 11:33:41 GMT-0400 (Eastern Daylight Time),135578.70000004768,A,salt,I,t,315,3,1350.2000000476837,134228.5,9068,WL,A,7.0
1,17.616000175476074,learn,42383.999824523926,Thu Oct 08 2026 11:33:41 GMT-0400 (Eastern Daylight Time),136694.80000007153,A,saltenter,I,enter,1102,3,2466.3000000715256,134228.5,9068,WL,A,7.0
1,18.25,learn,41750.0,Thu Oct 08 2026 11:33:41 GMT-0400 (Eastern Daylight Time),137328.5,A,t,I,t,615,3,633.1000000238419,136695.39999997616,9068,WL,A,8.0
1,18.5,learn,41500.0,Thu Oct 08 2026 11:33:41 GMT-0400 (Eastern Daylight Time),137578.70000004768,A,tr,I,r,226,3,883.3000000715256,136695.39999997616,9068,WL,A,8.0
1,19.100000143051147,learn,40899.99985694885,Thu Oct 08 2026 11:33:41 GMT-0400 (Eastern Daylight Time),138178.5,A,tra,I,a,575,3,1483.1000000238419,136695.39999997616,9068,WL,A,8.0
1,19.58300018310547,learn,40416.99981689453,Thu Oct 08 2026 11:33:41 GMT-0400 (Eastern Daylight Time),138662.0,A,trai,I,i,465,3,1966.6000000238419,136695.39999997616,9068,WL,A,8.0
1,19.883000135421753,learn,40116.99986457825,Thu Oct 08 2026 11:33:41 GMT-0400 (Eastern Daylight Time),138961.89999997616,A,train,I,n,284,3,2266.5,136695.39999997616,9068,WL,A,8.0
1,20.749000072479248,learn,39250.99992752075,Thu Oct 08 2026 11:33:41 GMT-0400 (Eastern Daylight Time),139828.20000004768,A,trainenter,I,enter,847,3,3132.8000000715256,136695.39999997616,9068,WL,A,8.0
1,21.433000087738037,learn,38566.99991226196,Thu Oct 08 2026 11:33:41 GMT-0400 (Eastern Daylight Time),140511.89999997616,A,m,I,m,665,3,683.3999999761581,139828.5,9068,WL,A,9.0
1,21.65000009536743,learn,38349.99990463257,Thu Oct 08 2026 11:33:41 GMT-0400 (Eastern Daylight Time),140728.5,A,me,I,e,194,3,900.0,139828.5,9068,WL,A,9.0
1,21.866000175476074,learn,38133.999824523926,Thu Oct 08 2026 11:33:41 GMT-0400 (Eastern Daylight Time),140945.30000007153,A,mea,I,a,186,3,1116.8000000715256,139828.5,9068,WL,A,9.0
1,22.08300018310547,learn,37916.99981689453,Thu Oct 08 2026 11:33:41 GMT-0400 (Eastern Daylight Time),141162.0,A,mead,I,d,190,3,1333.5,139828.5,9068,WL,A,9.0
1,22.782999992370605,learn,37217.000007629395,Thu Oct 08 2026 11:33:41 GMT-0400 (Eastern Daylight Time),141861.89999997616,A,meado,I,o,672,3,2033.3999999761581,139828.5,9068,WL,A,9.0
1,23.16600012779236,learn,36833.99987220764,Thu Oct 08 2026 11:33:41 GMT-0400 (Eastern Daylight Time),142245.20000004768,A,meadow,I,w,356,3,2416.7000000476837,139828.5,9068,WL,A,9.0
1,23.933000087738037,learn,36066.99991226196,Thu Oct 08 2026 11:33:41 GMT-0400 (Eastern Daylight Time),143011.5,A,meadowenter,I,enter,749,3,3183.0,139828.5,9068,WL,A,9.0
1,24.532999992370605,learn,35467.000007629395,Thu Oct 08 2026 11:33:41 GMT-0400 (Eastern Daylight Time),143611.89999997616,A,c,I,c,578,3,600.0,143011.89999997616,9068,WL,A,10.0
1,24.799999952316284,learn,35200.000047683716,Thu Oct 08 2026 11:33:41 GMT-0400 (Eastern Daylight Time),143878.5,A,ch,I,h,247,3,866.6000000238419,143011.89999997616,9068,WL,A,10.0
1,25.100000143051147,learn,34899.99985694885,Thu Oct 08 2026 11:33:41 GMT-0400 (Eastern Daylight Time),144178.5,A,chi,I,i,275,3,1166.6000000238419,143011.89999997616,9068,WL,A,10.0
1,26.466000080108643,learn,33533.99991989136,Thu Oct 08 2026 11:33:41 GMT-0400 (Eastern Daylight Time),145545.20000004768,A,chin,I,n,1343,3,2533.3000000715256,143011.89999997616,9068,WL,A,10.0
1,26.66600012779236,learn,33333.99987220764,Thu Oct 08 2026 11:33:41 GMT-0400 (Eastern Daylight Time),145745.20000004768,A,chine,I,e,185,3,2733.3000000715256,143011.89999997616,9068,WL,A,10.0
1,27.48300004005432,learn,32516.99995994568,Thu Oct 08 2026 11:33:41 GMT-0400 (Eastern Daylight Time),146562.0,A,chin,I,backspace,792,3,3550.100000023842,143011.89999997616,9068,WL,A,10.0
1,27.850000143051147,learn,32149.999856948853,Thu Oct 08 2026 11:33:41 GMT-0400 (Eastern Daylight Time),146928.60000002384,A,chi,I,backspace,344,3,3916.7000000476837,143011.89999997616,9068,WL,A,10.0
1,28.350000143051147,learn,31649.999856948853,Thu Oct 08 2026 11:33:41 GMT-0400 (Eastern Daylight Time),147428.60000002384,A,chim,I,m,474,3,4416.700000047684,143011.89999997616,9068,WL,A,10.0
1,28.56599998474121,learn,31434.00001525879,Thu Oct 08 2026 11:33:41 GMT-0400 (Eastern Daylight Time),147645.30000007153,A,chimn,I,n,190,3,4633.400000095367,143011.89999997616,9068,WL,A,10.0
1,28.66600012779236,learn,31333.99987220764,Thu Oct 08 2026 11:33:41 GMT-0400 (Eastern Daylight Time),147745.30000007153,A,chimne,I,e,78,3,4733.400000095367,143011.89999997616,9068,WL,A,10.0
1,29.032999992370605,learn,30967.000007629395,Thu Oct 08 2026 11:33:41 GMT-0400 (Eastern Daylight Time),148111.80000007153,A,chimney,I,y,353,3,5099.900000095367,143011.89999997616,9068,WL,A,10.0
1,29.883000135421753,learn,30116.999864578247,Thu Oct 08 2026 11:33:41 GMT-0400 (Eastern Daylight Time),148961.39999997616,A,chimneyenter,I,enter,827,3,5949.5,143011.89999997616,9068,WL,A,10.0
1,31.100000143051147,learn,28899.999856948853,Thu Oct 08 2026 11:33:41 GMT-0400 (Eastern Daylight Time),150178.5,A,b,I,b,1204,3,1216.6999999284744,148961.80000007153,9068,WL,A,11.0
1,31.366000175476074,learn,28633.999824523926,Thu Oct 08 2026 11:33:41 GMT-0400 (Eastern Daylight Time),150445.20000004768,A,bu,I,u,240,3,1483.3999999761581,148961.80000007153,9068,WL,A,11.0
1,31.75,learn,28250.0,Thu Oct 08 2026 11:33:41 GMT-0400 (Eastern Daylight Time),150828.39999997616,A,but,I,t,365,3,1866.5999999046326,148961.80000007153,9068,WL,A,11.0
1,31.933000087738037,learn,28066.999912261963,Thu Oct 08 2026 11:33:41 GMT-0400 (Eastern Daylight Time),151011.89999997616,A,butt,I,t,158,3,2050.0999999046326,148961.80000007153,9068,WL,A,11.0
1,32.18300008773804,learn,27816.999912261963,Thu Oct 08 2026 11:33:41 GMT-0400 (Eastern Daylight Time),151261.89999997616,A,butto,I,o,232,3,2300.0999999046326,148961.80000007153,9068,WL,A,11.0
1,32.43300008773804,learn,27566.999912261963,Thu Oct 08 2026 11:33:41 GMT-0400 (Eastern Daylight Time),151511.89999997616,A,button,I,n,227,3,2550.0999999046326,148961.80000007153,9068,WL,A,11.0
1,32.91600012779236,learn,27083.99987220764,Thu Oct 08 2026 11:33:41 GMT-0400 (Eastern Daylight Time),151994.80000007153,A,buttonenter,I,enter,465,3,3033.0,148961.80000007153,9068,WL,A,11.0
1,33.38300013542175,learn,26616.999864578247,Thu Oct 08 2026 11:33:41 GMT-0400 (Eastern Daylight Time),152461.89999997616,A,r,I,r,451,3,466.6999999284744,151995.20000004768,9068,WL,A,12.0
1,33.56599998474121,learn,26434.00001525879,Thu Oct 08 2026 11:33:41 GMT-0400 (Eastern Daylight Time),152645.30000007153,A,ra,I,a,158,3,650.1000000238419,151995.20000004768,9068,WL,A,12.0
1,33.782999992370605,learn,26217.000007629395,Thu Oct 08 2026 11:33:41 GMT-0400 (Eastern Daylight Time),152861.60000002384,A,rat,I,t,196,3,866.3999999761581,151995.20000004768,9068,WL,A,12.0
1,33.91600012779236,learn,26083.99987220764,Thu Oct 08 2026 11:33:41 GMT-0400 (Eastern Daylight Time),152995.20000004768,A,ratt,I,t,117,3,1000.0,151995.20000004768,9068,WL,A,12.0
1,34.08300018310547,learn,25916.99981689453,Thu Oct 08 2026 11:33:41 GMT-0400 (Eastern Daylight Time),153161.89999997616,A,rattl,I,l,145,3,1166.6999999284744,151995.20000004768,9068,WL,A,12.0
1,34.25,learn,25750.0,Thu Oct 08 2026 11:33:41 GMT-0400 (Eastern Daylight Time),153328.60000002384,A,rattle,I,e,153,3,1333.3999999761581,151995.20000004768,9068,WL,A,12.0
1,34.83300018310547,learn,25166.99981689453,Thu Oct 08 2026 11:33:41 GMT-0400 (Eastern Daylight Time),153911.39999997616,A,rattleenter,I,enter,560,3,1916.1999999284744,151995.20000004768,9068,WL,A,12.0
1,53.299999952316284,learn,6700.000047683716,Thu Oct 08 2026 11:33:41 GMT-0400 (Eastern Daylight Time),172378.5,A,f,I,f,18455,3,18466.699999928474,153911.80000007153,9068,WL,A,13.0
1,53.63300013542175,learn,6366.999864578247,Thu Oct 08 2026 11:33:41 GMT-0400 (Eastern Daylight Time),172711.89999997616,A,fi,I,i,320,3,18800.099999904633,153911.80000007153,9068,WL,A,13.0
1,53.83300018310547,learn,6166.999816894531,Thu Oct 08 2026 11:33:41 GMT-0400 (Eastern Daylight Time),172911.80000007153,A,fin,I,n,188,3,19000.0,153911.80000007153,9068,WL,A,13.0
1,54.0,learn,6000.0,Thu Oct 08 2026 11:33:41 GMT-0400 (Eastern Daylight Time),173078.5,A,fing,I,g,139,3,19166.699999928474,153911.80000007153,9068,WL,A,13.0
1,54.16600012779236,learn,5833.999872207642,Thu Oct 08 2026 11:33:41 GMT-0400 (Eastern Daylight Time),173245.30000007153,A,finge,I,e,158,3,19333.5,153911.80000007153,9068,WL,A,13.0
1,54.24900007247925,learn,5750.999927520752,Thu Oct 08 2026 11:33:41 GMT-0400 (Eastern Daylight Time),173328.30000007153,A,finger,I,r,60,3,19416.5,153911.80000007153,9068,WL,A,13.0
1,54.93300008773804,learn,5066.999912261963,Thu Oct 08 2026 11:33:41 GMT-0400 (Eastern Daylight Time),174011.5,A,fingerenter,I,enter,658,3,20099.699999928474,153911.80000007153,9068,WL,A,13.0
1,60.01600003242493,learn,-16.000032424926758,Thu Oct 08 2026 11:33:41 GMT-0400 (Eastern Daylight Time),179095.30000007153,A,None,I,None,5077,3,5083.5,174011.80000007153,9068,WL,A,14.0
2,0.8670001029968262,learn,59132.999897003174,Thu Oct 08 2026 11:33:41 GMT-0400 (Eastern Daylight Time),249461.89999997616,A,h,I,h,848,3,866.5999999046326,248595.30000007153,9068,WL,A,1.0
2,1.184000015258789,learn,58815.99998474121,Thu Oct 08 2026 11:33:41 GMT-0400 (Eastern Daylight Time),249778.30000007153,A,ha,I,a,292,3,1183.0,248595.30000007153,9068,WL,A,1.0
2,1.567000150680542,learn,58432.99984931946,Thu Oct 08 2026 11:33:41 GMT-0400 (Eastern Daylight Time),250161.60000002384,A,har,I,r,367,3,1566.2999999523163,248595.30000007153,9068,WL,A,1.0
2,1.8500001430511475,learn,58149.99985694885,Thu Oct 08 2026 11:33:41 GMT-0400 (Eastern Daylight Time),250445.0,A,harp,I,p,272,3,1849.6999999284744,248595.30000007153,9068,WL,A,1.0
2,2.4679999351501465,learn,57532.00006484985,Thu Oct 08 2026 11:33:41 GMT-0400 (Eastern Daylight Time),251062.39999997616,A,harpenter,I,enter,604,3,2467.0999999046326,248595.30000007153,9068,WL,A,1.0
2,2.950000047683716,learn,57049.999952316284,Thu Oct 08 2026 11:33:41 GMT-0400 (Eastern Daylight Time),251545.10000002384,A,l,I,l,470,3,482.2999999523163,251062.80000007153,9068,WL,A,2.0
2,3.1500000953674316,learn,56849.99990463257,Thu Oct 08 2026 11:33:41 GMT-0400 (Eastern Daylight Time),251745.10000002384,A,lo,I,o,186,3,682.2999999523163,251062.80000007153,9068,WL,A,2.0
2,3.5169999599456787,learn,56483.00004005432,Thu Oct 08 2026 11:33:41 GMT-0400 (Eastern Daylight Time),252111.70000004768,A,log,I,g,336,3,1048.8999999761581,251062.80000007153,9068,WL,A,2.0
2,4.250999927520752,learn,55749.00007247925,Thu Oct 08 2026 11:33:41 GMT-0400 (Eastern Daylight Time),252845.60000002384,A,logenter,I,enter,721,3,1782.7999999523163,251062.80000007153,9068,WL,A,2.0
2,4.983999967575073,learn,55016.00003242493,Thu Oct 08 2026 11:33:41 GMT-0400 (Eastern Daylight Time),253578.30000007153,A,b,I,b,720,3,732.4000000953674,252845.89999997616,9068,WL,A,3.0
2,5.299999952316284,learn,54700.000047683716,Thu Oct 08 2026 11:33:41 GMT-0400 (Eastern Daylight Time),253895.10000002384,A,bo,I,o,296,3,1049.2000000476837,252845.89999997616,9068,WL,A,3.0
2,5.41700005531311,learn,54582.99994468689,Thu Oct 08 2026 11:33:41 GMT-0400 (Eastern Daylight Time),254011.70000004768,A,boo,I,o,97,3,1165.8000000715256,252845.89999997616,9068,WL,A,3.0
2,5.650000095367432,learn,54349.99990463257,Thu Oct 08 2026 11:33:41 GMT-0400 (Eastern Daylight Time),254245.0,A,book,I,k,215,3,1399.1000000238419,252845.89999997616,9068,WL,A,3.0
2,6.365999937057495,learn,53634.000062942505,Thu Oct 08 2026 11:33:41 GMT-0400 (Eastern Daylight Time),254961.20000004768,A,bookenter,I,enter,685,3,2115.3000000715256,252845.89999997616,9068,WL,A,3.0
2,6.867000102996826,learn,53132.999897003174,Thu Oct 08 2026 11:33:41 GMT-0400 (Eastern Daylight Time),255461.39999997616,A,f,I,f,492,3,499.7999999523163,254961.60000002384,9068,WL,A,4.0
2,7.16700005531311,learn,52832.99994468689,Thu Oct 08 2026 11:33:41 GMT-0400 (Eastern Daylight Time),255761.70000004768,A,fl,I,l,284,3,800.1000000238419,254961.60000002384,9068,WL,A,4.0
2,7.384000062942505,learn,52615.999937057495,Thu Oct 08 2026 11:33:41 GMT-0400 (Eastern Daylight Time),255978.30000007153,A,flo,I,o,198,3,1016.7000000476837,254961.60000002384,9068,WL,A,4.0
2,7.650000095367432,learn,52349.99990463257,Thu Oct 08 2026 11:33:41 GMT-0400 (Eastern Daylight Time),256245.0,A,flow,I,w,246,3,1283.3999999761581,254961.60000002384,9068,WL,A,4.0
2,7.884000062942505,learn,52115.999937057495,Thu Oct 08 2026 11:33:41 GMT-0400 (Eastern Daylight Time),256478.39999997616,A,flowe,I,e,213,3,1516.7999999523163,254961.60000002384,9068,WL,A,4.0
2,8.150000095367432,learn,51849.99990463257,Thu Oct 08 2026 11:33:41 GMT-0400 (Eastern Daylight Time),256745.20000004768,A,flower,I,r,241,3,1783.6000000238419,254961.60000002384,9068,WL,A,4.0
2,8.601999998092651,learn,51398.00000190735,Thu Oct 08 2026 11:33:41 GMT-0400 (Eastern Daylight Time),257196.30000007153,A,flowerenter,I,enter,430,3,2234.7000000476837,254961.60000002384,9068,WL,A,4.0
2,9.233000040054321,learn,50766.99995994568,Thu Oct 08 2026 11:33:41 GMT-0400 (Eastern Daylight Time),257828.30000007153,A,f,I,f,607,3,631.6000000238419,257196.70000004768,9068,WL,A,5.0
2,9.549999952316284,learn,50450.000047683716,Thu Oct 08 2026 11:33:41 GMT-0400 (Eastern Daylight Time),258144.89999997616,A,fo,I,o,302,3,948.1999999284744,257196.70000004768,9068,WL,A,5.0
2,10.100000143051147,learn,49899.99985694885,Thu Oct 08 2026 11:33:41 GMT-0400 (Eastern Daylight Time),258695.0,A,fon,I,n,529,3,1498.2999999523163,257196.70000004768,9068,WL,A,5.0
2,10.467000007629395,learn,49532.999992370605,Thu Oct 08 2026 11:33:41 GMT-0400 (Eastern Daylight Time),259061.70000004768,A,fong,I,g,345,3,1865.0,257196.70000004768,9068,WL,A,5.0
2,10.733999967575073,learn,49266.00003242493,Thu Oct 08 2026 11:33:41 GMT-0400 (Eastern Daylight Time),259328.39999997616,A,fonge,I,e,244,3,2131.6999999284744,257196.70000004768,9068,WL,A,5.0
2,10.900000095367432,learn,49099.99990463257,Thu Oct 08 2026 11:33:41 GMT-0400 (Eastern Daylight Time),259495.0,A,fonger,I,r,146,3,2298.2999999523163,257196.70000004768,9068,WL,A,5.0
2,12.16700005531311,learn,47832.99994468689,Thu Oct 08 2026 11:33:41 GMT-0400 (Eastern Daylight Time),260761.70000004768,A,fonge,I,backspace,1233,3,3565.0,257196.70000004768,9068,WL,A,5.0
2,12.317000150680542,learn,47682.99984931946,Thu Oct 08 2026 11:33:41 GMT-0400 (Eastern Daylight Time),260911.70000004768,A,fong,I,backspace,126,3,3715.0,257196.70000004768,9068,WL,A,5.0
2,12.450000047683716,learn,47549.999952316284,Thu Oct 08 2026 11:33:41 GMT-0400 (Eastern Daylight Time),261045.0,A,fon,I,backspace,121,3,3848.2999999523163,257196.70000004768,9068,WL,A,5.0
2,12.617000102996826,learn,47382.999897003174,Thu Oct 08 2026 11:33:41 GMT-0400 (Eastern Daylight Time),261211.80000007153,A,fo,I,backspace,142,3,4015.100000023842,257196.70000004768,9068,WL,A,5.0
2,12.91700005531311,learn,47082.99994468689,Thu Oct 08 2026 11:33:41 GMT-0400 (Eastern Daylight Time),261511.80000007153,A,f,I,backspace,270,3,4315.100000023842,257196.70000004768,9068,WL,A,5.0
2,13.533999919891357,learn,46466.00008010864,Thu Oct 08 2026 11:33:41 GMT-0400 (Eastern Daylight Time),262128.30000007153,A,fi,I,i,603,3,4931.600000023842,257196.70000004768,9068,WL,A,5.0
2,13.766999959945679,learn,46233.00004005432,Thu Oct 08 2026 11:33:41 GMT-0400 (Eastern Daylight Time),262361.60000002384,A,fin,I,n,217,3,5164.899999976158,257196.70000004768,9068,WL,A,5.0
2,14.133000135421753,learn,45866.99986457825,Thu Oct 08 2026 11:33:41 GMT-0400 (Eastern Daylight Time),262728.3000000715,A,fing,I,g,344,3,5531.600000023842,257196.70000004768,9068,WL,A,5.0
2,14.400000095367432,learn,45599.99990463257,Thu Oct 08 2026 11:33:41 GMT-0400 (Eastern Daylight Time),262995.0,A,finge,I,e,241,3,5798.299999952316,257196.70000004768,9068,WL,A,5.0
2,14.516999959945679,learn,45483.00004005432,Thu Oct 08 2026 11:33:41 GMT-0400 (Eastern Daylight Time),263111.7000000477,A,finger,I,r,95,3,5915.0,257196.70000004768,9068,WL,A,5.0
2,15.299999952316284,learn,44700.000047683716,Thu Oct 08 2026 11:33:41 GMT-0400 (Eastern Daylight Time),263894.5,A,fingerenter,I,enter,761,3,6697.799999952316,257196.70000004768,9068,WL,A,5.0
2,15.817000150680542,learn,44182.99984931946,Thu Oct 08 2026 11:33:41 GMT-0400 (Eastern Daylight Time),264411.7000000477,A,r,I,r,504,3,516.8000000715256,263894.89999997616,9068,WL,A,6.0
2,16.100000143051147,learn,43899.99985694885,Thu Oct 08 2026 11:33:41 GMT-0400 (Eastern Daylight Time),264694.89999997616,A,ru,I,u,269,3,800.0,263894.89999997616,9068,WL,A,6.0
2,17.08299994468689,learn,42917.00005531311,Thu Oct 08 2026 11:33:41 GMT-0400 (Eastern Daylight Time),265678.2000000477,A,rug,I,g,971,3,1783.3000000715256,263894.89999997616,9068,WL,A,6.0
2,17.883000135421753,learn,42116.99986457825,Thu Oct 08 2026 11:33:41 GMT-0400 (Eastern Daylight Time),266477.89999997616,A,rugenter,I,enter,777,3,2583.0,263894.89999997616,9068,WL,A,6.0
2,18.25,learn,41750.0,Thu Oct 08 2026 11:33:41 GMT-0400 (Eastern Daylight Time),266844.89999997616,A,b,I,b,344,3,366.59999990463257,266478.3000000715,9068,WL,A,7.0
2,18.533999919891357,learn,41466.00008010864,Thu Oct 08 2026 11:33:41 GMT-0400 (Eastern Daylight Time),267128.3000000715,A,bu,I,u,260,3,650.0,266478.3000000715,9068,WL,A,7.0
2,18.83299994468689,learn,41167.00005531311,Thu Oct 08 2026 11:33:41 GMT-0400 (Eastern Daylight Time),267428.3000000715,A,but,I,t,282,3,950.0,266478.3000000715,9068,WL,A,7.0
2,18.983999967575073,learn,41016.00003242493,Thu Oct 08 2026 11:33:41 GMT-0400 (Eastern Daylight Time),267578.39999997616,A,butt,I,t,134,3,1100.0999999046326,266478.3000000715,9068,WL,A,7.0
2,19.15000009536743,learn,40849.99990463257,Thu Oct 08 2026 11:33:41 GMT-0400 (Eastern Daylight Time),267745.0,A,butto,I,o,152,3,1266.6999999284744,266478.3000000715,9068,WL,A,7.0
2,19.450000047683716,learn,40549.999952316284,Thu Oct 08 2026 11:33:41 GMT-0400 (Eastern Daylight Time),268044.89999997616,A,button,I,n,281,3,1566.5999999046326,266478.3000000715,9068,WL,A,7.0
2,20.16600012779236,learn,39833.99987220764,Thu Oct 08 2026 11:33:41 GMT-0400 (Eastern Daylight Time),268761.2000000477,A,buttonenter,I,enter,694,3,2282.899999976158,266478.3000000715,9068,WL,A,7.0
2,20.75,learn,39250.0,Thu Oct 08 2026 11:33:41 GMT-0400 (Eastern Daylight Time),269345.0,A,g,I,g,572,3,583.6000000238419,268761.39999997616,9068,WL,A,8.0
2,21.0,learn,39000.0,Thu Oct 08 2026 11:33:41 GMT-0400 (Eastern Daylight Time),269595.0,A,go,I,o,233,3,833.6000000238419,268761.39999997616,9068,WL,A,8.0
2,21.217000007629395,learn,38782.999992370605,Thu Oct 08 2026 11:33:41 GMT-0400 (Eastern Daylight Time),269811.7000000477,A,gol,I,l,191,3,1050.3000000715256,268761.39999997616,9068,WL,A,8.0
2,21.41700005531311,learn,38582.99994468689,Thu Oct 08 2026 11:33:41 GMT-0400 (Eastern Daylight Time),270011.60000002384,A,gold,I,d,173,3,1250.2000000476837,268761.39999997616,9068,WL,A,8.0
2,21.966000080108643,learn,38033.99991989136,Thu Oct 08 2026 11:33:41 GMT-0400 (Eastern Daylight Time),270561.3000000715,A,goldenter,I,enter,526,3,1799.9000000953674,268761.39999997616,9068,WL,A,8.0
2,22.450000047683716,learn,37549.999952316284,Thu Oct 08 2026 11:33:41 GMT-0400 (Eastern Daylight Time),271045.0,A,k,I,k,469,3,483.39999997615814,270561.60000002384,9068,WL,A,9.0
2,22.75,learn,37250.0,Thu Oct 08 2026 11:33:41 GMT-0400 (Eastern Daylight Time),271345.0,A,ke,I,e,277,3,783.3999999761581,270561.60000002384,9068,WL,A,9.0
2,22.98300004005432,learn,37016.99995994568,Thu Oct 08 2026 11:33:41 GMT-0400 (Eastern Daylight Time),271578.3000000715,A,key,I,y,217,3,1016.7000000476837,270561.60000002384,9068,WL,A,9.0
2,23.600000143051147,learn,36399.99985694885,Thu Oct 08 2026 11:33:41 GMT-0400 (Eastern Daylight Time),272194.60000002384,A,keyenter,I,enter,600,3,1633.0,270561.60000002384,9068,WL,A,9.0
2,24.18400001525879,learn,35815.99998474121,Thu Oct 08 2026 11:33:41 GMT-0400 (Eastern Daylight Time),272778.3000000715,A,a,I,a,571,3,583.3000000715256,272195.0,9068,WL,A,10.0
2,24.450000047683716,learn,35549.999952316284,Thu Oct 08 2026 11:33:41 GMT-0400 (Eastern Daylight Time),273044.89999997616,A,ap,I,p,248,3,849.8999999761581,272195.0,9068,WL,A,10.0
2,24.58299994468689,learn,35417.00005531311,Thu Oct 08 2026 11:33:41 GMT-0400 (Eastern Daylight Time),273178.3000000715,A,app,I,p,116,3,983.3000000715256,272195.0,9068,WL,A,10.0
2,24.799999952316284,learn,35200.000047683716,Thu Oct 08 2026 11:33:41 GMT-0400 (Eastern Daylight Time),273395.0,A,appl,I,l,200,3,1200.0,272195.0,9068,WL,A,10.0
2,25.100000143051147,learn,34899.99985694885,Thu Oct 08 2026 11:33:41 GMT-0400 (Eastern Daylight Time),273695.10000002384,A,apple,I,e,279,3,1500.1000000238419,272195.0,9068,WL,A,10.0
2,25.90000009536743,learn,34099.99990463257,Thu Oct 08 2026 11:33:41 GMT-0400 (Eastern Daylight Time),274494.60000002384,A,appleenter,I,enter,777,3,2299.600000023842,272195.0,9068,WL,A,10.0
2,26.25,learn,33750.0,Thu Oct 08 2026 11:33:41 GMT-0400 (Eastern Daylight Time),274844.8000000715,A,s,I,s,343,3,349.90000009536743,274494.89999997616,9068,WL,A,11.0
2,26.467000007629395,learn,33532.999992370605,Thu Oct 08 2026 11:33:41 GMT-0400 (Eastern Daylight Time),275061.60000002384,A,sa,I,a,197,3,566.7000000476837,274494.89999997616,9068,WL,A,11.0
2,26.633000135421753,learn,33366.99986457825,Thu Oct 08 2026 11:33:41 GMT-0400 (Eastern Daylight Time),275228.2000000477,A,sal,I,l,148,3,733.3000000715256,274494.89999997616,9068,WL,A,11.0
2,27.317000150680542,learn,32682.999849319458,Thu Oct 08 2026 11:33:41 GMT-0400 (Eastern Daylight Time),275911.60000002384,A,salt,I,t,666,3,1416.7000000476837,274494.89999997616,9068,WL,A,11.0
2,28.051000118255615,learn,31948.999881744385,Thu Oct 08 2026 11:33:41 GMT-0400 (Eastern Daylight Time),276645.5,A,saltenter,I,enter,723,3,2150.600000023842,274494.89999997616,9068,WL,A,11.0
2,28.850000143051147,learn,31149.999856948853,Thu Oct 08 2026 11:33:41 GMT-0400 (Eastern Daylight Time),277445.0,A,c,I,c,777,3,799.1000000238419,276645.89999997616,9068,WL,A,12.0
2,29.23300004005432,learn,30766.99995994568,Thu Oct 08 2026 11:33:41 GMT-0400 (Eastern Daylight Time),277828.3000000715,A,ch,I,h,364,3,1182.4000000953674,276645.89999997616,9068,WL,A,12.0
2,29.467999935150146,learn,30532.000064849854,Thu Oct 08 2026 11:33:41 GMT-0400 (Eastern Daylight Time),278062.5,A,chi,I,i,222,3,1416.6000000238419,276645.89999997616,9068,WL,A,12.0
2,30.115999937057495,learn,29884.000062942505,Thu Oct 08 2026 11:33:41 GMT-0400 (Eastern Daylight Time),278711.3000000715,A,chim,I,m,635,3,2065.4000000953674,276645.89999997616,9068,WL,A,12.0
2,30.40000009536743,learn,29599.99990463257,Thu Oct 08 2026 11:33:41 GMT-0400 (Eastern Daylight Time),278995.10000002384,A,chimn,I,n,260,3,2349.2000000476837,276645.89999997616,9068,WL,A,12.0
2,30.633000135421753,learn,29366.999864578247,Thu Oct 08 2026 11:33:41 GMT-0400 (Eastern Daylight Time),279228.2000000477,A,chimne,I,e,215,3,2582.3000000715256,276645.89999997616,9068,WL,A,12.0
2,30.98300004005432,learn,29016.99995994568,Thu Oct 08 2026 11:33:41 GMT-0400 (Eastern Daylight Time),279578.3000000715,A,chimney,I,y,319,3,2932.4000000953674,276645.89999997616,9068,WL,A,12.0
2,31.633000135421753,learn,28366.999864578247,Thu Oct 08 2026 11:33:41 GMT-0400 (Eastern Daylight Time),280227.8000000715,A,chimneyenter,I,enter,629,3,3581.9000000953674,276645.89999997616,9068,WL,A,12.0
2,32.217000007629395,learn,27782.999992370605,Thu Oct 08 2026 11:33:41 GMT-0400 (Eastern Daylight Time),280811.60000002384,A,t,I,t,562,3,583.3999999761581,280228.2000000477,9068,WL,A,13.0
2,32.43400001525879,learn,27565.99998474121,Thu Oct 08 2026 11:33:41 GMT-0400 (Eastern Daylight Time),281028.3000000715,A,tr,I,r,191,3,800.1000000238419,280228.2000000477,9068,WL,A,13.0
2,32.700000047683716,learn,27299.999952316284,Thu Oct 08 2026 11:33:41 GMT-0400 (Eastern Daylight Time),281294.8000000715,A,tra,I,a,254,3,1066.6000000238419,280228.2000000477,9068,WL,A,13.0
2,33.032999992370605,learn,26967.000007629395,Thu Oct 08 2026 11:33:41 GMT-0400 (Eastern Daylight Time),281628.3000000715,A,trai,I,i,315,3,1400.1000000238419,280228.2000000477,9068,WL,A,13.0
2,33.33299994468689,learn,26667.00005531311,Thu Oct 08 2026 11:33:41 GMT-0400 (Eastern Daylight Time),281928.0,A,train,I,n,286,3,1699.7999999523163,280228.2000000477,9068,WL,A,13.0
2,34.032999992370605,learn,25967.000007629395,Thu Oct 08 2026 11:33:41 GMT-0400 (Eastern Daylight Time),282628.0,A,trainenter,I,enter,693,3,2399.7999999523163,280228.2000000477,9068,WL,A,13.0
2,34.85000014305115,learn,25149.999856948853,Thu Oct 08 2026 11:33:41 GMT-0400 (Eastern Daylight Time),283445.0,A,m,I,m,793,3,816.6999999284744,282628.3000000715,9068,WL,A,14.0
2,35.73399996757507,learn,24266.000032424927,Thu Oct 08 2026 11:33:41 GMT-0400 (Eastern Daylight Time),284328.39999997616,A,me,I,e,862,3,1700.0999999046326,282628.3000000715,9068,WL,A,14.0
2,36.217000007629395,learn,23782.999992370605,Thu Oct 08 2026 11:33:41 GMT-0400 (Eastern Daylight Time),284811.60000002384,A,mea,I,a,467,3,2183.2999999523163,282628.3000000715,9068,WL,A,14.0
2,36.68300008773804,learn,23316.999912261963,Thu Oct 08 2026 11:33:41 GMT-0400 (Eastern Daylight Time),285278.10000002384,A,mead,I,d,454,3,2649.7999999523163,282628.3000000715,9068,WL,A,14.0
2,37.367000102996826,learn,22632.999897003174,Thu Oct 08 2026 11:33:41 GMT-0400 (Eastern Daylight Time),285961.7000000477,A,meado,I,o,669,3,3333.399999976158,282628.3000000715,9068,WL,A,14.0
2,37.91700005531311,learn,22082.99994468689,Thu Oct 08 2026 11:33:41 GMT-0400 (Eastern Daylight Time),286511.60000002384,A,meadow,I,w,529,3,3883.2999999523163,282628.3000000715,9068,WL,A,14.0
2,39.0,learn,21000.0,Thu Oct 08 2026 11:33:41 GMT-0400 (Eastern Daylight Time),287594.39999997616,A,meadowenter,I,enter,1058,3,4966.099999904633,282628.3000000715,9068,WL,A,14.0
2,60.01699995994568,learn,-16.99995994567871,Thu Oct 08 2026 11:33:41 GMT-0400 (Eastern Daylight Time),308611.60000002384,A,None,I,None,21009,3,21016.799999952316,287594.8000000715,9068,WL,A,15.0
3,0.9829998016357422,learn,59017.00019836426,Thu Oct 08 2026 11:33:41 GMT-0400 (Eastern Daylight Time),382928.10000002384,A,h,I,h,971,3,983.0,381945.10000002384,9068,WL,A,1.0
3,1.4499998092651367,learn,58550.00019073486,Thu Oct 08 2026 11:33:41 GMT-0400 (Eastern Daylight Time),383394.8000000715,A,ha,I,a,442,3,1449.7000000476837,381945.10000002384,9068,WL,A,1.0
3,1.932999849319458,learn,58067.00015068054,Thu Oct 08 2026 11:33:41 GMT-0400 (Eastern Daylight Time),383878.10000002384,A,har,I,r,460,3,1933.0,381945.10000002384,9068,WL,A,1.0
3,2.1999998092651367,learn,57800.00019073486,Thu Oct 08 2026 11:33:41 GMT-0400 (Eastern Daylight Time),384144.8000000715,A,harp,I,p,252,3,2199.7000000476837,381945.10000002384,9068,WL,A,1.0
3,3.0999999046325684,learn,56900.00009536743,Thu Oct 08 2026 11:33:41 GMT-0400 (Eastern Daylight Time),385044.3000000715,A,harpenter,I,enter,881,3,3099.2000000476837,381945.10000002384,9068,WL,A,1.0
3,3.7669999599456787,learn,56233.00004005432,Thu Oct 08 2026 11:33:41 GMT-0400 (Eastern Daylight Time),385711.3000000715,A,r,I,r,657,3,666.6000000238419,385044.7000000477,9068,WL,A,2.0
3,4.2829999923706055,learn,55717.000007629395,Thu Oct 08 2026 11:33:41 GMT-0400 (Eastern Daylight Time),386228.0,A,ra,I,a,491,3,1183.2999999523163,385044.7000000477,9068,WL,A,2.0
3,4.666999816894531,learn,55333.00018310547,Thu Oct 08 2026 11:33:41 GMT-0400 (Eastern Daylight Time),386611.5,A,rat,I,t,357,3,1566.7999999523163,385044.7000000477,9068,WL,A,2.0
3,4.799999952316284,learn,55200.000047683716,Thu Oct 08 2026 11:33:41 GMT-0400 (Eastern Daylight Time),386744.8000000715,A,ratt,I,t,110,3,1700.1000000238419,385044.7000000477,9068,WL,A,2.0
3,4.982999801635742,learn,55017.00019836426,Thu Oct 08 2026 11:33:41 GMT-0400 (Eastern Daylight Time),386928.10000002384,A,rattl,I,l,165,3,1883.3999999761581,385044.7000000477,9068,WL,A,2.0
3,5.266999959945679,learn,54733.00004005432,Thu Oct 08 2026 11:33:41 GMT-0400 (Eastern Daylight Time),387211.39999997616,A,rattle,I,e,266,3,2166.6999999284744,385044.7000000477,9068,WL,A,2.0
3,6.815999984741211,learn,53184.00001525879,Thu Oct 08 2026 11:33:41 GMT-0400 (Eastern Daylight Time),388761.0,A,rattleenter,I,enter,1535,3,3716.2999999523163,385044.7000000477,9068,WL,A,2.0
3,7.5329999923706055,learn,52467.000007629395,Thu Oct 08 2026 11:33:41 GMT-0400 (Eastern Daylight Time),389478.10000002384,A,l,I,l,700,3,716.7999999523163,388761.3000000715,9068,WL,A,3.0
3,7.732999801635742,learn,52267.00019836426,Thu Oct 08 2026 11:33:41 GMT-0400 (Eastern Daylight Time),389678.0,A,lo,I,o,180,3,916.6999999284744,388761.3000000715,9068,WL,A,3.0
3,7.949999809265137,learn,52050.00019073486,Thu Oct 08 2026 11:33:41 GMT-0400 (Eastern Daylight Time),389894.7000000477,A,log,I,g,205,3,1133.3999999761581,388761.3000000715,9068,WL,A,3.0
3,8.700999975204468,learn,51299.00002479553,Thu Oct 08 2026 11:33:41 GMT-0400 (Eastern Daylight Time),390645.3000000715,A,logenter,I,enter,738,3,1884.0,388761.3000000715,9068,WL,A,3.0
3,9.349999904632568,learn,50650.00009536743,Thu Oct 08 2026 11:33:41 GMT-0400 (Eastern Daylight Time),391294.7000000477,A,c,I,c,640,3,649.1000000238419,390645.60000002384,9068,WL,A,4.0
3,9.632999897003174,learn,50367.000102996826,Thu Oct 08 2026 11:33:41 GMT-0400 (Eastern Daylight Time),391578.10000002384,A,ch,I,h,267,3,932.5,390645.60000002384,9068,WL,A,4.0
3,10.149999856948853,learn,49850.00014305115,Thu Oct 08 2026 11:33:41 GMT-0400 (Eastern Daylight Time),392094.8000000715,A,chi,I,i,494,3,1449.2000000476837,390645.60000002384,9068,WL,A,4.0
3,10.549999952316284,learn,49450.000047683716,Thu Oct 08 2026 11:33:41 GMT-0400 (Eastern Daylight Time),392494.7000000477,A,chim,I,m,380,3,1849.1000000238419,390645.60000002384,9068,WL,A,4.0
3,10.75,learn,49250.0,Thu Oct 08 2026 11:33:41 GMT-0400 (Eastern Daylight Time),392694.7000000477,A,chimn,I,n,188,3,2049.100000023842,390645.60000002384,9068,WL,A,4.0
3,11.016999959945679,learn,48983.00004005432,Thu Oct 08 2026 11:33:41 GMT-0400 (Eastern Daylight Time),392961.39999997616,A,chimne,I,e,250,3,2315.7999999523163,390645.60000002384,9068,WL,A,4.0
3,11.349999904632568,learn,48650.00009536743,Thu Oct 08 2026 11:33:41 GMT-0400 (Eastern Daylight Time),393294.7000000477,A,chimney,I,y,320,3,2649.100000023842,390645.60000002384,9068,WL,A,4.0
3,12.065999984741211,learn,47934.00001525879,Thu Oct 08 2026 11:33:41 GMT-0400 (Eastern Daylight Time),394010.89999997616,A,chimneyenter,I,enter,698,3,3365.2999999523163,390645.60000002384,9068,WL,A,4.0
3,12.932999849319458,learn,47067.00015068054,Thu Oct 08 2026 11:33:41 GMT-0400 (Eastern Daylight Time),394878.0,A,g,I,g,850,3,866.6999999284744,394011.3000000715,9068,WL,A,5.0
3,13.149999856948853,learn,46850.00014305115,Thu Oct 08 2026 11:33:41 GMT-0400 (Eastern Daylight Time),395094.7000000477,A,go,I,o,196,3,1083.3999999761581,394011.3000000715,9068,WL,A,5.0
3,13.366999864578247,learn,46633.00013542175,Thu Oct 08 2026 11:33:41 GMT-0400 (Eastern Daylight Time),395311.39999997616,A,gol,I,l,195,3,1300.0999999046326,394011.3000000715,9068,WL,A,5.0
3,13.5,learn,46500.0,Thu Oct 08 2026 11:33:41 GMT-0400 (Eastern Daylight Time),395444.7000000477,A,gold,I,d,107,3,1433.3999999761581,394011.3000000715,9068,WL,A,5.0
3,14.16599988937378,learn,45834.00011062622,Thu Oct 08 2026 11:33:41 GMT-0400 (Eastern Daylight Time),396110.89999997616,A,goldenter,I,enter,651,3,2099.5999999046326,394011.3000000715,9068,WL,A,5.0
3,14.682999849319458,learn,45317.00015068054,Thu Oct 08 2026 11:33:41 GMT-0400 (Eastern Daylight Time),396628.10000002384,A,k,I,k,495,3,516.8999999761581,396111.2000000477,9068,WL,A,6.0
3,14.91599988937378,learn,45084.00011062622,Thu Oct 08 2026 11:33:41 GMT-0400 (Eastern Daylight Time),396861.10000002384,A,ke,I,e,223,3,749.8999999761581,396111.2000000477,9068,WL,A,6.0
3,15.217000007629395,learn,44782.999992370605,Thu Oct 08 2026 11:33:41 GMT-0400 (Eastern Daylight Time),397161.39999997616,A,key,I,y,285,3,1050.1999999284744,396111.2000000477,9068,WL,A,6.0
3,15.948999881744385,learn,44051.000118255615,Thu Oct 08 2026 11:33:41 GMT-0400 (Eastern Daylight Time),397894.2000000477,A,keyenter,I,enter,713,3,1783.0,396111.2000000477,9068,WL,A,6.0
3,16.532999992370605,learn,43467.000007629395,Thu Oct 08 2026 11:33:41 GMT-0400 (Eastern Daylight Time),398477.89999997616,A,b,I,b,576,3,583.2999999523163,397894.60000002384,9068,WL,A,7.0
3,16.982999801635742,learn,43017.00019836426,Thu Oct 08 2026 11:33:41 GMT-0400 (Eastern Daylight Time),398928.0,A,bo,I,o,428,3,1033.3999999761581,397894.60000002384,9068,WL,A,7.0
3,17.116999864578247,learn,42883.00013542175,Thu Oct 08 2026 11:33:41 GMT-0400 (Eastern Daylight Time),399062.3000000715,A,boo,I,o,121,3,1167.7000000476837,397894.60000002384,9068,WL,A,7.0
3,17.33299994468689,learn,42667.00005531311,Thu Oct 08 2026 11:33:41 GMT-0400 (Eastern Daylight Time),399278.10000002384,A,book,I,k,194,3,1383.5,397894.60000002384,9068,WL,A,7.0
3,17.91699981689453,learn,42083.00018310547,Thu Oct 08 2026 11:33:41 GMT-0400 (Eastern Daylight Time),399862.0,A,bookenter,I,enter,563,3,1967.3999999761581,397894.60000002384,9068,WL,A,7.0
3,18.399999856948853,learn,41600.00014305115,Thu Oct 08 2026 11:33:41 GMT-0400 (Eastern Daylight Time),400344.8000000715,A,f,I,f,471,3,482.40000009536743,399862.39999997616,9068,WL,A,8.0
3,18.616999864578247,learn,41383.00013542175,Thu Oct 08 2026 11:33:41 GMT-0400 (Eastern Daylight Time),400561.39999997616,A,fl,I,l,199,3,699.0,399862.39999997616,9068,WL,A,8.0
3,18.83299994468689,learn,41167.00005531311,Thu Oct 08 2026 11:33:41 GMT-0400 (Eastern Daylight Time),400778.2000000477,A,flo,I,o,186,3,915.8000000715256,399862.39999997616,9068,WL,A,8.0
3,19.149999856948853,learn,40850.00014305115,Thu Oct 08 2026 11:33:41 GMT-0400 (Eastern Daylight Time),401094.7000000477,A,flow,I,w,286,3,1232.3000000715256,399862.39999997616,9068,WL,A,8.0
3,19.282999992370605,learn,40717.000007629395,Thu Oct 08 2026 11:33:41 GMT-0400 (Eastern Daylight Time),401228.0,A,flowe,I,e,105,3,1365.6000000238419,399862.39999997616,9068,WL,A,8.0
3,20.282999992370605,learn,39717.000007629395,Thu Oct 08 2026 11:33:41 GMT-0400 (Eastern Daylight Time),402228.0,A,flower,I,r,974,3,2365.600000023842,399862.39999997616,9068,WL,A,8.0
3,21.049999952316284,learn,38950.000047683716,Thu Oct 08 2026 11:33:41 GMT-0400 (Eastern Daylight Time),402994.39999997616,A,flowerenter,I,enter,741,3,3132.0,399862.39999997616,9068,WL,A,8.0
3,21.717000007629395,learn,38282.999992370605,Thu Oct 08 2026 11:33:41 GMT-0400 (Eastern Daylight Time),403661.3000000715,A,f,I,f,651,3,666.6000000238419,402994.7000000477,9068,WL,A,9.0
3,22.01699995994568,learn,37983.00004005432,Thu Oct 08 2026 11:33:41 GMT-0400 (Eastern Daylight Time),403961.39999997616,A,fi,I,i,276,3,966.6999999284744,402994.7000000477,9068,WL,A,9.0
3,22.25,learn,37750.0,Thu Oct 08 2026 11:33:41 GMT-0400 (Eastern Daylight Time),404194.8000000715,A,fin,I,n,209,3,1200.1000000238419,402994.7000000477,9068,WL,A,9.0
3,22.5,learn,37500.0,Thu Oct 08 2026 11:33:41 GMT-0400 (Eastern Daylight Time),404444.7000000477,A,fing,I,g,222,3,1450.0,402994.7000000477,9068,WL,A,9.0
3,22.75,learn,37250.0,Thu Oct 08 2026 11:33:41 GMT-0400 (Eastern Daylight Time),404694.7000000477,A,finge,I,e,229,3,1700.0,402994.7000000477,9068,WL,A,9.0
3,22.782999992370605,learn,37217.000007629395,Thu Oct 08 2026 11:33:41 GMT-0400 (Eastern Daylight Time),404727.8000000715,A,finger,I,r,20,3,1733.1000000238419,402994.7000000477,9068,WL,A,9.0
3,23.5,learn,36500.0,Thu Oct 08 2026 11:33:41 GMT-0400 (Eastern Daylight Time),405445.2000000477,A,fingerenter,I,enter,698,3,2450.5,402994.7000000477,9068,WL,A,9.0
3,24.33299994468689,learn,35667.00005531311,Thu Oct 08 2026 11:33:41 GMT-0400 (Eastern Daylight Time),406278.2000000477,A,b,I,b,816,3,832.5,405445.7000000477,9068,WL,A,10.0
3,24.616999864578247,learn,35383.00013542175,Thu Oct 08 2026 11:33:41 GMT-0400 (Eastern Daylight Time),406561.3000000715,A,bu,I,u,269,3,1115.6000000238419,405445.7000000477,9068,WL,A,10.0
3,24.949999809265137,learn,35050.00019073486,Thu Oct 08 2026 11:33:41 GMT-0400 (Eastern Daylight Time),406894.7000000477,A,but,I,t,313,3,1449.0,405445.7000000477,9068,WL,A,10.0
3,25.09999990463257,learn,34900.00009536743,Thu Oct 08 2026 11:33:41 GMT-0400 (Eastern Daylight Time),407044.60000002384,A,butt,I,t,138,3,1598.8999999761581,405445.7000000477,9068,WL,A,10.0
3,25.282999992370605,learn,34717.000007629395,Thu Oct 08 2026 11:33:41 GMT-0400 (Eastern Daylight Time),407228.0,A,butto,I,o,149,3,1782.2999999523163,405445.7000000477,9068,WL,A,10.0
3,25.566999912261963,learn,34433.00008773804,Thu Oct 08 2026 11:33:41 GMT-0400 (Eastern Daylight Time),407511.3000000715,A,button,I,n,270,3,2065.600000023842,405445.7000000477,9068,WL,A,10.0
3,26.282999992370605,learn,33717.000007629395,Thu Oct 08 2026 11:33:41 GMT-0400 (Eastern Daylight Time),408227.5,A,buttonenter,I,enter,699,3,2781.7999999523163,405445.7000000477,9068,WL,A,10.0
3,26.83299994468689,learn,33167.00005531311,Thu Oct 08 2026 11:33:41 GMT-0400 (Eastern Daylight Time),408778.0,A,r,I,r,530,3,550.1000000238419,408227.89999997616,9068,WL,A,11.0
3,27.132999897003174,learn,32867.000102996826,Thu Oct 08 2026 11:33:41 GMT-0400 (Eastern Daylight Time),409078.10000002384,A,ru,I,u,277,3,850.2000000476837,408227.89999997616,9068,WL,A,11.0
3,27.399999856948853,learn,32600.000143051147,Thu Oct 08 2026 11:33:41 GMT-0400 (Eastern Daylight Time),409344.7000000477,A,rug,I,g,243,3,1116.8000000715256,408227.89999997616,9068,WL,A,11.0
3,28.09999990463257,learn,31900.00009536743,Thu Oct 08 2026 11:33:41 GMT-0400 (Eastern Daylight Time),410045.3000000715,A,rugenter,I,enter,687,3,1817.4000000953674,408227.89999997616,9068,WL,A,11.0
3,28.515999794006348,learn,31484.000205993652,Thu Oct 08 2026 11:33:41 GMT-0400 (Eastern Daylight Time),410461.2000000477,A,a,I,a,408,3,415.60000002384186,410045.60000002384,9068,WL,A,12.0
3,28.799999952316284,learn,31200.000047683716,Thu Oct 08 2026 11:33:41 GMT-0400 (Eastern Daylight Time),410744.7000000477,A,ap,I,p,260,3,699.1000000238419,410045.60000002384,9068,WL,A,12.0
3,28.932999849319458,learn,31067.000150680542,Thu Oct 08 2026 11:33:41 GMT-0400 (Eastern Daylight Time),410878.0,A,app,I,p,114,3,832.3999999761581,410045.60000002384,9068,WL,A,12.0
3,29.16699981689453,learn,30833.00018310547,Thu Oct 08 2026 11:33:41 GMT-0400 (Eastern Daylight Time),411111.3000000715,A,appl,I,l,212,3,1065.7000000476837,410045.60000002384,9068,WL,A,12.0
3,29.399999856948853,learn,30600.000143051147,Thu Oct 08 2026 11:33:41 GMT-0400 (Eastern Daylight Time),411344.7000000477,A,apple,I,e,219,3,1299.1000000238419,410045.60000002384,9068,WL,A,12.0
3,30.282999992370605,learn,29717.000007629395,Thu Oct 08 2026 11:33:41 GMT-0400 (Eastern Daylight Time),412227.89999997616,A,appleenter,I,enter,864,3,2182.2999999523163,410045.60000002384,9068,WL,A,12.0
3,30.899999856948853,learn,29100.000143051147,Thu Oct 08 2026 11:33:41 GMT-0400 (Eastern Daylight Time),412844.7000000477,A,s,I,s,602,3,616.6000000238419,412228.10000002384,9068,WL,A,13.0
3,31.117999792099,learn,28882.000207901,Thu Oct 08 2026 11:33:41 GMT-0400 (Eastern Daylight Time),413062.3000000715,A,sa,I,a,205,3,834.2000000476837,412228.10000002384,9068,WL,A,13.0
3,31.382999897003174,learn,28617.000102996826,Thu Oct 08 2026 11:33:41 GMT-0400 (Eastern Daylight Time),413328.10000002384,A,sal,I,l,244,3,1100.0,412228.10000002384,9068,WL,A,13.0
3,31.715999841690063,learn,28284.000158309937,Thu Oct 08 2026 11:33:41 GMT-0400 (Eastern Daylight Time),413661.3000000715,A,salt,I,t,315,3,1433.2000000476837,412228.10000002384,9068,WL,A,13.0
3,32.56599998474121,learn,27434.00001525879,Thu Oct 08 2026 11:33:41 GMT-0400 (Eastern Daylight Time),414511.0,A,saltenter,I,enter,828,3,2282.899999976158,412228.10000002384,9068,WL,A,13.0
3,33.36699986457825,learn,26633.000135421753,Thu Oct 08 2026 11:33:41 GMT-0400 (Eastern Daylight Time),415311.3000000715,A,t,I,t,790,3,799.9000000953674,414511.39999997616,9068,WL,A,14.0
3,33.56599998474121,learn,26434.00001525879,Thu Oct 08 2026 11:33:41 GMT-0400 (Eastern Daylight Time),415511.3000000715,A,tr,I,r,185,3,999.9000000953674,414511.39999997616,9068,WL,A,14.0
3,34.08299994468689,learn,25917.00005531311,Thu Oct 08 2026 11:33:41 GMT-0400 (Eastern Daylight Time),416028.0,A,tra,I,a,499,3,1516.6000000238419,414511.39999997616,9068,WL,A,14.0
3,34.33299994468689,learn,25667.00005531311,Thu Oct 08 2026 11:33:41 GMT-0400 (Eastern Daylight Time),416277.89999997616,A,trai,I,i,238,3,1766.5,414511.39999997616,9068,WL,A,14.0
3,34.68299984931946,learn,25317.000150680542,Thu Oct 08 2026 11:33:41 GMT-0400 (Eastern Daylight Time),416628.10000002384,A,train,I,n,332,3,2116.7000000476837,414511.39999997616,9068,WL,A,14.0
3,35.299999952316284,learn,24700.000047683716,Thu Oct 08 2026 11:33:41 GMT-0400 (Eastern Daylight Time),417245.2000000477,A,trainenter,I,enter,606,3,2733.8000000715256,414511.39999997616,9068,WL,A,14.0
3,35.799999952316284,learn,24200.000047683716,Thu Oct 08 2026 11:33:41 GMT-0400 (Eastern Daylight Time),417744.7000000477,A,m,I,m,480,3,499.2000000476837,417245.5,9068,WL,A,15.0
3,36.31699991226196,learn,23683.000087738037,Thu Oct 08 2026 11:33:41 GMT-0400 (Eastern Daylight Time),418261.39999997616,A,me,I,e,496,3,1015.8999999761581,417245.5,9068,WL,A,15.0
3,36.59999990463257,learn,23400.00009536743,Thu Oct 08 2026 11:33:41 GMT-0400 (Eastern Daylight Time),418544.7000000477,A,mea,I,a,269,3,1299.2000000476837,417245.5,9068,WL,A,15.0
3,36.89999985694885,learn,23100.000143051147,Thu Oct 08 2026 11:33:41 GMT-0400 (Eastern Daylight Time),418844.7000000477,A,mead,I,d,274,3,1599.2000000476837,417245.5,9068,WL,A,15.0
3,37.18299984931946,learn,22817.000150680542,Thu Oct 08 2026 11:33:41 GMT-0400 (Eastern Daylight Time),419128.2000000477,A,meado,I,o,269,3,1882.7000000476837,417245.5,9068,WL,A,15.0
3,37.56599998474121,learn,22434.00001525879,Thu Oct 08 2026 11:33:41 GMT-0400 (Eastern Daylight Time),419511.3000000715,A,meadow,I,w,370,3,2265.8000000715256,417245.5,9068,WL,A,15.0
3,38.48299980163574,learn,21517.000198364258,Thu Oct 08 2026 11:33:41 GMT-0400 (Eastern Daylight Time),420427.7000000477,A,meadowenter,I,enter,908,3,3182.2000000476837,417245.5,9068,WL,A,15.0
4,1.0500001907348633,learn,58949.99980926514,Thu Oct 08 2026 11:33:41 GMT-0400 (Eastern Daylight Time),490478.10000002384,A,h,I,h,1031,3,1050.0,489428.10000002384,9068,WL,A,1.0
4,1.684000015258789,learn,58315.99998474121,Thu Oct 08 2026 11:33:41 GMT-0400 (Eastern Daylight Time),491111.39999997616,A,ha,I,a,612,3,1683.2999999523163,489428.10000002384,9068,WL,A,1.0
4,1.8670001029968262,learn,58132.999897003174,Thu Oct 08 2026 11:33:41 GMT-0400 (Eastern Daylight Time),491294.5,A,har,I,r,170,3,1866.3999999761581,489428.10000002384,9068,WL,A,1.0
4,2.183000087738037,learn,57816.99991226196,Thu Oct 08 2026 11:33:41 GMT-0400 (Eastern Daylight Time),491611.2000000477,A,harp,I,p,291,3,2183.100000023842,489428.10000002384,9068,WL,A,1.0
4,2.817000150680542,learn,57182.99984931946,Thu Oct 08 2026 11:33:41 GMT-0400 (Eastern Daylight Time),492245.10000002384,A,harpenter,I,enter,621,3,2817.0,489428.10000002384,9068,WL,A,1.0
4,3.25,learn,56750.0,Thu Oct 08 2026 11:33:41 GMT-0400 (Eastern Daylight Time),492677.89999997616,A,r,I,r,417,3,432.39999997615814,492245.5,9068,WL,A,2.0
4,3.700000047683716,learn,56299.999952316284,Thu Oct 08 2026 11:33:41 GMT-0400 (Eastern Daylight Time),493127.89999997616,A,ra,I,a,426,3,882.3999999761581,492245.5,9068,WL,A,2.0
4,3.9670000076293945,learn,56032.999992370605,Thu Oct 08 2026 11:33:41 GMT-0400 (Eastern Daylight Time),493394.60000002384,A,rat,I,t,241,3,1149.1000000238419,492245.5,9068,WL,A,2.0
4,4.117000102996826,learn,55882.999897003174,Thu Oct 08 2026 11:33:41 GMT-0400 (Eastern Daylight Time),493544.39999997616,A,ratt,I,t,120,3,1298.8999999761581,492245.5,9068,WL,A,2.0
4,4.25,learn,55750.0,Thu Oct 08 2026 11:33:41 GMT-0400 (Eastern Daylight Time),493677.7000000477,A,rattl,I,l,122,3,1432.2000000476837,492245.5,9068,WL,A,2.0
4,4.4670000076293945,learn,55532.999992370605,Thu Oct 08 2026 11:33:41 GMT-0400 (Eastern Daylight Time),493894.39999997616,A,rattle,I,e,189,3,1648.8999999761581,492245.5,9068,WL,A,2.0
4,5.050000190734863,learn,54949.99980926514,Thu Oct 08 2026 11:33:41 GMT-0400 (Eastern Daylight Time),494477.3000000715,A,rattleenter,I,enter,571,3,2231.8000000715256,492245.5,9068,WL,A,2.0
4,5.66700005531311,learn,54332.99994468689,Thu Oct 08 2026 11:33:41 GMT-0400 (Eastern Daylight Time),495094.60000002384,A,g,I,g,600,3,617.0,494477.60000002384,9068,WL,A,3.0
4,5.983000040054321,learn,54016.99995994568,Thu Oct 08 2026 11:33:41 GMT-0400 (Eastern Daylight Time),495411.2000000477,A,go,I,o,292,3,933.6000000238419,494477.60000002384,9068,WL,A,3.0
4,6.2170000076293945,learn,53782.999992370605,Thu Oct 08 2026 11:33:41 GMT-0400 (Eastern Daylight Time),495644.5,A,gol,I,l,207,3,1166.8999999761581,494477.60000002384,9068,WL,A,3.0
4,6.400000095367432,learn,53599.99990463257,Thu Oct 08 2026 11:33:41 GMT-0400 (Eastern Daylight Time),495827.8000000715,A,gold,I,d,150,3,1350.2000000476837,494477.60000002384,9068,WL,A,3.0
4,6.916000127792358,learn,53083.99987220764,Thu Oct 08 2026 11:33:41 GMT-0400 (Eastern Daylight Time),496344.2000000477,A,goldenter,I,enter,501,3,1866.6000000238419,494477.60000002384,9068,WL,A,3.0
4,7.433000087738037,learn,52566.99991226196,Thu Oct 08 2026 11:33:41 GMT-0400 (Eastern Daylight Time),496860.8000000715,A,k,I,k,509,3,516.4000000953674,496344.39999997616,9068,WL,A,4.0
4,7.7170000076293945,learn,52282.999992370605,Thu Oct 08 2026 11:33:41 GMT-0400 (Eastern Daylight Time),497144.5,A,ke,I,e,271,3,800.1000000238419,496344.39999997616,9068,WL,A,4.0
4,8.050000190734863,learn,51949.99980926514,Thu Oct 08 2026 11:33:41 GMT-0400 (Eastern Daylight Time),497477.8000000715,A,key,I,y,323,3,1133.4000000953674,496344.39999997616,9068,WL,A,4.0
4,9.200000047683716,learn,50799.999952316284,Thu Oct 08 2026 11:33:41 GMT-0400 (Eastern Daylight Time),498627.39999997616,A,keyenter,I,enter,1123,3,2283.0,496344.39999997616,9068,WL,A,4.0
4,10.16700005531311,learn,49832.99994468689,Thu Oct 08 2026 11:33:41 GMT-0400 (Eastern Daylight Time),499594.5,A,b,I,b,946,3,966.7999999523163,498627.7000000477,9068,WL,A,5.0
4,10.350000143051147,learn,49649.99985694885,Thu Oct 08 2026 11:33:41 GMT-0400 (Eastern Daylight Time),499777.5,A,bo,I,o,157,3,1149.7999999523163,498627.7000000477,9068,WL,A,5.0
4,10.5,learn,49500.0,Thu Oct 08 2026 11:33:41 GMT-0400 (Eastern Daylight Time),499927.89999997616,A,boo,I,o,132,3,1300.1999999284744,498627.7000000477,9068,WL,A,5.0
4,10.700000047683716,learn,49299.999952316284,Thu Oct 08 2026 11:33:41 GMT-0400 (Eastern Daylight Time),500127.8000000715,A,book,I,k,177,3,1500.1000000238419,498627.7000000477,9068,WL,A,5.0
4,11.315999984741211,learn,48684.00001525879,Thu Oct 08 2026 11:33:41 GMT-0400 (Eastern Daylight Time),500744.10000002384,A,bookenter,I,enter,602,3,2116.399999976158,498627.7000000477,9068,WL,A,5.0
4,11.767000198364258,learn,48232.99980163574,Thu Oct 08 2026 11:33:41 GMT-0400 (Eastern Daylight Time),501194.5,A,f,I,f,429,3,450.0,500744.5,9068,WL,A,6.0
4,12.050000190734863,learn,47949.99980926514,Thu Oct 08 2026 11:33:41 GMT-0400 (Eastern Daylight Time),501477.7000000477,A,fl,I,l,262,3,733.2000000476837,500744.5,9068,WL,A,6.0
4,12.234000205993652,learn,47765.99979400635,Thu Oct 08 2026 11:33:41 GMT-0400 (Eastern Daylight Time),501662.2000000477,A,flo,I,o,172,3,917.7000000476837,500744.5,9068,WL,A,6.0
4,12.450000047683716,learn,47549.999952316284,Thu Oct 08 2026 11:33:41 GMT-0400 (Eastern Daylight Time),501877.8000000715,A,flow,I,w,204,3,1133.3000000715256,500744.5,9068,WL,A,6.0
4,12.5,learn,47500.0,Thu Oct 08 2026 11:33:41 GMT-0400 (Eastern Daylight Time),501927.3000000715,A,flowe,I,e,21,3,1182.8000000715256,500744.5,9068,WL,A,6.0
4,12.800000190734863,learn,47199.99980926514,Thu Oct 08 2026 11:33:41 GMT-0400 (Eastern Daylight Time),502227.8000000715,A,flower,I,r,278,3,1483.3000000715256,500744.5,9068,WL,A,6.0
4,13.41700005531311,learn,46582.99994468689,Thu Oct 08 2026 11:33:41 GMT-0400 (Eastern Daylight Time),502845.10000002384,A,flowerenter,I,enter,604,3,2100.600000023842,500744.5,9068,WL,A,6.0
4,13.800000190734863,learn,46199.99980926514,Thu Oct 08 2026 11:33:41 GMT-0400 (Eastern Daylight Time),503227.7000000477,A,f,I,f,360,3,382.39999997615814,502845.3000000715,9068,WL,A,7.0
4,14.16700005531311,learn,45832.99994468689,Thu Oct 08 2026 11:33:41 GMT-0400 (Eastern Daylight Time),503594.60000002384,A,fi,I,i,351,3,749.2999999523163,502845.3000000715,9068,WL,A,7.0
4,14.483000040054321,learn,45516.99995994568,Thu Oct 08 2026 11:33:41 GMT-0400 (Eastern Daylight Time),503911.2000000477,A,fin,I,n,295,3,1065.8999999761581,502845.3000000715,9068,WL,A,7.0
4,15.282999992370605,learn,44717.000007629395,Thu Oct 08 2026 11:33:41 GMT-0400 (Eastern Daylight Time),504711.10000002384,A,fing,I,g,786,3,1865.7999999523163,502845.3000000715,9068,WL,A,7.0
4,15.550000190734863,learn,44449.99980926514,Thu Oct 08 2026 11:33:41 GMT-0400 (Eastern Daylight Time),504977.89999997616,A,finge,I,e,243,3,2132.5999999046326,502845.3000000715,9068,WL,A,7.0
4,15.616000175476074,learn,44383.999824523926,Thu Oct 08 2026 11:33:41 GMT-0400 (Eastern Daylight Time),505044.3000000715,A,finger,I,r,47,3,2199.0,502845.3000000715,9068,WL,A,7.0
4,16.532999992370605,learn,43467.000007629395,Thu Oct 08 2026 11:33:41 GMT-0400 (Eastern Daylight Time),505960.7000000477,A,fingerenter,I,enter,888,3,3115.399999976158,502845.3000000715,9068,WL,A,7.0
4,16.850000143051147,learn,43149.99985694885,Thu Oct 08 2026 11:33:41 GMT-0400 (Eastern Daylight Time),506277.7000000477,A,b,I,b,308,3,316.60000002384186,505961.10000002384,9068,WL,A,8.0
4,17.133000135421753,learn,42866.99986457825,Thu Oct 08 2026 11:33:41 GMT-0400 (Eastern Daylight Time),506561.2000000477,A,bu,I,u,258,3,600.1000000238419,505961.10000002384,9068,WL,A,8.0
4,17.367000102996826,learn,42632.999897003174,Thu Oct 08 2026 11:33:41 GMT-0400 (Eastern Daylight Time),506794.5,A,but,I,t,217,3,833.3999999761581,505961.10000002384,9068,WL,A,8.0
4,17.517000198364258,learn,42482.99980163574,Thu Oct 08 2026 11:33:41 GMT-0400 (Eastern Daylight Time),506944.5,A,butt,I,t,134,3,983.3999999761581,505961.10000002384,9068,WL,A,8.0
4,18.15000009536743,learn,41849.99990463257,Thu Oct 08 2026 11:33:41 GMT-0400 (Eastern Daylight Time),507577.7000000477,A,butto,I,o,611,3,1616.6000000238419,505961.10000002384,9068,WL,A,8.0
4,18.367000102996826,learn,41632.999897003174,Thu Oct 08 2026 11:33:41 GMT-0400 (Eastern Daylight Time),507794.60000002384,A,button,I,n,192,3,1833.5,505961.10000002384,9068,WL,A,8.0
4,18.98300004005432,learn,41016.99995994568,Thu Oct 08 2026 11:33:41 GMT-0400 (Eastern Daylight Time),508410.8000000715,A,buttonenter,I,enter,588,3,2449.7000000476837,505961.10000002384,9068,WL,A,8.0
4,19.40000009536743,learn,40599.99990463257,Thu Oct 08 2026 11:33:41 GMT-0400 (Eastern Daylight Time),508827.89999997616,A,r,I,r,403,3,416.6999999284744,508411.2000000477,9068,WL,A,9.0
4,19.66700005531311,learn,40332.99994468689,Thu Oct 08 2026 11:33:41 GMT-0400 (Eastern Daylight Time),509094.5,A,ru,I,u,255,3,683.2999999523163,508411.2000000477,9068,WL,A,9.0
4,20.0,learn,40000.0,Thu Oct 08 2026 11:33:41 GMT-0400 (Eastern Daylight Time),509427.8000000715,A,rug,I,g,307,3,1016.6000000238419,508411.2000000477,9068,WL,A,9.0
4,20.966000080108643,learn,39033.99991989136,Thu Oct 08 2026 11:33:41 GMT-0400 (Eastern Daylight Time),510394.10000002384,A,rugenter,I,enter,950,3,1982.8999999761581,508411.2000000477,9068,WL,A,9.0
4,21.617000102996826,learn,38382.999897003174,Thu Oct 08 2026 11:33:41 GMT-0400 (Eastern Daylight Time),511044.5,A,l,I,l,644,3,650.0,510394.5,9068,WL,A,10.0
4,21.817000150680542,learn,38182.99984931946,Thu Oct 08 2026 11:33:41 GMT-0400 (Eastern Daylight Time),511244.39999997616,A,lo,I,o,171,3,849.8999999761581,510394.5,9068,WL,A,10.0
4,21.950000047683716,learn,38049.999952316284,Thu Oct 08 2026 11:33:41 GMT-0400 (Eastern Daylight Time),511377.7000000477,A,log,I,g,117,3,983.2000000476837,510394.5,9068,WL,A,10.0
4,22.600000143051147,learn,37399.99985694885,Thu Oct 08 2026 11:33:41 GMT-0400 (Eastern Daylight Time),512027.3000000715,A,logenter,I,enter,624,3,1632.8000000715256,510394.5,9068,WL,A,10.0
4,22.91700005531311,learn,37082.99994468689,Thu Oct 08 2026 11:33:41 GMT-0400 (Eastern Daylight Time),512344.60000002384,A,c,I,c,298,3,317.0,512027.60000002384,9068,WL,A,11.0
4,23.200000047683716,learn,36799.999952316284,Thu Oct 08 2026 11:33:41 GMT-0400 (Eastern Daylight Time),512628.0,A,ch,I,h,257,3,600.3999999761581,512027.60000002384,9068,WL,A,11.0
4,23.517000198364258,learn,36482.99980163574,Thu Oct 08 2026 11:33:41 GMT-0400 (Eastern Daylight Time),512944.39999997616,A,chi,I,i,294,3,916.7999999523163,512027.60000002384,9068,WL,A,11.0
4,24.282999992370605,learn,35717.000007629395,Thu Oct 08 2026 11:33:41 GMT-0400 (Eastern Daylight Time),513711.10000002384,A,chim,I,m,754,3,1683.5,512027.60000002384,9068,WL,A,11.0
4,24.532999992370605,learn,35467.000007629395,Thu Oct 08 2026 11:33:41 GMT-0400 (Eastern Daylight Time),513961.2000000477,A,chimn,I,n,217,3,1933.6000000238419,512027.60000002384,9068,WL,A,11.0
4,24.850000143051147,learn,35149.99985694885,Thu Oct 08 2026 11:33:41 GMT-0400 (Eastern Daylight Time),514277.60000002384,A,chimne,I,e,305,3,2250.0,512027.60000002384,9068,WL,A,11.0
4,25.117000102996826,learn,34882.999897003174,Thu Oct 08 2026 11:33:41 GMT-0400 (Eastern Daylight Time),514544.5,A,chimney,I,y,252,3,2516.899999976158,512027.60000002384,9068,WL,A,11.0
4,26.08300018310547,learn,33916.99981689453,Thu Oct 08 2026 11:33:41 GMT-0400 (Eastern Daylight Time),515510.7000000477,A,chimneyenter,I,enter,944,3,3483.100000023842,512027.60000002384,9068,WL,A,11.0
4,27.933000087738037,learn,32066.999912261963,Thu Oct 08 2026 11:33:41 GMT-0400 (Eastern Daylight Time),517361.2000000477,A,t,I,t,1839,3,1850.2000000476837,515511.0,9068,WL,A,12.0
4,28.133000135421753,learn,31866.999864578247,Thu Oct 08 2026 11:33:41 GMT-0400 (Eastern Daylight Time),517561.10000002384,A,tr,I,r,177,3,2050.100000023842,515511.0,9068,WL,A,12.0
4,28.234000205993652,learn,31765.999794006348,Thu Oct 08 2026 11:33:41 GMT-0400 (Eastern Daylight Time),517662.10000002384,A,tra,I,a,88,3,2151.100000023842,515511.0,9068,WL,A,12.0
4,28.633000135421753,learn,31366.999864578247,Thu Oct 08 2026 11:33:41 GMT-0400 (Eastern Daylight Time),518061.10000002384,A,trai,I,i,377,3,2550.100000023842,515511.0,9068,WL,A,12.0
4,28.967000007629395,learn,31032.999992370605,Thu Oct 08 2026 11:33:41 GMT-0400 (Eastern Daylight Time),518394.60000002384,A,train,I,n,317,3,2883.600000023842,515511.0,9068,WL,A,12.0
4,30.366000175476074,learn,29633.999824523926,Thu Oct 08 2026 11:33:41 GMT-0400 (Eastern Daylight Time),519794.10000002384,A,trainenter,I,enter,1381,3,4283.100000023842,515511.0,9068,WL,A,12.0
4,31.550000190734863,learn,28449.999809265137,Thu Oct 08 2026 11:33:41 GMT-0400 (Eastern Daylight Time),520977.89999997616,A,m,I,m,1171,3,1183.3999999761581,519794.5,9068,WL,A,13.0
4,31.66700005531311,learn,28332.99994468689,Thu Oct 08 2026 11:33:41 GMT-0400 (Eastern Daylight Time),521094.5,A,me,I,e,96,3,1300.0,519794.5,9068,WL,A,13.0
4,31.850000143051147,learn,28149.999856948853,Thu Oct 08 2026 11:33:41 GMT-0400 (Eastern Daylight Time),521277.8000000715,A,mea,I,a,163,3,1483.3000000715256,519794.5,9068,WL,A,13.0
4,32.032999992370605,learn,27967.000007629395,Thu Oct 08 2026 11:33:41 GMT-0400 (Eastern Daylight Time),521461.10000002384,A,mead,I,d,165,3,1666.6000000238419,519794.5,9068,WL,A,13.0
4,32.31700015068054,learn,27682.999849319458,Thu Oct 08 2026 11:33:41 GMT-0400 (Eastern Daylight Time),521744.5,A,meado,I,o,270,3,1950.0,519794.5,9068,WL,A,13.0
4,32.467000007629395,learn,27532.999992370605,Thu Oct 08 2026 11:33:41 GMT-0400 (Eastern Daylight Time),521894.39999997616,A,meadow,I,w,127,3,2099.899999976158,519794.5,9068,WL,A,13.0
4,33.200000047683716,learn,26799.999952316284,Thu Oct 08 2026 11:33:41 GMT-0400 (Eastern Daylight Time),522627.3000000715,A,meadowenter,I,enter,705,3,2832.8000000715256,519794.5,9068,WL,A,13.0
4,41.63300013542175,learn,18366.999864578247,Thu Oct 08 2026 11:33:41 GMT-0400 (Eastern Daylight Time),531060.8999999762,A,a,I,a,8426,3,8433.199999928474,522627.7000000477,9068,WL,A,14.0
4,42.0,learn,18000.0,Thu Oct 08 2026 11:33:41 GMT-0400 (Eastern Daylight Time),531427.8999999762,A,ap,I,p,341,3,8800.199999928474,522627.7000000477,9068,WL,A,14.0
4,42.15000009536743,learn,17849.99990463257,Thu Oct 08 2026 11:33:41 GMT-0400 (Eastern Daylight Time),531577.7000000477,A,app,I,p,126,3,8950.0,522627.7000000477,9068,WL,A,14.0
4,42.35000014305115,learn,17649.999856948853,Thu Oct 08 2026 11:33:41 GMT-0400 (Eastern Daylight Time),531777.8000000715,A,appl,I,l,177,3,9150.100000023842,522627.7000000477,9068,WL,A,14.0
4,42.51700019836426,learn,17482.999801635742,Thu Oct 08 2026 11:33:41 GMT-0400 (Eastern Daylight Time),531944.5,A,apple,I,e,151,3,9316.799999952316,522627.7000000477,9068,WL,A,14.0
4,43.0,learn,17000.0,Thu Oct 08 2026 11:33:41 GMT-0400 (Eastern Daylight Time),532427.3000000715,A,appleenter,I,enter,464,3,9799.600000023842,522627.7000000477,9068,WL,A,14.0
4,43.76700019836426,learn,16232.999801635742,Thu Oct 08 2026 11:33:41 GMT-0400 (Eastern Daylight Time),533194.3999999762,A,s,I,s,754,3,766.6999999284744,532427.7000000477,9068,WL,A,15.0
4,43.91700005531311,learn,16082.99994468689,Thu Oct 08 2026 11:33:41 GMT-0400 (Eastern Daylight Time),533344.3999999762,A,sa,I,a,135,3,916.6999999284744,532427.7000000477,9068,WL,A,15.0
4,44.117000102996826,learn,15882.999897003174,Thu Oct 08 2026 11:33:41 GMT-0400 (Eastern Daylight Time),533544.5,A,sal,I,l,178,3,1116.7999999523163,532427.7000000477,9068,WL,A,15.0
4,44.26700019836426,learn,15732.999801635742,Thu Oct 08 2026 11:33:41 GMT-0400 (Eastern Daylight Time),533694.5,A,salt,I,t,121,3,1266.7999999523163,532427.7000000477,9068,WL,A,15.0
4,44.80000019073486,learn,15199.999809265137,Thu Oct 08 2026 11:33:41 GMT-0400 (Eastern Daylight Time),534227.3999999762,A,saltenter,I,enter,506,3,1799.6999999284744,532427.7000000477,9068,WL,A,15.0
5,3.001000165939331,learn,60000.0,Thu Oct 08 2026 11:33:41 GMT-0400 (Eastern Daylight Time),607961.3999999762,A,h,I,h,2978,3,3000.0999999046326,604961.3000000715,9068,WL,A,1.0
5,3.3500001430511475,learn,60000.0,Thu Oct 08 2026 11:33:41 GMT-0400 (Eastern Daylight Time),608310.8999999762,A,ha,I,a,336,3,3349.5999999046326,604961.3000000715,9068,WL,A,1.0
5,3.617000102996826,learn,60000.0,Thu Oct 08 2026 11:33:41 GMT-0400 (Eastern Daylight Time),608577.6000000238,A,har,I,r,243,3,3616.2999999523163,604961.3000000715,9068,WL,A,1.0
5,3.934000015258789,learn,60000.0,Thu Oct 08 2026 11:33:41 GMT-0400 (Eastern Daylight Time),608894.3999999762,A,harp,I,p,296,3,3933.0999999046326,604961.3000000715,9068,WL,A,1.0
5,4.483000040054321,learn,60000.0,Thu Oct 08 2026 11:33:41 GMT-0400 (Eastern Daylight Time),609443.8999999762,A,harpenter,I,enter,531,3,4482.599999904633,604961.3000000715,9068,WL,A,1.0
5,4.91700005531311,learn,60000.0,Thu Oct 08 2026 11:33:41 GMT-0400 (Eastern Daylight Time),609877.5,A,r,I,r,425,3,433.1999999284744,609444.3000000715,9068,WL,A,2.0
5,5.367000102996826,learn,60000.0,Thu Oct 08 2026 11:33:41 GMT-0400 (Eastern Daylight Time),610327.7000000477,A,ra,I,a,437,3,883.3999999761581,609444.3000000715,9068,WL,A,2.0
5,5.734000205993652,learn,60000.0,Thu Oct 08 2026 11:33:41 GMT-0400 (Eastern Daylight Time),610694.3000000715,A,rat,I,t,347,3,1250.0,609444.3000000715,9068,WL,A,2.0
5,5.884000062942505,learn,60000.0,Thu Oct 08 2026 11:33:41 GMT-0400 (Eastern Daylight Time),610844.3000000715,A,ratt,I,t,132,3,1400.0,609444.3000000715,9068,WL,A,2.0
5,6.117000102996826,learn,60000.0,Thu Oct 08 2026 11:33:41 GMT-0400 (Eastern Daylight Time),611077.7000000477,A,rattl,I,l,213,3,1633.3999999761581,609444.3000000715,9068,WL,A,2.0
5,6.333000183105469,learn,60000.0,Thu Oct 08 2026 11:33:41 GMT-0400 (Eastern Daylight Time),611294.3000000715,A,rattle,I,e,204,3,1850.0,609444.3000000715,9068,WL,A,2.0
5,7.050000190734863,learn,60000.0,Thu Oct 08 2026 11:33:41 GMT-0400 (Eastern Daylight Time),612010.5,A,rattleenter,I,enter,698,3,2566.1999999284744,609444.3000000715,9068,WL,A,2.0
5,7.7840001583099365,learn,60000.0,Thu Oct 08 2026 11:33:41 GMT-0400 (Eastern Daylight Time),612744.3999999762,A,b,I,b,714,3,733.5999999046326,612010.8000000715,9068,WL,A,3.0
5,8.034000158309937,learn,60000.0,Thu Oct 08 2026 11:33:41 GMT-0400 (Eastern Daylight Time),612994.3000000715,A,bo,I,o,226,3,983.5,612010.8000000715,9068,WL,A,3.0
5,8.184000015258789,learn,60000.0,Thu Oct 08 2026 11:33:41 GMT-0400 (Eastern Daylight Time),613144.3000000715,A,boo,I,o,136,3,1133.5,612010.8000000715,9068,WL,A,3.0
5,8.434000015258789,learn,60000.0,Thu Oct 08 2026 11:33:41 GMT-0400 (Eastern Daylight Time),613394.5,A,book,I,k,216,3,1383.6999999284744,612010.8000000715,9068,WL,A,3.0
5,9.050000190734863,learn,60000.0,Thu Oct 08 2026 11:33:41 GMT-0400 (Eastern Daylight Time),614010.5,A,bookenter,I,enter,590,3,1999.6999999284744,612010.8000000715,9068,WL,A,3.0
5,9.484000205993652,learn,60000.0,Thu Oct 08 2026 11:33:41 GMT-0400 (Eastern Daylight Time),614444.3999999762,A,f,I,f,411,3,433.5,614010.8999999762,9068,WL,A,4.0
5,9.767000198364258,learn,60000.0,Thu Oct 08 2026 11:33:41 GMT-0400 (Eastern Daylight Time),614727.7000000477,A,fl,I,l,261,3,716.8000000715256,614010.8999999762,9068,WL,A,4.0
5,9.933000087738037,learn,60000.0,Thu Oct 08 2026 11:33:41 GMT-0400 (Eastern Daylight Time),614894.2000000477,A,flo,I,o,151,3,883.3000000715256,614010.8999999762,9068,WL,A,4.0
5,10.117000102996826,learn,60000.0,Thu Oct 08 2026 11:33:41 GMT-0400 (Eastern Daylight Time),615077.3999999762,A,flow,I,w,171,3,1066.5,614010.8999999762,9068,WL,A,4.0
5,10.183000087738037,learn,60000.0,Thu Oct 08 2026 11:33:41 GMT-0400 (Eastern Daylight Time),615144.2000000477,A,flowe,I,e,52,3,1133.3000000715256,614010.8999999762,9068,WL,A,4.0
5,10.733000040054321,learn,60000.0,Thu Oct 08 2026 11:33:41 GMT-0400 (Eastern Daylight Time),615694.3000000715,A,flowet,I,t,537,3,1683.4000000953674,614010.8999999762,9068,WL,A,4.0
5,11.5,learn,60000.0,Thu Oct 08 2026 11:33:41 GMT-0400 (Eastern Daylight Time),616461.0,A,flowe,I,backspace,748,3,2450.100000023842,614010.8999999762,9068,WL,A,4.0
5,11.733000040054321,learn,60000.0,Thu Oct 08 2026 11:33:41 GMT-0400 (Eastern Daylight Time),616694.3000000715,A,flower,I,r,220,3,2683.4000000953674,614010.8999999762,9068,WL,A,4.0
5,12.315999984741211,learn,60000.0,Thu Oct 08 2026 11:33:41 GMT-0400 (Eastern Daylight Time),617277.1000000238,A,flowerenter,I,enter,564,3,3266.2000000476837,614010.8999999762,9068,WL,A,4.0
5,12.683000087738037,learn,60000.0,Thu Oct 08 2026 11:33:41 GMT-0400 (Eastern Daylight Time),617644.3000000715,A,f,I,f,361,3,366.8000000715256,617277.5,9068,WL,A,5.0
5,12.950000047683716,learn,60000.0,Thu Oct 08 2026 11:33:41 GMT-0400 (Eastern Daylight Time),617910.8999999762,A,fi,I,i,255,3,633.3999999761581,617277.5,9068,WL,A,5.0
5,13.267000198364258,learn,60000.0,Thu Oct 08 2026 11:33:41 GMT-0400 (Eastern Daylight Time),618227.7000000477,A,fin,I,n,291,3,950.2000000476837,617277.5,9068,WL,A,5.0
5,13.384000062942505,learn,60000.0,Thu Oct 08 2026 11:33:41 GMT-0400 (Eastern Daylight Time),618344.3000000715,A,fing,I,g,102,3,1066.8000000715256,617277.5,9068,WL,A,5.0
5,13.66700005531311,learn,60000.0,Thu Oct 08 2026 11:33:41 GMT-0400 (Eastern Daylight Time),618627.7000000477,A,finge,I,e,249,3,1350.2000000476837,617277.5,9068,WL,A,5.0
5,13.767000198364258,learn,60000.0,Thu Oct 08 2026 11:33:41 GMT-0400 (Eastern Daylight Time),618727.6000000238,A,finger,I,r,86,3,1450.1000000238419,617277.5,9068,WL,A,5.0
5,14.900000095367432,learn,60000.0,Thu Oct 08 2026 11:33:41 GMT-0400 (Eastern Daylight Time),619860.5,A,fingerenter,I,enter,1114,3,2583.0,617277.5,9068,WL,A,5.0
5,15.817000150680542,learn,60000.0,Thu Oct 08 2026 11:33:41 GMT-0400 (Eastern Daylight Time),620777.6000000238,A,b,I,b,897,3,916.7999999523163,619860.8000000715,9068,WL,A,6.0
5,15.933000087738037,learn,60000.0,Thu Oct 08 2026 11:33:41 GMT-0400 (Eastern Daylight Time),620894.1000000238,A,bu,I,u,104,3,1033.2999999523163,619860.8000000715,9068,WL,A,6.0
5,16.15000009536743,learn,60000.0,Thu Oct 08 2026 11:33:41 GMT-0400 (Eastern Daylight Time),621110.8999999762,A,but,I,t,198,3,1250.0999999046326,619860.8000000715,9068,WL,A,6.0
5,16.301000118255615,learn,60000.0,Thu Oct 08 2026 11:33:41 GMT-0400 (Eastern Daylight Time),621261.8999999762,A,butt,I,t,139,3,1401.0999999046326,619860.8000000715,9068,WL,A,6.0
5,16.43400001525879,learn,60000.0,Thu Oct 08 2026 11:33:41 GMT-0400 (Eastern Daylight Time),621394.3999999762,A,butto,I,o,115,3,1533.5999999046326,619860.8000000715,9068,WL,A,6.0
5,16.550000190734863,learn,60000.0,Thu Oct 08 2026 11:33:41 GMT-0400 (Eastern Daylight Time),621511.0,A,button,I,n,86,3,1650.1999999284744,619860.8000000715,9068,WL,A,6.0
5,17.133000135421753,learn,60000.0,Thu Oct 08 2026 11:33:41 GMT-0400 (Eastern Daylight Time),622093.8000000715,A,buttonenter,I,enter,553,3,2233.0,619860.8000000715,9068,WL,A,6.0
5,17.48300004005432,learn,60000.0,Thu Oct 08 2026 11:33:41 GMT-0400 (Eastern Daylight Time),622444.3000000715,A,r,I,r,327,3,350.10000002384186,622094.2000000477,9068,WL,A,7.0
5,17.767000198364258,learn,60000.0,Thu Oct 08 2026 11:33:41 GMT-0400 (Eastern Daylight Time),622727.6000000238,A,ru,I,u,263,3,633.3999999761581,622094.2000000477,9068,WL,A,7.0
5,18.0,learn,60000.0,Thu Oct 08 2026 11:33:41 GMT-0400 (Eastern Daylight Time),622961.0,A,rug,I,g,212,3,866.7999999523163,622094.2000000477,9068,WL,A,7.0
5,18.800000190734863,learn,60000.0,Thu Oct 08 2026 11:33:41 GMT-0400 (Eastern Daylight Time),623760.5,A,rugenter,I,enter,785,3,1666.2999999523163,622094.2000000477,9068,WL,A,7.0
5,19.41700005531311,learn,60000.0,Thu Oct 08 2026 11:33:41 GMT-0400 (Eastern Daylight Time),624377.7000000477,A,l,I,l,605,3,616.8000000715256,623760.8999999762,9068,WL,A,8.0
5,19.600000143051147,learn,60000.0,Thu Oct 08 2026 11:33:41 GMT-0400 (Eastern Daylight Time),624561.0,A,lo,I,o,168,3,800.1000000238419,623760.8999999762,9068,WL,A,8.0
5,19.767000198364258,learn,60000.0,Thu Oct 08 2026 11:33:41 GMT-0400 (Eastern Daylight Time),624727.6000000238,A,log,I,g,145,3,966.7000000476837,623760.8999999762,9068,WL,A,8.0
5,20.383000135421753,learn,60000.0,Thu Oct 08 2026 11:33:41 GMT-0400 (Eastern Daylight Time),625343.8000000715,A,logenter,I,enter,602,3,1582.9000000953674,623760.8999999762,9068,WL,A,8.0
5,21.600000143051147,learn,60000.0,Thu Oct 08 2026 11:33:41 GMT-0400 (Eastern Daylight Time),626561.0,A,c,I,c,1198,3,1216.7999999523163,625344.2000000477,9068,WL,A,9.0
5,21.850000143051147,learn,60000.0,Thu Oct 08 2026 11:33:41 GMT-0400 (Eastern Daylight Time),626810.8999999762,A,ch,I,h,230,3,1466.6999999284744,625344.2000000477,9068,WL,A,9.0
5,22.133000135421753,learn,60000.0,Thu Oct 08 2026 11:33:41 GMT-0400 (Eastern Daylight Time),627094.2000000477,A,chi,I,i,263,3,1750.0,625344.2000000477,9068,WL,A,9.0
5,22.41700005531311,learn,60000.0,Thu Oct 08 2026 11:33:41 GMT-0400 (Eastern Daylight Time),627377.7000000477,A,chim,I,m,259,3,2033.5,625344.2000000477,9068,WL,A,9.0
5,22.600000143051147,learn,60000.0,Thu Oct 08 2026 11:33:41 GMT-0400 (Eastern Daylight Time),627561.0,A,chimn,I,n,168,3,2216.7999999523163,625344.2000000477,9068,WL,A,9.0
5,22.717000007629395,learn,60000.0,Thu Oct 08 2026 11:33:41 GMT-0400 (Eastern Daylight Time),627677.5,A,chimne,I,e,97,3,2333.2999999523163,625344.2000000477,9068,WL,A,9.0
5,23.032999992370605,learn,60000.0,Thu Oct 08 2026 11:33:41 GMT-0400 (Eastern Daylight Time),627994.2000000477,A,chimney,I,y,283,3,2650.0,625344.2000000477,9068,WL,A,9.0
5,23.66700005531311,learn,60000.0,Thu Oct 08 2026 11:33:41 GMT-0400 (Eastern Daylight Time),628627.3999999762,A,chimneyenter,I,enter,620,3,3283.1999999284744,625344.2000000477,9068,WL,A,9.0
5,24.017000198364258,learn,60000.0,Thu Oct 08 2026 11:33:41 GMT-0400 (Eastern Daylight Time),628977.6000000238,A,a,I,a,339,3,350.0,628627.6000000238,9068,WL,A,10.0
5,24.267000198364258,learn,60000.0,Thu Oct 08 2026 11:33:41 GMT-0400 (Eastern Daylight Time),629227.6000000238,A,ap,I,p,233,3,600.0,628627.6000000238,9068,WL,A,10.0
5,24.41700005531311,learn,60000.0,Thu Oct 08 2026 11:33:41 GMT-0400 (Eastern Daylight Time),629377.6000000238,A,app,I,p,132,3,750.0,628627.6000000238,9068,WL,A,10.0
5,24.634000062942505,learn,60000.0,Thu Oct 08 2026 11:33:41 GMT-0400 (Eastern Daylight Time),629594.3000000715,A,appl,I,l,199,3,966.7000000476837,628627.6000000238,9068,WL,A,10.0
5,24.867000102996826,learn,60000.0,Thu Oct 08 2026 11:33:41 GMT-0400 (Eastern Daylight Time),629827.6000000238,A,apple,I,e,207,3,1200.0,628627.6000000238,9068,WL,A,10.0
5,25.58300018310547,learn,60000.0,Thu Oct 08 2026 11:33:41 GMT-0400 (Eastern Daylight Time),630543.8000000715,A,appleenter,I,enter,693,3,1916.2000000476837,628627.6000000238,9068,WL,A,10.0
5,25.950000047683716,learn,60000.0,Thu Oct 08 2026 11:33:41 GMT-0400 (Eastern Daylight Time),630910.8999999762,A,s,I,s,358,3,366.6999999284744,630544.2000000477,9068,WL,A,11.0
5,26.16700005531311,learn,60000.0,Thu Oct 08 2026 11:33:41 GMT-0400 (Eastern Daylight Time),631127.7000000477,A,sa,I,a,201,3,583.5,630544.2000000477,9068,WL,A,11.0
5,26.48300004005432,learn,60000.0,Thu Oct 08 2026 11:33:41 GMT-0400 (Eastern Daylight Time),631444.2000000477,A,sal,I,l,289,3,900.0,630544.2000000477,9068,WL,A,11.0
5,27.48300004005432,learn,60000.0,Thu Oct 08 2026 11:33:41 GMT-0400 (Eastern Daylight Time),632444.3000000715,A,salt,I,t,975,3,1900.1000000238419,630544.2000000477,9068,WL,A,11.0
5,27.966000080108643,learn,60000.0,Thu Oct 08 2026 11:33:41 GMT-0400 (Eastern Daylight Time),632927.1000000238,A,saltenter,I,enter,467,3,2382.899999976158,630544.2000000477,9068,WL,A,11.0
5,29.25,learn,60000.0,Thu Oct 08 2026 11:33:41 GMT-0400 (Eastern Daylight Time),634210.8999999762,A,t,I,t,1262,3,1283.5,632927.3999999762,9068,WL,A,12.0
5,29.450000047683716,learn,60000.0,Thu Oct 08 2026 11:33:41 GMT-0400 (Eastern Daylight Time),634410.8000000715,A,tr,I,r,182,3,1483.4000000953674,632927.3999999762,9068,WL,A,12.0
5,29.550000190734863,learn,60000.0,Thu Oct 08 2026 11:33:41 GMT-0400 (Eastern Daylight Time),634510.8999999762,A,tra,I,a,80,3,1583.5,632927.3999999762,9068,WL,A,12.0
5,29.784000158309937,learn,60000.0,Thu Oct 08 2026 11:33:41 GMT-0400 (Eastern Daylight Time),634744.3999999762,A,trai,I,i,203,3,1817.0,632927.3999999762,9068,WL,A,12.0
5,29.933000087738037,learn,60000.0,Thu Oct 08 2026 11:33:41 GMT-0400 (Eastern Daylight Time),634894.2000000477,A,train,I,n,129,3,1966.8000000715256,632927.3999999762,9068,WL,A,12.0
5,30.633000135421753,learn,60000.0,Thu Oct 08 2026 11:33:41 GMT-0400 (Eastern Daylight Time),635593.8000000715,A,trainenter,I,enter,667,3,2666.4000000953674,632927.3999999762,9068,WL,A,12.0
5,31.08300018310547,learn,60000.0,Thu Oct 08 2026 11:33:41 GMT-0400 (Eastern Daylight Time),636044.3000000715,A,m,I,m,436,3,450.10000002384186,635594.2000000477,9068,WL,A,13.0
5,31.200000047683716,learn,60000.0,Thu Oct 08 2026 11:33:41 GMT-0400 (Eastern Daylight Time),636161.0,A,me,I,e,100,3,566.7999999523163,635594.2000000477,9068,WL,A,13.0
5,31.284000158309937,learn,60000.0,Thu Oct 08 2026 11:33:41 GMT-0400 (Eastern Daylight Time),636245.0,A,mea,I,a,63,3,650.7999999523163,635594.2000000477,9068,WL,A,13.0
5,31.467000007629395,learn,60000.0,Thu Oct 08 2026 11:33:41 GMT-0400 (Eastern Daylight Time),636427.6000000238,A,mead,I,d,159,3,833.3999999761581,635594.2000000477,9068,WL,A,13.0
5,31.867000102996826,learn,60000.0,Thu Oct 08 2026 11:33:41 GMT-0400 (Eastern Daylight Time),636827.6000000238,A,meado,I,o,371,3,1233.3999999761581,635594.2000000477,9068,WL,A,13.0
5,32.68300008773804,learn,60000.0,Thu Oct 08 2026 11:33:41 GMT-0400 (Eastern Daylight Time),637644.2000000477,A,meadow,I,w,799,3,2050.0,635594.2000000477,9068,WL,A,13.0
5,33.76600003242493,learn,60000.0,Thu Oct 08 2026 11:33:41 GMT-0400 (Eastern Daylight Time),638727.1000000238,A,meadowenter,I,enter,1061,3,3132.899999976158,635594.2000000477,9068,WL,A,13.0
5,39.282999992370605,learn,60000.0,Thu Oct 08 2026 11:33:41 GMT-0400 (Eastern Daylight Time),644244.2000000477,A,f,I,f,5494,3,5516.800000071526,638727.3999999762,9068,WL,A,14.0
5,39.66700005531311,learn,60000.0,Thu Oct 08 2026 11:33:41 GMT-0400 (Eastern Daylight Time),644627.7000000477,A,,I,backspace,359,3,5900.300000071526,638727.3999999762,9068,WL,A,14.0
5,39.81700015068054,learn,60000.0,Thu Oct 08 2026 11:33:41 GMT-0400 (Eastern Daylight Time),644777.6000000238,A,g,I,g,126,3,6050.200000047684,638727.3999999762,9068,WL,A,14.0
5,40.01600003242493,learn,60000.0,Thu Oct 08 2026 11:33:41 GMT-0400 (Eastern Daylight Time),644977.1000000238,A,go,I,o,177,3,6249.700000047684,638727.3999999762,9068,WL,A,14.0
5,40.18300008773804,learn,60000.0,Thu Oct 08 2026 11:33:41 GMT-0400 (Eastern Daylight Time),645144.2000000477,A,gol,I,l,153,3,6416.800000071526,638727.3999999762,9068,WL,A,14.0
5,40.28400015830994,learn,60000.0,Thu Oct 08 2026 11:33:41 GMT-0400 (Eastern Daylight Time),645244.3999999762,A,gold,I,d,90,3,6517.0,638727.3999999762,9068,WL,A,14.0
5,40.63300013542175,learn,60000.0,Thu Oct 08 2026 11:33:41 GMT-0400 (Eastern Daylight Time),645593.8999999762,A,goldenter,I,enter,317,3,6866.5,638727.3999999762,9068,WL,A,14.0
5,41.16700005531311,learn,60000.0,Thu Oct 08 2026 11:33:41 GMT-0400 (Eastern Daylight Time),646127.6000000238,A,k,I,k,515,3,533.3999999761581,645594.2000000477,9068,WL,A,15.0
5,41.30000019073486,learn,60000.0,Thu Oct 08 2026 11:33:41 GMT-0400 (Eastern Daylight Time),646260.6000000238,A,ke,I,e,122,3,666.3999999761581,645594.2000000477,9068,WL,A,15.0
5,41.48400020599365,learn,60000.0,Thu Oct 08 2026 11:33:41 GMT-0400 (Eastern Daylight Time),646444.3000000715,A,key,I,y,166,3,850.1000000238419,645594.2000000477,9068,WL,A,15.0
5,41.93300008773804,learn,60000.0,Thu Oct 08 2026 11:33:41 GMT-0400 (Eastern Daylight Time),646893.8000000715,A,keyenter,I,enter,436,3,1299.6000000238419,645594.2000000477,9068,WL,A,15.0
6,1.0499999523162842,distr,58950.000047683716,Thu Oct 08 2026 11:33:41 GMT-0400 (Eastern Daylight Time),717110.7000000477,B,j,I,j,1030,3,1049.7000000476837,716061.0,9068,WL,A,1.0
6,1.2999999523162842,distr,58700.000047683716,Thu Oct 08 2026 11:33:41 GMT-0400 (Eastern Daylight Time),717360.7000000477,B,ju,I,u,234,3,1299.7000000476837,716061.0,9068,WL,A,1.0
6,1.5169999599456787,distr,58483.00004005432,Thu Oct 08 2026 11:33:41 GMT-0400 (Eastern Daylight Time),717577.3999999762,B,jud,I,d,191,3,1516.3999999761581,716061.0,9068,WL,A,1.0
6,1.6659998893737793,distr,58334.00011062622,Thu Oct 08 2026 11:33:41 GMT-0400 (Eastern Daylight Time),717727.2000000477,B,judg,I,g,124,3,1666.2000000476837,716061.0,9068,WL,A,1.0
6,1.8499999046325684,distr,58150.00009536743,Thu Oct 08 2026 11:33:41 GMT-0400 (Eastern Daylight Time),717910.8000000715,B,judge,I,e,169,3,1849.8000000715256,716061.0,9068,WL,A,1.0
6,2.5999999046325684,distr,57400.00009536743,Thu Oct 08 2026 11:33:41 GMT-0400 (Eastern Daylight Time),718660.3999999762,B,judgeenter,I,enter,731,3,2599.399999976158,716061.0,9068,WL,A,1.0
6,3.0,distr,57000.0,Thu Oct 08 2026 11:33:41 GMT-0400 (Eastern Daylight Time),719060.5,B,c,I,c,392,3,399.6999999284744,718660.8000000715,9068,WL,A,2.0
6,3.3499999046325684,distr,56650.00009536743,Thu Oct 08 2026 11:33:41 GMT-0400 (Eastern Daylight Time),719410.8000000715,B,co,I,o,323,3,750.0,718660.8000000715,9068,WL,A,2.0
6,3.616999864578247,distr,56383.00013542175,Thu Oct 08 2026 11:33:41 GMT-0400 (Eastern Daylight Time),719677.5,B,cou,I,u,248,3,1016.6999999284744,718660.8000000715,9068,WL,A,2.0
6,3.882999897003174,distr,56117.000102996826,Thu Oct 08 2026 11:33:41 GMT-0400 (Eastern Daylight Time),719944.0,B,coun,I,n,245,3,1283.1999999284744,718660.8000000715,9068,WL,A,2.0
6,4.049999952316284,distr,55950.000047683716,Thu Oct 08 2026 11:33:41 GMT-0400 (Eastern Daylight Time),720110.7000000477,B,count,I,t,154,3,1449.8999999761581,718660.8000000715,9068,WL,A,2.0
6,4.382999897003174,distr,55617.000102996826,Thu Oct 08 2026 11:33:41 GMT-0400 (Eastern Daylight Time),720444.0,B,county,I,y,314,3,1783.1999999284744,718660.8000000715,9068,WL,A,2.0
6,5.4659998416900635,distr,54534.00015830994,Thu Oct 08 2026 11:33:41 GMT-0400 (Eastern Daylight Time),721527.0,B,countyenter,I,enter,1059,3,2866.1999999284744,718660.8000000715,9068,WL,A,2.0
6,7.599999904632568,distr,52400.00009536743,Thu Oct 08 2026 11:33:41 GMT-0400 (Eastern Daylight Time),723660.5,B,p,I,p,2127,3,2133.1999999284744,721527.3000000715,9068,WL,A,3.0
6,7.866999864578247,distr,52133.00013542175,Thu Oct 08 2026 11:33:41 GMT-0400 (Eastern Daylight Time),723927.3999999762,B,po,I,o,253,3,2400.0999999046326,721527.3000000715,9068,WL,A,3.0
6,8.032999992370605,distr,51967.000007629395,Thu Oct 08 2026 11:33:41 GMT-0400 (Eastern Daylight Time),724094.1000000238,B,poo,I,o,146,3,2566.7999999523163,721527.3000000715,9068,WL,A,3.0
6,8.450000047683716,distr,51549.999952316284,Thu Oct 08 2026 11:33:41 GMT-0400 (Eastern Daylight Time),724510.8000000715,B,pool,I,l,397,3,2983.5,721527.3000000715,9068,WL,A,3.0
6,9.016000032424927,distr,50983.99996757507,Thu Oct 08 2026 11:33:41 GMT-0400 (Eastern Daylight Time),725077.0,B,poolenter,I,enter,546,3,3549.6999999284744,721527.3000000715,9068,WL,A,3.0
6,9.682999849319458,distr,50317.00015068054,Thu Oct 08 2026 11:33:41 GMT-0400 (Eastern Daylight Time),725744.1000000238,B,b,I,b,656,3,666.7000000476837,725077.3999999762,9068,WL,A,4.0
6,9.816999912261963,distr,50183.00008773804,Thu Oct 08 2026 11:33:41 GMT-0400 (Eastern Daylight Time),725877.3000000715,B,bo,I,o,122,3,799.9000000953674,725077.3999999762,9068,WL,A,4.0
6,9.983000040054321,distr,50016.99995994568,Thu Oct 08 2026 11:33:41 GMT-0400 (Eastern Daylight Time),726044.0,B,bow,I,w,156,3,966.6000000238419,725077.3999999762,9068,WL,A,4.0
6,10.200000047683716,distr,49799.999952316284,Thu Oct 08 2026 11:33:41 GMT-0400 (Eastern Daylight Time),726260.8000000715,B,bowl,I,l,183,3,1183.4000000953674,725077.3999999762,9068,WL,A,4.0
6,10.549999952316284,distr,49450.000047683716,Thu Oct 08 2026 11:33:41 GMT-0400 (Eastern Daylight Time),726610.3000000715,B,bowlenter,I,enter,332,3,1532.9000000953674,725077.3999999762,9068,WL,A,4.0
6,11.16700005531311,distr,48832.99994468689,Thu Oct 08 2026 11:33:41 GMT-0400 (Eastern Daylight Time),727227.3999999762,B,m,I,m,595,3,616.6999999284744,726610.7000000477,9068,WL,A,5.0
6,11.233000040054321,distr,48766.99995994568,Thu Oct 08 2026 11:33:41 GMT-0400 (Eastern Daylight Time),727293.8000000715,B,me,I,e,55,3,683.1000000238419,726610.7000000477,9068,WL,A,5.0
6,11.349999904632568,distr,48650.00009536743,Thu Oct 08 2026 11:33:41 GMT-0400 (Eastern Daylight Time),727410.8000000715,B,mea,I,a,102,3,800.1000000238419,726610.7000000477,9068,WL,A,5.0
6,11.549999952316284,distr,48450.000047683716,Thu Oct 08 2026 11:33:41 GMT-0400 (Eastern Daylight Time),727610.8000000715,B,meal,I,l,166,3,1000.1000000238419,726610.7000000477,9068,WL,A,5.0
6,11.965999841690063,distr,48034.00015830994,Thu Oct 08 2026 11:33:41 GMT-0400 (Eastern Daylight Time),728027.0,B,mealenter,I,enter,389,3,1416.2999999523163,726610.7000000477,9068,WL,A,5.0
6,12.516999959945679,distr,47483.00004005432,Thu Oct 08 2026 11:33:41 GMT-0400 (Eastern Daylight Time),728577.3999999762,B,i,I,i,538,3,550.0,728027.3999999762,9068,WL,A,6.0
6,12.717000007629395,distr,47282.999992370605,Thu Oct 08 2026 11:33:41 GMT-0400 (Eastern Daylight Time),728777.3999999762,B,in,I,n,175,3,750.0,728027.3999999762,9068,WL,A,6.0
6,12.932999849319458,distr,47067.00015068054,Thu Oct 08 2026 11:33:41 GMT-0400 (Eastern Daylight Time),728994.1000000238,B,ins,I,s,198,3,966.7000000476837,728027.3999999762,9068,WL,A,6.0
6,13.132999897003174,distr,46867.000102996826,Thu Oct 08 2026 11:33:41 GMT-0400 (Eastern Daylight Time),729194.2000000477,B,inse,I,e,183,3,1166.8000000715256,728027.3999999762,9068,WL,A,6.0
6,13.366999864578247,distr,46633.00013542175,Thu Oct 08 2026 11:33:41 GMT-0400 (Eastern Daylight Time),729427.3999999762,B,insec,I,c,205,3,1400.0,728027.3999999762,9068,WL,A,6.0
6,13.882999897003174,distr,46117.000102996826,Thu Oct 08 2026 11:33:41 GMT-0400 (Eastern Daylight Time),729944.1000000238,B,insect,I,t,495,3,1916.7000000476837,728027.3999999762,9068,WL,A,6.0
6,14.299999952316284,distr,45700.000047683716,Thu Oct 08 2026 11:33:41 GMT-0400 (Eastern Daylight Time),730360.3999999762,B,insectenter,I,enter,393,3,2333.0,728027.3999999762,9068,WL,A,6.0
6,14.799999952316284,distr,45200.000047683716,Thu Oct 08 2026 11:33:41 GMT-0400 (Eastern Daylight Time),730860.7000000477,B,s,I,s,484,3,500.10000002384186,730360.6000000238,9068,WL,A,7.0
6,15.032999992370605,distr,44967.000007629395,Thu Oct 08 2026 11:33:41 GMT-0400 (Eastern Daylight Time),731094.1000000238,B,se,I,e,212,3,733.5,730360.6000000238,9068,WL,A,7.0
6,15.182999849319458,distr,44817.00015068054,Thu Oct 08 2026 11:33:41 GMT-0400 (Eastern Daylight Time),731244.2000000477,B,see,I,e,131,3,883.6000000238419,730360.6000000238,9068,WL,A,7.0
6,15.815999984741211,distr,44184.00001525879,Thu Oct 08 2026 11:33:41 GMT-0400 (Eastern Daylight Time),731877.3000000715,B,seed,I,d,621,3,1516.7000000476837,730360.6000000238,9068,WL,A,7.0
6,16.215999841690063,distr,43784.00015830994,Thu Oct 08 2026 11:33:41 GMT-0400 (Eastern Daylight Time),732277.0,B,seedenter,I,enter,379,3,1916.3999999761581,730360.6000000238,9068,WL,A,7.0
6,17.217000007629395,distr,42782.999992370605,Thu Oct 08 2026 11:33:41 GMT-0400 (Eastern Daylight Time),733277.3999999762,B,p,I,p,985,3,999.8999999761581,732277.5,9068,WL,A,8.0
6,17.48300004005432,distr,42516.99995994568,Thu Oct 08 2026 11:33:41 GMT-0400 (Eastern Daylight Time),733544.1000000238,B,pl,I,l,252,3,1266.6000000238419,732277.5,9068,WL,A,8.0
6,17.632999897003174,distr,42367.000102996826,Thu Oct 08 2026 11:33:41 GMT-0400 (Eastern Daylight Time),733694.0,B,pla,I,a,137,3,1416.5,732277.5,9068,WL,A,8.0
6,17.816999912261963,distr,42183.00008773804,Thu Oct 08 2026 11:33:41 GMT-0400 (Eastern Daylight Time),733877.5,B,plan,I,n,155,3,1600.0,732277.5,9068,WL,A,8.0
6,18.316999912261963,distr,41683.00008773804,Thu Oct 08 2026 11:33:41 GMT-0400 (Eastern Daylight Time),734377.3999999762,B,plane,I,e,475,3,2099.899999976158,732277.5,9068,WL,A,8.0
6,19.0,distr,41000.0,Thu Oct 08 2026 11:33:41 GMT-0400 (Eastern Daylight Time),735060.3000000715,B,planeenter,I,enter,664,3,2782.8000000715256,732277.5,9068,WL,A,8.0
6,23.5,distr,36500.0,Thu Oct 08 2026 11:33:41 GMT-0400 (Eastern Daylight Time),739560.7000000477,B,c,I,c,4481,3,4500.0,735060.7000000477,9068,WL,A,9.0
6,23.800999879837036,distr,36199.000120162964,Thu Oct 08 2026 11:33:41 GMT-0400 (Eastern Daylight Time),739861.7000000477,B,ca,I,a,288,3,4801.0,735060.7000000477,9068,WL,A,9.0
6,23.950000047683716,distr,36049.999952316284,Thu Oct 08 2026 11:33:41 GMT-0400 (Eastern Daylight Time),740010.5,B,cao,I,o,123,3,4949.799999952316,735060.7000000477,9068,WL,A,9.0
6,24.08299994468689,distr,35917.00005531311,Thu Oct 08 2026 11:33:41 GMT-0400 (Eastern Daylight Time),740144.1000000238,B,caot,I,t,119,3,5083.399999976158,735060.7000000477,9068,WL,A,9.0
6,24.782999992370605,distr,35217.000007629395,Thu Oct 08 2026 11:33:41 GMT-0400 (Eastern Daylight Time),740844.2000000477,B,cao,I,backspace,682,3,5783.5,735060.7000000477,9068,WL,A,9.0
6,24.967000007629395,distr,35032.999992370605,Thu Oct 08 2026 11:33:41 GMT-0400 (Eastern Daylight Time),741027.5,B,ca,I,backspace,166,3,5966.799999952316,735060.7000000477,9068,WL,A,9.0
6,25.132999897003174,distr,34867.000102996826,Thu Oct 08 2026 11:33:41 GMT-0400 (Eastern Daylight Time),741194.1000000238,B,c,I,backspace,133,3,6133.399999976158,735060.7000000477,9068,WL,A,9.0
6,25.700000047683716,distr,34299.999952316284,Thu Oct 08 2026 11:33:41 GMT-0400 (Eastern Daylight Time),741760.7000000477,B,co,I,o,544,3,6700.0,735060.7000000477,9068,WL,A,9.0
6,25.783999919891357,distr,34216.00008010864,Thu Oct 08 2026 11:33:41 GMT-0400 (Eastern Daylight Time),741844.3999999762,B,coa,I,a,73,3,6783.699999928474,735060.7000000477,9068,WL,A,9.0
6,25.84999990463257,distr,34150.00009536743,Thu Oct 08 2026 11:33:41 GMT-0400 (Eastern Daylight Time),741910.5,B,coat,I,t,54,3,6849.799999952316,735060.7000000477,9068,WL,A,9.0
6,26.215999841690063,distr,33784.00015830994,Thu Oct 08 2026 11:33:41 GMT-0400 (Eastern Daylight Time),742276.8999999762,B,coatenter,I,enter,344,3,7216.199999928474,735060.7000000477,9068,WL,A,9.0
6,28.866999864578247,distr,31133.000135421753,Thu Oct 08 2026 11:33:41 GMT-0400 (Eastern Daylight Time),744927.3999999762,B,c,I,c,2632,3,2650.0,742277.3999999762,9068,WL,A,10.0
6,29.049999952316284,distr,30950.000047683716,Thu Oct 08 2026 11:33:41 GMT-0400 (Eastern Daylight Time),745110.8000000715,B,ch,I,h,160,3,2833.4000000953674,742277.3999999762,9068,WL,A,10.0
6,31.08299994468689,distr,28917.00005531311,Thu Oct 08 2026 11:33:41 GMT-0400 (Eastern Daylight Time),747144.1000000238,B,c,I,backspace,2010,3,4866.700000047684,742277.3999999762,9068,WL,A,10.0
6,31.282999992370605,distr,28717.000007629395,Thu Oct 08 2026 11:33:41 GMT-0400 (Eastern Daylight Time),747344.2000000477,B,,I,backspace,178,3,5066.800000071526,742277.3999999762,9068,WL,A,10.0
6,36.31699991226196,distr,23683.000087738037,Thu Oct 08 2026 11:33:41 GMT-0400 (Eastern Daylight Time),752377.3999999762,B,p,I,p,5002,3,10100.0,742277.3999999762,9068,WL,A,10.0
6,36.467000007629395,distr,23532.999992370605,Thu Oct 08 2026 11:33:41 GMT-0400 (Eastern Daylight Time),752527.3999999762,B,pe,I,e,135,3,10250.0,742277.3999999762,9068,WL,A,10.0
6,36.549999952316284,distr,23450.000047683716,Thu Oct 08 2026 11:33:41 GMT-0400 (Eastern Daylight Time),752610.7000000477,B,pea,I,a,57,3,10333.300000071526,742277.3999999762,9068,WL,A,10.0
6,36.73300004005432,distr,23266.99995994568,Thu Oct 08 2026 11:33:41 GMT-0400 (Eastern Daylight Time),752794.0,B,peac,I,c,158,3,10516.600000023842,742277.3999999762,9068,WL,A,10.0
6,37.132999897003174,distr,22867.000102996826,Thu Oct 08 2026 11:33:41 GMT-0400 (Eastern Daylight Time),753194.0,B,peach,I,h,375,3,10916.600000023842,742277.3999999762,9068,WL,A,10.0
6,37.56599998474121,distr,22434.00001525879,Thu Oct 08 2026 11:33:41 GMT-0400 (Eastern Daylight Time),753627.0,B,peachenter,I,enter,407,3,11349.600000023842,742277.3999999762,9068,WL,A,10.0
6,42.467000007629395,distr,17532.999992370605,Thu Oct 08 2026 11:33:41 GMT-0400 (Eastern Daylight Time),758527.3999999762,B,s,I,s,4882,3,4900.099999904633,753627.3000000715,9068,WL,A,11.0
6,42.64999985694885,distr,17350.000143051147,Thu Oct 08 2026 11:33:41 GMT-0400 (Eastern Daylight Time),758710.7000000477,B,sh,I,h,161,3,5083.399999976158,753627.3000000715,9068,WL,A,11.0
6,42.84999990463257,distr,17150.00009536743,Thu Oct 08 2026 11:33:41 GMT-0400 (Eastern Daylight Time),758910.7000000477,B,she,I,e,185,3,5283.399999976158,753627.3000000715,9068,WL,A,11.0
6,43.0,distr,17000.0,Thu Oct 08 2026 11:33:41 GMT-0400 (Eastern Daylight Time),759060.3999999762,B,shee,I,e,137,3,5433.099999904633,753627.3000000715,9068,WL,A,11.0
6,43.26600003242493,distr,16733.999967575073,Thu Oct 08 2026 11:33:41 GMT-0400 (Eastern Daylight Time),759327.2000000477,B,sheep,I,p,244,3,5699.899999976158,753627.3000000715,9068,WL,A,11.0
6,43.96599984169006,distr,16034.000158309937,Thu Oct 08 2026 11:33:41 GMT-0400 (Eastern Daylight Time),760026.8999999762,B,sheepenter,I,enter,675,3,6399.599999904633,753627.3000000715,9068,WL,A,11.0
6,49.81699991226196,distr,10183.000087738037,Thu Oct 08 2026 11:33:41 GMT-0400 (Eastern Daylight Time),765877.3000000715,B,g,I,g,5835,3,5849.900000095367,760027.3999999762,9068,WL,A,12.0
6,50.032999992370605,distr,9967.000007629395,Thu Oct 08 2026 11:33:41 GMT-0400 (Eastern Daylight Time),766094.1000000238,B,gr,I,r,193,3,6066.700000047684,760027.3999999762,9068,WL,A,12.0
6,50.16700005531311,distr,9832.99994468689,Thu Oct 08 2026 11:33:41 GMT-0400 (Eastern Daylight Time),766227.3999999762,B,gra,I,a,115,3,6200.0,760027.3999999762,9068,WL,A,12.0
6,50.73300004005432,distr,9266.999959945679,Thu Oct 08 2026 11:33:41 GMT-0400 (Eastern Daylight Time),766794.0,B,gr,I,backspace,543,3,6766.600000023842,760027.3999999762,9068,WL,A,12.0
6,51.049999952316284,distr,8950.000047683716,Thu Oct 08 2026 11:33:41 GMT-0400 (Eastern Daylight Time),767110.7000000477,B,g,I,backspace,303,3,7083.300000071526,760027.3999999762,9068,WL,A,12.0
6,51.36699986457825,distr,8633.000135421753,Thu Oct 08 2026 11:33:41 GMT-0400 (Eastern Daylight Time),767427.3999999762,B,,I,backspace,290,3,7400.0,760027.3999999762,9068,WL,A,12.0
6,60.01699995994568,distr,-16.99995994567871,Thu Oct 08 2026 11:33:41 GMT-0400 (Eastern Daylight Time),776077.5,B,None,I,None,8639,3,16050.100000023842,760027.3999999762,9068,WL,A,12.0
7,3.5339999198913574,immed,56466.00008010864,Thu Oct 08 2026 11:33:41 GMT-0400 (Eastern Daylight Time),787577.5,A,g,I,g,3519,3,3533.100000023842,784044.3999999762,9068,WL,A,1.0
7,3.6999998092651367,immed,56300.00019073486,Thu Oct 08 2026 11:33:41 GMT-0400 (Eastern Daylight Time),787744.1000000238,A,go,I,o,142,3,3699.7000000476837,784044.3999999762,9068,WL,A,1.0
7,3.882999897003174,immed,56117.000102996826,Thu Oct 08 2026 11:33:41 GMT-0400 (Eastern Daylight Time),787927.3000000715,A,gol,I,l,168,3,3882.9000000953674,784044.3999999762,9068,WL,A,1.0
7,4.099999904632568,immed,55900.00009536743,Thu Oct 08 2026 11:33:41 GMT-0400 (Eastern Daylight Time),788143.8999999762,A,gold,I,d,203,3,4099.5,784044.3999999762,9068,WL,A,1.0
7,4.949999809265137,immed,55050.00019073486,Thu Oct 08 2026 11:33:41 GMT-0400 (Eastern Daylight Time),788994.0,A,goldk,I,k,826,3,4949.600000023842,784044.3999999762,9068,WL,A,1.0
7,5.1499998569488525,immed,54850.00014305115,Thu Oct 08 2026 11:33:41 GMT-0400 (Eastern Daylight Time),789194.1000000238,A,goldke,I,e,182,3,5149.700000047684,784044.3999999762,9068,WL,A,1.0
7,5.366999864578247,immed,54633.00013542175,Thu Oct 08 2026 11:33:41 GMT-0400 (Eastern Daylight Time),789410.6000000238,A,goldkey,I,y,187,3,5366.200000047684,784044.3999999762,9068,WL,A,1.0
7,5.882999897003174,immed,54117.000102996826,Thu Oct 08 2026 11:33:41 GMT-0400 (Eastern Daylight Time),789927.3000000715,A,goldke,I,backspace,501,3,5882.900000095367,784044.3999999762,9068,WL,A,1.0
7,6.066999912261963,immed,53933.00008773804,Thu Oct 08 2026 11:33:41 GMT-0400 (Eastern Daylight Time),790110.6000000238,A,goldk,I,backspace,160,3,6066.200000047684,784044.3999999762,9068,WL,A,1.0
7,6.199999809265137,immed,53800.00019073486,Thu Oct 08 2026 11:33:41 GMT-0400 (Eastern Daylight Time),790244.1000000238,A,gold,I,backspace,125,3,6199.700000047684,784044.3999999762,9068,WL,A,1.0
7,7.049999952316284,immed,52950.000047683716,Thu Oct 08 2026 11:33:41 GMT-0400 (Eastern Daylight Time),791093.5,A,goldenter,I,enter,822,3,7049.100000023842,784044.3999999762,9068,WL,A,1.0
7,7.566999912261963,immed,52433.00008773804,Thu Oct 08 2026 11:33:41 GMT-0400 (Eastern Daylight Time),791610.7000000477,A,k,I,k,503,3,516.8999999761581,791093.8000000715,9068,WL,A,2.0
7,7.733999967575073,immed,52266.00003242493,Thu Oct 08 2026 11:33:41 GMT-0400 (Eastern Daylight Time),791777.3000000715,A,ke,I,e,142,3,683.5,791093.8000000715,9068,WL,A,2.0
7,7.934000015258789,immed,52065.99998474121,Thu Oct 08 2026 11:33:41 GMT-0400 (Eastern Daylight Time),791977.3999999762,A,key,I,y,180,3,883.5999999046326,791093.8000000715,9068,WL,A,2.0
7,8.615999937057495,immed,51384.000062942505,Thu Oct 08 2026 11:33:41 GMT-0400 (Eastern Daylight Time),792660.2000000477,A,keyenter,I,enter,663,3,1566.3999999761581,791093.8000000715,9068,WL,A,2.0
7,9.0,immed,51000.0,Thu Oct 08 2026 11:33:41 GMT-0400 (Eastern Daylight Time),793044.0,A,h,I,h,360,3,383.39999997615814,792660.6000000238,9068,WL,A,3.0
7,9.133999824523926,immed,50866.000175476074,Thu Oct 08 2026 11:33:41 GMT-0400 (Eastern Daylight Time),793177.3999999762,A,ha,I,a,109,3,516.7999999523163,792660.6000000238,9068,WL,A,3.0
7,9.199999809265137,immed,50800.00019073486,Thu Oct 08 2026 11:33:41 GMT-0400 (Eastern Daylight Time),793243.8999999762,A,har,I,r,39,3,583.2999999523163,792660.6000000238,9068,WL,A,3.0
7,9.583999872207642,immed,50416.00012779236,Thu Oct 08 2026 11:33:41 GMT-0400 (Eastern Daylight Time),793627.3999999762,A,harp,I,p,357,3,966.7999999523163,792660.6000000238,9068,WL,A,3.0
7,10.149999856948853,immed,49850.00014305115,Thu Oct 08 2026 11:33:41 GMT-0400 (Eastern Daylight Time),794193.5,A,harpenter,I,enter,550,3,1532.8999999761581,792660.6000000238,9068,WL,A,3.0
7,10.5,immed,49500.0,Thu Oct 08 2026 11:33:41 GMT-0400 (Eastern Daylight Time),794544.0,A,r,I,r,331,3,350.10000002384186,794193.8999999762,9068,WL,A,4.0
7,10.632999897003174,immed,49367.000102996826,Thu Oct 08 2026 11:33:41 GMT-0400 (Eastern Daylight Time),794677.2000000477,A,ra,I,a,120,3,483.3000000715256,794193.8999999762,9068,WL,A,4.0
7,10.782999992370605,immed,49217.000007629395,Thu Oct 08 2026 11:33:41 GMT-0400 (Eastern Daylight Time),794827.3000000715,A,rat,I,t,115,3,633.4000000953674,794193.8999999762,9068,WL,A,4.0
7,10.949999809265137,immed,49050.00019073486,Thu Oct 08 2026 11:33:41 GMT-0400 (Eastern Daylight Time),794993.8999999762,A,ratt,I,t,142,3,800.0,794193.8999999762,9068,WL,A,4.0
7,11.232999801635742,immed,48767.00019836426,Thu Oct 08 2026 11:33:41 GMT-0400 (Eastern Daylight Time),795277.2000000477,A,rattl,I,l,263,3,1083.3000000715256,794193.8999999762,9068,WL,A,4.0
7,11.366999864578247,immed,48633.00013542175,Thu Oct 08 2026 11:33:41 GMT-0400 (Eastern Daylight Time),795410.7000000477,A,rattle,I,e,108,3,1216.8000000715256,794193.8999999762,9068,WL,A,4.0
7,11.599999904632568,immed,48400.00009536743,Thu Oct 08 2026 11:33:41 GMT-0400 (Eastern Daylight Time),795643.6000000238,A,rattleenter,I,enter,207,3,1449.7000000476837,794193.8999999762,9068,WL,A,4.0
7,12.199999809265137,immed,47800.00019073486,Thu Oct 08 2026 11:33:41 GMT-0400 (Eastern Daylight Time),796244.1000000238,A,l,I,l,594,3,600.2000000476837,795643.8999999762,9068,WL,A,5.0
7,12.366999864578247,immed,47633.00013542175,Thu Oct 08 2026 11:33:41 GMT-0400 (Eastern Daylight Time),796410.6000000238,A,lo,I,o,150,3,766.7000000476837,795643.8999999762,9068,WL,A,5.0
7,12.482999801635742,immed,47517.00019836426,Thu Oct 08 2026 11:33:41 GMT-0400 (Eastern Daylight Time),796527.3000000715,A,log,I,g,103,3,883.4000000953674,795643.8999999762,9068,WL,A,5.0
7,12.949999809265137,immed,47050.00019073486,Thu Oct 08 2026 11:33:41 GMT-0400 (Eastern Daylight Time),796993.5,A,logenter,I,enter,434,3,1349.6000000238419,795643.8999999762,9068,WL,A,5.0
7,13.299999952316284,immed,46700.000047683716,Thu Oct 08 2026 11:33:41 GMT-0400 (Eastern Daylight Time),797344.0,A,c,I,c,339,3,350.10000002384186,796993.8999999762,9068,WL,A,6.0
7,13.516999959945679,immed,46483.00004005432,Thu Oct 08 2026 11:33:41 GMT-0400 (Eastern Daylight Time),797560.6000000238,A,ch,I,h,193,3,566.7000000476837,796993.8999999762,9068,WL,A,6.0
7,13.649999856948853,immed,46350.00014305115,Thu Oct 08 2026 11:33:41 GMT-0400 (Eastern Daylight Time),797694.0,A,chi,I,i,104,3,700.1000000238419,796993.8999999762,9068,WL,A,6.0
7,13.866999864578247,immed,46133.00013542175,Thu Oct 08 2026 11:33:41 GMT-0400 (Eastern Daylight Time),797910.6000000238,A,chin,I,n,202,3,916.7000000476837,796993.8999999762,9068,WL,A,6.0
7,14.516999959945679,immed,45483.00004005432,Thu Oct 08 2026 11:33:41 GMT-0400 (Eastern Daylight Time),798560.6000000238,A,chi,I,backspace,624,3,1566.7000000476837,796993.8999999762,9068,WL,A,6.0
7,15.232999801635742,immed,44767.00019836426,Thu Oct 08 2026 11:33:41 GMT-0400 (Eastern Daylight Time),799277.1000000238,A,chim,I,m,706,3,2283.2000000476837,796993.8999999762,9068,WL,A,6.0
7,15.416999816894531,immed,44583.00018310547,Thu Oct 08 2026 11:33:41 GMT-0400 (Eastern Daylight Time),799460.7000000477,A,chime,I,e,164,3,2466.8000000715256,796993.8999999762,9068,WL,A,6.0
7,16.283999919891357,immed,43716.00008010864,Thu Oct 08 2026 11:33:41 GMT-0400 (Eastern Daylight Time),800327.3000000715,A,chim,I,backspace,835,3,3333.4000000953674,796993.8999999762,9068,WL,A,6.0
7,17.149999856948853,immed,42850.00014305115,Thu Oct 08 2026 11:33:41 GMT-0400 (Eastern Daylight Time),801194.0,A,chimn,I,n,839,3,4200.100000023842,796993.8999999762,9068,WL,A,6.0
7,17.34999990463257,immed,42650.00009536743,Thu Oct 08 2026 11:33:41 GMT-0400 (Eastern Daylight Time),801394.0,A,chimne,I,e,175,3,4400.100000023842,796993.8999999762,9068,WL,A,6.0
7,17.866999864578247,immed,42133.00013542175,Thu Oct 08 2026 11:33:41 GMT-0400 (Eastern Daylight Time),801910.6000000238,A,chimney,I,y,496,3,4916.700000047684,796993.8999999762,9068,WL,A,6.0
7,18.41599988937378,immed,41584.00011062622,Thu Oct 08 2026 11:33:41 GMT-0400 (Eastern Daylight Time),802460.2000000477,A,chimneyenter,I,enter,528,3,5466.300000071526,796993.8999999762,9068,WL,A,6.0
7,18.733999967575073,immed,41266.00003242493,Thu Oct 08 2026 11:33:41 GMT-0400 (Eastern Daylight Time),802777.3999999762,A,a,I,a,296,3,316.89999997615814,802460.5,9068,WL,A,7.0
7,18.949999809265137,immed,41050.00019073486,Thu Oct 08 2026 11:33:41 GMT-0400 (Eastern Daylight Time),802994.0,A,ap,I,p,191,3,533.5,802460.5,9068,WL,A,7.0
7,19.08399987220764,immed,40916.00012779236,Thu Oct 08 2026 11:33:41 GMT-0400 (Eastern Daylight Time),803127.3999999762,A,app,I,p,120,3,666.8999999761581,802460.5,9068,WL,A,7.0
7,19.282999992370605,immed,40717.000007629395,Thu Oct 08 2026 11:33:41 GMT-0400 (Eastern Daylight Time),803327.3000000715,A,appl,I,l,176,3,866.8000000715256,802460.5,9068,WL,A,7.0
7,19.383999824523926,immed,40616.000175476074,Thu Oct 08 2026 11:33:41 GMT-0400 (Eastern Daylight Time),803427.3000000715,A,apple,I,e,74,3,966.8000000715256,802460.5,9068,WL,A,7.0
7,19.732999801635742,immed,40267.00019836426,Thu Oct 08 2026 11:33:41 GMT-0400 (Eastern Daylight Time),803776.8000000715,A,appleenter,I,enter,327,3,1316.3000000715256,802460.5,9068,WL,A,7.0
7,20.0,immed,40000.0,Thu Oct 08 2026 11:33:41 GMT-0400 (Eastern Daylight Time),804043.8000000715,A,s,I,s,259,3,266.60000002384186,803777.2000000477,9068,WL,A,8.0
7,20.066999912261963,immed,39933.00008773804,Thu Oct 08 2026 11:33:41 GMT-0400 (Eastern Daylight Time),804110.3000000715,A,sa,I,a,54,3,333.10000002384186,803777.2000000477,9068,WL,A,8.0
7,20.316999912261963,immed,39683.00008773804,Thu Oct 08 2026 11:33:41 GMT-0400 (Eastern Daylight Time),804360.6000000238,A,sal,I,l,221,3,583.3999999761581,803777.2000000477,9068,WL,A,8.0
7,20.782999992370605,immed,39217.000007629395,Thu Oct 08 2026 11:33:41 GMT-0400 (Eastern Daylight Time),804827.3000000715,A,salt,I,t,439,3,1050.1000000238419,803777.2000000477,9068,WL,A,8.0
7,21.215999841690063,immed,38784.00015830994,Thu Oct 08 2026 11:33:41 GMT-0400 (Eastern Daylight Time),805260.1000000238,A,saltenter,I,enter,420,3,1482.8999999761581,803777.2000000477,9068,WL,A,8.0
7,23.76699995994568,immed,36233.00004005432,Thu Oct 08 2026 11:33:41 GMT-0400 (Eastern Daylight Time),807810.7000000477,A,b,I,b,2537,3,2550.3000000715256,805260.3999999762,9068,WL,A,9.0
7,24.08299994468689,immed,35917.00005531311,Thu Oct 08 2026 11:33:41 GMT-0400 (Eastern Daylight Time),808127.3000000715,A,bo,I,o,295,3,2866.9000000953674,805260.3999999762,9068,WL,A,9.0
7,24.215999841690063,immed,35784.00015830994,Thu Oct 08 2026 11:33:41 GMT-0400 (Eastern Daylight Time),808260.3000000715,A,boo,I,o,123,3,2999.9000000953674,805260.3999999762,9068,WL,A,9.0
7,24.682999849319458,immed,35317.00015068054,Thu Oct 08 2026 11:33:41 GMT-0400 (Eastern Daylight Time),808727.2000000477,A,book,I,k,452,3,3466.8000000715256,805260.3999999762,9068,WL,A,9.0
7,25.282999992370605,immed,34717.000007629395,Thu Oct 08 2026 11:33:41 GMT-0400 (Eastern Daylight Time),809326.8000000715,A,bookenter,I,enter,586,3,4066.4000000953674,805260.3999999762,9068,WL,A,9.0
7,25.816999912261963,immed,34183.00008773804,Thu Oct 08 2026 11:33:41 GMT-0400 (Eastern Daylight Time),809860.3000000715,A,f,I,f,526,3,533.2000000476837,809327.1000000238,9068,WL,A,10.0
7,26.01699995994568,immed,33983.00004005432,Thu Oct 08 2026 11:33:41 GMT-0400 (Eastern Daylight Time),810060.7000000477,A,fl,I,l,181,3,733.6000000238419,809327.1000000238,9068,WL,A,10.0
7,26.217000007629395,immed,33782.999992370605,Thu Oct 08 2026 11:33:41 GMT-0400 (Eastern Daylight Time),810260.7000000477,A,flo,I,o,181,3,933.6000000238419,809327.1000000238,9068,WL,A,10.0
7,26.41699981689453,immed,33583.00018310547,Thu Oct 08 2026 11:33:41 GMT-0400 (Eastern Daylight Time),810460.6000000238,A,flow,I,w,173,3,1133.5,809327.1000000238,9068,WL,A,10.0
7,26.5,immed,33500.0,Thu Oct 08 2026 11:33:41 GMT-0400 (Eastern Daylight Time),810543.8999999762,A,flowe,I,e,57,3,1216.7999999523163,809327.1000000238,9068,WL,A,10.0
7,26.866999864578247,immed,33133.00013542175,Thu Oct 08 2026 11:33:41 GMT-0400 (Eastern Daylight Time),810910.6000000238,A,flowet,I,t,345,3,1583.5,809327.1000000238,9068,WL,A,10.0
7,27.58399987220764,immed,32416.00012779236,Thu Oct 08 2026 11:33:41 GMT-0400 (Eastern Daylight Time),811627.3999999762,A,flowe,I,backspace,697,3,2300.2999999523163,809327.1000000238,9068,WL,A,10.0
7,27.783999919891357,immed,32216.000080108643,Thu Oct 08 2026 11:33:41 GMT-0400 (Eastern Daylight Time),811827.3999999762,A,flower,I,r,182,3,2500.2999999523163,809327.1000000238,9068,WL,A,10.0
7,28.282999992370605,immed,31717.000007629395,Thu Oct 08 2026 11:33:41 GMT-0400 (Eastern Daylight Time),812326.8000000715,A,flowerenter,I,enter,486,3,2999.7000000476837,809327.1000000238,9068,WL,A,10.0
7,28.799999952316284,immed,31200.000047683716,Thu Oct 08 2026 11:33:41 GMT-0400 (Eastern Daylight Time),812843.8999999762,A,f,I,f,510,3,516.6999999284744,812327.2000000477,9068,WL,A,11.0
7,28.91699981689453,immed,31083.00018310547,Thu Oct 08 2026 11:33:41 GMT-0400 (Eastern Daylight Time),812960.6000000238,A,fi,I,i,102,3,633.3999999761581,812327.2000000477,9068,WL,A,11.0
7,29.01699995994568,immed,30983.00004005432,Thu Oct 08 2026 11:33:41 GMT-0400 (Eastern Daylight Time),813060.3000000715,A,fin,I,n,78,3,733.1000000238419,812327.2000000477,9068,WL,A,11.0
7,29.116999864578247,immed,30883.000135421753,Thu Oct 08 2026 11:33:41 GMT-0400 (Eastern Daylight Time),813160.7000000477,A,fing,I,g,69,3,833.5,812327.2000000477,9068,WL,A,11.0
7,29.26699995994568,immed,30733.00004005432,Thu Oct 08 2026 11:33:41 GMT-0400 (Eastern Daylight Time),813310.6000000238,A,finge,I,e,137,3,983.3999999761581,812327.2000000477,9068,WL,A,11.0
7,29.33299994468689,immed,30667.00005531311,Thu Oct 08 2026 11:33:41 GMT-0400 (Eastern Daylight Time),813377.0,A,finger,I,r,43,3,1049.7999999523163,812327.2000000477,9068,WL,A,11.0
7,29.649999856948853,immed,30350.000143051147,Thu Oct 08 2026 11:33:41 GMT-0400 (Eastern Daylight Time),813693.5,A,fingerenter,I,enter,302,3,1366.2999999523163,812327.2000000477,9068,WL,A,11.0
7,30.032999992370605,immed,29967.000007629395,Thu Oct 08 2026 11:33:41 GMT-0400 (Eastern Daylight Time),814077.3000000715,A,b,I,b,367,3,383.60000002384186,813693.7000000477,9068,WL,A,12.0
7,30.383999824523926,immed,29616.000175476074,Thu Oct 08 2026 11:33:41 GMT-0400 (Eastern Daylight Time),814427.3999999762,A,bu,I,u,332,3,733.6999999284744,813693.7000000477,9068,WL,A,12.0
7,30.66699981689453,immed,29333.00018310547,Thu Oct 08 2026 11:33:41 GMT-0400 (Eastern Daylight Time),814710.6000000238,A,but,I,t,268,3,1016.8999999761581,813693.7000000477,9068,WL,A,12.0
7,30.816999912261963,immed,29183.000087738037,Thu Oct 08 2026 11:33:41 GMT-0400 (Eastern Daylight Time),814860.3999999762,A,butt,I,t,137,3,1166.6999999284744,813693.7000000477,9068,WL,A,12.0
7,30.982999801635742,immed,29017.000198364258,Thu Oct 08 2026 11:33:41 GMT-0400 (Eastern Daylight Time),815027.3000000715,A,butto,I,o,143,3,1333.6000000238419,813693.7000000477,9068,WL,A,12.0
7,31.08299994468689,immed,28917.00005531311,Thu Oct 08 2026 11:33:41 GMT-0400 (Eastern Daylight Time),815127.3000000715,A,button,I,n,78,3,1433.6000000238419,813693.7000000477,9068,WL,A,12.0
7,31.49899983406067,immed,28501.00016593933,Thu Oct 08 2026 11:33:41 GMT-0400 (Eastern Daylight Time),815543.2000000477,A,buttonenter,I,enter,400,3,1849.5,813693.7000000477,9068,WL,A,12.0
7,31.783999919891357,immed,28216.000080108643,Thu Oct 08 2026 11:33:41 GMT-0400 (Eastern Daylight Time),815827.3999999762,A,r,I,r,270,3,283.7999999523163,815543.6000000238,9068,WL,A,13.0
7,31.967000007629395,immed,28032.999992370605,Thu Oct 08 2026 11:33:41 GMT-0400 (Eastern Daylight Time),816010.6000000238,A,ru,I,u,158,3,467.0,815543.6000000238,9068,WL,A,13.0
7,32.282999992370605,immed,27717.000007629395,Thu Oct 08 2026 11:33:41 GMT-0400 (Eastern Daylight Time),816327.2000000477,A,rug,I,g,294,3,783.6000000238419,815543.6000000238,9068,WL,A,13.0
7,32.549999952316284,immed,27450.000047683716,Thu Oct 08 2026 11:33:41 GMT-0400 (Eastern Daylight Time),816593.6000000238,A,rugenter,I,enter,249,3,1050.0,815543.6000000238,9068,WL,A,13.0
7,33.08299994468689,immed,26917.00005531311,Thu Oct 08 2026 11:33:41 GMT-0400 (Eastern Daylight Time),817127.2000000477,A,t,I,t,523,3,533.3000000715256,816593.8999999762,9068,WL,A,14.0
7,33.26699995994568,immed,26733.00004005432,Thu Oct 08 2026 11:33:41 GMT-0400 (Eastern Daylight Time),817310.7000000477,A,tr,I,r,170,3,716.8000000715256,816593.8999999762,9068,WL,A,14.0
7,33.382999897003174,immed,26617.000102996826,Thu Oct 08 2026 11:33:41 GMT-0400 (Eastern Daylight Time),817427.3000000715,A,tra,I,a,90,3,833.4000000953674,816593.8999999762,9068,WL,A,14.0
7,34.21599984169006,immed,25784.000158309937,Thu Oct 08 2026 11:33:41 GMT-0400 (Eastern Daylight Time),818260.3000000715,A,trai,I,i,813,3,1666.4000000953674,816593.8999999762,9068,WL,A,14.0
7,34.632999897003174,immed,25367.000102996826,Thu Oct 08 2026 11:33:41 GMT-0400 (Eastern Daylight Time),818677.2000000477,A,train,I,n,403,3,2083.3000000715256,816593.8999999762,9068,WL,A,14.0
7,35.5,immed,24500.0,Thu Oct 08 2026 11:33:41 GMT-0400 (Eastern Daylight Time),819543.5,A,trainenter,I,enter,845,3,2949.600000023842,816593.8999999762,9068,WL,A,14.0
7,36.049999952316284,immed,23950.000047683716,Thu Oct 08 2026 11:33:41 GMT-0400 (Eastern Daylight Time),820094.0,A,m,I,m,533,3,550.1999999284744,819543.8000000715,9068,WL,A,15.0
7,36.11699986457825,immed,23883.000135421753,Thu Oct 08 2026 11:33:41 GMT-0400 (Eastern Daylight Time),820160.5,A,me,I,e,50,3,616.6999999284744,819543.8000000715,9068,WL,A,15.0
7,36.18299984931946,immed,23817.000150680542,Thu Oct 08 2026 11:33:41 GMT-0400 (Eastern Daylight Time),820226.8000000715,A,mea,I,a,45,3,683.0,819543.8000000715,9068,WL,A,15.0
7,36.34999990463257,immed,23650.00009536743,Thu Oct 08 2026 11:33:41 GMT-0400 (Eastern Daylight Time),820393.8999999762,A,mead,I,d,154,3,850.0999999046326,819543.8000000715,9068,WL,A,15.0
7,36.94999980926514,immed,23050.000190734863,Thu Oct 08 2026 11:33:41 GMT-0400 (Eastern Daylight Time),820993.8999999762,A,meado,I,o,583,3,1450.0999999046326,819543.8000000715,9068,WL,A,15.0
7,37.06699991226196,immed,22933.000087738037,Thu Oct 08 2026 11:33:41 GMT-0400 (Eastern Daylight Time),821110.6000000238,A,meadow,I,w,96,3,1566.7999999523163,819543.8000000715,9068,WL,A,15.0
7,37.382999897003174,immed,22617.000102996826,Thu Oct 08 2026 11:33:41 GMT-0400 (Eastern Daylight Time),821427.1000000238,A,meadowenter,I,enter,299,3,1883.2999999523163,819543.8000000715,9068,WL,A,15.0
