block_c,block_dur,condition,countdown,datetime,endtime,list,multichar_response,project,response,response_time,session_number,start_end,starttime,subject_id,task,task_vers,trial
,,,,Thu Jul 02 2026 15:19:25 GMT-0400 (Eastern Daylight Time),,,,I,space,989,2,,,9074,WL,C,
prac,,0,,Thu Jul 02 2026 15:19:25 GMT-0400 (Eastern Daylight Time),,NA,b,I,b,5400,2,,,9074,WL,C,1.0
prac,,0,,Thu Jul 02 2026 15:19:25 GMT-0400 (Eastern Daylight Time),,NA,bo,I,o,224,2,,,9074,WL,C,1.0
prac,,0,,Thu Jul 02 2026 15:19:25 GMT-0400 (Eastern Daylight Time),,NA,boo,I,o,150,2,,,9074,WL,C,1.0
prac,,0,,Thu Jul 02 2026 15:19:25 GMT-0400 (Eastern Daylight Time),,NA,boos,I,s,174,2,,,9074,WL,C,1.0
prac,,0,,Thu Jul 02 2026 15:19:25 GMT-0400 (Eastern Daylight Time),,NA,boost,I,t,215,2,,,9074,WL,C,1.0
prac,,0,,Thu Jul 02 2026 15:19:25 GMT-0400 (Eastern Daylight Time),,NA,boostenter,I,enter,1311,2,,,9074,WL,C,1.0
1,2.184000015258789,learn,57815.99998474121,Thu Jul 02 2026 15:19:25 GMT-0400 (Eastern Daylight Time),158797.40000000596,A,q,I,q,2165,2,2182.800000011921,156614.59999999404,9074,WL,C,1.0
1,2.5330002307891846,learn,57466.999769210815,Thu Jul 02 2026 15:19:25 GMT-0400 (Eastern Daylight Time),159147.09999999404,A,qu,I,u,331,2,2532.5,156614.59999999404,9074,WL,C,1.0
1,2.683000087738037,learn,57316.99991226196,Thu Jul 02 2026 15:19:25 GMT-0400 (Eastern Daylight Time),159297.09999999404,A,quu,I,u,127,2,2682.5,156614.59999999404,9074,WL,C,1.0
1,3.5830001831054688,learn,56416.99981689453,Thu Jul 02 2026 15:19:25 GMT-0400 (Eastern Daylight Time),160197.0,A,quue,I,e,861,2,3582.4000000059605,156614.59999999404,9074,WL,C,1.0
1,3.7330000400543213,learn,56266.99995994568,Thu Jul 02 2026 15:19:25 GMT-0400 (Eastern Daylight Time),160347.09999999404,A,quuen,I,n,131,2,3732.5,156614.59999999404,9074,WL,C,1.0
1,4.183000087738037,learn,55816.99991226196,Thu Jul 02 2026 15:19:25 GMT-0400 (Eastern Daylight Time),160796.90000000596,A,quue,I,backspace,429,2,4182.300000011921,156614.59999999404,9074,WL,C,1.0
1,4.3500001430511475,learn,55649.99985694885,Thu Jul 02 2026 15:19:25 GMT-0400 (Eastern Daylight Time),160963.79999998212,A,quu,I,backspace,139,2,4349.199999988079,156614.59999999404,9074,WL,C,1.0
1,5.1000001430511475,learn,54899.99985694885,Thu Jul 02 2026 15:19:25 GMT-0400 (Eastern Daylight Time),161713.69999998808,A,qu,I,backspace,713,2,5099.0999999940395,156614.59999999404,9074,WL,C,1.0
1,5.7170000076293945,learn,54282.999992370605,Thu Jul 02 2026 15:19:25 GMT-0400 (Eastern Daylight Time),162330.29999998212,A,q,I,backspace,601,2,5715.699999988079,156614.59999999404,9074,WL,C,1.0
1,5.933000087738037,learn,54066.99991226196,Thu Jul 02 2026 15:19:25 GMT-0400 (Eastern Daylight Time),162547.0,A,,I,backspace,191,2,5932.4000000059605,156614.59999999404,9074,WL,C,1.0
1,6.900000095367432,learn,53099.99990463257,Thu Jul 02 2026 15:19:25 GMT-0400 (Eastern Daylight Time),163513.69999998808,A,s,I,s,943,2,6899.0999999940395,156614.59999999404,9074,WL,C,1.0
1,7.067000150680542,learn,52932.99984931946,Thu Jul 02 2026 15:19:25 GMT-0400 (Eastern Daylight Time),163680.40000000596,A,su,I,u,144,2,7065.800000011921,156614.59999999404,9074,WL,C,1.0
1,7.383000135421753,learn,52616.99986457825,Thu Jul 02 2026 15:19:25 GMT-0400 (Eastern Daylight Time),163997.09999999404,A,sug,I,g,288,2,7382.5,156614.59999999404,9074,WL,C,1.0
1,7.533000230789185,learn,52466.999769210815,Thu Jul 02 2026 15:19:25 GMT-0400 (Eastern Daylight Time),164147.09999999404,A,suga,I,a,125,2,7532.5,156614.59999999404,9074,WL,C,1.0
1,7.733000040054321,learn,52266.99995994568,Thu Jul 02 2026 15:19:25 GMT-0400 (Eastern Daylight Time),164347.0,A,sugar,I,r,173,2,7732.4000000059605,156614.59999999404,9074,WL,C,1.0
1,8.183000087738037,learn,51816.99991226196,Thu Jul 02 2026 15:19:25 GMT-0400 (Eastern Daylight Time),164796.5,A,sugarenter,I,enter,432,2,8181.9000000059605,156614.59999999404,9074,WL,C,1.0
1,9.133000135421753,learn,50866.99986457825,Thu Jul 02 2026 15:19:25 GMT-0400 (Eastern Daylight Time),165747.0,A,q,I,q,928,2,950.0,164797.0,9074,WL,C,2.0
1,9.367000102996826,learn,50632.999897003174,Thu Jul 02 2026 15:19:25 GMT-0400 (Eastern Daylight Time),165980.29999998212,A,qu,I,u,213,2,1183.2999999821186,164797.0,9074,WL,C,2.0
1,10.367000102996826,learn,49632.999897003174,Thu Jul 02 2026 15:19:25 GMT-0400 (Eastern Daylight Time),166980.5,A,que,I,e,973,2,2183.5,164797.0,9074,WL,C,2.0
1,11.067000150680542,learn,48932.99984931946,Thu Jul 02 2026 15:19:25 GMT-0400 (Eastern Daylight Time),167680.40000000596,A,quee,I,e,679,2,2883.4000000059605,164797.0,9074,WL,C,2.0
1,11.400000095367432,learn,48599.99990463257,Thu Jul 02 2026 15:19:25 GMT-0400 (Eastern Daylight Time),168013.79999998212,A,queen,I,n,312,2,3216.7999999821186,164797.0,9074,WL,C,2.0
1,12.049000024795532,learn,47950.99997520447,Thu Jul 02 2026 15:19:25 GMT-0400 (Eastern Daylight Time),168663.09999999404,A,queenenter,I,enter,637,2,3866.0999999940395,164797.0,9074,WL,C,2.0
1,12.650000095367432,learn,47349.99990463257,Thu Jul 02 2026 15:19:25 GMT-0400 (Eastern Daylight Time),169263.69999998808,A,w,I,w,582,2,600.0,168663.69999998808,9074,WL,C,3.0
1,12.800000190734863,learn,47199.99980926514,Thu Jul 02 2026 15:19:25 GMT-0400 (Eastern Daylight Time),169413.79999998212,A,wh,I,h,122,2,750.0999999940395,168663.69999998808,9074,WL,C,3.0
1,12.983000040054321,learn,47016.99995994568,Thu Jul 02 2026 15:19:25 GMT-0400 (Eastern Daylight Time),169597.09999999404,A,whe,I,e,154,2,933.4000000059605,168663.69999998808,9074,WL,C,3.0
1,13.133000135421753,learn,46866.99986457825,Thu Jul 02 2026 15:19:25 GMT-0400 (Eastern Daylight Time),169747.0,A,whea,I,a,123,2,1083.300000011921,168663.69999998808,9074,WL,C,3.0
1,13.350000143051147,learn,46649.99985694885,Thu Jul 02 2026 15:19:25 GMT-0400 (Eastern Daylight Time),169963.59999999404,A,wheat,I,t,191,2,1299.9000000059605,168663.69999998808,9074,WL,C,3.0
1,13.81600022315979,learn,46183.99977684021,Thu Jul 02 2026 15:19:25 GMT-0400 (Eastern Daylight Time),170429.79999998212,A,wheatenter,I,enter,443,2,1766.0999999940395,168663.69999998808,9074,WL,C,3.0
1,14.41700005531311,learn,45582.99994468689,Thu Jul 02 2026 15:19:25 GMT-0400 (Eastern Daylight Time),171030.5,A,t,I,t,576,2,600.0999999940395,170430.40000000596,9074,WL,C,4.0
1,14.800000190734863,learn,45199.99980926514,Thu Jul 02 2026 15:19:25 GMT-0400 (Eastern Daylight Time),171413.69999998808,A,tw,I,w,354,2,983.2999999821186,170430.40000000596,9074,WL,C,4.0
1,14.967000007629395,learn,45032.999992370605,Thu Jul 02 2026 15:19:25 GMT-0400 (Eastern Daylight Time),171580.40000000596,A,twe,I,e,149,2,1150.0,170430.40000000596,9074,WL,C,4.0
1,15.200000047683716,learn,44799.999952316284,Thu Jul 02 2026 15:19:25 GMT-0400 (Eastern Daylight Time),171813.69999998808,A,twer,I,r,197,2,1383.2999999821186,170430.40000000596,9074,WL,C,4.0
1,15.967000007629395,learn,44032.999992370605,Thu Jul 02 2026 15:19:25 GMT-0400 (Eastern Daylight Time),172580.40000000596,A,twe,I,backspace,740,2,2150.0,170430.40000000596,9074,WL,C,4.0
1,16.16700005531311,learn,43832.99994468689,Thu Jul 02 2026 15:19:25 GMT-0400 (Eastern Daylight Time),172780.29999998212,A,tw,I,backspace,180,2,2349.899999976158,170430.40000000596,9074,WL,C,4.0
1,16.350000143051147,learn,43649.99985694885,Thu Jul 02 2026 15:19:25 GMT-0400 (Eastern Daylight Time),172963.79999998212,A,t,I,backspace,154,2,2533.399999976158,170430.40000000596,9074,WL,C,4.0
1,17.033000230789185,learn,42966.999769210815,Thu Jul 02 2026 15:19:25 GMT-0400 (Eastern Daylight Time),173647.0,A,to,I,o,658,2,3216.5999999940395,170430.40000000596,9074,WL,C,4.0
1,17.367000102996826,learn,42632.999897003174,Thu Jul 02 2026 15:19:25 GMT-0400 (Eastern Daylight Time),173980.29999998212,A,tow,I,w,314,2,3549.899999976158,170430.40000000596,9074,WL,C,4.0
1,17.5,learn,42500.0,Thu Jul 02 2026 15:19:25 GMT-0400 (Eastern Daylight Time),174113.79999998212,A,towe,I,e,110,2,3683.399999976158,170430.40000000596,9074,WL,C,4.0
1,17.717000007629395,learn,42282.999992370605,Thu Jul 02 2026 15:19:25 GMT-0400 (Eastern Daylight Time),174330.40000000596,A,tower,I,r,201,2,3900.0,170430.40000000596,9074,WL,C,4.0
1,18.31600022315979,learn,41683.99977684021,Thu Jul 02 2026 15:19:25 GMT-0400 (Eastern Daylight Time),174929.90000000596,A,towerenter,I,enter,565,2,4499.5,170430.40000000596,9074,WL,C,4.0
1,19.15000009536743,learn,40849.99990463257,Thu Jul 02 2026 15:19:25 GMT-0400 (Eastern Daylight Time),175763.69999998808,A,h,I,h,811,2,833.4000000059605,174930.29999998212,9074,WL,C,5.0
1,19.267000198364258,learn,40732.99980163574,Thu Jul 02 2026 15:19:25 GMT-0400 (Eastern Daylight Time),175880.29999998212,A,ho,I,o,104,2,950.0,174930.29999998212,9074,WL,C,5.0
1,20.433000087738037,learn,39566.99991226196,Thu Jul 02 2026 15:19:25 GMT-0400 (Eastern Daylight Time),177046.69999998808,A,hoe,I,e,1155,2,2116.4000000059605,174930.29999998212,9074,WL,C,5.0
1,20.98300004005432,learn,39016.99995994568,Thu Jul 02 2026 15:19:25 GMT-0400 (Eastern Daylight Time),177597.0,A,ho,I,backspace,533,2,2666.7000000178814,174930.29999998212,9074,WL,C,5.0
1,22.25,learn,37750.0,Thu Jul 02 2026 15:19:25 GMT-0400 (Eastern Daylight Time),178863.69999998808,A,hon,I,n,1246,2,3933.4000000059605,174930.29999998212,9074,WL,C,5.0
1,22.40000009536743,learn,37599.99990463257,Thu Jul 02 2026 15:19:25 GMT-0400 (Eastern Daylight Time),179013.5,A,hone,I,e,122,2,4083.2000000178814,174930.29999998212,9074,WL,C,5.0
1,22.850000143051147,learn,37149.99985694885,Thu Jul 02 2026 15:19:25 GMT-0400 (Eastern Daylight Time),179463.69999998808,A,hon,I,backspace,426,2,4533.4000000059605,174930.29999998212,9074,WL,C,5.0
1,23.033000230789185,learn,36966.999769210815,Thu Jul 02 2026 15:19:25 GMT-0400 (Eastern Daylight Time),179647.09999999404,A,ho,I,backspace,164,2,4716.800000011921,174930.29999998212,9074,WL,C,5.0
1,23.700000047683716,learn,36299.999952316284,Thu Jul 02 2026 15:19:25 GMT-0400 (Eastern Daylight Time),180313.69999998808,A,hom,I,m,643,2,5383.4000000059605,174930.29999998212,9074,WL,C,5.0
1,23.850000143051147,learn,36149.99985694885,Thu Jul 02 2026 15:19:25 GMT-0400 (Eastern Daylight Time),180463.69999998808,A,home,I,e,129,2,5533.4000000059605,174930.29999998212,9074,WL,C,5.0
1,24.366000175476074,learn,35633.999824523926,Thu Jul 02 2026 15:19:25 GMT-0400 (Eastern Daylight Time),180979.79999998212,A,homeenter,I,enter,481,2,6049.5,174930.29999998212,9074,WL,C,5.0
1,25.23300004005432,learn,34766.99995994568,Thu Jul 02 2026 15:19:25 GMT-0400 (Eastern Daylight Time),181846.90000000596,A,d,I,d,858,2,866.7000000178814,180980.19999998808,9074,WL,C,6.0
1,26.033000230789185,learn,33966.999769210815,Thu Jul 02 2026 15:19:25 GMT-0400 (Eastern Daylight Time),182646.79999998212,A,do,I,o,787,2,1666.5999999940395,180980.19999998808,9074,WL,C,6.0
1,26.23300004005432,learn,33766.99995994568,Thu Jul 02 2026 15:19:25 GMT-0400 (Eastern Daylight Time),182847.0,A,doc,I,c,180,2,1866.800000011921,180980.19999998808,9074,WL,C,6.0
1,26.450000047683716,learn,33549.999952316284,Thu Jul 02 2026 15:19:25 GMT-0400 (Eastern Daylight Time),183063.59999999404,A,doct,I,t,204,2,2083.4000000059605,180980.19999998808,9074,WL,C,6.0
1,26.633000135421753,learn,33366.99986457825,Thu Jul 02 2026 15:19:25 GMT-0400 (Eastern Daylight Time),183247.0,A,docto,I,o,161,2,2266.800000011921,180980.19999998808,9074,WL,C,6.0
1,26.800000190734863,learn,33199.99980926514,Thu Jul 02 2026 15:19:25 GMT-0400 (Eastern Daylight Time),183413.69999998808,A,doctor,I,r,131,2,2433.5,180980.19999998808,9074,WL,C,6.0
1,27.349000215530396,learn,32650.999784469604,Thu Jul 02 2026 15:19:25 GMT-0400 (Eastern Daylight Time),183963.19999998808,A,doctorenter,I,enter,523,2,2983.0,180980.19999998808,9074,WL,C,6.0
1,28.200000047683716,learn,31799.999952316284,Thu Jul 02 2026 15:19:25 GMT-0400 (Eastern Daylight Time),184813.69999998808,A,b,I,b,835,2,850.0999999940395,183963.59999999404,9074,WL,C,7.0
1,28.383000135421753,learn,31616.999864578247,Thu Jul 02 2026 15:19:25 GMT-0400 (Eastern Daylight Time),184996.90000000596,A,bo,I,o,155,2,1033.300000011921,183963.59999999404,9074,WL,C,7.0
1,28.617000102996826,learn,31382.999897003174,Thu Jul 02 2026 15:19:25 GMT-0400 (Eastern Daylight Time),185230.40000000596,A,boy,I,y,212,2,1266.800000011921,183963.59999999404,9074,WL,C,7.0
1,29.116000175476074,learn,30883.999824523926,Thu Jul 02 2026 15:19:25 GMT-0400 (Eastern Daylight Time),185729.90000000596,A,boyenter,I,enter,474,2,1766.300000011921,183963.59999999404,9074,WL,C,7.0
1,29.600000143051147,learn,30399.999856948853,Thu Jul 02 2026 15:19:25 GMT-0400 (Eastern Daylight Time),186213.59999999404,A,c,I,c,459,2,483.30000001192093,185730.29999998212,9074,WL,C,8.0
1,29.717000007629395,learn,30282.999992370605,Thu Jul 02 2026 15:19:25 GMT-0400 (Eastern Daylight Time),186330.29999998212,A,ca,I,a,100,2,600.0,185730.29999998212,9074,WL,C,8.0
1,29.91700005531311,learn,30082.99994468689,Thu Jul 02 2026 15:19:25 GMT-0400 (Eastern Daylight Time),186530.29999998212,A,cam,I,m,176,2,800.0,185730.29999998212,9074,WL,C,8.0
1,30.41800022125244,learn,29581.99977874756,Thu Jul 02 2026 15:19:25 GMT-0400 (Eastern Daylight Time),187031.40000000596,A,camp,I,p,477,2,1301.1000000238419,185730.29999998212,9074,WL,C,8.0
1,30.866000175476074,learn,29133.999824523926,Thu Jul 02 2026 15:19:25 GMT-0400 (Eastern Daylight Time),187479.90000000596,A,campenter,I,enter,434,2,1749.6000000238419,185730.29999998212,9074,WL,C,8.0
1,31.383000135421753,learn,28616.999864578247,Thu Jul 02 2026 15:19:25 GMT-0400 (Eastern Daylight Time),187997.0,A,a,I,a,502,2,516.9000000059605,187480.09999999404,9074,WL,C,9.0
1,31.683000087738037,learn,28316.999912261963,Thu Jul 02 2026 15:19:25 GMT-0400 (Eastern Daylight Time),188297.0,A,at,I,t,285,2,816.9000000059605,187480.09999999404,9074,WL,C,9.0
1,31.83300018310547,learn,28166.99981689453,Thu Jul 02 2026 15:19:25 GMT-0400 (Eastern Daylight Time),188447.0,A,att,I,t,130,2,966.9000000059605,187480.09999999404,9074,WL,C,9.0
1,32.0,learn,28000.0,Thu Jul 02 2026 15:19:25 GMT-0400 (Eastern Daylight Time),188613.69999998808,A,attl,I,l,154,2,1133.5999999940395,187480.09999999404,9074,WL,C,9.0
1,32.200000047683716,learn,27799.999952316284,Thu Jul 02 2026 15:19:25 GMT-0400 (Eastern Daylight Time),188813.69999998808,A,attle,I,e,171,2,1333.5999999940395,187480.09999999404,9074,WL,C,9.0
1,32.56700015068054,learn,27432.999849319458,Thu Jul 02 2026 15:19:25 GMT-0400 (Eastern Daylight Time),189180.29999998212,A,attl,I,backspace,347,2,1700.199999988079,187480.09999999404,9074,WL,C,9.0
1,32.75,learn,27250.0,Thu Jul 02 2026 15:19:25 GMT-0400 (Eastern Daylight Time),189363.59999999404,A,att,I,backspace,157,2,1883.5,187480.09999999404,9074,WL,C,9.0
1,32.91700005531311,learn,27082.99994468689,Thu Jul 02 2026 15:19:25 GMT-0400 (Eastern Daylight Time),189530.40000000596,A,at,I,backspace,152,2,2050.300000011921,187480.09999999404,9074,WL,C,9.0
1,33.06600022315979,learn,26933.99977684021,Thu Jul 02 2026 15:19:25 GMT-0400 (Eastern Daylight Time),189680.19999998808,A,a,I,backspace,118,2,2200.0999999940395,187480.09999999404,9074,WL,C,9.0
1,33.21600008010864,learn,26783.999919891357,Thu Jul 02 2026 15:19:25 GMT-0400 (Eastern Daylight Time),189830.0,A,,I,backspace,129,2,2349.9000000059605,187480.09999999404,9074,WL,C,9.0
1,33.58300018310547,learn,26416.99981689453,Thu Jul 02 2026 15:19:25 GMT-0400 (Eastern Daylight Time),190197.0,A,c,I,c,343,2,2716.9000000059605,187480.09999999404,9074,WL,C,9.0
1,33.80000019073486,learn,26199.999809265137,Thu Jul 02 2026 15:19:25 GMT-0400 (Eastern Daylight Time),190413.79999998212,A,ca,I,a,196,2,2933.699999988079,187480.09999999404,9074,WL,C,9.0
1,34.283000230789185,learn,25716.999769210815,Thu Jul 02 2026 15:19:25 GMT-0400 (Eastern Daylight Time),190896.90000000596,A,cat,I,t,460,2,3416.800000011921,187480.09999999404,9074,WL,C,9.0
1,34.41600012779236,learn,25583.99987220764,Thu Jul 02 2026 15:19:25 GMT-0400 (Eastern Daylight Time),191030.0,A,catt,I,t,121,2,3549.9000000059605,187480.09999999404,9074,WL,C,9.0
1,35.01600003242493,learn,24983.999967575073,Thu Jul 02 2026 15:19:25 GMT-0400 (Eastern Daylight Time),191629.90000000596,A,cattl,I,l,579,2,4149.800000011921,187480.09999999404,9074,WL,C,9.0
1,35.16600012779236,learn,24833.99987220764,Thu Jul 02 2026 15:19:25 GMT-0400 (Eastern Daylight Time),191780.19999998808,A,cattle,I,e,128,2,4300.0999999940395,187480.09999999404,9074,WL,C,9.0
1,37.31600022315979,learn,22683.99977684021,Thu Jul 02 2026 15:19:25 GMT-0400 (Eastern Daylight Time),193929.79999998212,A,cattleenter,I,enter,2126,2,6449.699999988079,187480.09999999404,9074,WL,C,9.0
1,38.700000047683716,learn,21299.999952316284,Thu Jul 02 2026 15:19:25 GMT-0400 (Eastern Daylight Time),195313.59999999404,A,a,I,a,1364,2,1383.5,193930.09999999404,9074,WL,C,10.0
1,38.80000019073486,learn,21199.999809265137,Thu Jul 02 2026 15:19:25 GMT-0400 (Eastern Daylight Time),195413.59999999404,A,ai,I,i,72,2,1483.5,193930.09999999404,9074,WL,C,10.0
1,39.033000230789185,learn,20966.999769210815,Thu Jul 02 2026 15:19:25 GMT-0400 (Eastern Daylight Time),195646.90000000596,A,ail,I,l,214,2,1716.800000011921,193930.09999999404,9074,WL,C,10.0
1,39.48300004005432,learn,20516.99995994568,Thu Jul 02 2026 15:19:25 GMT-0400 (Eastern Daylight Time),196097.0,A,ai,I,backspace,424,2,2166.9000000059605,193930.09999999404,9074,WL,C,10.0
1,39.616000175476074,learn,20383.999824523926,Thu Jul 02 2026 15:19:25 GMT-0400 (Eastern Daylight Time),196229.90000000596,A,a,I,backspace,120,2,2299.800000011921,193930.09999999404,9074,WL,C,10.0
1,39.783000230789185,learn,20216.999769210815,Thu Jul 02 2026 15:19:25 GMT-0400 (Eastern Daylight Time),196397.09999999404,A,,I,backspace,141,2,2467.0,193930.09999999404,9074,WL,C,10.0
1,41.0,learn,19000.0,Thu Jul 02 2026 15:19:25 GMT-0400 (Eastern Daylight Time),197613.69999998808,A,n,I,n,1189,2,3683.5999999940395,193930.09999999404,9074,WL,C,10.0
1,41.65000009536743,learn,18349.99990463257,Thu Jul 02 2026 15:19:25 GMT-0400 (Eastern Daylight Time),198263.59999999404,A,na,I,a,636,2,4333.5,193930.09999999404,9074,WL,C,10.0
1,41.867000102996826,learn,18132.999897003174,Thu Jul 02 2026 15:19:25 GMT-0400 (Eastern Daylight Time),198480.29999998212,A,nai,I,i,195,2,4550.199999988079,193930.09999999404,9074,WL,C,10.0
1,42.05000019073486,learn,17949.999809265137,Thu Jul 02 2026 15:19:25 GMT-0400 (Eastern Daylight Time),198663.5,A,nail,I,l,172,2,4733.4000000059605,193930.09999999404,9074,WL,C,10.0
1,42.449000120162964,learn,17550.999879837036,Thu Jul 02 2026 15:19:25 GMT-0400 (Eastern Daylight Time),199063.09999999404,A,nailenter,I,enter,385,2,5133.0,193930.09999999404,9074,WL,C,10.0
1,43.0,learn,17000.0,Thu Jul 02 2026 15:19:25 GMT-0400 (Eastern Daylight Time),199613.5,A,c,I,c,535,2,550.0,199063.5,9074,WL,C,11.0
1,43.16700005531311,learn,16832.99994468689,Thu Jul 02 2026 15:19:25 GMT-0400 (Eastern Daylight Time),199780.19999998808,A,co,I,o,141,2,716.6999999880791,199063.5,9074,WL,C,11.0
1,43.367000102996826,learn,16632.999897003174,Thu Jul 02 2026 15:19:25 GMT-0400 (Eastern Daylight Time),199980.29999998212,A,cor,I,r,174,2,916.7999999821186,199063.5,9074,WL,C,11.0
1,43.58300018310547,learn,16416.99981689453,Thu Jul 02 2026 15:19:25 GMT-0400 (Eastern Daylight Time),200197.0,A,corn,I,n,189,2,1133.5,199063.5,9074,WL,C,11.0
1,45.699000120162964,learn,14300.999879837036,Thu Jul 02 2026 15:19:25 GMT-0400 (Eastern Daylight Time),202313.0,A,cornenter,I,enter,2101,2,3249.5,199063.5,9074,WL,C,11.0
1,54.98300004005432,learn,5016.999959945679,Thu Jul 02 2026 15:19:25 GMT-0400 (Eastern Daylight Time),211597.0,A,c,I,c,9269,2,9283.59999999404,202313.40000000596,9074,WL,C,12.0
1,55.283000230789185,learn,4716.999769210815,Thu Jul 02 2026 15:19:25 GMT-0400 (Eastern Daylight Time),211896.90000000596,A,ca,I,a,284,2,9583.5,202313.40000000596,9074,WL,C,12.0
1,55.48300004005432,learn,4516.999959945679,Thu Jul 02 2026 15:19:25 GMT-0400 (Eastern Daylight Time),212096.90000000596,A,cam,I,m,177,2,9783.5,202313.40000000596,9074,WL,C,12.0
1,56.30000019073486,learn,3699.9998092651367,Thu Jul 02 2026 15:19:25 GMT-0400 (Eastern Daylight Time),212913.69999998808,A,camp,I,p,785,2,10600.299999982119,202313.40000000596,9074,WL,C,12.0
1,58.949000120162964,learn,1050.9998798370361,Thu Jul 02 2026 15:19:25 GMT-0400 (Eastern Daylight Time),215563.09999999404,A,campenter,I,enter,2634,2,13249.699999988079,202313.40000000596,9074,WL,C,12.0
1,60.01700019836426,learn,-17.000198364257812,Thu Jul 02 2026 15:19:25 GMT-0400 (Eastern Daylight Time),216630.59999999404,A,None,I,None,1060,2,1067.0999999940395,215563.5,9074,WL,C,13.0
2,1.3329999446868896,learn,58667.00005531311,Thu Jul 02 2026 15:19:25 GMT-0400 (Eastern Daylight Time),299746.40000000596,A,s,I,s,1310,2,1332.6000000238419,298413.7999999821,9074,WL,C,1.0
2,1.5160000324249268,learn,58483.99996757507,Thu Jul 02 2026 15:19:25 GMT-0400 (Eastern Daylight Time),299930.09999999404,A,su,I,u,169,2,1516.300000011921,298413.7999999821,9074,WL,C,1.0
2,1.8489999771118164,learn,58151.00002288818,Thu Jul 02 2026 15:19:25 GMT-0400 (Eastern Daylight Time),300263.1999999881,A,sug,I,g,320,2,1849.4000000059605,298413.7999999821,9074,WL,C,1.0
2,3.0,learn,57000.0,Thu Jul 02 2026 15:19:25 GMT-0400 (Eastern Daylight Time),301413.40000000596,A,suga,I,a,1138,2,2999.600000023842,298413.7999999821,9074,WL,C,1.0
2,4.266000032424927,learn,55733.99996757507,Thu Jul 02 2026 15:19:25 GMT-0400 (Eastern Daylight Time),302680.0,A,sugar,I,r,1252,2,4266.200000017881,298413.7999999821,9074,WL,C,1.0
2,4.7159998416900635,learn,55284.00015830994,Thu Jul 02 2026 15:19:25 GMT-0400 (Eastern Daylight Time),303129.59999999404,A,sugarenter,I,enter,432,2,4715.800000011921,298413.7999999821,9074,WL,C,1.0
2,5.766000032424927,learn,54233.99996757507,Thu Jul 02 2026 15:19:25 GMT-0400 (Eastern Daylight Time),304180.09999999404,A,q,I,q,1028,2,1050.0999999940395,303130.0,9074,WL,C,2.0
2,5.9659998416900635,learn,54034.00015830994,Thu Jul 02 2026 15:19:25 GMT-0400 (Eastern Daylight Time),304380.0,A,qu,I,u,182,2,1250.0,303130.0,9074,WL,C,2.0
2,6.6499998569488525,learn,53350.00014305115,Thu Jul 02 2026 15:19:25 GMT-0400 (Eastern Daylight Time),305063.2999999821,A,que,I,e,671,2,1933.2999999821186,303130.0,9074,WL,C,2.0
2,6.83299994468689,learn,53167.00005531311,Thu Jul 02 2026 15:19:25 GMT-0400 (Eastern Daylight Time),305246.7999999821,A,quee,I,e,161,2,2116.7999999821186,303130.0,9074,WL,C,2.0
2,7.165999889373779,learn,52834.00011062622,Thu Jul 02 2026 15:19:25 GMT-0400 (Eastern Daylight Time),305580.09999999404,A,queen,I,n,317,2,2450.0999999940395,303130.0,9074,WL,C,2.0
2,8.049000024795532,learn,51950.99997520447,Thu Jul 02 2026 15:19:25 GMT-0400 (Eastern Daylight Time),306462.90000000596,A,queenenter,I,enter,860,2,3332.9000000059605,303130.0,9074,WL,C,2.0
2,9.233000040054321,learn,50766.99995994568,Thu Jul 02 2026 15:19:25 GMT-0400 (Eastern Daylight Time),307646.6999999881,A,w,I,w,1167,2,1183.5,306463.1999999881,9074,WL,C,3.0
2,9.449999809265137,learn,50550.00019073486,Thu Jul 02 2026 15:19:25 GMT-0400 (Eastern Daylight Time),307863.2999999821,A,wh,I,h,202,2,1400.0999999940395,306463.1999999881,9074,WL,C,3.0
2,9.66599988937378,learn,50334.00011062622,Thu Jul 02 2026 15:19:25 GMT-0400 (Eastern Daylight Time),308080.0,A,whe,I,e,191,2,1616.800000011921,306463.1999999881,9074,WL,C,3.0
2,9.91599988937378,learn,50084.00011062622,Thu Jul 02 2026 15:19:25 GMT-0400 (Eastern Daylight Time),308330.0,A,whea,I,a,234,2,1866.800000011921,306463.1999999881,9074,WL,C,3.0
2,10.248999834060669,learn,49751.00016593933,Thu Jul 02 2026 15:19:25 GMT-0400 (Eastern Daylight Time),308662.59999999404,A,wheat,I,t,319,2,2199.4000000059605,306463.1999999881,9074,WL,C,3.0
2,11.031999826431274,learn,48968.000173568726,Thu Jul 02 2026 15:19:25 GMT-0400 (Eastern Daylight Time),309446.09999999404,A,wheatenter,I,enter,774,2,2982.9000000059605,306463.1999999881,9074,WL,C,3.0
2,11.899999856948853,learn,48100.00014305115,Thu Jul 02 2026 15:19:25 GMT-0400 (Eastern Daylight Time),310313.2999999821,A,t,I,t,856,2,866.7999999821186,309446.5,9074,WL,C,4.0
2,12.199999809265137,learn,47800.00019073486,Thu Jul 02 2026 15:19:25 GMT-0400 (Eastern Daylight Time),310613.40000000596,A,to,I,o,272,2,1166.9000000059605,309446.5,9074,WL,C,4.0
2,12.565999984741211,learn,47434.00001525879,Thu Jul 02 2026 15:19:25 GMT-0400 (Eastern Daylight Time),310980.0,A,tow,I,w,341,2,1533.5,309446.5,9074,WL,C,4.0
2,12.733000040054321,learn,47266.99995994568,Thu Jul 02 2026 15:19:25 GMT-0400 (Eastern Daylight Time),311146.59999999404,A,towe,I,e,150,2,1700.0999999940395,309446.5,9074,WL,C,4.0
2,13.115999937057495,learn,46884.000062942505,Thu Jul 02 2026 15:19:25 GMT-0400 (Eastern Daylight Time),311530.0,A,tower,I,r,359,2,2083.5,309446.5,9074,WL,C,4.0
2,13.715999841690063,learn,46284.00015830994,Thu Jul 02 2026 15:19:25 GMT-0400 (Eastern Daylight Time),312129.59999999404,A,towerenter,I,enter,573,2,2683.0999999940395,309446.5,9074,WL,C,4.0
2,14.58299994468689,learn,45417.00005531311,Thu Jul 02 2026 15:19:25 GMT-0400 (Eastern Daylight Time),312996.59999999404,A,h,I,h,845,2,866.6999999880791,312129.90000000596,9074,WL,C,5.0
2,15.983000040054321,learn,44016.99995994568,Thu Jul 02 2026 15:19:25 GMT-0400 (Eastern Daylight Time),314396.6999999881,A,hn,I,n,1380,2,2266.7999999821186,312129.90000000596,9074,WL,C,5.0
2,16.449999809265137,learn,43550.00019073486,Thu Jul 02 2026 15:19:25 GMT-0400 (Eastern Daylight Time),314863.40000000596,A,h,I,backspace,445,2,2733.5,312129.90000000596,9074,WL,C,5.0
2,17.016000032424927,learn,42983.99996757507,Thu Jul 02 2026 15:19:25 GMT-0400 (Eastern Daylight Time),315429.7999999821,A,ho,I,o,555,2,3299.899999976158,312129.90000000596,9074,WL,C,5.0
2,17.799999952316284,learn,42200.000047683716,Thu Jul 02 2026 15:19:25 GMT-0400 (Eastern Daylight Time),316213.40000000596,A,hon,I,n,771,2,4083.5,312129.90000000596,9074,WL,C,5.0
2,18.032999992370605,learn,41967.000007629395,Thu Jul 02 2026 15:19:25 GMT-0400 (Eastern Daylight Time),316446.6999999881,A,hone,I,e,208,2,4316.799999982119,312129.90000000596,9074,WL,C,5.0
2,18.5,learn,41500.0,Thu Jul 02 2026 15:19:25 GMT-0400 (Eastern Daylight Time),316913.59999999404,A,hon,I,backspace,443,2,4783.699999988079,312129.90000000596,9074,WL,C,5.0
2,18.649999856948853,learn,41350.00014305115,Thu Jul 02 2026 15:19:25 GMT-0400 (Eastern Daylight Time),317063.1999999881,A,ho,I,backspace,135,2,4933.299999982119,312129.90000000596,9074,WL,C,5.0
2,19.41699981689453,learn,40583.00018310547,Thu Jul 02 2026 15:19:25 GMT-0400 (Eastern Daylight Time),317831.09999999404,A,hom,I,m,747,2,5701.199999988079,312129.90000000596,9074,WL,C,5.0
2,19.615999937057495,learn,40384.000062942505,Thu Jul 02 2026 15:19:25 GMT-0400 (Eastern Daylight Time),318029.90000000596,A,home,I,e,179,2,5900.0,312129.90000000596,9074,WL,C,5.0
2,20.681999921798706,learn,39318.000078201294,Thu Jul 02 2026 15:19:25 GMT-0400 (Eastern Daylight Time),319096.09999999404,A,homeenter,I,enter,1043,2,6966.199999988079,312129.90000000596,9074,WL,C,5.0
2,21.66599988937378,learn,38334.00011062622,Thu Jul 02 2026 15:19:25 GMT-0400 (Eastern Daylight Time),320079.90000000596,A,l,I,l,965,2,983.4000000059605,319096.5,9074,WL,C,6.0
2,21.83299994468689,learn,38167.00005531311,Thu Jul 02 2026 15:19:25 GMT-0400 (Eastern Daylight Time),320246.2999999821,A,le,I,e,154,2,1149.7999999821186,319096.5,9074,WL,C,6.0
2,22.115999937057495,learn,37884.000062942505,Thu Jul 02 2026 15:19:25 GMT-0400 (Eastern Daylight Time),320529.90000000596,A,let,I,t,259,2,1433.4000000059605,319096.5,9074,WL,C,6.0
2,22.282999992370605,learn,37717.000007629395,Thu Jul 02 2026 15:19:25 GMT-0400 (Eastern Daylight Time),320696.59999999404,A,lett,I,t,152,2,1600.0999999940395,319096.5,9074,WL,C,6.0
2,22.532999992370605,learn,37467.000007629395,Thu Jul 02 2026 15:19:25 GMT-0400 (Eastern Daylight Time),320946.6999999881,A,lette,I,e,225,2,1850.199999988079,319096.5,9074,WL,C,6.0
2,22.6489999294281,learn,37351.0000705719,Thu Jul 02 2026 15:19:25 GMT-0400 (Eastern Daylight Time),321063.1999999881,A,letter,I,r,105,2,1966.699999988079,319096.5,9074,WL,C,6.0
2,23.48300004005432,learn,36516.99995994568,Thu Jul 02 2026 15:19:25 GMT-0400 (Eastern Daylight Time),321896.1999999881,A,letterenter,I,enter,810,2,2799.699999988079,319096.5,9074,WL,C,6.0
2,24.365999937057495,learn,35634.000062942505,Thu Jul 02 2026 15:19:25 GMT-0400 (Eastern Daylight Time),322780.0,A,d,I,d,870,2,883.4000000059605,321896.59999999404,9074,WL,C,7.0
2,24.616999864578247,learn,35383.00013542175,Thu Jul 02 2026 15:19:25 GMT-0400 (Eastern Daylight Time),323030.90000000596,A,dc,I,c,240,2,1134.300000011921,321896.59999999404,9074,WL,C,7.0
2,24.766000032424927,learn,35233.99996757507,Thu Jul 02 2026 15:19:25 GMT-0400 (Eastern Daylight Time),323179.90000000596,A,dco,I,o,123,2,1283.300000011921,321896.59999999404,9074,WL,C,7.0
2,25.0,learn,35000.0,Thu Jul 02 2026 15:19:25 GMT-0400 (Eastern Daylight Time),323413.40000000596,A,dcot,I,t,213,2,1516.800000011921,321896.59999999404,9074,WL,C,7.0
2,25.41599988937378,learn,34584.00011062622,Thu Jul 02 2026 15:19:25 GMT-0400 (Eastern Daylight Time),323829.7999999821,A,dco,I,backspace,406,2,1933.199999988079,321896.59999999404,9074,WL,C,7.0
2,25.598999977111816,learn,34401.00002288818,Thu Jul 02 2026 15:19:25 GMT-0400 (Eastern Daylight Time),324013.09999999404,A,dc,I,backspace,164,2,2116.5,321896.59999999404,9074,WL,C,7.0
2,25.73300004005432,learn,34266.99995994568,Thu Jul 02 2026 15:19:25 GMT-0400 (Eastern Daylight Time),324146.59999999404,A,d,I,backspace,108,2,2250.0,321896.59999999404,9074,WL,C,7.0
2,26.266000032424927,learn,33733.99996757507,Thu Jul 02 2026 15:19:25 GMT-0400 (Eastern Daylight Time),324680.0,A,do,I,o,521,2,2783.4000000059605,321896.59999999404,9074,WL,C,7.0
2,26.41599988937378,learn,33584.00011062622,Thu Jul 02 2026 15:19:25 GMT-0400 (Eastern Daylight Time),324830.0,A,doc,I,c,131,2,2933.4000000059605,321896.59999999404,9074,WL,C,7.0
2,26.66599988937378,learn,33334.00011062622,Thu Jul 02 2026 15:19:25 GMT-0400 (Eastern Daylight Time),325080.09999999404,A,doct,I,t,235,2,3183.5,321896.59999999404,9074,WL,C,7.0
2,26.81599998474121,learn,33184.00001525879,Thu Jul 02 2026 15:19:25 GMT-0400 (Eastern Daylight Time),325230.0,A,docto,I,o,131,2,3333.4000000059605,321896.59999999404,9074,WL,C,7.0
2,27.0,learn,33000.0,Thu Jul 02 2026 15:19:25 GMT-0400 (Eastern Daylight Time),325413.2999999821,A,doctor,I,r,156,2,3516.699999988079,321896.59999999404,9074,WL,C,7.0
2,28.49899983406067,learn,31501.00016593933,Thu Jul 02 2026 15:19:25 GMT-0400 (Eastern Daylight Time),326912.90000000596,A,doctorenter,I,enter,1476,2,5016.300000011921,321896.59999999404,9074,WL,C,7.0
2,29.23300004005432,learn,30766.99995994568,Thu Jul 02 2026 15:19:25 GMT-0400 (Eastern Daylight Time),327646.59999999404,A,b,I,b,717,2,733.3000000119209,326913.2999999821,9074,WL,C,8.0
2,29.48300004005432,learn,30516.99995994568,Thu Jul 02 2026 15:19:25 GMT-0400 (Eastern Daylight Time),327896.59999999404,A,bo,I,o,236,2,983.3000000119209,326913.2999999821,9074,WL,C,8.0
2,29.848999977111816,learn,30151.000022888184,Thu Jul 02 2026 15:19:25 GMT-0400 (Eastern Daylight Time),328263.1999999881,A,boy,I,y,344,2,1349.9000000059605,326913.2999999821,9074,WL,C,8.0
2,30.59999990463257,learn,29400.00009536743,Thu Jul 02 2026 15:19:25 GMT-0400 (Eastern Daylight Time),329013.7999999821,A,boyenter,I,enter,737,2,2100.5,326913.2999999821,9074,WL,C,8.0
2,31.48300004005432,learn,28516.99995994568,Thu Jul 02 2026 15:19:25 GMT-0400 (Eastern Daylight Time),329896.59999999404,A,n,I,n,872,2,882.4000000059605,329014.1999999881,9074,WL,C,9.0
2,31.682999849319458,learn,28317.000150680542,Thu Jul 02 2026 15:19:25 GMT-0400 (Eastern Daylight Time),330096.59999999404,A,na,I,a,178,2,1082.4000000059605,329014.1999999881,9074,WL,C,9.0
2,31.83299994468689,learn,28167.00005531311,Thu Jul 02 2026 15:19:25 GMT-0400 (Eastern Daylight Time),330246.59999999404,A,nai,I,i,137,2,1232.4000000059605,329014.1999999881,9074,WL,C,9.0
2,32.09999990463257,learn,27900.00009536743,Thu Jul 02 2026 15:19:25 GMT-0400 (Eastern Daylight Time),330513.40000000596,A,nail,I,l,244,2,1499.2000000178814,329014.1999999881,9074,WL,C,9.0
2,33.198999881744385,learn,26801.000118255615,Thu Jul 02 2026 15:19:25 GMT-0400 (Eastern Daylight Time),331612.90000000596,A,nailenter,I,enter,1081,2,2598.7000000178814,329014.1999999881,9074,WL,C,9.0
2,33.76600003242493,learn,26233.999967575073,Thu Jul 02 2026 15:19:25 GMT-0400 (Eastern Daylight Time),332180.0,A,c,I,c,545,2,566.7000000178814,331613.2999999821,9074,WL,C,10.0
2,33.8989999294281,learn,26101.0000705719,Thu Jul 02 2026 15:19:25 GMT-0400 (Eastern Daylight Time),332313.1999999881,A,co,I,o,118,2,699.9000000059605,331613.2999999821,9074,WL,C,10.0
2,34.115999937057495,learn,25884.000062942505,Thu Jul 02 2026 15:19:25 GMT-0400 (Eastern Daylight Time),332529.90000000596,A,cor,I,r,192,2,916.6000000238419,331613.2999999821,9074,WL,C,10.0
2,34.299999952316284,learn,25700.000047683716,Thu Jul 02 2026 15:19:25 GMT-0400 (Eastern Daylight Time),332713.2999999821,A,corn,I,n,168,2,1100.0,331613.2999999821,9074,WL,C,10.0
2,34.865999937057495,learn,25134.000062942505,Thu Jul 02 2026 15:19:25 GMT-0400 (Eastern Daylight Time),333279.40000000596,A,cornenter,I,enter,542,2,1666.1000000238419,331613.2999999821,9074,WL,C,10.0
2,35.21599984169006,learn,24784.000158309937,Thu Jul 02 2026 15:19:25 GMT-0400 (Eastern Daylight Time),333630.0,A,c,I,c,335,2,350.2000000178814,333279.7999999821,9074,WL,C,11.0
2,35.46599984169006,learn,24534.000158309937,Thu Jul 02 2026 15:19:25 GMT-0400 (Eastern Daylight Time),333879.90000000596,A,ca,I,a,236,2,600.1000000238419,333279.7999999821,9074,WL,C,11.0
2,35.782999992370605,learn,24217.000007629395,Thu Jul 02 2026 15:19:25 GMT-0400 (Eastern Daylight Time),334196.5,A,cat,I,t,288,2,916.7000000178814,333279.7999999821,9074,WL,C,11.0
2,35.98300004005432,learn,24016.99995994568,Thu Jul 02 2026 15:19:25 GMT-0400 (Eastern Daylight Time),334396.6999999881,A,catt,I,t,181,2,1116.9000000059605,333279.7999999821,9074,WL,C,11.0
2,37.64999985694885,learn,22350.000143051147,Thu Jul 02 2026 15:19:25 GMT-0400 (Eastern Daylight Time),336063.40000000596,A,cattl,I,l,1646,2,2783.600000023842,333279.7999999821,9074,WL,C,11.0
2,37.83299994468689,learn,22167.00005531311,Thu Jul 02 2026 15:19:25 GMT-0400 (Eastern Daylight Time),336246.5,A,cattle,I,e,171,2,2966.7000000178814,333279.7999999821,9074,WL,C,11.0
2,38.56599998474121,learn,21434.00001525879,Thu Jul 02 2026 15:19:25 GMT-0400 (Eastern Daylight Time),336979.40000000596,A,cattleenter,I,enter,699,2,3699.600000023842,333279.7999999821,9074,WL,C,11.0
2,39.54900002479553,learn,20450.999975204468,Thu Jul 02 2026 15:19:25 GMT-0400 (Eastern Daylight Time),337963.2999999821,A,h,I,h,971,2,983.5,336979.7999999821,9074,WL,C,12.0
2,39.74899983406067,learn,20251.00016593933,Thu Jul 02 2026 15:19:25 GMT-0400 (Eastern Daylight Time),338163.2999999821,A,ho,I,o,173,2,1183.5,336979.7999999821,9074,WL,C,12.0
2,40.26600003242493,learn,19733.999967575073,Thu Jul 02 2026 15:19:25 GMT-0400 (Eastern Daylight Time),338679.90000000596,A,h,I,backspace,503,2,1700.1000000238419,336979.7999999821,9074,WL,C,12.0
2,40.46599984169006,learn,19534.000158309937,Thu Jul 02 2026 15:19:25 GMT-0400 (Eastern Daylight Time),338879.90000000596,A,,I,backspace,177,2,1900.1000000238419,336979.7999999821,9074,WL,C,12.0
2,41.0,learn,19000.0,Thu Jul 02 2026 15:19:25 GMT-0400 (Eastern Daylight Time),339413.2999999821,A,s,I,s,514,2,2433.5,336979.7999999821,9074,WL,C,12.0
2,41.14999985694885,learn,18850.000143051147,Thu Jul 02 2026 15:19:25 GMT-0400 (Eastern Daylight Time),339563.40000000596,A,sh,I,h,132,2,2583.600000023842,336979.7999999821,9074,WL,C,12.0
2,41.299999952316284,learn,18700.000047683716,Thu Jul 02 2026 15:19:25 GMT-0400 (Eastern Daylight Time),339713.2999999821,A,sho,I,o,128,2,2733.5,336979.7999999821,9074,WL,C,12.0
2,41.51600003242493,learn,18483.999967575073,Thu Jul 02 2026 15:19:25 GMT-0400 (Eastern Daylight Time),339930.0,A,shor,I,r,194,2,2950.2000000178814,336979.7999999821,9074,WL,C,12.0
2,41.632999897003174,learn,18367.000102996826,Thu Jul 02 2026 15:19:25 GMT-0400 (Eastern Daylight Time),340046.6999999881,A,shore,I,e,95,2,3066.9000000059605,336979.7999999821,9074,WL,C,12.0
2,42.431999921798706,learn,17568.000078201294,Thu Jul 02 2026 15:19:25 GMT-0400 (Eastern Daylight Time),340846.1999999881,A,shoreenter,I,enter,770,2,3866.4000000059605,336979.7999999821,9074,WL,C,12.0
2,44.06599998474121,learn,15934.000015258789,Thu Jul 02 2026 15:19:25 GMT-0400 (Eastern Daylight Time),342480.0,A,b,I,b,1616,2,1633.5,340846.5,9074,WL,C,13.0
2,45.71599984169006,learn,14284.000158309937,Thu Jul 02 2026 15:19:25 GMT-0400 (Eastern Daylight Time),344129.90000000596,A,bo,I,o,1625,2,3283.4000000059605,340846.5,9074,WL,C,13.0
2,46.56599998474121,learn,13434.000015258789,Thu Jul 02 2026 15:19:25 GMT-0400 (Eastern Daylight Time),344979.90000000596,A,bod,I,d,823,2,4133.4000000059605,340846.5,9074,WL,C,13.0
2,46.68299984931946,learn,13317.000150680542,Thu Jul 02 2026 15:19:25 GMT-0400 (Eastern Daylight Time),345096.40000000596,A,body,I,y,102,2,4249.9000000059605,340846.5,9074,WL,C,13.0
2,48.098999977111816,learn,11901.000022888184,Thu Jul 02 2026 15:19:25 GMT-0400 (Eastern Daylight Time),346512.7999999821,A,bodyenter,I,enter,1392,2,5666.299999982119,340846.5,9074,WL,C,13.0
2,53.31599998474121,learn,6684.000015258789,Thu Jul 02 2026 15:19:25 GMT-0400 (Eastern Daylight Time),351729.90000000596,A,f,I,f,5197,2,5216.700000017881,346513.1999999881,9074,WL,C,14.0
2,53.49899983406067,learn,6501.000165939331,Thu Jul 02 2026 15:19:25 GMT-0400 (Eastern Daylight Time),351913.1999999881,A,fl,I,l,168,2,5400.0,346513.1999999881,9074,WL,C,14.0
2,53.698999881744385,learn,6301.000118255615,Thu Jul 02 2026 15:19:25 GMT-0400 (Eastern Daylight Time),352113.1999999881,A,fla,I,a,167,2,5600.0,346513.1999999881,9074,WL,C,14.0
2,53.882999897003174,learn,6117.000102996826,Thu Jul 02 2026 15:19:25 GMT-0400 (Eastern Daylight Time),352296.5,A,flag,I,g,168,2,5783.300000011921,346513.1999999881,9074,WL,C,14.0
2,54.71599984169006,learn,5284.0001583099365,Thu Jul 02 2026 15:19:25 GMT-0400 (Eastern Daylight Time),353129.5,A,flagenter,I,enter,808,2,6616.300000011921,346513.1999999881,9074,WL,C,14.0
2,60.01600003242493,learn,-16.000032424926758,Thu Jul 02 2026 15:19:25 GMT-0400 (Eastern Daylight Time),358430.1999999881,A,None,I,None,5293,2,5300.299999982119,353129.90000000596,9074,WL,C,15.0
3,1.2340002059936523,learn,58765.99979400635,Thu Jul 02 2026 15:19:25 GMT-0400 (Eastern Daylight Time),431396.5,A,s,I,s,1207,2,1232.9000000059605,430163.59999999404,9074,WL,C,1.0
3,1.4500000476837158,learn,58549.999952316284,Thu Jul 02 2026 15:19:25 GMT-0400 (Eastern Daylight Time),431613.0,A,su,I,u,198,2,1449.4000000059605,430163.59999999404,9074,WL,C,1.0
3,1.817000150680542,learn,58182.99984931946,Thu Jul 02 2026 15:19:25 GMT-0400 (Eastern Daylight Time),431979.6999999881,A,sug,I,g,339,2,1816.0999999940395,430163.59999999404,9074,WL,C,1.0
3,2.0500001907348633,learn,57949.99980926514,Thu Jul 02 2026 15:19:25 GMT-0400 (Eastern Daylight Time),432213.0,A,suga,I,a,206,2,2049.4000000059605,430163.59999999404,9074,WL,C,1.0
3,2.367000102996826,learn,57632.999897003174,Thu Jul 02 2026 15:19:25 GMT-0400 (Eastern Daylight Time),432529.7999999821,A,sugar,I,r,284,2,2366.199999988079,430163.59999999404,9074,WL,C,1.0
3,5.2829999923706055,learn,54717.000007629395,Thu Jul 02 2026 15:19:25 GMT-0400 (Eastern Daylight Time),435445.90000000596,A,sugarenter,I,enter,2903,2,5282.300000011921,430163.59999999404,9074,WL,C,1.0
3,6.617000102996826,learn,53382.999897003174,Thu Jul 02 2026 15:19:25 GMT-0400 (Eastern Daylight Time),436779.7999999821,A,q,I,q,1320,2,1333.3999999761581,435446.40000000596,9074,WL,C,2.0
3,6.8500001430511475,learn,53149.99985694885,Thu Jul 02 2026 15:19:25 GMT-0400 (Eastern Daylight Time),437013.09999999404,A,qu,I,u,222,2,1566.699999988079,435446.40000000596,9074,WL,C,2.0
3,7.234000205993652,learn,52765.99979400635,Thu Jul 02 2026 15:19:25 GMT-0400 (Eastern Daylight Time),437396.2999999821,A,que,I,e,348,2,1949.8999999761581,435446.40000000596,9074,WL,C,2.0
3,7.434000015258789,learn,52565.99998474121,Thu Jul 02 2026 15:19:25 GMT-0400 (Eastern Daylight Time),437596.2999999821,A,quee,I,e,182,2,2149.899999976158,435446.40000000596,9074,WL,C,2.0
3,8.317000150680542,learn,51682.99984931946,Thu Jul 02 2026 15:19:25 GMT-0400 (Eastern Daylight Time),438479.6999999881,A,queen,I,n,859,2,3033.2999999821186,435446.40000000596,9074,WL,C,2.0
3,9.032999992370605,learn,50967.000007629395,Thu Jul 02 2026 15:19:25 GMT-0400 (Eastern Daylight Time),439196.0,A,queenenter,I,enter,697,2,3749.5999999940395,435446.40000000596,9074,WL,C,2.0
3,9.884000062942505,learn,50115.999937057495,Thu Jul 02 2026 15:19:25 GMT-0400 (Eastern Daylight Time),440046.2999999821,A,w,I,w,834,2,850.0,439196.2999999821,9074,WL,C,3.0
3,10.100000143051147,learn,49899.99985694885,Thu Jul 02 2026 15:19:25 GMT-0400 (Eastern Daylight Time),440263.0,A,wh,I,h,202,2,1066.7000000178814,439196.2999999821,9074,WL,C,3.0
3,10.367000102996826,learn,49632.999897003174,Thu Jul 02 2026 15:19:25 GMT-0400 (Eastern Daylight Time),440529.7999999821,A,whe,I,e,242,2,1333.5,439196.2999999821,9074,WL,C,3.0
3,10.534000158309937,learn,49465.99984169006,Thu Jul 02 2026 15:19:25 GMT-0400 (Eastern Daylight Time),440696.40000000596,A,whea,I,a,144,2,1500.1000000238419,439196.2999999821,9074,WL,C,3.0
3,10.800000190734863,learn,49199.99980926514,Thu Jul 02 2026 15:19:25 GMT-0400 (Eastern Daylight Time),440963.09999999404,A,wheat,I,t,231,2,1766.800000011921,439196.2999999821,9074,WL,C,3.0
3,11.233000040054321,learn,48766.99995994568,Thu Jul 02 2026 15:19:25 GMT-0400 (Eastern Daylight Time),441395.7999999821,A,wheatenter,I,enter,395,2,2199.5,439196.2999999821,9074,WL,C,3.0
3,12.100000143051147,learn,47899.99985694885,Thu Jul 02 2026 15:19:25 GMT-0400 (Eastern Daylight Time),442263.0,A,t,I,t,858,2,866.7000000178814,441396.2999999821,9074,WL,C,4.0
3,12.317000150680542,learn,47682.99984931946,Thu Jul 02 2026 15:19:25 GMT-0400 (Eastern Daylight Time),442479.6999999881,A,to,I,o,194,2,1083.4000000059605,441396.2999999821,9074,WL,C,4.0
3,12.75,learn,47250.0,Thu Jul 02 2026 15:19:25 GMT-0400 (Eastern Daylight Time),442913.09999999404,A,tow,I,w,401,2,1516.800000011921,441396.2999999821,9074,WL,C,4.0
3,12.91700005531311,learn,47082.99994468689,Thu Jul 02 2026 15:19:25 GMT-0400 (Eastern Daylight Time),443079.6999999881,A,towe,I,e,154,2,1683.4000000059605,441396.2999999821,9074,WL,C,4.0
3,13.534000158309937,learn,46465.99984169006,Thu Jul 02 2026 15:19:25 GMT-0400 (Eastern Daylight Time),443696.40000000596,A,tower,I,r,595,2,2300.100000023842,441396.2999999821,9074,WL,C,4.0
3,14.051000118255615,learn,45948.999881744385,Thu Jul 02 2026 15:19:25 GMT-0400 (Eastern Daylight Time),444213.59999999404,A,towerenter,I,enter,504,2,2817.300000011921,441396.2999999821,9074,WL,C,4.0
3,14.850000143051147,learn,45149.99985694885,Thu Jul 02 2026 15:19:25 GMT-0400 (Eastern Daylight Time),445013.0,A,h,I,h,777,2,799.0,444214.0,9074,WL,C,5.0
3,15.08400011062622,learn,44915.99988937378,Thu Jul 02 2026 15:19:25 GMT-0400 (Eastern Daylight Time),445246.2999999821,A,ho,I,o,212,2,1032.2999999821186,444214.0,9074,WL,C,5.0
3,15.934000015258789,learn,44065.99998474121,Thu Jul 02 2026 15:19:25 GMT-0400 (Eastern Daylight Time),446096.2999999821,A,hom,I,m,828,2,1882.2999999821186,444214.0,9074,WL,C,5.0
3,16.234000205993652,learn,43765.99979400635,Thu Jul 02 2026 15:19:25 GMT-0400 (Eastern Daylight Time),446396.2999999821,A,home,I,e,279,2,2182.2999999821186,444214.0,9074,WL,C,5.0
3,16.700000047683716,learn,43299.999952316284,Thu Jul 02 2026 15:19:25 GMT-0400 (Eastern Daylight Time),446862.5,A,homeenter,I,enter,446,2,2648.5,444214.0,9074,WL,C,5.0
3,17.40000009536743,learn,42599.99990463257,Thu Jul 02 2026 15:19:25 GMT-0400 (Eastern Daylight Time),447563.0,A,l,I,l,688,2,700.0999999940395,446862.90000000596,9074,WL,C,6.0
3,17.617000102996826,learn,42382.999897003174,Thu Jul 02 2026 15:19:25 GMT-0400 (Eastern Daylight Time),447779.6999999881,A,le,I,e,189,2,916.7999999821186,446862.90000000596,9074,WL,C,6.0
3,18.0,learn,42000.0,Thu Jul 02 2026 15:19:25 GMT-0400 (Eastern Daylight Time),448163.0,A,let,I,t,359,2,1300.0999999940395,446862.90000000596,9074,WL,C,6.0
3,18.18400001525879,learn,41815.99998474121,Thu Jul 02 2026 15:19:25 GMT-0400 (Eastern Daylight Time),448346.2999999821,A,lett,I,t,165,2,1483.3999999761581,446862.90000000596,9074,WL,C,6.0
3,18.450000047683716,learn,41549.999952316284,Thu Jul 02 2026 15:19:25 GMT-0400 (Eastern Daylight Time),448613.0,A,lette,I,e,254,2,1750.0999999940395,446862.90000000596,9074,WL,C,6.0
3,18.550000190734863,learn,41449.99980926514,Thu Jul 02 2026 15:19:25 GMT-0400 (Eastern Daylight Time),448712.90000000596,A,letter,I,r,83,2,1850.0,446862.90000000596,9074,WL,C,6.0
3,19.41700005531311,learn,40582.99994468689,Thu Jul 02 2026 15:19:25 GMT-0400 (Eastern Daylight Time),449579.2999999821,A,letterenter,I,enter,839,2,2716.399999976158,446862.90000000596,9074,WL,C,6.0
3,22.267000198364258,learn,37732.99980163574,Thu Jul 02 2026 15:19:25 GMT-0400 (Eastern Daylight Time),452429.6999999881,A,b,I,b,2834,2,2849.9000000059605,449579.7999999821,9074,WL,C,7.0
3,22.534000158309937,learn,37465.99984169006,Thu Jul 02 2026 15:19:25 GMT-0400 (Eastern Daylight Time),452696.2999999821,A,bo,I,o,250,2,3116.5,449579.7999999821,9074,WL,C,7.0
3,22.867000102996826,learn,37132.999897003174,Thu Jul 02 2026 15:19:25 GMT-0400 (Eastern Daylight Time),453029.5,A,boy,I,y,320,2,3449.7000000178814,449579.7999999821,9074,WL,C,7.0
3,23.633000135421753,learn,36366.99986457825,Thu Jul 02 2026 15:19:25 GMT-0400 (Eastern Daylight Time),453795.7999999821,A,boyenter,I,enter,741,2,4216.0,449579.7999999821,9074,WL,C,7.0
3,24.33400011062622,learn,35665.99988937378,Thu Jul 02 2026 15:19:25 GMT-0400 (Eastern Daylight Time),454496.40000000596,A,c,I,c,682,2,700.2000000178814,453796.1999999881,9074,WL,C,8.0
3,24.550000190734863,learn,35449.99980926514,Thu Jul 02 2026 15:19:25 GMT-0400 (Eastern Daylight Time),454713.0,A,ca,I,a,200,2,916.8000000119209,453796.1999999881,9074,WL,C,8.0
3,24.75,learn,35250.0,Thu Jul 02 2026 15:19:25 GMT-0400 (Eastern Daylight Time),454913.0,A,cam,I,m,177,2,1116.800000011921,453796.1999999881,9074,WL,C,8.0
3,25.867000102996826,learn,34132.999897003174,Thu Jul 02 2026 15:19:25 GMT-0400 (Eastern Daylight Time),456029.59999999404,A,camp,I,p,1088,2,2233.4000000059605,453796.1999999881,9074,WL,C,8.0
3,27.26800012588501,learn,32731.99987411499,Thu Jul 02 2026 15:19:25 GMT-0400 (Eastern Daylight Time),457430.2999999821,A,campenter,I,enter,1386,2,3634.0999999940395,453796.1999999881,9074,WL,C,8.0
3,28.017000198364258,learn,31982.999801635742,Thu Jul 02 2026 15:19:25 GMT-0400 (Eastern Daylight Time),458179.59999999404,A,f,I,f,727,2,748.8000000119209,457430.7999999821,9074,WL,C,9.0
3,28.217000007629395,learn,31782.999992370605,Thu Jul 02 2026 15:19:25 GMT-0400 (Eastern Daylight Time),458379.59999999404,A,fl,I,l,183,2,948.8000000119209,457430.7999999821,9074,WL,C,9.0
3,28.467000007629395,learn,31532.999992370605,Thu Jul 02 2026 15:19:25 GMT-0400 (Eastern Daylight Time),458629.5,A,fla,I,a,237,2,1198.7000000178814,457430.7999999821,9074,WL,C,9.0
3,29.282999992370605,learn,30717.000007629395,Thu Jul 02 2026 15:19:25 GMT-0400 (Eastern Daylight Time),459446.1999999881,A,flag,I,g,804,2,2015.4000000059605,457430.7999999821,9074,WL,C,9.0
3,29.850000143051147,learn,30149.999856948853,Thu Jul 02 2026 15:19:25 GMT-0400 (Eastern Daylight Time),460012.59999999404,A,flagenter,I,enter,546,2,2581.800000011921,457430.7999999821,9074,WL,C,9.0
3,30.734000205993652,learn,29265.999794006348,Thu Jul 02 2026 15:19:25 GMT-0400 (Eastern Daylight Time),460896.2999999821,A,n,I,n,864,2,883.2999999821186,460013.0,9074,WL,C,10.0
3,30.91700005531311,learn,29082.99994468689,Thu Jul 02 2026 15:19:25 GMT-0400 (Eastern Daylight Time),461079.59999999404,A,na,I,a,168,2,1066.5999999940395,460013.0,9074,WL,C,10.0
3,31.067000150680542,learn,28932.999849319458,Thu Jul 02 2026 15:19:25 GMT-0400 (Eastern Daylight Time),461229.6999999881,A,nai,I,i,129,2,1216.699999988079,460013.0,9074,WL,C,10.0
3,31.33400011062622,learn,28665.99988937378,Thu Jul 02 2026 15:19:25 GMT-0400 (Eastern Daylight Time),461496.2999999821,A,nail,I,l,251,2,1483.2999999821186,460013.0,9074,WL,C,10.0
3,31.782999992370605,learn,28217.000007629395,Thu Jul 02 2026 15:19:25 GMT-0400 (Eastern Daylight Time),461945.7999999821,A,nailenter,I,enter,434,2,1932.7999999821186,460013.0,9074,WL,C,10.0
3,32.60000014305115,learn,27399.999856948853,Thu Jul 02 2026 15:19:25 GMT-0400 (Eastern Daylight Time),462763.0,A,c,I,c,804,2,816.8000000119209,461946.1999999881,9074,WL,C,11.0
3,32.78400015830994,learn,27215.999841690063,Thu Jul 02 2026 15:19:25 GMT-0400 (Eastern Daylight Time),462946.40000000596,A,co,I,o,158,2,1000.2000000178814,461946.1999999881,9074,WL,C,11.0
3,33.05000019073486,learn,26949.999809265137,Thu Jul 02 2026 15:19:25 GMT-0400 (Eastern Daylight Time),463213.0,A,cor,I,r,247,2,1266.800000011921,461946.1999999881,9074,WL,C,11.0
3,33.30000019073486,learn,26699.999809265137,Thu Jul 02 2026 15:19:25 GMT-0400 (Eastern Daylight Time),463462.90000000596,A,corn,I,n,236,2,1516.7000000178814,461946.1999999881,9074,WL,C,11.0
3,34.117000102996826,learn,25882.999897003174,Thu Jul 02 2026 15:19:25 GMT-0400 (Eastern Daylight Time),464279.1999999881,A,cornenter,I,enter,802,2,2333.0,461946.1999999881,9074,WL,C,11.0
3,34.55000019073486,learn,25449.999809265137,Thu Jul 02 2026 15:19:25 GMT-0400 (Eastern Daylight Time),464713.09999999404,A,c,I,c,423,2,433.5,464279.59999999404,9074,WL,C,12.0
3,34.73400020599365,learn,25265.999794006348,Thu Jul 02 2026 15:19:25 GMT-0400 (Eastern Daylight Time),464896.2999999821,A,ca,I,a,160,2,616.6999999880791,464279.59999999404,9074,WL,C,12.0
3,35.25,learn,24750.0,Thu Jul 02 2026 15:19:25 GMT-0400 (Eastern Daylight Time),465413.0,A,cat,I,t,504,2,1133.4000000059605,464279.59999999404,9074,WL,C,12.0
3,35.66700005531311,learn,24332.99994468689,Thu Jul 02 2026 15:19:25 GMT-0400 (Eastern Daylight Time),465829.5,A,catl,I,l,404,2,1549.9000000059605,464279.59999999404,9074,WL,C,12.0
3,36.16700005531311,learn,23832.99994468689,Thu Jul 02 2026 15:19:25 GMT-0400 (Eastern Daylight Time),466329.6999999881,A,cat,I,backspace,484,2,2050.0999999940395,464279.59999999404,9074,WL,C,12.0
3,36.40000009536743,learn,23599.99990463257,Thu Jul 02 2026 15:19:25 GMT-0400 (Eastern Daylight Time),466563.0,A,catt,I,t,206,2,2283.4000000059605,464279.59999999404,9074,WL,C,12.0
3,36.90000009536743,learn,23099.99990463257,Thu Jul 02 2026 15:19:25 GMT-0400 (Eastern Daylight Time),467062.90000000596,A,cattl,I,l,487,2,2783.300000011921,464279.59999999404,9074,WL,C,12.0
3,37.26700019836426,learn,22732.999801635742,Thu Jul 02 2026 15:19:25 GMT-0400 (Eastern Daylight Time),467429.40000000596,A,cattle,I,e,353,2,3149.800000011921,464279.59999999404,9074,WL,C,12.0
3,39.48300004005432,learn,20516.99995994568,Thu Jul 02 2026 15:19:25 GMT-0400 (Eastern Daylight Time),469645.90000000596,A,cattleenter,I,enter,2195,2,5366.300000011921,464279.59999999404,9074,WL,C,12.0
3,43.43400001525879,learn,16565.99998474121,Thu Jul 02 2026 15:19:25 GMT-0400 (Eastern Daylight Time),473596.1999999881,A,s,I,s,3936,2,3950.0,469646.1999999881,9074,WL,C,13.0
3,43.65000009536743,learn,16349.999904632568,Thu Jul 02 2026 15:19:25 GMT-0400 (Eastern Daylight Time),473813.0,A,sh,I,h,189,2,4166.800000011921,469646.1999999881,9074,WL,C,13.0
3,43.867000102996826,learn,16132.999897003174,Thu Jul 02 2026 15:19:25 GMT-0400 (Eastern Daylight Time),474029.7999999821,A,sho,I,o,196,2,4383.5999999940395,469646.1999999881,9074,WL,C,13.0
3,44.06700015068054,learn,15932.999849319458,Thu Jul 02 2026 15:19:25 GMT-0400 (Eastern Daylight Time),474229.40000000596,A,shor,I,r,177,2,4583.200000017881,469646.1999999881,9074,WL,C,13.0
3,44.26700019836426,learn,15732.999801635742,Thu Jul 02 2026 15:19:25 GMT-0400 (Eastern Daylight Time),474429.59999999404,A,shore,I,e,179,2,4783.4000000059605,469646.1999999881,9074,WL,C,13.0
3,46.51600003242493,learn,13483.999967575073,Thu Jul 02 2026 15:19:25 GMT-0400 (Eastern Daylight Time),476679.09999999404,A,shoreenter,I,enter,2236,2,7032.9000000059605,469646.1999999881,9074,WL,C,13.0
3,47.700000047683716,learn,12299.999952316284,Thu Jul 02 2026 15:19:25 GMT-0400 (Eastern Daylight Time),477862.90000000596,A,b,I,b,1173,2,1183.4000000059605,476679.5,9074,WL,C,14.0
3,49.10000014305115,learn,10899.999856948853,Thu Jul 02 2026 15:19:25 GMT-0400 (Eastern Daylight Time),479262.90000000596,A,bo,I,o,1378,2,2583.4000000059605,476679.5,9074,WL,C,14.0
3,49.66700005531311,learn,10332.99994468689,Thu Jul 02 2026 15:19:25 GMT-0400 (Eastern Daylight Time),479829.40000000596,A,bod,I,d,555,2,3149.9000000059605,476679.5,9074,WL,C,14.0
3,49.867000102996826,learn,10132.999897003174,Thu Jul 02 2026 15:19:25 GMT-0400 (Eastern Daylight Time),480029.59999999404,A,body,I,y,178,2,3350.0999999940395,476679.5,9074,WL,C,14.0
3,51.41600012779236,learn,8583.999872207642,Thu Jul 02 2026 15:19:25 GMT-0400 (Eastern Daylight Time),481579.09999999404,A,bodyenter,I,enter,1531,2,4899.5999999940395,476679.5,9074,WL,C,14.0
3,60.01700019836426,learn,-17.000198364257812,Thu Jul 02 2026 15:19:25 GMT-0400 (Eastern Daylight Time),490179.59999999404,A,None,I,None,8593,2,8600.09999999404,481579.5,9074,WL,C,15.0
4,1.25,learn,58750.0,Thu Jul 02 2026 15:19:25 GMT-0400 (Eastern Daylight Time),571629.5,A,s,I,s,1232,2,1249.7000000178814,570379.7999999821,9074,WL,C,1.0
4,1.5160000324249268,learn,58483.99996757507,Thu Jul 02 2026 15:19:25 GMT-0400 (Eastern Daylight Time),571896.099999994,A,su,I,u,253,2,1516.300000011921,570379.7999999821,9074,WL,C,1.0
4,1.815999984741211,learn,58184.00001525879,Thu Jul 02 2026 15:19:25 GMT-0400 (Eastern Daylight Time),572196.099999994,A,sug,I,g,272,2,1816.300000011921,570379.7999999821,9074,WL,C,1.0
4,2.0329999923706055,learn,57967.000007629395,Thu Jul 02 2026 15:19:25 GMT-0400 (Eastern Daylight Time),572412.7999999821,A,suga,I,a,197,2,2033.0,570379.7999999821,9074,WL,C,1.0
4,3.0500001907348633,learn,56949.99980926514,Thu Jul 02 2026 15:19:25 GMT-0400 (Eastern Daylight Time),573429.5,A,sugar,I,r,982,2,3049.7000000178814,570379.7999999821,9074,WL,C,1.0
4,3.7990000247955322,learn,56200.99997520447,Thu Jul 02 2026 15:19:25 GMT-0400 (Eastern Daylight Time),574179.0,A,sugarenter,I,enter,723,2,3799.2000000178814,570379.7999999821,9074,WL,C,1.0
4,4.64900016784668,learn,55350.99983215332,Thu Jul 02 2026 15:19:25 GMT-0400 (Eastern Daylight Time),575029.099999994,A,q,I,q,842,2,849.8000000119209,574179.2999999821,9074,WL,C,2.0
4,4.881999969482422,learn,55118.00003051758,Thu Jul 02 2026 15:19:25 GMT-0400 (Eastern Daylight Time),575262.1999999881,A,qu,I,u,212,2,1082.9000000059605,574179.2999999821,9074,WL,C,2.0
4,5.200000047683716,learn,54799.999952316284,Thu Jul 02 2026 15:19:25 GMT-0400 (Eastern Daylight Time),575579.5,A,que,I,e,302,2,1400.2000000178814,574179.2999999821,9074,WL,C,2.0
4,5.383000135421753,learn,54616.99986457825,Thu Jul 02 2026 15:19:25 GMT-0400 (Eastern Daylight Time),575762.6999999881,A,quee,I,e,159,2,1583.4000000059605,574179.2999999821,9074,WL,C,2.0
4,6.383000135421753,learn,53616.99986457825,Thu Jul 02 2026 15:19:25 GMT-0400 (Eastern Daylight Time),576762.6999999881,A,queen,I,n,974,2,2583.4000000059605,574179.2999999821,9074,WL,C,2.0
4,6.999000072479248,learn,53000.99992752075,Thu Jul 02 2026 15:19:25 GMT-0400 (Eastern Daylight Time),577379.0,A,queenenter,I,enter,589,2,3199.7000000178814,574179.2999999821,9074,WL,C,2.0
4,7.966000080108643,learn,52033.99991989136,Thu Jul 02 2026 15:19:25 GMT-0400 (Eastern Daylight Time),578346.099999994,A,w,I,w,954,2,966.8000000119209,577379.2999999821,9074,WL,C,3.0
4,8.200000047683716,learn,51799.999952316284,Thu Jul 02 2026 15:19:25 GMT-0400 (Eastern Daylight Time),578579.400000006,A,wh,I,h,207,2,1200.1000000238419,577379.2999999821,9074,WL,C,3.0
4,8.383000135421753,learn,51616.99986457825,Thu Jul 02 2026 15:19:25 GMT-0400 (Eastern Daylight Time),578762.6999999881,A,whe,I,e,165,2,1383.4000000059605,577379.2999999821,9074,WL,C,3.0
4,8.600000143051147,learn,51399.99985694885,Thu Jul 02 2026 15:19:25 GMT-0400 (Eastern Daylight Time),578979.5,A,whea,I,a,181,2,1600.2000000178814,577379.2999999821,9074,WL,C,3.0
4,8.848999977111816,learn,51151.00002288818,Thu Jul 02 2026 15:19:25 GMT-0400 (Eastern Daylight Time),579229.0,A,wheat,I,t,220,2,1849.7000000178814,577379.2999999821,9074,WL,C,3.0
4,9.333000183105469,learn,50666.99981689453,Thu Jul 02 2026 15:19:25 GMT-0400 (Eastern Daylight Time),579712.1999999881,A,wheatenter,I,enter,464,2,2332.9000000059605,577379.2999999821,9074,WL,C,3.0
4,10.016000032424927,learn,49983.99996757507,Thu Jul 02 2026 15:19:25 GMT-0400 (Eastern Daylight Time),580396.0,A,t,I,t,670,2,683.2000000178814,579712.7999999821,9074,WL,C,4.0
4,10.233000040054321,learn,49766.99995994568,Thu Jul 02 2026 15:19:25 GMT-0400 (Eastern Daylight Time),580612.900000006,A,to,I,o,188,2,900.1000000238419,579712.7999999821,9074,WL,C,4.0
4,10.450000047683716,learn,49549.999952316284,Thu Jul 02 2026 15:19:25 GMT-0400 (Eastern Daylight Time),580829.400000006,A,tow,I,w,198,2,1116.6000000238419,579712.7999999821,9074,WL,C,4.0
4,10.633000135421753,learn,49366.99986457825,Thu Jul 02 2026 15:19:25 GMT-0400 (Eastern Daylight Time),581012.6999999881,A,towe,I,e,172,2,1299.9000000059605,579712.7999999821,9074,WL,C,4.0
4,11.032999992370605,learn,48967.000007629395,Thu Jul 02 2026 15:19:25 GMT-0400 (Eastern Daylight Time),581412.6999999881,A,tower,I,r,389,2,1699.9000000059605,579712.7999999821,9074,WL,C,4.0
4,11.499000072479248,learn,48500.99992752075,Thu Jul 02 2026 15:19:25 GMT-0400 (Eastern Daylight Time),581878.900000006,A,towerenter,I,enter,452,2,2166.100000023842,579712.7999999821,9074,WL,C,4.0
4,12.266000032424927,learn,47733.99996757507,Thu Jul 02 2026 15:19:25 GMT-0400 (Eastern Daylight Time),582645.900000006,A,h,I,h,758,2,766.6000000238419,581879.2999999821,9074,WL,C,5.0
4,12.532999992370605,learn,47467.000007629395,Thu Jul 02 2026 15:19:25 GMT-0400 (Eastern Daylight Time),582912.6999999881,A,ho,I,o,242,2,1033.4000000059605,581879.2999999821,9074,WL,C,5.0
4,13.282999992370605,learn,46717.000007629395,Thu Jul 02 2026 15:19:25 GMT-0400 (Eastern Daylight Time),583662.7999999821,A,hom,I,m,728,2,1783.5,581879.2999999821,9074,WL,C,5.0
4,13.733000040054321,learn,46266.99995994568,Thu Jul 02 2026 15:19:25 GMT-0400 (Eastern Daylight Time),584112.6999999881,A,home,I,e,425,2,2233.4000000059605,581879.2999999821,9074,WL,C,5.0
4,14.049000024795532,learn,45950.99997520447,Thu Jul 02 2026 15:19:25 GMT-0400 (Eastern Daylight Time),584428.900000006,A,homeenter,I,enter,296,2,2549.600000023842,581879.2999999821,9074,WL,C,5.0
4,14.716000080108643,learn,45283.99991989136,Thu Jul 02 2026 15:19:25 GMT-0400 (Eastern Daylight Time),585096.099999994,A,l,I,l,656,2,666.8000000119209,584429.2999999821,9074,WL,C,6.0
4,14.933000087738037,learn,45066.99991226196,Thu Jul 02 2026 15:19:25 GMT-0400 (Eastern Daylight Time),585312.6999999881,A,le,I,e,193,2,883.4000000059605,584429.2999999821,9074,WL,C,6.0
4,15.183000087738037,learn,44816.99991226196,Thu Jul 02 2026 15:19:25 GMT-0400 (Eastern Daylight Time),585562.6999999881,A,let,I,t,233,2,1133.4000000059605,584429.2999999821,9074,WL,C,6.0
4,15.383000135421753,learn,44616.99986457825,Thu Jul 02 2026 15:19:25 GMT-0400 (Eastern Daylight Time),585762.6999999881,A,lett,I,t,174,2,1333.4000000059605,584429.2999999821,9074,WL,C,6.0
4,15.598999977111816,learn,44401.00002288818,Thu Jul 02 2026 15:19:25 GMT-0400 (Eastern Daylight Time),585979.1999999881,A,lette,I,e,198,2,1549.9000000059605,584429.2999999821,9074,WL,C,6.0
4,15.75,learn,44250.0,Thu Jul 02 2026 15:19:25 GMT-0400 (Eastern Daylight Time),586129.2999999821,A,letter,I,r,128,2,1700.0,584429.2999999821,9074,WL,C,6.0
4,16.199000120162964,learn,43800.999879837036,Thu Jul 02 2026 15:19:25 GMT-0400 (Eastern Daylight Time),586578.900000006,A,letterenter,I,enter,423,2,2149.600000023842,584429.2999999821,9074,WL,C,6.0
4,17.550000190734863,learn,42449.99980926514,Thu Jul 02 2026 15:19:25 GMT-0400 (Eastern Daylight Time),587929.400000006,A,d,I,d,1338,2,1350.1000000238419,586579.2999999821,9074,WL,C,7.0
4,17.766000032424927,learn,42233.99996757507,Thu Jul 02 2026 15:19:25 GMT-0400 (Eastern Daylight Time),588146.099999994,A,do,I,o,191,2,1566.800000011921,586579.2999999821,9074,WL,C,7.0
4,17.966000080108643,learn,42033.99991989136,Thu Jul 02 2026 15:19:25 GMT-0400 (Eastern Daylight Time),588346.0,A,doc,I,c,174,2,1766.7000000178814,586579.2999999821,9074,WL,C,7.0
4,18.23300004005432,learn,41766.99995994568,Thu Jul 02 2026 15:19:25 GMT-0400 (Eastern Daylight Time),588612.6999999881,A,doct,I,t,239,2,2033.4000000059605,586579.2999999821,9074,WL,C,7.0
4,18.90000009536743,learn,41099.99990463257,Thu Jul 02 2026 15:19:25 GMT-0400 (Eastern Daylight Time),589279.2999999821,A,docto,I,o,643,2,2700.0,586579.2999999821,9074,WL,C,7.0
4,19.08300018310547,learn,40916.99981689453,Thu Jul 02 2026 15:19:25 GMT-0400 (Eastern Daylight Time),589462.599999994,A,doctor,I,r,171,2,2883.300000011921,586579.2999999821,9074,WL,C,7.0
4,19.598999977111816,learn,40401.00002288818,Thu Jul 02 2026 15:19:25 GMT-0400 (Eastern Daylight Time),589978.900000006,A,doctorenter,I,enter,499,2,3399.600000023842,586579.2999999821,9074,WL,C,7.0
4,20.41600012779236,learn,39583.99987220764,Thu Jul 02 2026 15:19:25 GMT-0400 (Eastern Daylight Time),590796.099999994,A,b,I,b,802,2,816.9000000059605,589979.1999999881,9074,WL,C,8.0
4,20.933000087738037,learn,39066.99991226196,Thu Jul 02 2026 15:19:25 GMT-0400 (Eastern Daylight Time),591312.6999999881,A,bo,I,o,492,2,1333.5,589979.1999999881,9074,WL,C,8.0
4,21.282999992370605,learn,38717.000007629395,Thu Jul 02 2026 15:19:25 GMT-0400 (Eastern Daylight Time),591662.6999999881,A,boy,I,y,328,2,1683.5,589979.1999999881,9074,WL,C,8.0
4,22.14900016784668,learn,37850.99983215332,Thu Jul 02 2026 15:19:25 GMT-0400 (Eastern Daylight Time),592528.900000006,A,boyenter,I,enter,842,2,2549.7000000178814,589979.1999999881,9074,WL,C,8.0
4,22.683000087738037,learn,37316.99991226196,Thu Jul 02 2026 15:19:25 GMT-0400 (Eastern Daylight Time),593062.6999999881,A,c,I,c,524,2,533.4000000059605,592529.2999999821,9074,WL,C,9.0
4,22.91600012779236,learn,37083.99987220764,Thu Jul 02 2026 15:19:25 GMT-0400 (Eastern Daylight Time),593296.099999994,A,ca,I,a,210,2,766.8000000119209,592529.2999999821,9074,WL,C,9.0
4,24.0,learn,36000.0,Thu Jul 02 2026 15:19:25 GMT-0400 (Eastern Daylight Time),594379.2999999821,A,cam,I,m,1064,2,1850.0,592529.2999999821,9074,WL,C,9.0
4,24.950000047683716,learn,35049.999952316284,Thu Jul 02 2026 15:19:25 GMT-0400 (Eastern Daylight Time),595329.2999999821,A,camp,I,p,926,2,2800.0,592529.2999999821,9074,WL,C,9.0
4,26.016000032424927,learn,33983.99996757507,Thu Jul 02 2026 15:19:25 GMT-0400 (Eastern Daylight Time),596395.5,A,campenter,I,enter,1049,2,3866.2000000178814,592529.2999999821,9074,WL,C,9.0
4,27.200000047683716,learn,32799.999952316284,Thu Jul 02 2026 15:19:25 GMT-0400 (Eastern Daylight Time),597579.2999999821,A,f,I,f,1170,2,1183.2999999821186,596396.0,9074,WL,C,10.0
4,27.66600012779236,learn,32333.99987220764,Thu Jul 02 2026 15:19:25 GMT-0400 (Eastern Daylight Time),598046.0,A,fl,I,l,445,2,1650.0,596396.0,9074,WL,C,10.0
4,27.91600012779236,learn,32083.99987220764,Thu Jul 02 2026 15:19:25 GMT-0400 (Eastern Daylight Time),598296.0,A,fla,I,a,235,2,1900.0,596396.0,9074,WL,C,10.0
4,28.200000047683716,learn,31799.999952316284,Thu Jul 02 2026 15:19:25 GMT-0400 (Eastern Daylight Time),598579.2999999821,A,flah,I,h,256,2,2183.2999999821186,596396.0,9074,WL,C,10.0
4,28.850000143051147,learn,31149.999856948853,Thu Jul 02 2026 15:19:25 GMT-0400 (Eastern Daylight Time),599229.2999999821,A,fla,I,backspace,630,2,2833.2999999821186,596396.0,9074,WL,C,10.0
4,29.532999992370605,learn,30467.000007629395,Thu Jul 02 2026 15:19:25 GMT-0400 (Eastern Daylight Time),599912.6999999881,A,flag,I,g,668,2,3516.699999988079,596396.0,9074,WL,C,10.0
4,30.14900016784668,learn,29850.99983215332,Thu Jul 02 2026 15:19:25 GMT-0400 (Eastern Daylight Time),600528.900000006,A,flagenter,I,enter,592,2,4132.9000000059605,596396.0,9074,WL,C,10.0
4,31.0,learn,29000.0,Thu Jul 02 2026 15:19:25 GMT-0400 (Eastern Daylight Time),601379.2999999821,A,n,I,n,828,2,850.0999999940395,600529.1999999881,9074,WL,C,11.0
4,31.15000009536743,learn,28849.99990463257,Thu Jul 02 2026 15:19:25 GMT-0400 (Eastern Daylight Time),601529.2999999821,A,na,I,a,133,2,1000.0999999940395,600529.1999999881,9074,WL,C,11.0
4,31.299000024795532,learn,28700.999975204468,Thu Jul 02 2026 15:19:25 GMT-0400 (Eastern Daylight Time),601679.099999994,A,nai,I,i,128,2,1149.9000000059605,600529.1999999881,9074,WL,C,11.0
4,31.550000190734863,learn,28449.999809265137,Thu Jul 02 2026 15:19:25 GMT-0400 (Eastern Daylight Time),601929.400000006,A,nail,I,l,234,2,1400.2000000178814,600529.1999999881,9074,WL,C,11.0
4,32.08300018310547,learn,27916.99981689453,Thu Jul 02 2026 15:19:25 GMT-0400 (Eastern Daylight Time),602462.1999999881,A,nailenter,I,enter,512,2,1933.0,600529.1999999881,9074,WL,C,11.0
4,32.64900016784668,learn,27350.99983215332,Thu Jul 02 2026 15:19:25 GMT-0400 (Eastern Daylight Time),603029.0,A,c,I,c,558,2,566.4000000059605,602462.599999994,9074,WL,C,12.0
4,32.81599998474121,learn,27184.00001525879,Thu Jul 02 2026 15:19:25 GMT-0400 (Eastern Daylight Time),603196.099999994,A,co,I,o,149,2,733.5,602462.599999994,9074,WL,C,12.0
4,33.05000019073486,learn,26949.999809265137,Thu Jul 02 2026 15:19:25 GMT-0400 (Eastern Daylight Time),603429.2999999821,A,cor,I,r,197,2,966.6999999880791,602462.599999994,9074,WL,C,12.0
4,33.26600003242493,learn,26733.999967575073,Thu Jul 02 2026 15:19:25 GMT-0400 (Eastern Daylight Time),603646.0,A,corn,I,n,196,2,1183.4000000059605,602462.599999994,9074,WL,C,12.0
4,33.83200001716614,learn,26167.999982833862,Thu Jul 02 2026 15:19:25 GMT-0400 (Eastern Daylight Time),604212.099999994,A,cornenter,I,enter,554,2,1749.5,602462.599999994,9074,WL,C,12.0
4,34.200000047683716,learn,25799.999952316284,Thu Jul 02 2026 15:19:25 GMT-0400 (Eastern Daylight Time),604579.2999999821,A,c,I,c,345,2,367.0,604212.2999999821,9074,WL,C,13.0
4,34.38300013542175,learn,25616.999864578247,Thu Jul 02 2026 15:19:25 GMT-0400 (Eastern Daylight Time),604762.6999999881,A,ca,I,a,165,2,550.4000000059605,604212.2999999821,9074,WL,C,13.0
4,34.73300004005432,learn,25266.99995994568,Thu Jul 02 2026 15:19:25 GMT-0400 (Eastern Daylight Time),605112.6999999881,A,cat,I,t,325,2,900.4000000059605,604212.2999999821,9074,WL,C,13.0
4,34.93300008773804,learn,25066.999912261963,Thu Jul 02 2026 15:19:25 GMT-0400 (Eastern Daylight Time),605312.6999999881,A,catt,I,t,176,2,1100.4000000059605,604212.2999999821,9074,WL,C,13.0
4,35.13300013542175,learn,24866.999864578247,Thu Jul 02 2026 15:19:25 GMT-0400 (Eastern Daylight Time),605512.6999999881,A,cattl,I,l,184,2,1300.4000000059605,604212.2999999821,9074,WL,C,13.0
4,35.41600012779236,learn,24583.99987220764,Thu Jul 02 2026 15:19:25 GMT-0400 (Eastern Daylight Time),605796.0,A,cattle,I,e,255,2,1583.7000000178814,604212.2999999821,9074,WL,C,13.0
4,35.96600008010864,learn,24033.999919891357,Thu Jul 02 2026 15:19:25 GMT-0400 (Eastern Daylight Time),606345.599999994,A,cattleenter,I,enter,531,2,2133.300000011921,604212.2999999821,9074,WL,C,13.0
4,37.75,learn,22250.0,Thu Jul 02 2026 15:19:25 GMT-0400 (Eastern Daylight Time),608129.2999999821,A,o,I,o,1763,2,1783.3999999761581,606345.900000006,9074,WL,C,14.0
4,38.10000014305115,learn,21899.999856948853,Thu Jul 02 2026 15:19:25 GMT-0400 (Eastern Daylight Time),608479.2999999821,A,os,I,s,328,2,2133.399999976158,606345.900000006,9074,WL,C,14.0
4,38.28200006484985,learn,21717.999935150146,Thu Jul 02 2026 15:19:25 GMT-0400 (Eastern Daylight Time),608661.900000006,A,osy,I,y,168,2,2316.0,606345.900000006,9074,WL,C,14.0
4,38.950000047683716,learn,21049.999952316284,Thu Jul 02 2026 15:19:25 GMT-0400 (Eastern Daylight Time),609329.5,A,os,I,backspace,647,2,2983.5999999940395,606345.900000006,9074,WL,C,14.0
4,39.116000175476074,learn,20883.999824523926,Thu Jul 02 2026 15:19:25 GMT-0400 (Eastern Daylight Time),609496.0,A,o,I,backspace,150,2,3150.0999999940395,606345.900000006,9074,WL,C,14.0
4,39.282999992370605,learn,20717.000007629395,Thu Jul 02 2026 15:19:25 GMT-0400 (Eastern Daylight Time),609662.6999999881,A,,I,backspace,144,2,3316.7999999821186,606345.900000006,9074,WL,C,14.0
4,40.0,learn,20000.0,Thu Jul 02 2026 15:19:25 GMT-0400 (Eastern Daylight Time),610379.2999999821,A,b,I,b,688,2,4033.399999976158,606345.900000006,9074,WL,C,14.0
4,40.15000009536743,learn,19849.99990463257,Thu Jul 02 2026 15:19:25 GMT-0400 (Eastern Daylight Time),610529.2999999821,A,bo,I,o,126,2,4183.399999976158,606345.900000006,9074,WL,C,14.0
4,40.60000014305115,learn,19399.999856948853,Thu Jul 02 2026 15:19:25 GMT-0400 (Eastern Daylight Time),610979.2999999821,A,bod,I,d,423,2,4633.399999976158,606345.900000006,9074,WL,C,14.0
4,40.700000047683716,learn,19299.999952316284,Thu Jul 02 2026 15:19:25 GMT-0400 (Eastern Daylight Time),611079.1999999881,A,body,I,y,86,2,4733.299999982119,606345.900000006,9074,WL,C,14.0
4,41.182000160217285,learn,18817.999839782715,Thu Jul 02 2026 15:19:25 GMT-0400 (Eastern Daylight Time),611562.099999994,A,bodyenter,I,enter,465,2,5216.199999988079,606345.900000006,9074,WL,C,14.0
4,42.01600003242493,learn,17983.999967575073,Thu Jul 02 2026 15:19:25 GMT-0400 (Eastern Daylight Time),612396.0,A,s,I,s,819,2,833.5,611562.5,9074,WL,C,15.0
4,42.24900007247925,learn,17750.999927520752,Thu Jul 02 2026 15:19:25 GMT-0400 (Eastern Daylight Time),612628.900000006,A,sh,I,h,222,2,1066.4000000059605,611562.5,9074,WL,C,15.0
4,42.48300004005432,learn,17516.99995994568,Thu Jul 02 2026 15:19:25 GMT-0400 (Eastern Daylight Time),612862.599999994,A,sho,I,o,212,2,1300.0999999940395,611562.5,9074,WL,C,15.0
4,42.700000047683716,learn,17299.999952316284,Thu Jul 02 2026 15:19:25 GMT-0400 (Eastern Daylight Time),613079.1999999881,A,shor,I,r,193,2,1516.699999988079,611562.5,9074,WL,C,15.0
4,42.83300018310547,learn,17166.99981689453,Thu Jul 02 2026 15:19:25 GMT-0400 (Eastern Daylight Time),613212.599999994,A,shore,I,e,114,2,1650.0999999940395,611562.5,9074,WL,C,15.0
4,43.199000120162964,learn,16800.999879837036,Thu Jul 02 2026 15:19:25 GMT-0400 (Eastern Daylight Time),613578.900000006,A,shoreenter,I,enter,347,2,2016.4000000059605,611562.5,9074,WL,C,15.0
5,1.2839999198913574,learn,60000.0,Thu Jul 02 2026 15:19:25 GMT-0400 (Eastern Daylight Time),684329.400000006,A,s,I,s,1269,2,1283.1000000238419,683046.2999999821,9074,WL,C,1.0
5,1.4830000400543213,learn,60000.0,Thu Jul 02 2026 15:19:25 GMT-0400 (Eastern Daylight Time),684529.099999994,A,su,I,u,177,2,1482.800000011921,683046.2999999821,9074,WL,C,1.0
5,1.75,learn,60000.0,Thu Jul 02 2026 15:19:25 GMT-0400 (Eastern Daylight Time),684795.7999999821,A,sug,I,g,247,2,1749.5,683046.2999999821,9074,WL,C,1.0
5,1.934000015258789,learn,60000.0,Thu Jul 02 2026 15:19:25 GMT-0400 (Eastern Daylight Time),684979.2999999821,A,suga,I,a,153,2,1933.0,683046.2999999821,9074,WL,C,1.0
5,2.200000047683716,learn,60000.0,Thu Jul 02 2026 15:19:25 GMT-0400 (Eastern Daylight Time),685245.7999999821,A,sugar,I,r,237,2,2199.5,683046.2999999821,9074,WL,C,1.0
5,2.5329999923706055,learn,60000.0,Thu Jul 02 2026 15:19:25 GMT-0400 (Eastern Daylight Time),685578.599999994,A,sugarenter,I,enter,315,2,2532.300000011921,683046.2999999821,9074,WL,C,1.0
5,3.3499999046325684,learn,60000.0,Thu Jul 02 2026 15:19:25 GMT-0400 (Eastern Daylight Time),686395.7999999821,A,q,I,q,802,2,816.7999999821186,685579.0,9074,WL,C,2.0
5,3.566999912261963,learn,60000.0,Thu Jul 02 2026 15:19:25 GMT-0400 (Eastern Daylight Time),686612.5,A,qu,I,u,190,2,1033.5,685579.0,9074,WL,C,2.0
5,3.882999897003174,learn,60000.0,Thu Jul 02 2026 15:19:25 GMT-0400 (Eastern Daylight Time),686929.1999999881,A,que,I,e,285,2,1350.199999988079,685579.0,9074,WL,C,2.0
5,4.0329999923706055,learn,60000.0,Thu Jul 02 2026 15:19:25 GMT-0400 (Eastern Daylight Time),687079.1999999881,A,quee,I,e,136,2,1500.199999988079,685579.0,9074,WL,C,2.0
5,4.799999952316284,learn,60000.0,Thu Jul 02 2026 15:19:25 GMT-0400 (Eastern Daylight Time),687845.6999999881,A,queen,I,n,745,2,2266.699999988079,685579.0,9074,WL,C,2.0
5,5.266000032424927,learn,60000.0,Thu Jul 02 2026 15:19:25 GMT-0400 (Eastern Daylight Time),688311.900000006,A,queenenter,I,enter,450,2,2732.9000000059605,685579.0,9074,WL,C,2.0
5,6.366999864578247,learn,60000.0,Thu Jul 02 2026 15:19:25 GMT-0400 (Eastern Daylight Time),689412.5,A,w,I,w,1077,2,1100.2000000178814,688312.2999999821,9074,WL,C,3.0
5,6.632999897003174,learn,60000.0,Thu Jul 02 2026 15:19:25 GMT-0400 (Eastern Daylight Time),689679.1999999881,A,wh,I,h,245,2,1366.9000000059605,688312.2999999821,9074,WL,C,3.0
5,6.83299994468689,learn,60000.0,Thu Jul 02 2026 15:19:25 GMT-0400 (Eastern Daylight Time),689879.1999999881,A,whe,I,e,187,2,1566.9000000059605,688312.2999999821,9074,WL,C,3.0
5,7.016999959945679,learn,60000.0,Thu Jul 02 2026 15:19:25 GMT-0400 (Eastern Daylight Time),690062.5,A,whea,I,a,153,2,1750.2000000178814,688312.2999999821,9074,WL,C,3.0
5,7.25,learn,60000.0,Thu Jul 02 2026 15:19:25 GMT-0400 (Eastern Daylight Time),690295.599999994,A,wheat,I,t,219,2,1983.300000011921,688312.2999999821,9074,WL,C,3.0
5,7.684000015258789,learn,60000.0,Thu Jul 02 2026 15:19:25 GMT-0400 (Eastern Daylight Time),690729.6999999881,A,wheatenter,I,enter,418,2,2417.4000000059605,688312.2999999821,9074,WL,C,3.0
5,8.149999856948853,learn,60000.0,Thu Jul 02 2026 15:19:25 GMT-0400 (Eastern Daylight Time),691195.7999999821,A,t,I,t,451,2,465.69999998807907,690730.099999994,9074,WL,C,4.0
5,8.366999864578247,learn,60000.0,Thu Jul 02 2026 15:19:25 GMT-0400 (Eastern Daylight Time),691412.5,A,to,I,o,190,2,682.4000000059605,690730.099999994,9074,WL,C,4.0
5,8.632999897003174,learn,60000.0,Thu Jul 02 2026 15:19:25 GMT-0400 (Eastern Daylight Time),691679.1999999881,A,tow,I,w,245,2,949.0999999940395,690730.099999994,9074,WL,C,4.0
5,8.816999912261963,learn,60000.0,Thu Jul 02 2026 15:19:25 GMT-0400 (Eastern Daylight Time),691862.2999999821,A,towe,I,e,171,2,1132.199999988079,690730.099999994,9074,WL,C,4.0
5,9.116999864578247,learn,60000.0,Thu Jul 02 2026 15:19:25 GMT-0400 (Eastern Daylight Time),692162.5,A,tower,I,r,273,2,1432.4000000059605,690730.099999994,9074,WL,C,4.0
5,9.75,learn,60000.0,Thu Jul 02 2026 15:19:25 GMT-0400 (Eastern Daylight Time),692795.2999999821,A,towerenter,I,enter,614,2,2065.199999988079,690730.099999994,9074,WL,C,4.0
5,10.5,learn,60000.0,Thu Jul 02 2026 15:19:25 GMT-0400 (Eastern Daylight Time),693545.900000006,A,h,I,h,738,2,750.1000000238419,692795.7999999821,9074,WL,C,5.0
5,10.782999992370605,learn,60000.0,Thu Jul 02 2026 15:19:25 GMT-0400 (Eastern Daylight Time),693828.7999999821,A,ho,I,o,270,2,1033.0,692795.7999999821,9074,WL,C,5.0
5,11.116999864578247,learn,60000.0,Thu Jul 02 2026 15:19:25 GMT-0400 (Eastern Daylight Time),694162.400000006,A,hom,I,m,307,2,1366.6000000238419,692795.7999999821,9074,WL,C,5.0
5,11.566999912261963,learn,60000.0,Thu Jul 02 2026 15:19:25 GMT-0400 (Eastern Daylight Time),694612.5,A,home,I,e,424,2,1816.7000000178814,692795.7999999821,9074,WL,C,5.0
5,11.950000047683716,learn,60000.0,Thu Jul 02 2026 15:19:25 GMT-0400 (Eastern Daylight Time),694995.400000006,A,homeenter,I,enter,355,2,2199.600000023842,692795.7999999821,9074,WL,C,5.0
5,12.599999904632568,learn,60000.0,Thu Jul 02 2026 15:19:25 GMT-0400 (Eastern Daylight Time),695645.7999999821,A,l,I,l,634,2,650.0999999940395,694995.6999999881,9074,WL,C,6.0
5,12.782999992370605,learn,60000.0,Thu Jul 02 2026 15:19:25 GMT-0400 (Eastern Daylight Time),695828.900000006,A,le,I,e,171,2,833.2000000178814,694995.6999999881,9074,WL,C,6.0
5,13.08299994468689,learn,60000.0,Thu Jul 02 2026 15:19:25 GMT-0400 (Eastern Daylight Time),696129.1999999881,A,let,I,t,269,2,1133.5,694995.6999999881,9074,WL,C,6.0
5,13.266999959945679,learn,60000.0,Thu Jul 02 2026 15:19:25 GMT-0400 (Eastern Daylight Time),696312.400000006,A,lett,I,t,168,2,1316.7000000178814,694995.6999999881,9074,WL,C,6.0
5,13.450000047683716,learn,60000.0,Thu Jul 02 2026 15:19:25 GMT-0400 (Eastern Daylight Time),696495.6999999881,A,lette,I,e,162,2,1500.0,694995.6999999881,9074,WL,C,6.0
5,13.566999912261963,learn,60000.0,Thu Jul 02 2026 15:19:25 GMT-0400 (Eastern Daylight Time),696612.599999994,A,letter,I,r,97,2,1616.9000000059605,694995.6999999881,9074,WL,C,6.0
5,13.950000047683716,learn,60000.0,Thu Jul 02 2026 15:19:25 GMT-0400 (Eastern Daylight Time),696995.5,A,letterenter,I,enter,354,2,1999.800000011921,694995.6999999881,9074,WL,C,6.0
5,14.83299994468689,learn,60000.0,Thu Jul 02 2026 15:19:25 GMT-0400 (Eastern Daylight Time),697879.099999994,A,d,I,d,873,2,883.3000000119209,696995.7999999821,9074,WL,C,7.0
5,15.08299994468689,learn,60000.0,Thu Jul 02 2026 15:19:25 GMT-0400 (Eastern Daylight Time),698129.0,A,do,I,o,226,2,1133.2000000178814,696995.7999999821,9074,WL,C,7.0
5,15.282999992370605,learn,60000.0,Thu Jul 02 2026 15:19:25 GMT-0400 (Eastern Daylight Time),698329.099999994,A,doc,I,c,183,2,1333.300000011921,696995.7999999821,9074,WL,C,7.0
5,15.58299994468689,learn,60000.0,Thu Jul 02 2026 15:19:25 GMT-0400 (Eastern Daylight Time),698628.900000006,A,doct,I,t,287,2,1633.1000000238419,696995.7999999821,9074,WL,C,7.0
5,15.799999952316284,learn,60000.0,Thu Jul 02 2026 15:19:25 GMT-0400 (Eastern Daylight Time),698845.6999999881,A,docto,I,o,196,2,1849.9000000059605,696995.7999999821,9074,WL,C,7.0
5,16.0,learn,60000.0,Thu Jul 02 2026 15:19:25 GMT-0400 (Eastern Daylight Time),699045.6999999881,A,doctor,I,r,187,2,2049.9000000059605,696995.7999999821,9074,WL,C,7.0
5,16.59999990463257,learn,60000.0,Thu Jul 02 2026 15:19:25 GMT-0400 (Eastern Daylight Time),699645.400000006,A,doctorenter,I,enter,571,2,2649.600000023842,696995.7999999821,9074,WL,C,7.0
5,17.26699995994568,learn,60000.0,Thu Jul 02 2026 15:19:25 GMT-0400 (Eastern Daylight Time),700312.400000006,A,b,I,b,656,2,666.7000000178814,699645.6999999881,9074,WL,C,8.0
5,17.51699995994568,learn,60000.0,Thu Jul 02 2026 15:19:25 GMT-0400 (Eastern Daylight Time),700562.400000006,A,bo,I,o,224,2,916.7000000178814,699645.6999999881,9074,WL,C,8.0
5,17.782999992370605,learn,60000.0,Thu Jul 02 2026 15:19:25 GMT-0400 (Eastern Daylight Time),700829.0,A,boy,I,y,248,2,1183.300000011921,699645.6999999881,9074,WL,C,8.0
5,18.34999990463257,learn,60000.0,Thu Jul 02 2026 15:19:25 GMT-0400 (Eastern Daylight Time),701395.2999999821,A,boyenter,I,enter,539,2,1749.5999999940395,699645.6999999881,9074,WL,C,8.0
5,19.049999952316284,learn,60000.0,Thu Jul 02 2026 15:19:25 GMT-0400 (Eastern Daylight Time),702095.7999999821,A,c,I,c,682,2,700.0999999940395,701395.6999999881,9074,WL,C,9.0
5,19.217000007629395,learn,60000.0,Thu Jul 02 2026 15:19:25 GMT-0400 (Eastern Daylight Time),702262.400000006,A,ca,I,a,152,2,866.7000000178814,701395.6999999881,9074,WL,C,9.0
5,20.200000047683716,learn,60000.0,Thu Jul 02 2026 15:19:25 GMT-0400 (Eastern Daylight Time),703245.6999999881,A,cam,I,m,962,2,1850.0,701395.6999999881,9074,WL,C,9.0
5,20.700000047683716,learn,60000.0,Thu Jul 02 2026 15:19:25 GMT-0400 (Eastern Daylight Time),703745.6999999881,A,camp,I,p,476,2,2350.0,701395.6999999881,9074,WL,C,9.0
5,21.215999841690063,learn,60000.0,Thu Jul 02 2026 15:19:25 GMT-0400 (Eastern Daylight Time),704262.0,A,campenter,I,enter,502,2,2866.300000011921,701395.6999999881,9074,WL,C,9.0
5,21.91700005531311,learn,60000.0,Thu Jul 02 2026 15:19:25 GMT-0400 (Eastern Daylight Time),704962.400000006,A,f,I,f,679,2,700.1000000238419,704262.2999999821,9074,WL,C,10.0
5,22.09999990463257,learn,60000.0,Thu Jul 02 2026 15:19:25 GMT-0400 (Eastern Daylight Time),705145.6999999881,A,fl,I,l,167,2,883.4000000059605,704262.2999999821,9074,WL,C,10.0
5,22.299999952316284,learn,60000.0,Thu Jul 02 2026 15:19:25 GMT-0400 (Eastern Daylight Time),705345.6999999881,A,fla,I,a,175,2,1083.4000000059605,704262.2999999821,9074,WL,C,10.0
5,22.682999849319458,learn,60000.0,Thu Jul 02 2026 15:19:25 GMT-0400 (Eastern Daylight Time),705729.099999994,A,flag,I,g,359,2,1466.800000011921,704262.2999999821,9074,WL,C,10.0
5,23.16700005531311,learn,60000.0,Thu Jul 02 2026 15:19:25 GMT-0400 (Eastern Daylight Time),706213.099999994,A,flagenter,I,enter,471,2,1950.800000011921,704262.2999999821,9074,WL,C,10.0
5,23.816999912261963,learn,60000.0,Thu Jul 02 2026 15:19:25 GMT-0400 (Eastern Daylight Time),706862.400000006,A,n,I,n,632,2,648.9000000059605,706213.5,9074,WL,C,11.0
5,23.98300004005432,learn,60000.0,Thu Jul 02 2026 15:19:25 GMT-0400 (Eastern Daylight Time),707028.900000006,A,na,I,a,153,2,815.4000000059605,706213.5,9074,WL,C,11.0
5,24.132999897003174,learn,60000.0,Thu Jul 02 2026 15:19:25 GMT-0400 (Eastern Daylight Time),707179.099999994,A,nai,I,i,122,2,965.5999999940395,706213.5,9074,WL,C,11.0
5,24.382999897003174,learn,60000.0,Thu Jul 02 2026 15:19:25 GMT-0400 (Eastern Daylight Time),707428.7999999821,A,nail,I,l,237,2,1215.2999999821186,706213.5,9074,WL,C,11.0
5,25.049999952316284,learn,60000.0,Thu Jul 02 2026 15:19:25 GMT-0400 (Eastern Daylight Time),708095.400000006,A,nailenter,I,enter,635,2,1881.9000000059605,706213.5,9074,WL,C,11.0
5,25.75,learn,60000.0,Thu Jul 02 2026 15:19:25 GMT-0400 (Eastern Daylight Time),708795.6999999881,A,c,I,c,685,2,700.0,708095.6999999881,9074,WL,C,12.0
5,25.91700005531311,learn,60000.0,Thu Jul 02 2026 15:19:25 GMT-0400 (Eastern Daylight Time),708962.400000006,A,co,I,o,143,2,866.7000000178814,708095.6999999881,9074,WL,C,12.0
5,26.066999912261963,learn,60000.0,Thu Jul 02 2026 15:19:25 GMT-0400 (Eastern Daylight Time),709112.5,A,cor,I,r,127,2,1016.8000000119209,708095.6999999881,9074,WL,C,12.0
5,26.26699995994568,learn,60000.0,Thu Jul 02 2026 15:19:25 GMT-0400 (Eastern Daylight Time),709312.400000006,A,corn,I,n,167,2,1216.7000000178814,708095.6999999881,9074,WL,C,12.0
5,26.783999919891357,learn,60000.0,Thu Jul 02 2026 15:19:25 GMT-0400 (Eastern Daylight Time),709829.6999999881,A,cornenter,I,enter,505,2,1734.0,708095.6999999881,9074,WL,C,12.0
5,27.399999856948853,learn,60000.0,Thu Jul 02 2026 15:19:25 GMT-0400 (Eastern Daylight Time),710445.7999999821,A,c,I,c,600,2,615.6999999880791,709830.099999994,9074,WL,C,13.0
5,27.566999912261963,learn,60000.0,Thu Jul 02 2026 15:19:25 GMT-0400 (Eastern Daylight Time),710612.5,A,ca,I,a,141,2,782.4000000059605,709830.099999994,9074,WL,C,13.0
5,27.91700005531311,learn,60000.0,Thu Jul 02 2026 15:19:25 GMT-0400 (Eastern Daylight Time),710962.599999994,A,cat,I,t,315,2,1132.5,709830.099999994,9074,WL,C,13.0
5,28.09999990463257,learn,60000.0,Thu Jul 02 2026 15:19:25 GMT-0400 (Eastern Daylight Time),711145.6999999881,A,catt,I,t,165,2,1315.5999999940395,709830.099999994,9074,WL,C,13.0
5,28.25,learn,60000.0,Thu Jul 02 2026 15:19:25 GMT-0400 (Eastern Daylight Time),711295.599999994,A,cattl,I,l,126,2,1465.5,709830.099999994,9074,WL,C,13.0
5,28.682999849319458,learn,60000.0,Thu Jul 02 2026 15:19:25 GMT-0400 (Eastern Daylight Time),711729.099999994,A,cattle,I,e,409,2,1899.0,709830.099999994,9074,WL,C,13.0
5,29.09999990463257,learn,60000.0,Thu Jul 02 2026 15:19:25 GMT-0400 (Eastern Daylight Time),712145.2999999821,A,cattleenter,I,enter,391,2,2315.199999988079,709830.099999994,9074,WL,C,13.0
5,30.816999912261963,learn,60000.0,Thu Jul 02 2026 15:19:25 GMT-0400 (Eastern Daylight Time),713862.2999999821,A,b,I,b,1708,2,1716.5999999940395,712145.6999999881,9074,WL,C,14.0
5,31.032999992370605,learn,60000.0,Thu Jul 02 2026 15:19:25 GMT-0400 (Eastern Daylight Time),714078.900000006,A,bo,I,o,193,2,1933.2000000178814,712145.6999999881,9074,WL,C,14.0
5,31.299999952316284,learn,60000.0,Thu Jul 02 2026 15:19:25 GMT-0400 (Eastern Daylight Time),714345.6999999881,A,bod,I,d,245,2,2200.0,712145.6999999881,9074,WL,C,14.0
5,31.450000047683716,learn,60000.0,Thu Jul 02 2026 15:19:25 GMT-0400 (Eastern Daylight Time),714495.6999999881,A,body,I,y,127,2,2350.0,712145.6999999881,9074,WL,C,14.0
5,31.950000047683716,learn,60000.0,Thu Jul 02 2026 15:19:25 GMT-0400 (Eastern Daylight Time),714995.2999999821,A,bodyenter,I,enter,463,2,2849.5999999940395,712145.6999999881,9074,WL,C,14.0
5,32.59999990463257,learn,60000.0,Thu Jul 02 2026 15:19:25 GMT-0400 (Eastern Daylight Time),715645.6999999881,A,s,I,s,633,2,650.0999999940395,714995.599999994,9074,WL,C,15.0
5,32.84999990463257,learn,60000.0,Thu Jul 02 2026 15:19:25 GMT-0400 (Eastern Daylight Time),715895.900000006,A,sh,I,h,235,2,900.3000000119209,714995.599999994,9074,WL,C,15.0
5,33.08299994468689,learn,60000.0,Thu Jul 02 2026 15:19:25 GMT-0400 (Eastern Daylight Time),716129.099999994,A,sho,I,o,200,2,1133.5,714995.599999994,9074,WL,C,15.0
5,33.34999990463257,learn,60000.0,Thu Jul 02 2026 15:19:25 GMT-0400 (Eastern Daylight Time),716395.6999999881,A,shor,I,r,247,2,1400.0999999940395,714995.599999994,9074,WL,C,15.0
5,33.549999952316284,learn,60000.0,Thu Jul 02 2026 15:19:25 GMT-0400 (Eastern Daylight Time),716595.6999999881,A,shore,I,e,173,2,1600.0999999940395,714995.599999994,9074,WL,C,15.0
5,34.365999937057495,learn,60000.0,Thu Jul 02 2026 15:19:25 GMT-0400 (Eastern Daylight Time),717411.7999999821,A,shoreenter,I,enter,796,2,2416.199999988079,714995.599999994,9074,WL,C,15.0
6,2.4170000553131104,distr,57582.99994468689,Thu Jul 02 2026 15:19:25 GMT-0400 (Eastern Daylight Time),791495.599999994,B,d,I,d,2404,2,2416.0999999940395,789079.5,9074,WL,C,1.0
6,2.566999912261963,distr,57433.00008773804,Thu Jul 02 2026 15:19:25 GMT-0400 (Eastern Daylight Time),791645.599999994,B,di,I,i,130,2,2566.0999999940395,789079.5,9074,WL,C,1.0
6,2.75,distr,57250.0,Thu Jul 02 2026 15:19:25 GMT-0400 (Eastern Daylight Time),791829.0,B,dia,I,a,157,2,2749.5,789079.5,9074,WL,C,1.0
6,2.884000062942505,distr,57115.999937057495,Thu Jul 02 2026 15:19:25 GMT-0400 (Eastern Daylight Time),791962.2999999821,B,diam,I,m,116,2,2882.7999999821186,789079.5,9074,WL,C,1.0
6,3.049999952316284,distr,56950.000047683716,Thu Jul 02 2026 15:19:25 GMT-0400 (Eastern Daylight Time),792129.0,B,diamo,I,o,144,2,3049.5,789079.5,9074,WL,C,1.0
6,3.2170000076293945,distr,56782.999992370605,Thu Jul 02 2026 15:19:25 GMT-0400 (Eastern Daylight Time),792295.5,B,diamon,I,n,154,2,3216.0,789079.5,9074,WL,C,1.0
6,3.950000047683716,distr,56049.999952316284,Thu Jul 02 2026 15:19:25 GMT-0400 (Eastern Daylight Time),793028.7999999821,B,diamond,I,d,721,2,3949.2999999821186,789079.5,9074,WL,C,1.0
6,4.450000047683716,distr,55549.999952316284,Thu Jul 02 2026 15:19:25 GMT-0400 (Eastern Daylight Time),793528.400000006,B,diamondenter,I,enter,480,2,4448.9000000059605,789079.5,9074,WL,C,1.0
6,4.932999849319458,distr,55067.00015068054,Thu Jul 02 2026 15:19:25 GMT-0400 (Eastern Daylight Time),794012.0,B,d,I,d,468,2,483.2000000178814,793528.7999999821,9074,WL,C,2.0
6,5.099999904632568,distr,54900.00009536743,Thu Jul 02 2026 15:19:25 GMT-0400 (Eastern Daylight Time),794178.900000006,B,do,I,o,133,2,650.1000000238419,793528.7999999821,9074,WL,C,2.0
6,5.366999864578247,distr,54633.00013542175,Thu Jul 02 2026 15:19:25 GMT-0400 (Eastern Daylight Time),794445.6999999881,B,dol,I,l,246,2,916.9000000059605,793528.7999999821,9074,WL,C,2.0
6,5.5329999923706055,distr,54467.000007629395,Thu Jul 02 2026 15:19:25 GMT-0400 (Eastern Daylight Time),794612.099999994,B,doll,I,l,139,2,1083.300000011921,793528.7999999821,9074,WL,C,2.0
6,5.6499998569488525,distr,54350.00014305115,Thu Jul 02 2026 15:19:25 GMT-0400 (Eastern Daylight Time),794728.900000006,B,dolla,I,a,103,2,1200.1000000238419,793528.7999999821,9074,WL,C,2.0
6,5.866999864578247,distr,54133.00013542175,Thu Jul 02 2026 15:19:25 GMT-0400 (Eastern Daylight Time),794945.599999994,B,dollar,I,r,184,2,1416.800000011921,793528.7999999821,9074,WL,C,2.0
6,6.08299994468689,distr,53917.00005531311,Thu Jul 02 2026 15:19:25 GMT-0400 (Eastern Daylight Time),795161.7999999821,B,dollarenter,I,enter,191,2,1633.0,793528.7999999821,9074,WL,C,2.0
6,6.58299994468689,distr,53417.00005531311,Thu Jul 02 2026 15:19:25 GMT-0400 (Eastern Daylight Time),795662.1999999881,B,c,I,c,483,2,500.0,795162.1999999881,9074,WL,C,3.0
6,6.7170000076293945,distr,53282.999992370605,Thu Jul 02 2026 15:19:25 GMT-0400 (Eastern Daylight Time),795795.5,B,ch,I,h,105,2,633.3000000119209,795162.1999999881,9074,WL,C,3.0
6,6.849999904632568,distr,53150.00009536743,Thu Jul 02 2026 15:19:25 GMT-0400 (Eastern Daylight Time),795928.900000006,B,chr,I,r,109,2,766.7000000178814,795162.1999999881,9074,WL,C,3.0
6,6.9670000076293945,distr,53032.999992370605,Thu Jul 02 2026 15:19:25 GMT-0400 (Eastern Daylight Time),796045.599999994,B,chri,I,i,98,2,883.4000000059605,795162.1999999881,9074,WL,C,3.0
6,7.116999864578247,distr,52883.00013542175,Thu Jul 02 2026 15:19:25 GMT-0400 (Eastern Daylight Time),796195.5,B,chris,I,s,114,2,1033.300000011921,795162.1999999881,9074,WL,C,3.0
6,7.2829999923706055,distr,52717.000007629395,Thu Jul 02 2026 15:19:25 GMT-0400 (Eastern Daylight Time),796362.1999999881,B,christ,I,t,141,2,1200.0,795162.1999999881,9074,WL,C,3.0
6,7.41700005531311,distr,52582.99994468689,Thu Jul 02 2026 15:19:25 GMT-0400 (Eastern Daylight Time),796495.6999999881,B,christi,I,i,110,2,1333.5,795162.1999999881,9074,WL,C,3.0
6,8.233000040054321,distr,51766.99995994568,Thu Jul 02 2026 15:19:25 GMT-0400 (Eastern Daylight Time),797312.099999994,B,christ,I,backspace,782,2,2149.9000000059605,795162.1999999881,9074,WL,C,3.0
6,10.08299994468689,distr,49917.00005531311,Thu Jul 02 2026 15:19:25 GMT-0400 (Eastern Daylight Time),799162.1999999881,B,christm,I,m,1833,2,4000.0,795162.1999999881,9074,WL,C,3.0
6,10.217000007629395,distr,49782.999992370605,Thu Jul 02 2026 15:19:25 GMT-0400 (Eastern Daylight Time),799295.599999994,B,christma,I,a,111,2,4133.4000000059605,795162.1999999881,9074,WL,C,3.0
6,10.316999912261963,distr,49683.00008773804,Thu Jul 02 2026 15:19:25 GMT-0400 (Eastern Daylight Time),799395.5,B,christmas,I,s,73,2,4233.300000011921,795162.1999999881,9074,WL,C,3.0
6,10.932999849319458,distr,49067.00015068054,Thu Jul 02 2026 15:19:25 GMT-0400 (Eastern Daylight Time),800011.6999999881,B,christmasenter,I,enter,587,2,4849.5,795162.1999999881,9074,WL,C,3.0
6,11.950000047683716,distr,48049.999952316284,Thu Jul 02 2026 15:19:25 GMT-0400 (Eastern Daylight Time),801028.5,B,m,I,m,1009,2,1016.4000000059605,800012.099999994,9074,WL,C,4.0
6,12.116999864578247,distr,47883.00013542175,Thu Jul 02 2026 15:19:25 GMT-0400 (Eastern Daylight Time),801195.599999994,B,mo,I,o,148,2,1183.5,800012.099999994,9074,WL,C,4.0
6,12.382999897003174,distr,47617.000102996826,Thu Jul 02 2026 15:19:25 GMT-0400 (Eastern Daylight Time),801462.1999999881,B,mot,I,t,244,2,1450.0999999940395,800012.099999994,9074,WL,C,4.0
6,12.516999959945679,distr,47483.00004005432,Thu Jul 02 2026 15:19:25 GMT-0400 (Eastern Daylight Time),801595.599999994,B,moth,I,h,115,2,1583.5,800012.099999994,9074,WL,C,4.0
6,12.684000015258789,distr,47315.99998474121,Thu Jul 02 2026 15:19:25 GMT-0400 (Eastern Daylight Time),801762.2999999821,B,mothe,I,e,141,2,1750.199999988079,800012.099999994,9074,WL,C,4.0
6,12.75,distr,47250.0,Thu Jul 02 2026 15:19:25 GMT-0400 (Eastern Daylight Time),801828.1999999881,B,mother,I,r,46,2,1816.0999999940395,800012.099999994,9074,WL,C,4.0
6,13.766000032424927,distr,46233.99996757507,Thu Jul 02 2026 15:19:25 GMT-0400 (Eastern Daylight Time),802845.099999994,B,motherenter,I,enter,997,2,2833.0,800012.099999994,9074,WL,C,4.0
6,14.450000047683716,distr,45549.999952316284,Thu Jul 02 2026 15:19:25 GMT-0400 (Eastern Daylight Time),803528.900000006,B,t,I,t,672,2,683.5,802845.400000006,9074,WL,C,5.0
6,14.700000047683716,distr,45299.999952316284,Thu Jul 02 2026 15:19:25 GMT-0400 (Eastern Daylight Time),803778.900000006,B,to,I,o,224,2,933.5,802845.400000006,9074,WL,C,5.0
6,16.032999992370605,distr,43967.000007629395,Thu Jul 02 2026 15:19:25 GMT-0400 (Eastern Daylight Time),805112.0,B,too,I,o,1319,2,2266.5999999940395,802845.400000006,9074,WL,C,5.0
6,16.566999912261963,distr,43433.00008773804,Thu Jul 02 2026 15:19:25 GMT-0400 (Eastern Daylight Time),805645.599999994,B,tool,I,l,512,2,2800.199999988079,802845.400000006,9074,WL,C,5.0
6,16.98300004005432,distr,43016.99995994568,Thu Jul 02 2026 15:19:25 GMT-0400 (Eastern Daylight Time),806061.7999999821,B,toolenter,I,enter,396,2,3216.399999976158,802845.400000006,9074,WL,C,5.0
6,17.799999952316284,distr,42200.000047683716,Thu Jul 02 2026 15:19:25 GMT-0400 (Eastern Daylight Time),806878.7999999821,B,s,I,s,799,2,816.6999999880791,806062.099999994,9074,WL,C,6.0
6,17.932999849319458,distr,42067.00015068054,Thu Jul 02 2026 15:19:25 GMT-0400 (Eastern Daylight Time),807012.1999999881,B,sk,I,k,107,2,950.0999999940395,806062.099999994,9074,WL,C,6.0
6,18.200000047683716,distr,41799.999952316284,Thu Jul 02 2026 15:19:25 GMT-0400 (Eastern Daylight Time),807278.900000006,B,sky,I,y,245,2,1216.800000011921,806062.099999994,9074,WL,C,6.0
6,19.81599998474121,distr,40184.00001525879,Thu Jul 02 2026 15:19:25 GMT-0400 (Eastern Daylight Time),808895.099999994,B,skyenter,I,enter,1593,2,2833.0,806062.099999994,9074,WL,C,6.0
6,30.782999992370605,distr,29217.000007629395,Thu Jul 02 2026 15:19:25 GMT-0400 (Eastern Daylight Time),819862.1999999881,B,w,I,w,10958,2,10966.799999982119,808895.400000006,9074,WL,C,7.0
6,30.932999849319458,distr,29067.000150680542,Thu Jul 02 2026 15:19:25 GMT-0400 (Eastern Daylight Time),820012.1999999881,B,wi,I,i,131,2,11116.799999982119,808895.400000006,9074,WL,C,7.0
6,31.33299994468689,distr,28667.00005531311,Thu Jul 02 2026 15:19:25 GMT-0400 (Eastern Daylight Time),820412.099999994,B,win,I,n,381,2,11516.699999988079,808895.400000006,9074,WL,C,7.0
6,31.91700005531311,distr,28082.99994468689,Thu Jul 02 2026 15:19:25 GMT-0400 (Eastern Daylight Time),820995.5,B,wine,I,e,558,2,12100.09999999404,808895.400000006,9074,WL,C,7.0
6,32.0,distr,28000.0,Thu Jul 02 2026 15:19:25 GMT-0400 (Eastern Daylight Time),821078.400000006,B,winer,I,r,69,2,12183.0,808895.400000006,9074,WL,C,7.0
6,32.75,distr,27250.0,Thu Jul 02 2026 15:19:25 GMT-0400 (Eastern Daylight Time),821828.6999999881,B,wine,I,backspace,743,2,12933.299999982119,808895.400000006,9074,WL,C,7.0
6,32.967000007629395,distr,27032.999992370605,Thu Jul 02 2026 15:19:25 GMT-0400 (Eastern Daylight Time),822045.5,B,win,I,backspace,196,2,13150.09999999404,808895.400000006,9074,WL,C,7.0
6,33.200000047683716,distr,26799.999952316284,Thu Jul 02 2026 15:19:25 GMT-0400 (Eastern Daylight Time),822278.7999999821,B,wint,I,t,219,2,13383.399999976158,808895.400000006,9074,WL,C,7.0
6,33.51699995994568,distr,26483.00004005432,Thu Jul 02 2026 15:19:25 GMT-0400 (Eastern Daylight Time),822595.5,B,winte,I,e,290,2,13700.09999999404,808895.400000006,9074,WL,C,7.0
6,33.549999952316284,distr,26450.000047683716,Thu Jul 02 2026 15:19:25 GMT-0400 (Eastern Daylight Time),822628.400000006,B,winter,I,r,22,2,13733.0,808895.400000006,9074,WL,C,7.0
6,34.71600008010864,distr,25283.999919891357,Thu Jul 02 2026 15:19:25 GMT-0400 (Eastern Daylight Time),823795.099999994,B,winterenter,I,enter,1143,2,14899.699999988079,808895.400000006,9074,WL,C,7.0
6,53.03399991989136,distr,6966.000080108643,Thu Jul 02 2026 15:19:25 GMT-0400 (Eastern Daylight Time),842112.2999999821,B,t,I,t,18298,2,18317.0,823795.2999999821,9074,WL,C,8.0
6,53.48300004005432,distr,6516.999959945679,Thu Jul 02 2026 15:19:25 GMT-0400 (Eastern Daylight Time),842562.1999999881,B,tr,I,r,424,2,18766.90000000596,823795.2999999821,9074,WL,C,8.0
6,53.75,distr,6250.0,Thu Jul 02 2026 15:19:25 GMT-0400 (Eastern Daylight Time),842828.7999999821,B,tre,I,e,247,2,19033.5,823795.2999999821,9074,WL,C,8.0
6,53.93299984931946,distr,6067.000150680542,Thu Jul 02 2026 15:19:25 GMT-0400 (Eastern Daylight Time),843012.1999999881,B,tree,I,e,172,2,19216.90000000596,823795.2999999821,9074,WL,C,8.0
6,54.58299994468689,distr,5417.00005531311,Thu Jul 02 2026 15:19:25 GMT-0400 (Eastern Daylight Time),843661.6999999881,B,treeenter,I,enter,628,2,19866.40000000596,823795.2999999821,9074,WL,C,8.0
6,60.01699995994568,distr,-16.99995994567871,Thu Jul 02 2026 15:19:25 GMT-0400 (Eastern Daylight Time),849095.6999999881,B,None,I,None,5427,2,5433.5999999940395,843662.099999994,9074,WL,C,9.0
7,2.132999897003174,immed,57867.000102996826,Thu Jul 02 2026 15:19:25 GMT-0400 (Eastern Daylight Time),866478.7999999821,A,s,I,s,2114,2,2132.899999976158,864345.900000006,9074,WL,C,1.0
7,2.2660000324249268,immed,57733.99996757507,Thu Jul 02 2026 15:19:25 GMT-0400 (Eastern Daylight Time),866612.0,A,su,I,u,123,2,2266.0999999940395,864345.900000006,9074,WL,C,1.0
7,2.549999952316284,immed,57450.000047683716,Thu Jul 02 2026 15:19:25 GMT-0400 (Eastern Daylight Time),866895.599999994,A,sug,I,g,251,2,2549.699999988079,864345.900000006,9074,WL,C,1.0
7,2.7160000801086426,immed,57283.99991989136,Thu Jul 02 2026 15:19:25 GMT-0400 (Eastern Daylight Time),867062.0,A,suga,I,a,154,2,2716.0999999940395,864345.900000006,9074,WL,C,1.0
7,2.9830000400543213,immed,57016.99995994568,Thu Jul 02 2026 15:19:25 GMT-0400 (Eastern Daylight Time),867328.6999999881,A,sugar,I,r,242,2,2982.7999999821186,864345.900000006,9074,WL,C,1.0
7,3.449000120162964,immed,56550.999879837036,Thu Jul 02 2026 15:19:25 GMT-0400 (Eastern Daylight Time),867795.0,A,sugarenter,I,enter,438,2,3449.0999999940395,864345.900000006,9074,WL,C,1.0
7,4.200000047683716,immed,55799.999952316284,Thu Jul 02 2026 15:19:25 GMT-0400 (Eastern Daylight Time),868545.400000006,A,q,I,q,730,2,750.1000000238419,867795.2999999821,9074,WL,C,2.0
7,4.382999897003174,immed,55617.000102996826,Thu Jul 02 2026 15:19:25 GMT-0400 (Eastern Daylight Time),868728.6999999881,A,qu,I,u,168,2,933.4000000059605,867795.2999999821,9074,WL,C,2.0
7,4.665999889373779,immed,55334.00011062622,Thu Jul 02 2026 15:19:25 GMT-0400 (Eastern Daylight Time),869012.099999994,A,que,I,e,256,2,1216.800000011921,867795.2999999821,9074,WL,C,2.0
7,4.815999984741211,immed,55184.00001525879,Thu Jul 02 2026 15:19:25 GMT-0400 (Eastern Daylight Time),869162.099999994,A,quee,I,e,133,2,1366.800000011921,867795.2999999821,9074,WL,C,2.0
7,5.200000047683716,immed,54799.999952316284,Thu Jul 02 2026 15:19:25 GMT-0400 (Eastern Daylight Time),869545.400000006,A,queen,I,n,367,2,1750.1000000238419,867795.2999999821,9074,WL,C,2.0
7,5.699000120162964,immed,54300.999879837036,Thu Jul 02 2026 15:19:25 GMT-0400 (Eastern Daylight Time),870044.900000006,A,queenenter,I,enter,477,2,2249.600000023842,867795.2999999821,9074,WL,C,2.0
7,6.415999889373779,immed,53584.00011062622,Thu Jul 02 2026 15:19:25 GMT-0400 (Eastern Daylight Time),870762.1999999881,A,w,I,w,704,2,717.0,870045.1999999881,9074,WL,C,3.0
7,6.900000095367432,immed,53099.99990463257,Thu Jul 02 2026 15:19:25 GMT-0400 (Eastern Daylight Time),871245.2999999821,A,wh,I,h,462,2,1200.0999999940395,870045.1999999881,9074,WL,C,3.0
7,7.433000087738037,immed,52566.99991226196,Thu Jul 02 2026 15:19:25 GMT-0400 (Eastern Daylight Time),871778.7999999821,A,whe,I,e,506,2,1733.5999999940395,870045.1999999881,9074,WL,C,3.0
7,7.615999937057495,immed,52384.000062942505,Thu Jul 02 2026 15:19:25 GMT-0400 (Eastern Daylight Time),871962.0,A,whea,I,a,167,2,1916.800000011921,870045.1999999881,9074,WL,C,3.0
7,7.882999897003174,immed,52117.000102996826,Thu Jul 02 2026 15:19:25 GMT-0400 (Eastern Daylight Time),872228.400000006,A,wheat,I,t,255,2,2183.2000000178814,870045.1999999881,9074,WL,C,3.0
7,8.433000087738037,immed,51566.99991226196,Thu Jul 02 2026 15:19:25 GMT-0400 (Eastern Daylight Time),872778.2999999821,A,wheatenter,I,enter,525,2,2733.0999999940395,870045.1999999881,9074,WL,C,3.0
7,8.766000032424927,immed,51233.99996757507,Thu Jul 02 2026 15:19:25 GMT-0400 (Eastern Daylight Time),873112.0,A,t,I,t,322,2,333.40000000596046,872778.599999994,9074,WL,C,4.0
7,9.0,immed,51000.0,Thu Jul 02 2026 15:19:25 GMT-0400 (Eastern Daylight Time),873345.400000006,A,to,I,o,210,2,566.8000000119209,872778.599999994,9074,WL,C,4.0
7,9.216000080108643,immed,50783.99991989136,Thu Jul 02 2026 15:19:25 GMT-0400 (Eastern Daylight Time),873562.099999994,A,tow,I,w,201,2,783.5,872778.599999994,9074,WL,C,4.0
7,9.433000087738037,immed,50566.99991226196,Thu Jul 02 2026 15:19:25 GMT-0400 (Eastern Daylight Time),873778.6999999881,A,towe,I,e,183,2,1000.0999999940395,872778.599999994,9074,WL,C,4.0
7,9.716000080108643,immed,50283.99991989136,Thu Jul 02 2026 15:19:25 GMT-0400 (Eastern Daylight Time),874062.0,A,tower,I,r,264,2,1283.4000000059605,872778.599999994,9074,WL,C,4.0
7,10.1489999294281,immed,49851.0000705719,Thu Jul 02 2026 15:19:25 GMT-0400 (Eastern Daylight Time),874494.900000006,A,towerenter,I,enter,411,2,1716.300000011921,872778.599999994,9074,WL,C,4.0
7,10.716000080108643,immed,49283.99991989136,Thu Jul 02 2026 15:19:25 GMT-0400 (Eastern Daylight Time),875061.1999999881,A,h,I,h,557,2,565.9000000059605,874495.2999999821,9074,WL,C,5.0
7,11.16599988937378,immed,48834.00011062622,Thu Jul 02 2026 15:19:25 GMT-0400 (Eastern Daylight Time),875512.0,A,ho,I,o,440,2,1016.7000000178814,874495.2999999821,9074,WL,C,5.0
7,12.0,immed,48000.0,Thu Jul 02 2026 15:19:25 GMT-0400 (Eastern Daylight Time),876345.400000006,A,hom,I,m,818,2,1850.1000000238419,874495.2999999821,9074,WL,C,5.0
7,12.25,immed,47750.0,Thu Jul 02 2026 15:19:25 GMT-0400 (Eastern Daylight Time),876595.400000006,A,home,I,e,223,2,2100.100000023842,874495.2999999821,9074,WL,C,5.0
7,12.699000120162964,immed,47300.999879837036,Thu Jul 02 2026 15:19:25 GMT-0400 (Eastern Daylight Time),877044.7999999821,A,homeenter,I,enter,436,2,2549.5,874495.2999999821,9074,WL,C,5.0
7,13.382999897003174,immed,46617.000102996826,Thu Jul 02 2026 15:19:25 GMT-0400 (Eastern Daylight Time),877728.7999999821,A,l,I,l,664,2,683.5999999940395,877045.1999999881,9074,WL,C,6.0
7,13.565999984741211,immed,46434.00001525879,Thu Jul 02 2026 15:19:25 GMT-0400 (Eastern Daylight Time),877912.099999994,A,le,I,e,168,2,866.9000000059605,877045.1999999881,9074,WL,C,6.0
7,13.849999904632568,immed,46150.00009536743,Thu Jul 02 2026 15:19:25 GMT-0400 (Eastern Daylight Time),878195.400000006,A,let,I,t,248,2,1150.2000000178814,877045.1999999881,9074,WL,C,6.0
7,14.032999992370605,immed,45967.000007629395,Thu Jul 02 2026 15:19:25 GMT-0400 (Eastern Daylight Time),878378.6999999881,A,lett,I,t,167,2,1333.5,877045.1999999881,9074,WL,C,6.0
7,14.216000080108643,immed,45783.99991989136,Thu Jul 02 2026 15:19:25 GMT-0400 (Eastern Daylight Time),878562.0,A,lette,I,e,159,2,1516.800000011921,877045.1999999881,9074,WL,C,6.0
7,14.299000024795532,immed,45700.99997520447,Thu Jul 02 2026 15:19:25 GMT-0400 (Eastern Daylight Time),878645.0,A,letter,I,r,69,2,1599.800000011921,877045.1999999881,9074,WL,C,6.0
7,15.933000087738037,immed,44066.99991226196,Thu Jul 02 2026 15:19:25 GMT-0400 (Eastern Daylight Time),880278.1999999881,A,letterenter,I,enter,1617,2,3233.0,877045.1999999881,9074,WL,C,6.0
7,16.73300004005432,immed,43266.99995994568,Thu Jul 02 2026 15:19:25 GMT-0400 (Eastern Daylight Time),881078.7999999821,A,d,I,d,791,2,800.1999999880791,880278.599999994,9074,WL,C,7.0
7,16.933000087738037,immed,43066.99991226196,Thu Jul 02 2026 15:19:25 GMT-0400 (Eastern Daylight Time),881278.6999999881,A,do,I,o,179,2,1000.0999999940395,880278.599999994,9074,WL,C,7.0
7,17.115999937057495,immed,42884.000062942505,Thu Jul 02 2026 15:19:25 GMT-0400 (Eastern Daylight Time),881462.0,A,doc,I,c,169,2,1183.4000000059605,880278.599999994,9074,WL,C,7.0
7,17.40000009536743,immed,42599.99990463257,Thu Jul 02 2026 15:19:25 GMT-0400 (Eastern Daylight Time),881745.400000006,A,doct,I,t,257,2,1466.800000011921,880278.599999994,9074,WL,C,7.0
7,17.56599998474121,immed,42434.00001525879,Thu Jul 02 2026 15:19:25 GMT-0400 (Eastern Daylight Time),881912.0,A,docto,I,o,152,2,1633.4000000059605,880278.599999994,9074,WL,C,7.0
7,17.782999992370605,immed,42217.000007629395,Thu Jul 02 2026 15:19:25 GMT-0400 (Eastern Daylight Time),882128.6999999881,A,doctor,I,r,194,2,1850.0999999940395,880278.599999994,9074,WL,C,7.0
7,18.199000120162964,immed,41800.999879837036,Thu Jul 02 2026 15:19:25 GMT-0400 (Eastern Daylight Time),882545.0,A,doctorenter,I,enter,384,2,2266.4000000059605,880278.599999994,9074,WL,C,7.0
7,19.132999897003174,immed,40867.000102996826,Thu Jul 02 2026 15:19:25 GMT-0400 (Eastern Daylight Time),883478.599999994,A,b,I,b,924,2,933.3000000119209,882545.2999999821,9074,WL,C,8.0
7,19.499000072479248,immed,40500.99992752075,Thu Jul 02 2026 15:19:25 GMT-0400 (Eastern Daylight Time),883845.2999999821,A,bo,I,o,354,2,1300.0,882545.2999999821,9074,WL,C,8.0
7,19.81599998474121,immed,40184.00001525879,Thu Jul 02 2026 15:19:25 GMT-0400 (Eastern Daylight Time),884162.099999994,A,boy,I,y,291,2,1616.800000011921,882545.2999999821,9074,WL,C,8.0
7,20.23300004005432,immed,39766.99995994568,Thu Jul 02 2026 15:19:25 GMT-0400 (Eastern Daylight Time),884578.2999999821,A,boyenter,I,enter,389,2,2033.0,882545.2999999821,9074,WL,C,8.0
7,21.33299994468689,immed,38667.00005531311,Thu Jul 02 2026 15:19:25 GMT-0400 (Eastern Daylight Time),885678.6999999881,A,a,I,a,1083,2,1100.199999988079,884578.5,9074,WL,C,9.0
7,21.516000032424927,immed,38483.99996757507,Thu Jul 02 2026 15:19:25 GMT-0400 (Eastern Daylight Time),885862.0,A,am,I,m,169,2,1283.5,884578.5,9074,WL,C,9.0
7,21.782999992370605,immed,38217.000007629395,Thu Jul 02 2026 15:19:25 GMT-0400 (Eastern Daylight Time),886128.7999999821,A,amp,I,p,234,2,1550.2999999821186,884578.5,9074,WL,C,9.0
7,22.216000080108643,immed,37783.99991989136,Thu Jul 02 2026 15:19:25 GMT-0400 (Eastern Daylight Time),886562.0,A,am,I,backspace,408,2,1983.5,884578.5,9074,WL,C,9.0
7,22.382999897003174,immed,37617.000102996826,Thu Jul 02 2026 15:19:25 GMT-0400 (Eastern Daylight Time),886728.7999999821,A,a,I,backspace,150,2,2150.2999999821186,884578.5,9074,WL,C,9.0
7,22.532999992370605,immed,37467.000007629395,Thu Jul 02 2026 15:19:25 GMT-0400 (Eastern Daylight Time),886878.7999999821,A,,I,backspace,127,2,2300.2999999821186,884578.5,9074,WL,C,9.0
7,22.90000009536743,immed,37099.99990463257,Thu Jul 02 2026 15:19:25 GMT-0400 (Eastern Daylight Time),887245.400000006,A,c,I,c,348,2,2666.9000000059605,884578.5,9074,WL,C,9.0
7,23.066999912261963,immed,36933.00008773804,Thu Jul 02 2026 15:19:25 GMT-0400 (Eastern Daylight Time),887412.400000006,A,ca,I,a,155,2,2833.9000000059605,884578.5,9074,WL,C,9.0
7,23.266000032424927,immed,36733.99996757507,Thu Jul 02 2026 15:19:25 GMT-0400 (Eastern Daylight Time),887611.900000006,A,cam,I,m,182,2,3033.4000000059605,884578.5,9074,WL,C,9.0
7,23.782999992370605,immed,36217.000007629395,Thu Jul 02 2026 15:19:25 GMT-0400 (Eastern Daylight Time),888128.7999999821,A,camp,I,p,494,2,3550.2999999821186,884578.5,9074,WL,C,9.0
7,24.16599988937378,immed,35834.00011062622,Thu Jul 02 2026 15:19:25 GMT-0400 (Eastern Daylight Time),888511.400000006,A,campenter,I,enter,358,2,3932.9000000059605,884578.5,9074,WL,C,9.0
7,24.699000120162964,immed,35300.999879837036,Thu Jul 02 2026 15:19:25 GMT-0400 (Eastern Daylight Time),889045.2999999821,A,f,I,f,526,2,533.3999999761581,888511.900000006,9074,WL,C,10.0
7,24.84999990463257,immed,35150.00009536743,Thu Jul 02 2026 15:19:25 GMT-0400 (Eastern Daylight Time),889195.2999999821,A,fl,I,l,133,2,683.3999999761581,888511.900000006,9074,WL,C,10.0
7,25.032999992370605,immed,34967.000007629395,Thu Jul 02 2026 15:19:25 GMT-0400 (Eastern Daylight Time),889378.599999994,A,fla,I,a,156,2,866.6999999880791,888511.900000006,9074,WL,C,10.0
7,25.23300004005432,immed,34766.99995994568,Thu Jul 02 2026 15:19:25 GMT-0400 (Eastern Daylight Time),889578.6999999881,A,flag,I,g,183,2,1066.7999999821186,888511.900000006,9074,WL,C,10.0
7,25.73300004005432,immed,34266.99995994568,Thu Jul 02 2026 15:19:25 GMT-0400 (Eastern Daylight Time),890078.1999999881,A,flagenter,I,enter,478,2,1566.2999999821186,888511.900000006,9074,WL,C,10.0
7,26.365999937057495,immed,33634.000062942505,Thu Jul 02 2026 15:19:25 GMT-0400 (Eastern Daylight Time),890712.0,A,c,I,c,623,2,633.5,890078.5,9074,WL,C,11.0
7,27.08299994468689,immed,32917.00005531311,Thu Jul 02 2026 15:19:25 GMT-0400 (Eastern Daylight Time),891428.400000006,A,,I,backspace,706,2,1349.9000000059605,890078.5,9074,WL,C,11.0
7,27.75,immed,32250.0,Thu Jul 02 2026 15:19:25 GMT-0400 (Eastern Daylight Time),892095.400000006,A,n,I,n,645,2,2016.9000000059605,890078.5,9074,WL,C,11.0
7,27.91599988937378,immed,32084.00011062622,Thu Jul 02 2026 15:19:25 GMT-0400 (Eastern Daylight Time),892262.0,A,na,I,a,154,2,2183.5,890078.5,9074,WL,C,11.0
7,28.049999952316284,immed,31950.000047683716,Thu Jul 02 2026 15:19:25 GMT-0400 (Eastern Daylight Time),892395.2999999821,A,nai,I,i,106,2,2316.7999999821186,890078.5,9074,WL,C,11.0
7,28.282999992370605,immed,31717.000007629395,Thu Jul 02 2026 15:19:25 GMT-0400 (Eastern Daylight Time),892628.5,A,nail,I,l,216,2,2550.0,890078.5,9074,WL,C,11.0
7,28.699000120162964,immed,31300.999879837036,Thu Jul 02 2026 15:19:25 GMT-0400 (Eastern Daylight Time),893044.7999999821,A,nailenter,I,enter,403,2,2966.2999999821186,890078.5,9074,WL,C,11.0
7,29.200000047683716,immed,30799.999952316284,Thu Jul 02 2026 15:19:25 GMT-0400 (Eastern Daylight Time),893545.2999999821,A,c,I,c,489,2,500.09999999403954,893045.1999999881,9074,WL,C,12.0
7,29.33299994468689,immed,30667.00005531311,Thu Jul 02 2026 15:19:25 GMT-0400 (Eastern Daylight Time),893678.6999999881,A,co,I,o,112,2,633.5,893045.1999999881,9074,WL,C,12.0
7,29.5,immed,30500.0,Thu Jul 02 2026 15:19:25 GMT-0400 (Eastern Daylight Time),893845.2999999821,A,cor,I,r,155,2,800.0999999940395,893045.1999999881,9074,WL,C,12.0
7,29.683000087738037,immed,30316.999912261963,Thu Jul 02 2026 15:19:25 GMT-0400 (Eastern Daylight Time),894028.6999999881,A,corn,I,n,163,2,983.5,893045.1999999881,9074,WL,C,12.0
7,30.41599988937378,immed,29584.00011062622,Thu Jul 02 2026 15:19:25 GMT-0400 (Eastern Daylight Time),894761.599999994,A,cornenter,I,enter,707,2,1716.4000000059605,893045.1999999881,9074,WL,C,12.0
7,31.58299994468689,immed,28417.00005531311,Thu Jul 02 2026 15:19:25 GMT-0400 (Eastern Daylight Time),895928.599999994,A,c,I,c,1155,2,1166.699999988079,894761.900000006,9074,WL,C,13.0
7,31.75,immed,28250.0,Thu Jul 02 2026 15:19:25 GMT-0400 (Eastern Daylight Time),896095.400000006,A,ca,I,a,144,2,1333.5,894761.900000006,9074,WL,C,13.0
7,32.08299994468689,immed,27917.00005531311,Thu Jul 02 2026 15:19:25 GMT-0400 (Eastern Daylight Time),896428.7999999821,A,cat,I,t,306,2,1666.8999999761581,894761.900000006,9074,WL,C,13.0
7,32.25,immed,27750.0,Thu Jul 02 2026 15:19:25 GMT-0400 (Eastern Daylight Time),896595.400000006,A,catt,I,t,138,2,1833.5,894761.900000006,9074,WL,C,13.0
7,32.43300008773804,immed,27566.999912261963,Thu Jul 02 2026 15:19:25 GMT-0400 (Eastern Daylight Time),896778.6999999881,A,cattl,I,l,165,2,2016.7999999821186,894761.900000006,9074,WL,C,13.0
7,32.65000009536743,immed,27349.99990463257,Thu Jul 02 2026 15:19:25 GMT-0400 (Eastern Daylight Time),896995.2999999821,A,cattle,I,e,188,2,2233.399999976158,894761.900000006,9074,WL,C,13.0
7,33.04900002479553,immed,26950.999975204468,Thu Jul 02 2026 15:19:25 GMT-0400 (Eastern Daylight Time),897394.900000006,A,cattleenter,I,enter,372,2,2633.0,894761.900000006,9074,WL,C,13.0
7,34.01600003242493,immed,25983.999967575073,Thu Jul 02 2026 15:19:25 GMT-0400 (Eastern Daylight Time),898362.0,A,b,I,b,954,2,966.9000000059605,897395.099999994,9074,WL,C,14.0
7,34.23300004005432,immed,25766.99995994568,Thu Jul 02 2026 15:19:25 GMT-0400 (Eastern Daylight Time),898578.6999999881,A,bo,I,o,189,2,1183.5999999940395,897395.099999994,9074,WL,C,14.0
7,34.882999897003174,immed,25117.000102996826,Thu Jul 02 2026 15:19:25 GMT-0400 (Eastern Daylight Time),899228.6999999881,A,bod,I,d,629,2,1833.5999999940395,897395.099999994,9074,WL,C,14.0
7,35.0,immed,25000.0,Thu Jul 02 2026 15:19:25 GMT-0400 (Eastern Daylight Time),899345.400000006,A,body,I,y,94,2,1950.300000011921,897395.099999994,9074,WL,C,14.0
7,35.3989999294281,immed,24601.0000705719,Thu Jul 02 2026 15:19:25 GMT-0400 (Eastern Daylight Time),899745.0,A,bodyenter,I,enter,376,2,2349.9000000059605,897395.099999994,9074,WL,C,14.0
7,36.032999992370605,immed,23967.000007629395,Thu Jul 02 2026 15:19:25 GMT-0400 (Eastern Daylight Time),900378.7999999821,A,s,I,s,620,2,633.5,899745.2999999821,9074,WL,C,15.0
7,36.382999897003174,immed,23617.000102996826,Thu Jul 02 2026 15:19:25 GMT-0400 (Eastern Daylight Time),900728.7999999821,A,so,I,o,333,2,983.5,899745.2999999821,9074,WL,C,15.0
7,36.58299994468689,immed,23417.00005531311,Thu Jul 02 2026 15:19:25 GMT-0400 (Eastern Daylight Time),900928.599999994,A,sor,I,r,175,2,1183.300000011921,899745.2999999821,9074,WL,C,15.0
7,36.68300008773804,immed,23316.999912261963,Thu Jul 02 2026 15:19:25 GMT-0400 (Eastern Daylight Time),901028.400000006,A,sore,I,e,80,2,1283.1000000238419,899745.2999999821,9074,WL,C,15.0
7,37.282999992370605,immed,22717.000007629395,Thu Jul 02 2026 15:19:25 GMT-0400 (Eastern Daylight Time),901628.7999999821,A,sor,I,backspace,581,2,1883.5,899745.2999999821,9074,WL,C,15.0
7,37.46600008010864,immed,22533.999919891357,Thu Jul 02 2026 15:19:25 GMT-0400 (Eastern Daylight Time),901811.7999999821,A,so,I,backspace,156,2,2066.5,899745.2999999821,9074,WL,C,15.0
7,37.59999990463257,immed,22400.00009536743,Thu Jul 02 2026 15:19:25 GMT-0400 (Eastern Daylight Time),901945.2999999821,A,s,I,backspace,108,2,2200.0,899745.2999999821,9074,WL,C,15.0
7,38.26600003242493,immed,21733.999967575073,Thu Jul 02 2026 15:19:25 GMT-0400 (Eastern Daylight Time),902612.0,A,sh,I,h,656,2,2866.7000000178814,899745.2999999821,9074,WL,C,15.0
7,38.66599988937378,immed,21334.00011062622,Thu Jul 02 2026 15:19:25 GMT-0400 (Eastern Daylight Time),903012.0,A,sho,I,o,373,2,3266.7000000178814,899745.2999999821,9074,WL,C,15.0
7,38.91599988937378,immed,21084.00011062622,Thu Jul 02 2026 15:19:25 GMT-0400 (Eastern Daylight Time),903262.0,A,shor,I,r,228,2,3516.7000000178814,899745.2999999821,9074,WL,C,15.0
7,39.01600003242493,immed,20983.999967575073,Thu Jul 02 2026 15:19:25 GMT-0400 (Eastern Daylight Time),903362.099999994,A,shore,I,e,75,2,3616.800000011921,899745.2999999821,9074,WL,C,15.0
7,39.56599998474121,immed,20434.00001525879,Thu Jul 02 2026 15:19:25 GMT-0400 (Eastern Daylight Time),903911.5,A,shoreenter,I,enter,534,2,4166.200000017881,899745.2999999821,9074,WL,C,15.0
