block_c,block_dur,condition,countdown,datetime,endtime,list,multichar_response,project,response,response_time,session_number,start_end,starttime,subject_id,task,task_vers,trial
,,,,Tue Sep 22 2026 12:56:12 GMT-0400 (Eastern Daylight Time),,,,I,space,736,2,,,9088,WL,B,
prac,,0,,Tue Sep 22 2026 12:56:12 GMT-0400 (Eastern Daylight Time),,NA,b,I,b,4639,2,,,9088,WL,B,1.0
prac,,0,,Tue Sep 22 2026 12:56:12 GMT-0400 (Eastern Daylight Time),,NA,bo,I,o,498,2,,,9088,WL,B,1.0
prac,,0,,Tue Sep 22 2026 12:56:12 GMT-0400 (Eastern Daylight Time),,NA,boo,I,o,164,2,,,9088,WL,B,1.0
prac,,0,,Tue Sep 22 2026 12:56:12 GMT-0400 (Eastern Daylight Time),,NA,boos,I,s,235,2,,,9088,WL,B,1.0
prac,,0,,Tue Sep 22 2026 12:56:12 GMT-0400 (Eastern Daylight Time),,NA,boost,I,t,237,2,,,9088,WL,B,1.0
prac,,0,,Tue Sep 22 2026 12:56:12 GMT-0400 (Eastern Daylight Time),,NA,boostenter,I,enter,1065,2,,,9088,WL,B,1.0
1,2.184000015258789,learn,57815.99998474121,Tue Sep 22 2026 12:56:12 GMT-0400 (Eastern Daylight Time),114286.30000007153,A,s,I,s,2163,2,2183.100000023842,112103.20000004768,9088,WL,B,1.0
1,2.367000102996826,learn,57632.999897003174,Tue Sep 22 2026 12:56:12 GMT-0400 (Eastern Daylight Time),114469.39999997616,A,sk,I,k,171,2,2366.1999999284744,112103.20000004768,9088,WL,B,1.0
1,2.5840001106262207,learn,57415.99988937378,Tue Sep 22 2026 12:56:12 GMT-0400 (Eastern Daylight Time),114686.0,A,ski,I,i,198,2,2582.7999999523163,112103.20000004768,9088,WL,B,1.0
1,2.7339999675750732,learn,57266.00003242493,Tue Sep 22 2026 12:56:12 GMT-0400 (Eastern Daylight Time),114836.0,A,skin,I,n,130,2,2732.7999999523163,112103.20000004768,9088,WL,B,1.0
1,3.316999912261963,learn,56683.00008773804,Tue Sep 22 2026 12:56:12 GMT-0400 (Eastern Daylight Time),115418.89999997616,A,skinenter,I,enter,548,2,3315.6999999284744,112103.20000004768,9088,WL,B,1.0
1,3.7839999198913574,learn,56216.00008010864,Tue Sep 22 2026 12:56:12 GMT-0400 (Eastern Daylight Time),115885.80000007153,A,f,I,f,458,2,466.3000000715256,115419.5,9088,WL,B,2.0
1,3.9839999675750732,learn,56016.00003242493,Tue Sep 22 2026 12:56:12 GMT-0400 (Eastern Daylight Time),116085.80000007153,A,fi,I,i,189,2,666.3000000715256,115419.5,9088,WL,B,2.0
1,4.150000095367432,learn,55849.99990463257,Tue Sep 22 2026 12:56:12 GMT-0400 (Eastern Daylight Time),116252.70000004768,A,fir,I,r,133,2,833.2000000476837,115419.5,9088,WL,B,2.0
1,4.250999927520752,learn,55749.00007247925,Tue Sep 22 2026 12:56:12 GMT-0400 (Eastern Daylight Time),116352.80000007153,A,fire,I,e,78,2,933.3000000715256,115419.5,9088,WL,B,2.0
1,4.632999897003174,learn,55367.000102996826,Tue Sep 22 2026 12:56:12 GMT-0400 (Eastern Daylight Time),116735.60000002384,A,fireenter,I,enter,352,2,1316.1000000238419,115419.5,9088,WL,B,2.0
1,4.983999967575073,learn,55016.00003242493,Tue Sep 22 2026 12:56:12 GMT-0400 (Eastern Daylight Time),117086.0,A,c,I,c,333,2,349.7999999523163,116736.20000004768,9088,WL,B,3.0
1,5.066999912261963,learn,54933.00008773804,Tue Sep 22 2026 12:56:12 GMT-0400 (Eastern Daylight Time),117169.30000007153,A,cl,I,l,67,2,433.10000002384186,116736.20000004768,9088,WL,B,3.0
1,5.250999927520752,learn,54749.00007247925,Tue Sep 22 2026 12:56:12 GMT-0400 (Eastern Daylight Time),117352.70000004768,A,clo,I,o,170,2,616.5,116736.20000004768,9088,WL,B,3.0
1,5.384000062942505,learn,54615.999937057495,Tue Sep 22 2026 12:56:12 GMT-0400 (Eastern Daylight Time),117486.0,A,cloc,I,c,112,2,749.7999999523163,116736.20000004768,9088,WL,B,3.0
1,5.599999904632568,learn,54400.00009536743,Tue Sep 22 2026 12:56:12 GMT-0400 (Eastern Daylight Time),117702.70000004768,A,clock,I,k,197,2,966.5,116736.20000004768,9088,WL,B,3.0
1,6.051000118255615,learn,53948.999881744385,Tue Sep 22 2026 12:56:12 GMT-0400 (Eastern Daylight Time),118153.10000002384,A,clockenter,I,enter,426,2,1416.8999999761581,116736.20000004768,9088,WL,B,3.0
1,7.266999959945679,learn,52733.00004005432,Tue Sep 22 2026 12:56:12 GMT-0400 (Eastern Daylight Time),119369.39999997616,A,c,I,c,1196,2,1216.0,118153.39999997616,9088,WL,B,4.0
1,7.483999967575073,learn,52516.00003242493,Tue Sep 22 2026 12:56:12 GMT-0400 (Eastern Daylight Time),119586.0,A,ca,I,a,193,2,1432.6000000238419,118153.39999997616,9088,WL,B,4.0
1,7.584000110626221,learn,52415.99988937378,Tue Sep 22 2026 12:56:12 GMT-0400 (Eastern Daylight Time),119685.80000007153,A,cab,I,b,89,2,1532.4000000953674,118153.39999997616,9088,WL,B,4.0
1,7.7170000076293945,learn,52282.999992370605,Tue Sep 22 2026 12:56:12 GMT-0400 (Eastern Daylight Time),119819.60000002384,A,cabi,I,i,117,2,1666.2000000476837,118153.39999997616,9088,WL,B,4.0
1,7.851000070571899,learn,52148.9999294281,Tue Sep 22 2026 12:56:12 GMT-0400 (Eastern Daylight Time),119952.70000004768,A,cabin,I,n,110,2,1799.3000000715256,118153.39999997616,9088,WL,B,4.0
1,8.450000047683716,learn,51549.999952316284,Tue Sep 22 2026 12:56:12 GMT-0400 (Eastern Daylight Time),120552.10000002384,A,cabinenter,I,enter,584,2,2398.7000000476837,118153.39999997616,9088,WL,B,4.0
1,8.766999959945679,learn,51233.00004005432,Tue Sep 22 2026 12:56:12 GMT-0400 (Eastern Daylight Time),120869.30000007153,A,l,I,l,310,2,316.7000000476837,120552.60000002384,9088,WL,B,5.0
1,8.934000015258789,learn,51065.99998474121,Tue Sep 22 2026 12:56:12 GMT-0400 (Eastern Daylight Time),121035.89999997616,A,la,I,a,140,2,483.2999999523163,120552.60000002384,9088,WL,B,5.0
1,9.066999912261963,learn,50933.00008773804,Tue Sep 22 2026 12:56:12 GMT-0400 (Eastern Daylight Time),121169.39999997616,A,lak,I,k,110,2,616.7999999523163,120552.60000002384,9088,WL,B,5.0
1,9.184000015258789,learn,50815.99998474121,Tue Sep 22 2026 12:56:12 GMT-0400 (Eastern Daylight Time),121285.89999997616,A,lake,I,e,97,2,733.2999999523163,120552.60000002384,9088,WL,B,5.0
1,9.551000118255615,learn,50448.999881744385,Tue Sep 22 2026 12:56:12 GMT-0400 (Eastern Daylight Time),121652.89999997616,A,lakeenter,I,enter,340,2,1100.2999999523163,120552.60000002384,9088,WL,B,5.0
1,9.91700005531311,learn,50082.99994468689,Tue Sep 22 2026 12:56:12 GMT-0400 (Eastern Daylight Time),122019.30000007153,A,p,I,p,352,2,365.8000000715256,121653.5,9088,WL,B,6.0
1,10.200000047683716,learn,49799.999952316284,Tue Sep 22 2026 12:56:12 GMT-0400 (Eastern Daylight Time),122302.5,A,pi,I,i,264,2,649.0,121653.5,9088,WL,B,6.0
1,10.483999967575073,learn,49516.00003242493,Tue Sep 22 2026 12:56:12 GMT-0400 (Eastern Daylight Time),122586.10000002384,A,pip,I,p,267,2,932.6000000238419,121653.5,9088,WL,B,6.0
1,10.717000007629395,learn,49282.999992370605,Tue Sep 22 2026 12:56:12 GMT-0400 (Eastern Daylight Time),122819.39999997616,A,pipe,I,e,215,2,1165.8999999761581,121653.5,9088,WL,B,6.0
1,11.282999992370605,learn,48717.000007629395,Tue Sep 22 2026 12:56:12 GMT-0400 (Eastern Daylight Time),123385.60000002384,A,pipeenter,I,enter,550,2,1732.1000000238419,121653.5,9088,WL,B,6.0
1,14.117000102996826,learn,45882.999897003174,Tue Sep 22 2026 12:56:12 GMT-0400 (Eastern Daylight Time),126219.30000007153,A,w,I,w,2812,2,2833.3000000715256,123386.0,9088,WL,B,7.0
1,14.266999959945679,learn,45733.00004005432,Tue Sep 22 2026 12:56:12 GMT-0400 (Eastern Daylight Time),126369.20000004768,A,wi,I,i,133,2,2983.2000000476837,123386.0,9088,WL,B,7.0
1,14.41700005531311,learn,45582.99994468689,Tue Sep 22 2026 12:56:12 GMT-0400 (Eastern Daylight Time),126519.30000007153,A,win,I,n,128,2,3133.3000000715256,123386.0,9088,WL,B,7.0
1,14.516999959945679,learn,45483.00004005432,Tue Sep 22 2026 12:56:12 GMT-0400 (Eastern Daylight Time),126619.30000007153,A,wind,I,d,74,2,3233.3000000715256,123386.0,9088,WL,B,7.0
1,14.634000062942505,learn,45365.999937057495,Tue Sep 22 2026 12:56:12 GMT-0400 (Eastern Daylight Time),126736.10000002384,A,windo,I,o,91,2,3350.100000023842,123386.0,9088,WL,B,7.0
1,14.75,learn,45250.0,Tue Sep 22 2026 12:56:12 GMT-0400 (Eastern Daylight Time),126852.39999997616,A,window,I,w,93,2,3466.399999976158,123386.0,9088,WL,B,7.0
1,15.384000062942505,learn,44615.999937057495,Tue Sep 22 2026 12:56:12 GMT-0400 (Eastern Daylight Time),127485.80000007153,A,windowc,I,c,621,2,4099.800000071526,123386.0,9088,WL,B,7.0
1,15.551000118255615,learn,44448.999881744385,Tue Sep 22 2026 12:56:12 GMT-0400 (Eastern Daylight Time),127652.80000007153,A,windowci,I,i,149,2,4266.800000071526,123386.0,9088,WL,B,7.0
1,16.217000007629395,learn,43782.999992370605,Tue Sep 22 2026 12:56:12 GMT-0400 (Eastern Daylight Time),128319.39999997616,A,windowc,I,backspace,646,2,4933.399999976158,123386.0,9088,WL,B,7.0
1,16.382999897003174,learn,43617.000102996826,Tue Sep 22 2026 12:56:12 GMT-0400 (Eastern Daylight Time),128485.70000004768,A,window,I,backspace,156,2,5099.700000047684,123386.0,9088,WL,B,7.0
1,17.032999992370605,learn,42967.000007629395,Tue Sep 22 2026 12:56:12 GMT-0400 (Eastern Daylight Time),129135.60000002384,A,windowenter,I,enter,636,2,5749.600000023842,123386.0,9088,WL,B,7.0
1,17.41700005531311,learn,42582.99994468689,Tue Sep 22 2026 12:56:12 GMT-0400 (Eastern Daylight Time),129519.30000007153,A,c,I,c,374,2,383.2000000476837,129136.10000002384,9088,WL,B,8.0
1,17.533999919891357,learn,42466.00008010864,Tue Sep 22 2026 12:56:12 GMT-0400 (Eastern Daylight Time),129636.0,A,ci,I,i,100,2,499.89999997615814,129136.10000002384,9088,WL,B,8.0
1,17.76699995994568,learn,42233.00004005432,Tue Sep 22 2026 12:56:12 GMT-0400 (Eastern Daylight Time),129869.39999997616,A,cit,I,t,207,2,733.2999999523163,129136.10000002384,9088,WL,B,8.0
1,17.91700005531311,learn,42082.99994468689,Tue Sep 22 2026 12:56:12 GMT-0400 (Eastern Daylight Time),130019.60000002384,A,city,I,y,123,2,883.5,129136.10000002384,9088,WL,B,8.0
1,18.58299994468689,learn,41417.00005531311,Tue Sep 22 2026 12:56:12 GMT-0400 (Eastern Daylight Time),130685.60000002384,A,cityenter,I,enter,639,2,1549.5,129136.10000002384,9088,WL,B,8.0
1,18.967000007629395,learn,41032.999992370605,Tue Sep 22 2026 12:56:12 GMT-0400 (Eastern Daylight Time),131069.30000007153,A,p,I,p,377,2,383.40000009536743,130685.89999997616,9088,WL,B,9.0
1,19.41700005531311,learn,40582.99994468689,Tue Sep 22 2026 12:56:12 GMT-0400 (Eastern Daylight Time),131519.30000007153,A,pu,I,u,438,2,833.4000000953674,130685.89999997616,9088,WL,B,9.0
1,19.733999967575073,learn,40266.00003242493,Tue Sep 22 2026 12:56:12 GMT-0400 (Eastern Daylight Time),131836.10000002384,A,pup,I,p,289,2,1150.2000000476837,130685.89999997616,9088,WL,B,9.0
1,20.0,learn,40000.0,Tue Sep 22 2026 12:56:12 GMT-0400 (Eastern Daylight Time),132102.60000002384,A,pupi,I,i,253,2,1416.7000000476837,130685.89999997616,9088,WL,B,9.0
1,20.217000007629395,learn,39782.999992370605,Tue Sep 22 2026 12:56:12 GMT-0400 (Eastern Daylight Time),132319.30000007153,A,pupil,I,l,204,2,1633.4000000953674,130685.89999997616,9088,WL,B,9.0
1,20.816999912261963,learn,39183.00008773804,Tue Sep 22 2026 12:56:12 GMT-0400 (Eastern Daylight Time),132918.89999997616,A,pupilenter,I,enter,587,2,2233.0,130685.89999997616,9088,WL,B,9.0
1,23.1010000705719,learn,36898.9999294281,Tue Sep 22 2026 12:56:12 GMT-0400 (Eastern Daylight Time),135203.5,A,g,I,g,2271,2,2284.100000023842,132919.39999997616,9088,WL,B,10.0
1,23.33400011062622,learn,36665.99988937378,Tue Sep 22 2026 12:56:12 GMT-0400 (Eastern Daylight Time),135435.89999997616,A,gr,I,r,211,2,2516.5,132919.39999997616,9088,WL,B,10.0
1,23.551000118255615,learn,36448.999881744385,Tue Sep 22 2026 12:56:12 GMT-0400 (Eastern Daylight Time),135652.80000007153,A,gra,I,a,198,2,2733.4000000953674,132919.39999997616,9088,WL,B,10.0
1,23.783999919891357,learn,36216.00008010864,Tue Sep 22 2026 12:56:12 GMT-0400 (Eastern Daylight Time),135886.0,A,gras,I,s,207,2,2966.600000023842,132919.39999997616,9088,WL,B,10.0
1,23.983999967575073,learn,36016.00003242493,Tue Sep 22 2026 12:56:12 GMT-0400 (Eastern Daylight Time),136085.70000004768,A,grass,I,s,182,2,3166.3000000715256,132919.39999997616,9088,WL,B,10.0
1,24.782999992370605,learn,35217.000007629395,Tue Sep 22 2026 12:56:12 GMT-0400 (Eastern Daylight Time),136885.5,A,grassenter,I,enter,788,2,3966.100000023842,132919.39999997616,9088,WL,B,10.0
1,25.16700005531311,learn,34832.99994468689,Tue Sep 22 2026 12:56:12 GMT-0400 (Eastern Daylight Time),137269.30000007153,A,s,I,s,377,2,383.3000000715256,136886.0,9088,WL,B,11.0
1,25.40000009536743,learn,34599.99990463257,Tue Sep 22 2026 12:56:12 GMT-0400 (Eastern Daylight Time),137502.70000004768,A,st,I,t,221,2,616.7000000476837,136886.0,9088,WL,B,11.0
1,25.617000102996826,learn,34382.999897003174,Tue Sep 22 2026 12:56:12 GMT-0400 (Eastern Daylight Time),137719.39999997616,A,str,I,r,188,2,833.3999999761581,136886.0,9088,WL,B,11.0
1,25.83400011062622,learn,34165.99988937378,Tue Sep 22 2026 12:56:12 GMT-0400 (Eastern Daylight Time),137935.89999997616,A,stre,I,e,195,2,1049.8999999761581,136886.0,9088,WL,B,11.0
1,26.01699995994568,learn,33983.00004005432,Tue Sep 22 2026 12:56:12 GMT-0400 (Eastern Daylight Time),138119.30000007153,A,stree,I,e,156,2,1233.3000000715256,136886.0,9088,WL,B,11.0
1,26.283999919891357,learn,33716.00008010864,Tue Sep 22 2026 12:56:12 GMT-0400 (Eastern Daylight Time),138386.0,A,street,I,t,251,2,1500.0,136886.0,9088,WL,B,11.0
1,26.617000102996826,learn,33382.999897003174,Tue Sep 22 2026 12:56:12 GMT-0400 (Eastern Daylight Time),138719.0,A,streetenter,I,enter,321,2,1833.0,136886.0,9088,WL,B,11.0
1,26.901000022888184,learn,33098.99997711182,Tue Sep 22 2026 12:56:12 GMT-0400 (Eastern Daylight Time),139002.70000004768,A,d,I,d,264,2,283.5,138719.20000004768,9088,WL,B,12.0
1,27.066999912261963,learn,32933.00008773804,Tue Sep 22 2026 12:56:12 GMT-0400 (Eastern Daylight Time),139169.30000007153,A,do,I,o,145,2,450.10000002384186,138719.20000004768,9088,WL,B,12.0
1,27.250999927520752,learn,32749.000072479248,Tue Sep 22 2026 12:56:12 GMT-0400 (Eastern Daylight Time),139352.70000004768,A,doo,I,o,170,2,633.5,138719.20000004768,9088,WL,B,12.0
1,27.384000062942505,learn,32615.999937057495,Tue Sep 22 2026 12:56:12 GMT-0400 (Eastern Daylight Time),139485.80000007153,A,door,I,r,122,2,766.6000000238419,138719.20000004768,9088,WL,B,12.0
1,27.867000102996826,learn,32132.999897003174,Tue Sep 22 2026 12:56:12 GMT-0400 (Eastern Daylight Time),139969.0,A,doorenter,I,enter,460,2,1249.7999999523163,138719.20000004768,9088,WL,B,12.0
1,30.40000009536743,learn,29599.99990463257,Tue Sep 22 2026 12:56:12 GMT-0400 (Eastern Daylight Time),142502.70000004768,A,a,I,a,2525,2,2533.399999976158,139969.30000007153,9088,WL,B,13.0
1,30.65000009536743,learn,29349.99990463257,Tue Sep 22 2026 12:56:12 GMT-0400 (Eastern Daylight Time),142752.60000002384,A,ar,I,r,237,2,2783.2999999523163,139969.30000007153,9088,WL,B,13.0
1,31.151000022888184,learn,28848.999977111816,Tue Sep 22 2026 12:56:12 GMT-0400 (Eastern Daylight Time),143252.70000004768,A,arm,I,m,474,2,3283.399999976158,139969.30000007153,9088,WL,B,13.0
1,31.48300004005432,learn,28516.99995994568,Tue Sep 22 2026 12:56:12 GMT-0400 (Eastern Daylight Time),143585.60000002384,A,armenter,I,enter,309,2,3616.2999999523163,139969.30000007153,9088,WL,B,13.0
1,31.816999912261963,learn,28183.000087738037,Tue Sep 22 2026 12:56:12 GMT-0400 (Eastern Daylight Time),143919.30000007153,A,s,I,s,325,2,333.3000000715256,143586.0,9088,WL,B,14.0
1,32.31699991226196,learn,27683.000087738037,Tue Sep 22 2026 12:56:12 GMT-0400 (Eastern Daylight Time),144419.20000004768,A,st,I,t,485,2,833.2000000476837,143586.0,9088,WL,B,14.0
1,32.551000118255615,learn,27448.999881744385,Tue Sep 22 2026 12:56:12 GMT-0400 (Eastern Daylight Time),144652.80000007153,A,sta,I,a,206,2,1066.8000000715256,143586.0,9088,WL,B,14.0
1,32.73399996757507,learn,27266.000032424927,Tue Sep 22 2026 12:56:12 GMT-0400 (Eastern Daylight Time),144836.10000002384,A,star,I,r,157,2,1250.1000000238419,143586.0,9088,WL,B,14.0
1,33.34999990463257,learn,26650.00009536743,Tue Sep 22 2026 12:56:12 GMT-0400 (Eastern Daylight Time),145452.39999997616,A,starenter,I,enter,606,2,1866.3999999761581,143586.0,9088,WL,B,14.0
1,33.95099997520447,learn,26049.000024795532,Tue Sep 22 2026 12:56:12 GMT-0400 (Eastern Daylight Time),146052.70000004768,A,w,I,w,586,2,600.0,145452.70000004768,9088,WL,B,15.0
1,34.06699991226196,learn,25933.000087738037,Tue Sep 22 2026 12:56:12 GMT-0400 (Eastern Daylight Time),146169.39999997616,A,wi,I,i,102,2,716.6999999284744,145452.70000004768,9088,WL,B,15.0
1,34.217000007629395,learn,25782.999992370605,Tue Sep 22 2026 12:56:12 GMT-0400 (Eastern Daylight Time),146319.30000007153,A,wif,I,f,129,2,866.6000000238419,145452.70000004768,9088,WL,B,15.0
1,34.41700005531311,learn,25582.99994468689,Tue Sep 22 2026 12:56:12 GMT-0400 (Eastern Daylight Time),146519.39999997616,A,wife,I,e,172,2,1066.6999999284744,145452.70000004768,9088,WL,B,15.0
1,34.632999897003174,learn,25367.000102996826,Tue Sep 22 2026 12:56:12 GMT-0400 (Eastern Daylight Time),146735.60000002384,A,wifeenter,I,enter,194,2,1282.8999999761581,145452.70000004768,9088,WL,B,15.0
2,1.7669999599456787,learn,58233.00004005432,Tue Sep 22 2026 12:56:12 GMT-0400 (Eastern Daylight Time),228869.60000002384,A,s,I,s,1757,2,1766.7000000476837,227102.89999997616,9088,WL,B,1.0
2,1.9670000076293945,learn,58032.999992370605,Tue Sep 22 2026 12:56:12 GMT-0400 (Eastern Daylight Time),229069.39999997616,A,st,I,t,189,2,1966.5,227102.89999997616,9088,WL,B,1.0
2,2.1670000553131104,learn,57832.99994468689,Tue Sep 22 2026 12:56:12 GMT-0400 (Eastern Daylight Time),229269.39999997616,A,str,I,r,174,2,2166.5,227102.89999997616,9088,WL,B,1.0
2,2.367000102996826,learn,57632.999897003174,Tue Sep 22 2026 12:56:12 GMT-0400 (Eastern Daylight Time),229469.39999997616,A,stre,I,e,189,2,2366.5,227102.89999997616,9088,WL,B,1.0
2,2.5510001182556152,learn,57448.999881744385,Tue Sep 22 2026 12:56:12 GMT-0400 (Eastern Daylight Time),229652.70000004768,A,stree,I,e,168,2,2549.8000000715256,227102.89999997616,9088,WL,B,1.0
2,2.7839999198913574,learn,57216.00008010864,Tue Sep 22 2026 12:56:12 GMT-0400 (Eastern Daylight Time),229886.0,A,street,I,t,207,2,2783.100000023842,227102.89999997616,9088,WL,B,1.0
2,3.0339999198913574,learn,56966.00008010864,Tue Sep 22 2026 12:56:12 GMT-0400 (Eastern Daylight Time),230135.70000004768,A,streetenter,I,enter,229,2,3032.8000000715256,227102.89999997616,9088,WL,B,1.0
2,3.4170000553131104,learn,56582.99994468689,Tue Sep 22 2026 12:56:12 GMT-0400 (Eastern Daylight Time),230519.39999997616,A,g,I,g,375,2,383.39999997615814,230136.0,9088,WL,B,2.0
2,3.6510000228881836,learn,56348.99997711182,Tue Sep 22 2026 12:56:12 GMT-0400 (Eastern Daylight Time),230752.89999997616,A,gr,I,r,221,2,616.8999999761581,230136.0,9088,WL,B,2.0
2,3.816999912261963,learn,56183.00008773804,Tue Sep 22 2026 12:56:12 GMT-0400 (Eastern Daylight Time),230919.30000007153,A,gre,I,e,148,2,783.3000000715256,230136.0,9088,WL,B,2.0
2,4.384000062942505,learn,55615.999937057495,Tue Sep 22 2026 12:56:12 GMT-0400 (Eastern Daylight Time),231485.80000007153,A,gr,I,backspace,557,2,1349.8000000715256,230136.0,9088,WL,B,2.0
2,4.533999919891357,learn,55466.00008010864,Tue Sep 22 2026 12:56:12 GMT-0400 (Eastern Daylight Time),231636.10000002384,A,gra,I,a,134,2,1500.1000000238419,230136.0,9088,WL,B,2.0
2,4.750999927520752,learn,55249.00007247925,Tue Sep 22 2026 12:56:12 GMT-0400 (Eastern Daylight Time),231852.80000007153,A,gras,I,s,192,2,1716.8000000715256,230136.0,9088,WL,B,2.0
2,4.934000015258789,learn,55065.99998474121,Tue Sep 22 2026 12:56:12 GMT-0400 (Eastern Daylight Time),232035.70000004768,A,grass,I,s,158,2,1899.7000000476837,230136.0,9088,WL,B,2.0
2,5.200999975204468,learn,54799.00002479553,Tue Sep 22 2026 12:56:12 GMT-0400 (Eastern Daylight Time),232303.10000002384,A,grassenter,I,enter,251,2,2167.100000023842,230136.0,9088,WL,B,2.0
2,6.566999912261963,learn,53433.00008773804,Tue Sep 22 2026 12:56:12 GMT-0400 (Eastern Daylight Time),233669.39999997616,A,d,I,d,1359,2,1365.7999999523163,232303.60000002384,9088,WL,B,3.0
2,6.7170000076293945,learn,53282.999992370605,Tue Sep 22 2026 12:56:12 GMT-0400 (Eastern Daylight Time),233819.5,A,do,I,o,135,2,1515.8999999761581,232303.60000002384,9088,WL,B,3.0
2,6.884000062942505,learn,53115.999937057495,Tue Sep 22 2026 12:56:12 GMT-0400 (Eastern Daylight Time),233986.0,A,doo,I,o,147,2,1682.3999999761581,232303.60000002384,9088,WL,B,3.0
2,6.984999895095825,learn,53015.000104904175,Tue Sep 22 2026 12:56:12 GMT-0400 (Eastern Daylight Time),234087.20000004768,A,door,I,r,83,2,1783.6000000238419,232303.60000002384,9088,WL,B,3.0
2,7.349999904632568,learn,52650.00009536743,Tue Sep 22 2026 12:56:12 GMT-0400 (Eastern Daylight Time),234452.30000007153,A,doorenter,I,enter,332,2,2148.7000000476837,232303.60000002384,9088,WL,B,3.0
2,8.766999959945679,learn,51233.00004005432,Tue Sep 22 2026 12:56:12 GMT-0400 (Eastern Daylight Time),235869.30000007153,A,a,I,a,1410,2,1416.5,234452.80000007153,9088,WL,B,4.0
2,8.950000047683716,learn,51049.999952316284,Tue Sep 22 2026 12:56:12 GMT-0400 (Eastern Daylight Time),236052.60000002384,A,ar,I,r,166,2,1599.7999999523163,234452.80000007153,9088,WL,B,4.0
2,9.16700005531311,learn,50832.99994468689,Tue Sep 22 2026 12:56:12 GMT-0400 (Eastern Daylight Time),236269.0,A,arm,I,m,197,2,1816.1999999284744,234452.80000007153,9088,WL,B,4.0
2,9.400000095367432,learn,50599.99990463257,Tue Sep 22 2026 12:56:12 GMT-0400 (Eastern Daylight Time),236502.39999997616,A,armenter,I,enter,216,2,2049.5999999046326,234452.80000007153,9088,WL,B,4.0
2,9.684000015258789,learn,50315.99998474121,Tue Sep 22 2026 12:56:12 GMT-0400 (Eastern Daylight Time),236786.0,A,s,I,s,272,2,283.1999999284744,236502.80000007153,9088,WL,B,5.0
2,9.934000015258789,learn,50065.99998474121,Tue Sep 22 2026 12:56:12 GMT-0400 (Eastern Daylight Time),237036.0,A,st,I,t,233,2,533.1999999284744,236502.80000007153,9088,WL,B,5.0
2,10.099999904632568,learn,49900.00009536743,Tue Sep 22 2026 12:56:12 GMT-0400 (Eastern Daylight Time),237202.60000002384,A,sta,I,a,143,2,699.7999999523163,236502.80000007153,9088,WL,B,5.0
2,10.266999959945679,learn,49733.00004005432,Tue Sep 22 2026 12:56:12 GMT-0400 (Eastern Daylight Time),237369.39999997616,A,star,I,r,143,2,866.5999999046326,236502.80000007153,9088,WL,B,5.0
2,10.650000095367432,learn,49349.99990463257,Tue Sep 22 2026 12:56:12 GMT-0400 (Eastern Daylight Time),237752.10000002384,A,starenter,I,enter,361,2,1249.2999999523163,236502.80000007153,9088,WL,B,5.0
2,10.950000047683716,learn,49049.999952316284,Tue Sep 22 2026 12:56:12 GMT-0400 (Eastern Daylight Time),238052.60000002384,A,w,I,w,286,2,300.0,237752.60000002384,9088,WL,B,6.0
2,11.099999904632568,learn,48900.00009536743,Tue Sep 22 2026 12:56:12 GMT-0400 (Eastern Daylight Time),238202.60000002384,A,wi,I,i,127,2,450.0,237752.60000002384,9088,WL,B,6.0
2,11.233999967575073,learn,48766.00003242493,Tue Sep 22 2026 12:56:12 GMT-0400 (Eastern Daylight Time),238336.10000002384,A,wif,I,f,113,2,583.5,237752.60000002384,9088,WL,B,6.0
2,11.467000007629395,learn,48532.999992370605,Tue Sep 22 2026 12:56:12 GMT-0400 (Eastern Daylight Time),238569.39999997616,A,wife,I,e,203,2,816.7999999523163,237752.60000002384,9088,WL,B,6.0
2,11.799999952316284,learn,48200.000047683716,Tue Sep 22 2026 12:56:12 GMT-0400 (Eastern Daylight Time),238902.20000004768,A,wifeenter,I,enter,311,2,1149.6000000238419,237752.60000002384,9088,WL,B,6.0
2,13.634000062942505,learn,46365.999937057495,Tue Sep 22 2026 12:56:12 GMT-0400 (Eastern Daylight Time),240736.0,A,c,I,c,1816,2,1833.3999999761581,238902.60000002384,9088,WL,B,7.0
2,13.816999912261963,learn,46183.00008773804,Tue Sep 22 2026 12:56:12 GMT-0400 (Eastern Daylight Time),240919.30000007153,A,ca,I,a,171,2,2016.7000000476837,238902.60000002384,9088,WL,B,7.0
2,13.91700005531311,learn,46082.99994468689,Tue Sep 22 2026 12:56:12 GMT-0400 (Eastern Daylight Time),241019.30000007153,A,cab,I,b,77,2,2116.7000000476837,238902.60000002384,9088,WL,B,7.0
2,14.049999952316284,learn,45950.000047683716,Tue Sep 22 2026 12:56:12 GMT-0400 (Eastern Daylight Time),241152.60000002384,A,cabi,I,i,121,2,2250.0,238902.60000002384,9088,WL,B,7.0
2,14.233999967575073,learn,45766.00003242493,Tue Sep 22 2026 12:56:12 GMT-0400 (Eastern Daylight Time),241336.0,A,cabin,I,n,155,2,2433.399999976158,238902.60000002384,9088,WL,B,7.0
2,14.617000102996826,learn,45382.999897003174,Tue Sep 22 2026 12:56:12 GMT-0400 (Eastern Daylight Time),241719.0,A,cabinenter,I,enter,362,2,2816.399999976158,238902.60000002384,9088,WL,B,7.0
2,14.91700005531311,learn,45082.99994468689,Tue Sep 22 2026 12:56:12 GMT-0400 (Eastern Daylight Time),242019.39999997616,A,l,I,l,288,2,300.0,241719.39999997616,9088,WL,B,8.0
2,15.134000062942505,learn,44865.999937057495,Tue Sep 22 2026 12:56:12 GMT-0400 (Eastern Daylight Time),242236.10000002384,A,la,I,a,192,2,516.7000000476837,241719.39999997616,9088,WL,B,8.0
2,15.301000118255615,learn,44698.999881744385,Tue Sep 22 2026 12:56:12 GMT-0400 (Eastern Daylight Time),242402.80000007153,A,lak,I,k,150,2,683.4000000953674,241719.39999997616,9088,WL,B,8.0
2,15.5,learn,44500.0,Tue Sep 22 2026 12:56:12 GMT-0400 (Eastern Daylight Time),242602.70000004768,A,lake,I,e,176,2,883.3000000715256,241719.39999997616,9088,WL,B,8.0
2,15.782999992370605,learn,44217.000007629395,Tue Sep 22 2026 12:56:12 GMT-0400 (Eastern Daylight Time),242885.60000002384,A,lakeenter,I,enter,256,2,1166.2000000476837,241719.39999997616,9088,WL,B,8.0
2,16.151000022888184,learn,43848.99997711182,Tue Sep 22 2026 12:56:12 GMT-0400 (Eastern Daylight Time),243252.80000007153,A,p,I,p,353,2,366.7000000476837,242886.10000002384,9088,WL,B,9.0
2,16.58400011062622,learn,43415.99988937378,Tue Sep 22 2026 12:56:12 GMT-0400 (Eastern Daylight Time),243686.10000002384,A,pi,I,i,415,2,800.0,242886.10000002384,9088,WL,B,9.0
2,16.83400011062622,learn,43165.99988937378,Tue Sep 22 2026 12:56:12 GMT-0400 (Eastern Daylight Time),243936.10000002384,A,pip,I,p,235,2,1050.0,242886.10000002384,9088,WL,B,9.0
2,17.51699995994568,learn,42483.00004005432,Tue Sep 22 2026 12:56:12 GMT-0400 (Eastern Daylight Time),244619.39999997616,A,pipe,I,e,667,2,1733.2999999523163,242886.10000002384,9088,WL,B,9.0
2,18.066999912261963,learn,41933.00008773804,Tue Sep 22 2026 12:56:12 GMT-0400 (Eastern Daylight Time),245169.0,A,pipeenter,I,enter,535,2,2282.899999976158,242886.10000002384,9088,WL,B,9.0
2,22.68499994277954,learn,37315.00005722046,Tue Sep 22 2026 12:56:12 GMT-0400 (Eastern Daylight Time),249787.0,A,w,I,w,4606,2,4617.600000023842,245169.39999997616,9088,WL,B,10.0
2,22.83400011062622,learn,37165.99988937378,Tue Sep 22 2026 12:56:12 GMT-0400 (Eastern Daylight Time),249936.0,A,wi,I,i,136,2,4766.600000023842,245169.39999997616,9088,WL,B,10.0
2,22.983999967575073,learn,37016.00003242493,Tue Sep 22 2026 12:56:12 GMT-0400 (Eastern Daylight Time),250086.10000002384,A,win,I,n,131,2,4916.700000047684,245169.39999997616,9088,WL,B,10.0
2,23.117000102996826,learn,36882.999897003174,Tue Sep 22 2026 12:56:12 GMT-0400 (Eastern Daylight Time),250219.60000002384,A,wind,I,d,101,2,5050.200000047684,245169.39999997616,9088,WL,B,10.0
2,23.250999927520752,learn,36749.00007247925,Tue Sep 22 2026 12:56:12 GMT-0400 (Eastern Daylight Time),250352.80000007153,A,windo,I,o,111,2,5183.400000095367,245169.39999997616,9088,WL,B,10.0
2,23.384000062942505,learn,36615.999937057495,Tue Sep 22 2026 12:56:12 GMT-0400 (Eastern Daylight Time),250485.89999997616,A,window,I,w,113,2,5316.5,245169.39999997616,9088,WL,B,10.0
2,23.801000118255615,learn,36198.999881744385,Tue Sep 22 2026 12:56:12 GMT-0400 (Eastern Daylight Time),250903.10000002384,A,windowenter,I,enter,395,2,5733.700000047684,245169.39999997616,9088,WL,B,10.0
2,24.18400001525879,learn,35815.99998474121,Tue Sep 22 2026 12:56:12 GMT-0400 (Eastern Daylight Time),251285.80000007153,A,c,I,c,375,2,382.3000000715256,250903.5,9088,WL,B,11.0
2,24.282999992370605,learn,35717.000007629395,Tue Sep 22 2026 12:56:12 GMT-0400 (Eastern Daylight Time),251385.5,A,ci,I,i,85,2,482.0,250903.5,9088,WL,B,11.0
2,24.533999919891357,learn,35466.00008010864,Tue Sep 22 2026 12:56:12 GMT-0400 (Eastern Daylight Time),251636.0,A,cit,I,t,227,2,732.5,250903.5,9088,WL,B,11.0
2,24.68400001525879,learn,35315.99998474121,Tue Sep 22 2026 12:56:12 GMT-0400 (Eastern Daylight Time),251786.10000002384,A,city,I,y,136,2,882.6000000238419,250903.5,9088,WL,B,11.0
2,25.134000062942505,learn,34865.999937057495,Tue Sep 22 2026 12:56:12 GMT-0400 (Eastern Daylight Time),252235.70000004768,A,cityenter,I,enter,425,2,1332.2000000476837,250903.5,9088,WL,B,11.0
2,25.783999919891357,learn,34216.00008010864,Tue Sep 22 2026 12:56:12 GMT-0400 (Eastern Daylight Time),252886.0,A,p,I,p,634,2,649.8999999761581,252236.10000002384,9088,WL,B,12.0
2,25.93400001525879,learn,34065.99998474121,Tue Sep 22 2026 12:56:12 GMT-0400 (Eastern Daylight Time),253036.20000004768,A,pu,I,u,125,2,800.1000000238419,252236.10000002384,9088,WL,B,12.0
2,26.26699995994568,learn,33733.00004005432,Tue Sep 22 2026 12:56:12 GMT-0400 (Eastern Daylight Time),253369.39999997616,A,pup,I,p,311,2,1133.2999999523163,252236.10000002384,9088,WL,B,12.0
2,26.68400001525879,learn,33315.99998474121,Tue Sep 22 2026 12:56:12 GMT-0400 (Eastern Daylight Time),253786.10000002384,A,pupi,I,i,394,2,1550.0,252236.10000002384,9088,WL,B,12.0
2,26.91700005531311,learn,33082.99994468689,Tue Sep 22 2026 12:56:12 GMT-0400 (Eastern Daylight Time),254019.30000007153,A,pupil,I,l,218,2,1783.2000000476837,252236.10000002384,9088,WL,B,12.0
2,27.5,learn,32500.0,Tue Sep 22 2026 12:56:12 GMT-0400 (Eastern Daylight Time),254602.39999997616,A,pupilenter,I,enter,567,2,2366.2999999523163,252236.10000002384,9088,WL,B,12.0
2,30.84999990463257,learn,29150.00009536743,Tue Sep 22 2026 12:56:12 GMT-0400 (Eastern Daylight Time),257952.60000002384,A,s,I,s,3332,2,3349.899999976158,254602.70000004768,9088,WL,B,13.0
2,31.0,learn,29000.0,Tue Sep 22 2026 12:56:12 GMT-0400 (Eastern Daylight Time),258102.60000002384,A,sk,I,k,128,2,3499.899999976158,254602.70000004768,9088,WL,B,13.0
2,31.200999975204468,learn,28799.000024795532,Tue Sep 22 2026 12:56:12 GMT-0400 (Eastern Daylight Time),258302.70000004768,A,ski,I,i,188,2,3700.0,254602.70000004768,9088,WL,B,13.0
2,31.367000102996826,learn,28632.999897003174,Tue Sep 22 2026 12:56:12 GMT-0400 (Eastern Daylight Time),258469.39999997616,A,skin,I,n,148,2,3866.6999999284744,254602.70000004768,9088,WL,B,13.0
2,31.58299994468689,learn,28417.00005531311,Tue Sep 22 2026 12:56:12 GMT-0400 (Eastern Daylight Time),258685.60000002384,A,skinenter,I,enter,204,2,4082.899999976158,254602.70000004768,9088,WL,B,13.0
2,31.967000007629395,learn,28032.999992370605,Tue Sep 22 2026 12:56:12 GMT-0400 (Eastern Daylight Time),259069.39999997616,A,f,I,f,369,2,383.39999997615814,258686.0,9088,WL,B,14.0
2,32.151000022888184,learn,27848.999977111816,Tue Sep 22 2026 12:56:12 GMT-0400 (Eastern Daylight Time),259252.70000004768,A,fi,I,i,157,2,566.7000000476837,258686.0,9088,WL,B,14.0
2,32.28399991989136,learn,27716.000080108643,Tue Sep 22 2026 12:56:12 GMT-0400 (Eastern Daylight Time),259386.0,A,fir,I,r,110,2,700.0,258686.0,9088,WL,B,14.0
2,32.467000007629395,learn,27532.999992370605,Tue Sep 22 2026 12:56:12 GMT-0400 (Eastern Daylight Time),259569.5,A,fire,I,e,161,2,883.5,258686.0,9088,WL,B,14.0
2,32.76699995994568,learn,27233.00004005432,Tue Sep 22 2026 12:56:12 GMT-0400 (Eastern Daylight Time),259869.0,A,fireenter,I,enter,273,2,1183.0,258686.0,9088,WL,B,14.0
2,34.53399991989136,learn,25466.000080108643,Tue Sep 22 2026 12:56:12 GMT-0400 (Eastern Daylight Time),261636.0,A,c,I,c,1745,2,1766.6000000238419,259869.39999997616,9088,WL,B,15.0
2,34.700000047683716,learn,25299.999952316284,Tue Sep 22 2026 12:56:12 GMT-0400 (Eastern Daylight Time),261802.70000004768,A,cl,I,l,151,2,1933.3000000715256,259869.39999997616,9088,WL,B,15.0
2,34.884000062942505,learn,25115.999937057495,Tue Sep 22 2026 12:56:12 GMT-0400 (Eastern Daylight Time),261986.0,A,clo,I,o,168,2,2116.600000023842,259869.39999997616,9088,WL,B,15.0
2,35.01699995994568,learn,24983.00004005432,Tue Sep 22 2026 12:56:12 GMT-0400 (Eastern Daylight Time),262119.39999997616,A,cloc,I,c,121,2,2250.0,259869.39999997616,9088,WL,B,15.0
2,35.16700005531311,learn,24832.99994468689,Tue Sep 22 2026 12:56:12 GMT-0400 (Eastern Daylight Time),262269.39999997616,A,clock,I,k,129,2,2400.0,259869.39999997616,9088,WL,B,15.0
2,35.632999897003174,learn,24367.000102996826,Tue Sep 22 2026 12:56:12 GMT-0400 (Eastern Daylight Time),262735.60000002384,A,clockenter,I,enter,438,2,2866.2000000476837,259869.39999997616,9088,WL,B,15.0
3,0.7999999523162842,learn,59200.000047683716,Tue Sep 22 2026 12:56:12 GMT-0400 (Eastern Daylight Time),339819.60000002384,A,s,I,s,777,2,799.8999999761581,339019.7000000477,9088,WL,B,1.0
3,1.0339999198913574,learn,58966.00008010864,Tue Sep 22 2026 12:56:12 GMT-0400 (Eastern Daylight Time),340052.7000000477,A,st,I,t,213,2,1033.0,339019.7000000477,9088,WL,B,1.0
3,1.2330000400543213,learn,58766.99995994568,Tue Sep 22 2026 12:56:12 GMT-0400 (Eastern Daylight Time),340252.7000000477,A,str,I,r,178,2,1233.0,339019.7000000477,9088,WL,B,1.0
3,1.4830000400543213,learn,58516.99995994568,Tue Sep 22 2026 12:56:12 GMT-0400 (Eastern Daylight Time),340502.7000000477,A,stre,I,e,238,2,1483.0,339019.7000000477,9088,WL,B,1.0
3,1.6670000553131104,learn,58332.99994468689,Tue Sep 22 2026 12:56:12 GMT-0400 (Eastern Daylight Time),340685.89999997616,A,stree,I,e,173,2,1666.1999999284744,339019.7000000477,9088,WL,B,1.0
3,1.866999864578247,learn,58133.00013542175,Tue Sep 22 2026 12:56:12 GMT-0400 (Eastern Daylight Time),340886.0,A,street,I,t,189,2,1866.2999999523163,339019.7000000477,9088,WL,B,1.0
3,2.049999952316284,learn,57950.000047683716,Tue Sep 22 2026 12:56:12 GMT-0400 (Eastern Daylight Time),341069.39999997616,A,streetenter,I,enter,165,2,2049.6999999284744,339019.7000000477,9088,WL,B,1.0
3,2.3499999046325684,learn,57650.00009536743,Tue Sep 22 2026 12:56:12 GMT-0400 (Eastern Daylight Time),341369.39999997616,A,g,I,g,281,2,299.5,341069.89999997616,9088,WL,B,2.0
3,2.566999912261963,learn,57433.00008773804,Tue Sep 22 2026 12:56:12 GMT-0400 (Eastern Daylight Time),341586.10000002384,A,gr,I,r,201,2,516.2000000476837,341069.89999997616,9088,WL,B,2.0
3,3.0839998722076416,learn,56916.00012779236,Tue Sep 22 2026 12:56:12 GMT-0400 (Eastern Daylight Time),342102.8000000715,A,gra,I,a,490,2,1032.9000000953674,341069.89999997616,9088,WL,B,2.0
3,3.3329999446868896,learn,56667.00005531311,Tue Sep 22 2026 12:56:12 GMT-0400 (Eastern Daylight Time),342352.60000002384,A,gras,I,s,229,2,1282.7000000476837,341069.89999997616,9088,WL,B,2.0
3,3.5,learn,56500.0,Tue Sep 22 2026 12:56:12 GMT-0400 (Eastern Daylight Time),342519.39999997616,A,grass,I,s,154,2,1449.5,341069.89999997616,9088,WL,B,2.0
3,3.816999912261963,learn,56183.00008773804,Tue Sep 22 2026 12:56:12 GMT-0400 (Eastern Daylight Time),342835.7000000477,A,grassenter,I,enter,291,2,1765.8000000715256,341069.89999997616,9088,WL,B,2.0
3,4.283999919891357,learn,55716.00008010864,Tue Sep 22 2026 12:56:12 GMT-0400 (Eastern Daylight Time),343302.7000000477,A,d,I,d,459,2,466.7000000476837,342836.0,9088,WL,B,3.0
3,4.41700005531311,learn,55582.99994468689,Tue Sep 22 2026 12:56:12 GMT-0400 (Eastern Daylight Time),343436.10000002384,A,do,I,o,106,2,600.1000000238419,342836.0,9088,WL,B,3.0
3,4.566999912261963,learn,55433.00008773804,Tue Sep 22 2026 12:56:12 GMT-0400 (Eastern Daylight Time),343586.10000002384,A,doo,I,o,135,2,750.1000000238419,342836.0,9088,WL,B,3.0
3,4.766999959945679,learn,55233.00004005432,Tue Sep 22 2026 12:56:12 GMT-0400 (Eastern Daylight Time),343786.2000000477,A,door,I,r,170,2,950.2000000476837,342836.0,9088,WL,B,3.0
3,5.099999904632568,learn,54900.00009536743,Tue Sep 22 2026 12:56:12 GMT-0400 (Eastern Daylight Time),344119.10000002384,A,doorenter,I,enter,305,2,1283.1000000238419,342836.0,9088,WL,B,3.0
3,5.849999904632568,learn,54150.00009536743,Tue Sep 22 2026 12:56:12 GMT-0400 (Eastern Daylight Time),344869.5,A,a,I,a,734,2,749.8999999761581,344119.60000002384,9088,WL,B,4.0
3,6.016999959945679,learn,53983.00004005432,Tue Sep 22 2026 12:56:12 GMT-0400 (Eastern Daylight Time),345036.10000002384,A,ar,I,r,150,2,916.5,344119.60000002384,9088,WL,B,4.0
3,6.450000047683716,learn,53549.999952316284,Tue Sep 22 2026 12:56:12 GMT-0400 (Eastern Daylight Time),345469.39999997616,A,arm,I,m,423,2,1349.7999999523163,344119.60000002384,9088,WL,B,4.0
3,6.733999967575073,learn,53266.00003242493,Tue Sep 22 2026 12:56:12 GMT-0400 (Eastern Daylight Time),345753.10000002384,A,armenter,I,enter,269,2,1633.5,344119.60000002384,9088,WL,B,4.0
3,7.066999912261963,learn,52933.00008773804,Tue Sep 22 2026 12:56:12 GMT-0400 (Eastern Daylight Time),346086.0,A,s,I,s,317,2,332.39999997615814,345753.60000002384,9088,WL,B,5.0
3,7.266999959945679,learn,52733.00004005432,Tue Sep 22 2026 12:56:12 GMT-0400 (Eastern Daylight Time),346286.0,A,st,I,t,181,2,532.3999999761581,345753.60000002384,9088,WL,B,5.0
3,7.5,learn,52500.0,Tue Sep 22 2026 12:56:12 GMT-0400 (Eastern Daylight Time),346519.5,A,str,I,r,206,2,765.8999999761581,345753.60000002384,9088,WL,B,5.0
3,8.0,learn,52000.0,Tue Sep 22 2026 12:56:12 GMT-0400 (Eastern Daylight Time),347019.5,A,st,I,backspace,484,2,1265.8999999761581,345753.60000002384,9088,WL,B,5.0
3,8.16700005531311,learn,51832.99994468689,Tue Sep 22 2026 12:56:12 GMT-0400 (Eastern Daylight Time),347186.2000000477,A,sta,I,a,143,2,1432.6000000238419,345753.60000002384,9088,WL,B,5.0
3,8.316999912261963,learn,51683.00008773804,Tue Sep 22 2026 12:56:12 GMT-0400 (Eastern Daylight Time),347336.2000000477,A,star,I,r,137,2,1582.6000000238419,345753.60000002384,9088,WL,B,5.0
3,8.717000007629395,learn,51282.999992370605,Tue Sep 22 2026 12:56:12 GMT-0400 (Eastern Daylight Time),347735.7000000477,A,starenter,I,enter,385,2,1982.1000000238419,345753.60000002384,9088,WL,B,5.0
3,10.399999856948853,learn,49600.00014305115,Tue Sep 22 2026 12:56:12 GMT-0400 (Eastern Daylight Time),349419.5,A,w,I,w,1663,2,1683.2999999523163,347736.2000000477,9088,WL,B,6.0
3,10.532999992370605,learn,49467.000007629395,Tue Sep 22 2026 12:56:12 GMT-0400 (Eastern Daylight Time),349552.39999997616,A,wi,I,i,109,2,1816.1999999284744,347736.2000000477,9088,WL,B,6.0
3,10.649999856948853,learn,49350.00014305115,Tue Sep 22 2026 12:56:12 GMT-0400 (Eastern Daylight Time),349669.39999997616,A,wif,I,f,102,2,1933.1999999284744,347736.2000000477,9088,WL,B,6.0
3,10.799999952316284,learn,49200.000047683716,Tue Sep 22 2026 12:56:12 GMT-0400 (Eastern Daylight Time),349819.39999997616,A,wife,I,e,127,2,2083.1999999284744,347736.2000000477,9088,WL,B,6.0
3,11.450000047683716,learn,48549.999952316284,Tue Sep 22 2026 12:56:12 GMT-0400 (Eastern Daylight Time),350469.0,A,wifeenter,I,enter,624,2,2732.7999999523163,347736.2000000477,9088,WL,B,6.0
3,13.33299994468689,learn,46667.00005531311,Tue Sep 22 2026 12:56:12 GMT-0400 (Eastern Daylight Time),352352.60000002384,A,w,I,w,1865,2,1883.1000000238419,350469.5,9088,WL,B,7.0
3,13.467000007629395,learn,46532.999992370605,Tue Sep 22 2026 12:56:12 GMT-0400 (Eastern Daylight Time),352486.0,A,wi,I,i,123,2,2016.5,350469.5,9088,WL,B,7.0
3,13.632999897003174,learn,46367.000102996826,Tue Sep 22 2026 12:56:12 GMT-0400 (Eastern Daylight Time),352652.7000000477,A,win,I,n,149,2,2183.2000000476837,350469.5,9088,WL,B,7.0
3,13.75,learn,46250.0,Tue Sep 22 2026 12:56:12 GMT-0400 (Eastern Daylight Time),352769.5,A,wind,I,d,95,2,2300.0,350469.5,9088,WL,B,7.0
3,13.884000062942505,learn,46115.999937057495,Tue Sep 22 2026 12:56:12 GMT-0400 (Eastern Daylight Time),352902.8000000715,A,windo,I,o,113,2,2433.3000000715256,350469.5,9088,WL,B,7.0
3,14.033999919891357,learn,45966.00008010864,Tue Sep 22 2026 12:56:12 GMT-0400 (Eastern Daylight Time),353052.89999997616,A,window,I,w,117,2,2583.399999976158,350469.5,9088,WL,B,7.0
3,14.516000032424927,learn,45483.99996757507,Tue Sep 22 2026 12:56:12 GMT-0400 (Eastern Daylight Time),353535.60000002384,A,windowenter,I,enter,462,2,3066.100000023842,350469.5,9088,WL,B,7.0
3,14.849999904632568,learn,45150.00009536743,Tue Sep 22 2026 12:56:12 GMT-0400 (Eastern Daylight Time),353869.5,A,c,I,c,318,2,333.5,353536.0,9088,WL,B,8.0
3,14.950000047683716,learn,45049.999952316284,Tue Sep 22 2026 12:56:12 GMT-0400 (Eastern Daylight Time),353969.5,A,ci,I,i,77,2,433.5,353536.0,9088,WL,B,8.0
3,15.184000015258789,learn,44815.99998474121,Tue Sep 22 2026 12:56:12 GMT-0400 (Eastern Daylight Time),354202.7000000477,A,cit,I,t,216,2,666.7000000476837,353536.0,9088,WL,B,8.0
3,15.33299994468689,learn,44667.00005531311,Tue Sep 22 2026 12:56:12 GMT-0400 (Eastern Daylight Time),354352.7000000477,A,city,I,y,128,2,816.7000000476837,353536.0,9088,WL,B,8.0
3,15.700000047683716,learn,44299.999952316284,Tue Sep 22 2026 12:56:12 GMT-0400 (Eastern Daylight Time),354719.0,A,cityenter,I,enter,353,2,1183.0,353536.0,9088,WL,B,8.0
3,16.549999952316284,learn,43450.000047683716,Tue Sep 22 2026 12:56:12 GMT-0400 (Eastern Daylight Time),355569.5,A,p,I,p,840,2,850.1000000238419,354719.39999997616,9088,WL,B,9.0
3,16.68400001525879,learn,43315.99998474121,Tue Sep 22 2026 12:56:12 GMT-0400 (Eastern Daylight Time),355702.8000000715,A,pu,I,u,114,2,983.4000000953674,354719.39999997616,9088,WL,B,9.0
3,16.899999856948853,learn,43100.00014305115,Tue Sep 22 2026 12:56:12 GMT-0400 (Eastern Daylight Time),355919.5,A,pup,I,p,201,2,1200.1000000238419,354719.39999997616,9088,WL,B,9.0
3,17.16700005531311,learn,42832.99994468689,Tue Sep 22 2026 12:56:12 GMT-0400 (Eastern Daylight Time),356186.10000002384,A,pupi,I,i,248,2,1466.7000000476837,354719.39999997616,9088,WL,B,9.0
3,17.41700005531311,learn,42582.99994468689,Tue Sep 22 2026 12:56:12 GMT-0400 (Eastern Daylight Time),356436.2000000477,A,pupil,I,l,233,2,1716.8000000715256,354719.39999997616,9088,WL,B,9.0
3,18.266000032424927,learn,41733.99996757507,Tue Sep 22 2026 12:56:12 GMT-0400 (Eastern Daylight Time),357285.60000002384,A,pupilenter,I,enter,837,2,2566.2000000476837,354719.39999997616,9088,WL,B,9.0
3,20.08399987220764,learn,39916.00012779236,Tue Sep 22 2026 12:56:12 GMT-0400 (Eastern Daylight Time),359102.8000000715,A,c,I,c,1801,2,1816.8000000715256,357286.0,9088,WL,B,10.0
3,20.283999919891357,learn,39716.00008010864,Tue Sep 22 2026 12:56:12 GMT-0400 (Eastern Daylight Time),359302.7000000477,A,ca,I,a,188,2,2016.7000000476837,357286.0,9088,WL,B,10.0
3,20.399999856948853,learn,39600.00014305115,Tue Sep 22 2026 12:56:12 GMT-0400 (Eastern Daylight Time),359419.60000002384,A,cab,I,b,100,2,2133.600000023842,357286.0,9088,WL,B,10.0
3,20.533999919891357,learn,39466.00008010864,Tue Sep 22 2026 12:56:12 GMT-0400 (Eastern Daylight Time),359552.8000000715,A,cabi,I,i,114,2,2266.8000000715256,357286.0,9088,WL,B,10.0
3,20.68400001525879,learn,39315.99998474121,Tue Sep 22 2026 12:56:12 GMT-0400 (Eastern Daylight Time),359702.8000000715,A,cabin,I,n,123,2,2416.8000000715256,357286.0,9088,WL,B,10.0
3,21.26799988746643,learn,38732.00011253357,Tue Sep 22 2026 12:56:12 GMT-0400 (Eastern Daylight Time),360287.0,A,cabinenter,I,enter,564,2,3001.0,357286.0,9088,WL,B,10.0
3,21.59999990463257,learn,38400.00009536743,Tue Sep 22 2026 12:56:12 GMT-0400 (Eastern Daylight Time),360619.2000000477,A,l,I,l,319,2,332.0,360287.2000000477,9088,WL,B,11.0
3,21.76699995994568,learn,38233.00004005432,Tue Sep 22 2026 12:56:12 GMT-0400 (Eastern Daylight Time),360786.2000000477,A,la,I,a,144,2,499.0,360287.2000000477,9088,WL,B,11.0
3,21.950000047683716,learn,38049.999952316284,Tue Sep 22 2026 12:56:12 GMT-0400 (Eastern Daylight Time),360969.39999997616,A,lak,I,k,161,2,682.1999999284744,360287.2000000477,9088,WL,B,11.0
3,22.116999864578247,learn,37883.00013542175,Tue Sep 22 2026 12:56:12 GMT-0400 (Eastern Daylight Time),361136.10000002384,A,lake,I,e,154,2,848.8999999761581,360287.2000000477,9088,WL,B,11.0
3,22.450000047683716,learn,37549.999952316284,Tue Sep 22 2026 12:56:12 GMT-0400 (Eastern Daylight Time),361469.0,A,lakeenter,I,enter,307,2,1181.7999999523163,360287.2000000477,9088,WL,B,11.0
3,22.816999912261963,learn,37183.00008773804,Tue Sep 22 2026 12:56:12 GMT-0400 (Eastern Daylight Time),361836.0,A,p,I,p,345,2,366.60000002384186,361469.39999997616,9088,WL,B,12.0
3,23.049999952316284,learn,36950.000047683716,Tue Sep 22 2026 12:56:12 GMT-0400 (Eastern Daylight Time),362069.5,A,pi,I,i,207,2,600.1000000238419,361469.39999997616,9088,WL,B,12.0
3,23.25,learn,36750.0,Tue Sep 22 2026 12:56:12 GMT-0400 (Eastern Daylight Time),362269.5,A,pip,I,p,181,2,800.1000000238419,361469.39999997616,9088,WL,B,12.0
3,23.51699995994568,learn,36483.00004005432,Tue Sep 22 2026 12:56:12 GMT-0400 (Eastern Daylight Time),362536.2000000477,A,pipe,I,e,240,2,1066.8000000715256,361469.39999997616,9088,WL,B,12.0
3,24.200000047683716,learn,35799.999952316284,Tue Sep 22 2026 12:56:12 GMT-0400 (Eastern Daylight Time),363219.0,A,pipeenter,I,enter,657,2,1749.6000000238419,361469.39999997616,9088,WL,B,12.0
3,25.59999990463257,learn,34400.00009536743,Tue Sep 22 2026 12:56:12 GMT-0400 (Eastern Daylight Time),364619.5,A,s,I,s,1387,2,1400.1000000238419,363219.39999997616,9088,WL,B,13.0
3,25.799999952316284,learn,34200.000047683716,Tue Sep 22 2026 12:56:12 GMT-0400 (Eastern Daylight Time),364819.5,A,sk,I,k,176,2,1600.1000000238419,363219.39999997616,9088,WL,B,13.0
3,25.967000007629395,learn,34032.999992370605,Tue Sep 22 2026 12:56:12 GMT-0400 (Eastern Daylight Time),364986.3000000715,A,ski,I,i,152,2,1766.9000000953674,363219.39999997616,9088,WL,B,13.0
3,26.116999864578247,learn,33883.00013542175,Tue Sep 22 2026 12:56:12 GMT-0400 (Eastern Daylight Time),365136.10000002384,A,skin,I,n,132,2,1916.7000000476837,363219.39999997616,9088,WL,B,13.0
3,26.5,learn,33500.0,Tue Sep 22 2026 12:56:12 GMT-0400 (Eastern Daylight Time),365519.10000002384,A,skinenter,I,enter,362,2,2299.7000000476837,363219.39999997616,9088,WL,B,13.0
3,27.01699995994568,learn,32983.00004005432,Tue Sep 22 2026 12:56:12 GMT-0400 (Eastern Daylight Time),366036.0,A,f,I,f,496,2,516.3999999761581,365519.60000002384,9088,WL,B,14.0
3,27.18400001525879,learn,32815.99998474121,Tue Sep 22 2026 12:56:12 GMT-0400 (Eastern Daylight Time),366202.7000000477,A,fi,I,i,152,2,683.1000000238419,365519.60000002384,9088,WL,B,14.0
3,27.299999952316284,learn,32700.000047683716,Tue Sep 22 2026 12:56:12 GMT-0400 (Eastern Daylight Time),366319.39999997616,A,fir,I,r,104,2,799.7999999523163,365519.60000002384,9088,WL,B,14.0
3,27.450000047683716,learn,32549.999952316284,Tue Sep 22 2026 12:56:12 GMT-0400 (Eastern Daylight Time),366469.5,A,fire,I,e,139,2,949.8999999761581,365519.60000002384,9088,WL,B,14.0
3,28.016000032424927,learn,31983.999967575073,Tue Sep 22 2026 12:56:12 GMT-0400 (Eastern Daylight Time),367035.7000000477,A,fireenter,I,enter,549,2,1516.1000000238419,365519.60000002384,9088,WL,B,14.0
3,28.634000062942505,learn,31365.999937057495,Tue Sep 22 2026 12:56:12 GMT-0400 (Eastern Daylight Time),367652.8000000715,A,c,I,c,594,2,616.8000000715256,367036.0,9088,WL,B,15.0
3,28.782999992370605,learn,31217.000007629395,Tue Sep 22 2026 12:56:12 GMT-0400 (Eastern Daylight Time),367802.60000002384,A,cl,I,l,124,2,766.6000000238419,367036.0,9088,WL,B,15.0
3,28.98300004005432,learn,31016.99995994568,Tue Sep 22 2026 12:56:12 GMT-0400 (Eastern Daylight Time),368002.60000002384,A,clo,I,o,177,2,966.6000000238419,367036.0,9088,WL,B,15.0
3,29.09999990463257,learn,30900.00009536743,Tue Sep 22 2026 12:56:12 GMT-0400 (Eastern Daylight Time),368119.5,A,cloc,I,c,105,2,1083.5,367036.0,9088,WL,B,15.0
3,29.282999992370605,learn,30717.000007629395,Tue Sep 22 2026 12:56:12 GMT-0400 (Eastern Daylight Time),368302.60000002384,A,clock,I,k,156,2,1266.6000000238419,367036.0,9088,WL,B,15.0
3,29.58299994468689,learn,30417.00005531311,Tue Sep 22 2026 12:56:12 GMT-0400 (Eastern Daylight Time),368602.3000000715,A,clockenter,I,enter,284,2,1566.3000000715256,367036.0,9088,WL,B,15.0
4,1.434000015258789,learn,58565.99998474121,Tue Sep 22 2026 12:56:12 GMT-0400 (Eastern Daylight Time),444536.3000000715,A,s,I,s,1414,2,1433.4000000953674,443102.89999997616,9088,WL,B,1.0
4,1.6670000553131104,learn,58332.99994468689,Tue Sep 22 2026 12:56:12 GMT-0400 (Eastern Daylight Time),444769.60000002384,A,st,I,t,219,2,1666.7000000476837,443102.89999997616,9088,WL,B,1.0
4,1.9010000228881836,learn,58098.99997711182,Tue Sep 22 2026 12:56:12 GMT-0400 (Eastern Daylight Time),445002.7000000477,A,str,I,r,219,2,1899.8000000715256,443102.89999997616,9088,WL,B,1.0
4,2.1510000228881836,learn,57848.99997711182,Tue Sep 22 2026 12:56:12 GMT-0400 (Eastern Daylight Time),445253.0,A,stre,I,e,217,2,2150.100000023842,443102.89999997616,9088,WL,B,1.0
4,2.316999912261963,learn,57683.00008773804,Tue Sep 22 2026 12:56:12 GMT-0400 (Eastern Daylight Time),445419.60000002384,A,stree,I,e,150,2,2316.7000000476837,443102.89999997616,9088,WL,B,1.0
4,2.566999912261963,learn,57433.00008773804,Tue Sep 22 2026 12:56:12 GMT-0400 (Eastern Daylight Time),445669.39999997616,A,street,I,t,224,2,2566.5,443102.89999997616,9088,WL,B,1.0
4,2.7170000076293945,learn,57282.999992370605,Tue Sep 22 2026 12:56:12 GMT-0400 (Eastern Daylight Time),445819.10000002384,A,streetenter,I,enter,123,2,2716.2000000476837,443102.89999997616,9088,WL,B,1.0
4,3.3340001106262207,learn,56665.99988937378,Tue Sep 22 2026 12:56:12 GMT-0400 (Eastern Daylight Time),446436.2000000477,A,g,I,g,595,2,616.7000000476837,445819.5,9088,WL,B,2.0
4,3.566999912261963,learn,56433.00008773804,Tue Sep 22 2026 12:56:12 GMT-0400 (Eastern Daylight Time),446669.60000002384,A,gr,I,r,215,2,850.1000000238419,445819.5,9088,WL,B,2.0
4,3.750999927520752,learn,56249.00007247925,Tue Sep 22 2026 12:56:12 GMT-0400 (Eastern Daylight Time),446853.0,A,gre,I,e,158,2,1033.5,445819.5,9088,WL,B,2.0
4,4.316999912261963,learn,55683.00008773804,Tue Sep 22 2026 12:56:12 GMT-0400 (Eastern Daylight Time),447419.7000000477,A,gr,I,backspace,541,2,1600.2000000476837,445819.5,9088,WL,B,2.0
4,4.566999912261963,learn,55433.00008773804,Tue Sep 22 2026 12:56:12 GMT-0400 (Eastern Daylight Time),447669.5,A,gra,I,a,222,2,1850.0,445819.5,9088,WL,B,2.0
4,4.766999959945679,learn,55233.00004005432,Tue Sep 22 2026 12:56:12 GMT-0400 (Eastern Daylight Time),447869.5,A,gras,I,s,181,2,2050.0,445819.5,9088,WL,B,2.0
4,4.950000047683716,learn,55049.999952316284,Tue Sep 22 2026 12:56:12 GMT-0400 (Eastern Daylight Time),448052.7000000477,A,grass,I,s,158,2,2233.2000000476837,445819.5,9088,WL,B,2.0
4,5.25,learn,54750.0,Tue Sep 22 2026 12:56:12 GMT-0400 (Eastern Daylight Time),448352.3000000715,A,grassenter,I,enter,286,2,2532.8000000715256,445819.5,9088,WL,B,2.0
4,5.733999967575073,learn,54266.00003242493,Tue Sep 22 2026 12:56:12 GMT-0400 (Eastern Daylight Time),448836.2000000477,A,d,I,d,470,2,483.60000002384186,448352.60000002384,9088,WL,B,3.0
4,6.101000070571899,learn,53898.9999294281,Tue Sep 22 2026 12:56:12 GMT-0400 (Eastern Daylight Time),449202.8000000715,A,do,I,o,351,2,850.2000000476837,448352.60000002384,9088,WL,B,3.0
4,6.301000118255615,learn,53698.999881744385,Tue Sep 22 2026 12:56:12 GMT-0400 (Eastern Daylight Time),449402.89999997616,A,doo,I,o,176,2,1050.2999999523163,448352.60000002384,9088,WL,B,3.0
4,6.434000015258789,learn,53565.99998474121,Tue Sep 22 2026 12:56:12 GMT-0400 (Eastern Daylight Time),449536.2000000477,A,door,I,r,114,2,1183.6000000238419,448352.60000002384,9088,WL,B,3.0
4,6.700999975204468,learn,53299.00002479553,Tue Sep 22 2026 12:56:12 GMT-0400 (Eastern Daylight Time),449803.2000000477,A,doorenter,I,enter,242,2,1450.6000000238419,448352.60000002384,9088,WL,B,3.0
4,7.066999912261963,learn,52933.00008773804,Tue Sep 22 2026 12:56:12 GMT-0400 (Eastern Daylight Time),450169.5,A,a,I,a,355,2,365.89999997615814,449803.60000002384,9088,WL,B,4.0
4,7.16700005531311,learn,52832.99994468689,Tue Sep 22 2026 12:56:12 GMT-0400 (Eastern Daylight Time),450269.5,A,ar,I,r,89,2,465.89999997615814,449803.60000002384,9088,WL,B,4.0
4,7.434000015258789,learn,52565.99998474121,Tue Sep 22 2026 12:56:12 GMT-0400 (Eastern Daylight Time),450536.10000002384,A,arm,I,m,246,2,732.5,449803.60000002384,9088,WL,B,4.0
4,7.684000015258789,learn,52315.99998474121,Tue Sep 22 2026 12:56:12 GMT-0400 (Eastern Daylight Time),450785.8000000715,A,armenter,I,enter,226,2,982.2000000476837,449803.60000002384,9088,WL,B,4.0
4,8.934000015258789,learn,51065.99998474121,Tue Sep 22 2026 12:56:12 GMT-0400 (Eastern Daylight Time),452036.2000000477,A,s,I,s,1229,2,1250.1000000238419,450786.10000002384,9088,WL,B,5.0
4,9.151000022888184,learn,50848.99997711182,Tue Sep 22 2026 12:56:12 GMT-0400 (Eastern Daylight Time),452252.8000000715,A,st,I,t,190,2,1466.7000000476837,450786.10000002384,9088,WL,B,5.0
4,9.316999912261963,learn,50683.00008773804,Tue Sep 22 2026 12:56:12 GMT-0400 (Eastern Daylight Time),452419.60000002384,A,sta,I,a,143,2,1633.5,450786.10000002384,9088,WL,B,5.0
4,9.450999975204468,learn,50549.00002479553,Tue Sep 22 2026 12:56:12 GMT-0400 (Eastern Daylight Time),452552.89999997616,A,star,I,r,120,2,1766.7999999523163,450786.10000002384,9088,WL,B,5.0
4,9.75,learn,50250.0,Tue Sep 22 2026 12:56:12 GMT-0400 (Eastern Daylight Time),452852.5,A,starenter,I,enter,274,2,2066.399999976158,450786.10000002384,9088,WL,B,5.0
4,10.0,learn,50000.0,Tue Sep 22 2026 12:56:12 GMT-0400 (Eastern Daylight Time),453102.7000000477,A,w,I,w,234,2,249.89999997615814,452852.8000000715,9088,WL,B,6.0
4,10.134000062942505,learn,49865.999937057495,Tue Sep 22 2026 12:56:12 GMT-0400 (Eastern Daylight Time),453236.2000000477,A,wi,I,i,108,2,383.39999997615814,452852.8000000715,9088,WL,B,6.0
4,10.266999959945679,learn,49733.00004005432,Tue Sep 22 2026 12:56:12 GMT-0400 (Eastern Daylight Time),453369.5,A,wif,I,f,111,2,516.6999999284744,452852.8000000715,9088,WL,B,6.0
4,10.450999975204468,learn,49549.00002479553,Tue Sep 22 2026 12:56:12 GMT-0400 (Eastern Daylight Time),453553.0,A,wife,I,e,163,2,700.1999999284744,452852.8000000715,9088,WL,B,6.0
4,10.849999904632568,learn,49150.00009536743,Tue Sep 22 2026 12:56:12 GMT-0400 (Eastern Daylight Time),453952.39999997616,A,wifeenter,I,enter,385,2,1099.5999999046326,452852.8000000715,9088,WL,B,6.0
4,12.500999927520752,learn,47499.00007247925,Tue Sep 22 2026 12:56:12 GMT-0400 (Eastern Daylight Time),455602.7000000477,A,w,I,w,1630,2,1650.0,453952.7000000477,9088,WL,B,7.0
4,12.617000102996826,learn,47382.999897003174,Tue Sep 22 2026 12:56:12 GMT-0400 (Eastern Daylight Time),455719.5,A,wi,I,i,105,2,1766.7999999523163,453952.7000000477,9088,WL,B,7.0
4,12.766999959945679,learn,47233.00004005432,Tue Sep 22 2026 12:56:12 GMT-0400 (Eastern Daylight Time),455869.39999997616,A,win,I,n,133,2,1916.6999999284744,453952.7000000477,9088,WL,B,7.0
4,12.867000102996826,learn,47132.999897003174,Tue Sep 22 2026 12:56:12 GMT-0400 (Eastern Daylight Time),455969.5,A,wind,I,d,78,2,2016.7999999523163,453952.7000000477,9088,WL,B,7.0
4,13.0,learn,47000.0,Tue Sep 22 2026 12:56:12 GMT-0400 (Eastern Daylight Time),456102.7000000477,A,windo,I,o,113,2,2150.0,453952.7000000477,9088,WL,B,7.0
4,13.134000062942505,learn,46865.999937057495,Tue Sep 22 2026 12:56:12 GMT-0400 (Eastern Daylight Time),456236.10000002384,A,window,I,w,109,2,2283.399999976158,453952.7000000477,9088,WL,B,7.0
4,13.349999904632568,learn,46650.00009536743,Tue Sep 22 2026 12:56:12 GMT-0400 (Eastern Daylight Time),456452.39999997616,A,windowenter,I,enter,197,2,2499.6999999284744,453952.7000000477,9088,WL,B,7.0
4,13.733999967575073,learn,46266.00003242493,Tue Sep 22 2026 12:56:12 GMT-0400 (Eastern Daylight Time),456836.2000000477,A,c,I,c,362,2,383.5,456452.7000000477,9088,WL,B,8.0
4,13.801000118255615,learn,46198.999881744385,Tue Sep 22 2026 12:56:12 GMT-0400 (Eastern Daylight Time),456903.39999997616,A,ci,I,i,55,2,450.6999999284744,456452.7000000477,9088,WL,B,8.0
4,13.967000007629395,learn,46032.999992370605,Tue Sep 22 2026 12:56:12 GMT-0400 (Eastern Daylight Time),457069.60000002384,A,cit,I,t,147,2,616.8999999761581,456452.7000000477,9088,WL,B,8.0
4,14.117000102996826,learn,45882.999897003174,Tue Sep 22 2026 12:56:12 GMT-0400 (Eastern Daylight Time),457219.5,A,city,I,y,119,2,766.7999999523163,456452.7000000477,9088,WL,B,8.0
4,14.467000007629395,learn,45532.999992370605,Tue Sep 22 2026 12:56:12 GMT-0400 (Eastern Daylight Time),457569.10000002384,A,cityenter,I,enter,327,2,1116.3999999761581,456452.7000000477,9088,WL,B,8.0
4,15.233999967575073,learn,44766.00003242493,Tue Sep 22 2026 12:56:12 GMT-0400 (Eastern Daylight Time),458336.2000000477,A,p,I,p,749,2,766.7000000476837,457569.5,9088,WL,B,9.0
4,15.384000062942505,learn,44615.999937057495,Tue Sep 22 2026 12:56:12 GMT-0400 (Eastern Daylight Time),458486.10000002384,A,pu,I,u,131,2,916.6000000238419,457569.5,9088,WL,B,9.0
4,15.58400011062622,learn,44415.99988937378,Tue Sep 22 2026 12:56:12 GMT-0400 (Eastern Daylight Time),458686.2000000477,A,pup,I,p,174,2,1116.7000000476837,457569.5,9088,WL,B,9.0
4,15.950999975204468,learn,44049.00002479553,Tue Sep 22 2026 12:56:12 GMT-0400 (Eastern Daylight Time),459052.89999997616,A,pupi,I,i,341,2,1483.3999999761581,457569.5,9088,WL,B,9.0
4,16.18400001525879,learn,43815.99998474121,Tue Sep 22 2026 12:56:12 GMT-0400 (Eastern Daylight Time),459286.0,A,pupil,I,l,222,2,1716.5,457569.5,9088,WL,B,9.0
4,16.617000102996826,learn,43382.999897003174,Tue Sep 22 2026 12:56:12 GMT-0400 (Eastern Daylight Time),459719.10000002384,A,pupilenter,I,enter,414,2,2149.600000023842,457569.5,9088,WL,B,9.0
4,17.41700005531311,learn,42582.99994468689,Tue Sep 22 2026 12:56:12 GMT-0400 (Eastern Daylight Time),460519.5,A,c,I,c,791,2,800.0,459719.5,9088,WL,B,10.0
4,17.617000102996826,learn,42382.999897003174,Tue Sep 22 2026 12:56:12 GMT-0400 (Eastern Daylight Time),460719.60000002384,A,ca,I,a,187,2,1000.1000000238419,459719.5,9088,WL,B,10.0
4,17.717000007629395,learn,42282.999992370605,Tue Sep 22 2026 12:56:12 GMT-0400 (Eastern Daylight Time),460819.39999997616,A,cab,I,b,68,2,1099.8999999761581,459719.5,9088,WL,B,10.0
4,17.8510000705719,learn,42148.9999294281,Tue Sep 22 2026 12:56:12 GMT-0400 (Eastern Daylight Time),460952.89999997616,A,cabi,I,i,113,2,1233.3999999761581,459719.5,9088,WL,B,10.0
4,18.01699995994568,learn,41983.00004005432,Tue Sep 22 2026 12:56:12 GMT-0400 (Eastern Daylight Time),461119.60000002384,A,cabin,I,n,145,2,1400.1000000238419,459719.5,9088,WL,B,10.0
4,18.401000022888184,learn,41598.99997711182,Tue Sep 22 2026 12:56:12 GMT-0400 (Eastern Daylight Time),461503.2000000477,A,cabinenter,I,enter,371,2,1783.7000000476837,459719.5,9088,WL,B,10.0
4,18.816999912261963,learn,41183.00008773804,Tue Sep 22 2026 12:56:12 GMT-0400 (Eastern Daylight Time),461919.60000002384,A,l,I,l,399,2,416.10000002384186,461503.5,9088,WL,B,11.0
4,18.967000007629395,learn,41032.999992370605,Tue Sep 22 2026 12:56:12 GMT-0400 (Eastern Daylight Time),462069.5,A,la,I,a,129,2,566.0,461503.5,9088,WL,B,11.0
4,19.066999912261963,learn,40933.00008773804,Tue Sep 22 2026 12:56:12 GMT-0400 (Eastern Daylight Time),462169.5,A,lak,I,k,86,2,666.0,461503.5,9088,WL,B,11.0
4,19.233999967575073,learn,40766.00003242493,Tue Sep 22 2026 12:56:12 GMT-0400 (Eastern Daylight Time),462336.10000002384,A,lake,I,e,153,2,832.6000000238419,461503.5,9088,WL,B,11.0
4,19.467000007629395,learn,40532.999992370605,Tue Sep 22 2026 12:56:12 GMT-0400 (Eastern Daylight Time),462569.2000000477,A,lakeenter,I,enter,217,2,1065.7000000476837,461503.5,9088,WL,B,11.0
4,19.801000118255615,learn,40198.999881744385,Tue Sep 22 2026 12:56:12 GMT-0400 (Eastern Daylight Time),462903.0,A,p,I,p,325,2,333.5,462569.5,9088,WL,B,12.0
4,20.033999919891357,learn,39966.00008010864,Tue Sep 22 2026 12:56:12 GMT-0400 (Eastern Daylight Time),463136.2000000477,A,pi,I,i,220,2,566.7000000476837,462569.5,9088,WL,B,12.0
4,20.233999967575073,learn,39766.00003242493,Tue Sep 22 2026 12:56:12 GMT-0400 (Eastern Daylight Time),463336.3000000715,A,pip,I,p,172,2,766.8000000715256,462569.5,9088,WL,B,12.0
4,20.500999927520752,learn,39499.00007247925,Tue Sep 22 2026 12:56:12 GMT-0400 (Eastern Daylight Time),463602.7000000477,A,pipl,I,l,250,2,1033.2000000476837,462569.5,9088,WL,B,12.0
4,21.051000118255615,learn,38948.999881744385,Tue Sep 22 2026 12:56:12 GMT-0400 (Eastern Daylight Time),464152.8000000715,A,pip,I,backspace,536,2,1583.3000000715256,462569.5,9088,WL,B,12.0
4,21.467000007629395,learn,38532.999992370605,Tue Sep 22 2026 12:56:12 GMT-0400 (Eastern Daylight Time),464569.60000002384,A,pipe,I,e,394,2,2000.1000000238419,462569.5,9088,WL,B,12.0
4,21.884000062942505,learn,38115.999937057495,Tue Sep 22 2026 12:56:12 GMT-0400 (Eastern Daylight Time),464985.7000000477,A,pipeenter,I,enter,401,2,2416.2000000476837,462569.5,9088,WL,B,12.0
4,23.217000007629395,learn,36782.999992370605,Tue Sep 22 2026 12:56:12 GMT-0400 (Eastern Daylight Time),466319.60000002384,A,s,I,s,1317,2,1333.6000000238419,464986.0,9088,WL,B,13.0
4,23.43400001525879,learn,36565.99998474121,Tue Sep 22 2026 12:56:12 GMT-0400 (Eastern Daylight Time),466536.2000000477,A,sk,I,k,204,2,1550.2000000476837,464986.0,9088,WL,B,13.0
4,23.634000062942505,learn,36365.999937057495,Tue Sep 22 2026 12:56:12 GMT-0400 (Eastern Daylight Time),466736.2000000477,A,ski,I,i,187,2,1750.2000000476837,464986.0,9088,WL,B,13.0
4,23.78500008583069,learn,36214.99991416931,Tue Sep 22 2026 12:56:12 GMT-0400 (Eastern Daylight Time),466887.3000000715,A,skin,I,n,135,2,1901.3000000715256,464986.0,9088,WL,B,13.0
4,24.233999967575073,learn,35766.00003242493,Tue Sep 22 2026 12:56:12 GMT-0400 (Eastern Daylight Time),467335.7000000477,A,skinenter,I,enter,420,2,2349.7000000476837,464986.0,9088,WL,B,13.0
4,24.6010000705719,learn,35398.9999294281,Tue Sep 22 2026 12:56:12 GMT-0400 (Eastern Daylight Time),467702.7000000477,A,f,I,f,351,2,366.60000002384186,467336.10000002384,9088,WL,B,14.0
4,24.750999927520752,learn,35249.00007247925,Tue Sep 22 2026 12:56:12 GMT-0400 (Eastern Daylight Time),467852.8000000715,A,fi,I,i,132,2,516.7000000476837,467336.10000002384,9088,WL,B,14.0
4,24.901000022888184,learn,35098.99997711182,Tue Sep 22 2026 12:56:12 GMT-0400 (Eastern Daylight Time),468002.89999997616,A,fir,I,r,126,2,666.7999999523163,467336.10000002384,9088,WL,B,14.0
4,25.066999912261963,learn,34933.00008773804,Tue Sep 22 2026 12:56:12 GMT-0400 (Eastern Daylight Time),468169.60000002384,A,fire,I,e,144,2,833.5,467336.10000002384,9088,WL,B,14.0
4,25.568000078201294,learn,34431.999921798706,Tue Sep 22 2026 12:56:12 GMT-0400 (Eastern Daylight Time),468670.0,A,fireenter,I,enter,488,2,1333.8999999761581,467336.10000002384,9088,WL,B,14.0
4,31.551000118255615,learn,28448.999881744385,Tue Sep 22 2026 12:56:12 GMT-0400 (Eastern Daylight Time),474652.89999997616,A,c,I,c,5968,2,5982.5,468670.39999997616,9088,WL,B,15.0
4,31.651000022888184,learn,28348.999977111816,Tue Sep 22 2026 12:56:12 GMT-0400 (Eastern Daylight Time),474752.7000000477,A,cl,I,l,84,2,6082.300000071526,468670.39999997616,9088,WL,B,15.0
4,31.816999912261963,learn,28183.000087738037,Tue Sep 22 2026 12:56:12 GMT-0400 (Eastern Daylight Time),474919.5,A,clo,I,o,150,2,6249.100000023842,468670.39999997616,9088,WL,B,15.0
4,31.884000062942505,learn,28115.999937057495,Tue Sep 22 2026 12:56:12 GMT-0400 (Eastern Daylight Time),474985.89999997616,A,cloc,I,c,43,2,6315.5,468670.39999997616,9088,WL,B,15.0
4,32.03399991989136,learn,27966.000080108643,Tue Sep 22 2026 12:56:12 GMT-0400 (Eastern Daylight Time),475136.10000002384,A,clock,I,k,130,2,6465.700000047684,468670.39999997616,9088,WL,B,15.0
4,32.26699995994568,learn,27733.00004005432,Tue Sep 22 2026 12:56:12 GMT-0400 (Eastern Daylight Time),475369.10000002384,A,clockenter,I,enter,216,2,6698.700000047684,468670.39999997616,9088,WL,B,15.0
5,1.25,learn,60000.0,Tue Sep 22 2026 12:56:12 GMT-0400 (Eastern Daylight Time),550720.0,A,s,I,s,1238,2,1249.7999999523163,549470.2000000477,9088,WL,B,1.0
5,1.4830000400543213,learn,60000.0,Tue Sep 22 2026 12:56:12 GMT-0400 (Eastern Daylight Time),550953.0,A,st,I,t,218,2,1482.7999999523163,549470.2000000477,9088,WL,B,1.0
5,1.6989998817443848,learn,60000.0,Tue Sep 22 2026 12:56:12 GMT-0400 (Eastern Daylight Time),551169.6000000238,A,str,I,r,202,2,1699.3999999761581,549470.2000000477,9088,WL,B,1.0
5,1.8989999294281006,learn,60000.0,Tue Sep 22 2026 12:56:12 GMT-0400 (Eastern Daylight Time),551369.7000000477,A,stre,I,e,175,2,1899.5,549470.2000000477,9088,WL,B,1.0
5,2.065999984741211,learn,60000.0,Tue Sep 22 2026 12:56:12 GMT-0400 (Eastern Daylight Time),551536.3000000715,A,stree,I,e,153,2,2066.100000023842,549470.2000000477,9088,WL,B,1.0
5,2.2990000247955322,learn,60000.0,Tue Sep 22 2026 12:56:12 GMT-0400 (Eastern Daylight Time),551769.6000000238,A,street,I,t,204,2,2299.399999976158,549470.2000000477,9088,WL,B,1.0
5,2.5490000247955322,learn,60000.0,Tue Sep 22 2026 12:56:12 GMT-0400 (Eastern Daylight Time),552019.2000000477,A,streetenter,I,enter,231,2,2549.0,549470.2000000477,9088,WL,B,1.0
5,3.1989998817443848,learn,60000.0,Tue Sep 22 2026 12:56:12 GMT-0400 (Eastern Daylight Time),552669.6000000238,A,g,I,g,636,2,649.8999999761581,552019.7000000477,9088,WL,B,2.0
5,3.433000087738037,learn,60000.0,Tue Sep 22 2026 12:56:12 GMT-0400 (Eastern Daylight Time),552902.8999999762,A,gr,I,r,222,2,883.1999999284744,552019.7000000477,9088,WL,B,2.0
5,4.499000072479248,learn,60000.0,Tue Sep 22 2026 12:56:12 GMT-0400 (Eastern Daylight Time),553969.5,A,gra,I,a,1051,2,1949.7999999523163,552019.7000000477,9088,WL,B,2.0
5,4.865999937057495,learn,60000.0,Tue Sep 22 2026 12:56:12 GMT-0400 (Eastern Daylight Time),554336.3000000715,A,gras,I,s,346,2,2316.600000023842,552019.7000000477,9088,WL,B,2.0
5,5.065999984741211,learn,60000.0,Tue Sep 22 2026 12:56:12 GMT-0400 (Eastern Daylight Time),554536.2000000477,A,grass,I,s,188,2,2516.5,552019.7000000477,9088,WL,B,2.0
5,7.216000080108643,learn,60000.0,Tue Sep 22 2026 12:56:12 GMT-0400 (Eastern Daylight Time),556685.8000000715,A,grassenter,I,enter,2129,2,4666.100000023842,552019.7000000477,9088,WL,B,2.0
5,7.7829999923706055,learn,60000.0,Tue Sep 22 2026 12:56:12 GMT-0400 (Eastern Daylight Time),557253.0,A,d,I,d,545,2,566.6999999284744,556686.3000000715,9088,WL,B,3.0
5,7.933000087738037,learn,60000.0,Tue Sep 22 2026 12:56:12 GMT-0400 (Eastern Daylight Time),557402.8000000715,A,do,I,o,126,2,716.5,556686.3000000715,9088,WL,B,3.0
5,8.098999977111816,learn,60000.0,Tue Sep 22 2026 12:56:12 GMT-0400 (Eastern Daylight Time),557569.6000000238,A,doo,I,o,137,2,883.2999999523163,556686.3000000715,9088,WL,B,3.0
5,8.216000080108643,learn,60000.0,Tue Sep 22 2026 12:56:12 GMT-0400 (Eastern Daylight Time),557686.0,A,door,I,r,97,2,999.6999999284744,556686.3000000715,9088,WL,B,3.0
5,9.115999937057495,learn,60000.0,Tue Sep 22 2026 12:56:12 GMT-0400 (Eastern Daylight Time),558585.8999999762,A,doorenter,I,enter,869,2,1899.5999999046326,556686.3000000715,9088,WL,B,3.0
5,11.41599988937378,learn,60000.0,Tue Sep 22 2026 12:56:12 GMT-0400 (Eastern Daylight Time),560885.8999999762,A,a,I,a,2292,2,2299.5999999046326,558586.3000000715,9088,WL,B,4.0
5,11.632999897003174,learn,60000.0,Tue Sep 22 2026 12:56:12 GMT-0400 (Eastern Daylight Time),561102.8000000715,A,ar,I,r,205,2,2516.5,558586.3000000715,9088,WL,B,4.0
5,11.83299994468689,learn,60000.0,Tue Sep 22 2026 12:56:12 GMT-0400 (Eastern Daylight Time),561302.8000000715,A,arm,I,m,174,2,2716.5,558586.3000000715,9088,WL,B,4.0
5,12.499000072479248,learn,60000.0,Tue Sep 22 2026 12:56:12 GMT-0400 (Eastern Daylight Time),561969.3000000715,A,armenter,I,enter,644,2,3383.0,558586.3000000715,9088,WL,B,4.0
5,14.549000024795532,learn,60000.0,Tue Sep 22 2026 12:56:12 GMT-0400 (Eastern Daylight Time),564019.6000000238,A,s,I,s,2037,2,2050.0,561969.6000000238,9088,WL,B,5.0
5,14.782999992370605,learn,60000.0,Tue Sep 22 2026 12:56:12 GMT-0400 (Eastern Daylight Time),564252.8999999762,A,st,I,t,216,2,2283.2999999523163,561969.6000000238,9088,WL,B,5.0
5,15.049000024795532,learn,60000.0,Tue Sep 22 2026 12:56:12 GMT-0400 (Eastern Daylight Time),564519.6000000238,A,sta,I,a,239,2,2550.0,561969.6000000238,9088,WL,B,5.0
5,15.266000032424927,learn,60000.0,Tue Sep 22 2026 12:56:12 GMT-0400 (Eastern Daylight Time),564736.2000000477,A,star,I,r,204,2,2766.600000023842,561969.6000000238,9088,WL,B,5.0
5,15.91599988937378,learn,60000.0,Tue Sep 22 2026 12:56:12 GMT-0400 (Eastern Daylight Time),565385.8000000715,A,starenter,I,enter,627,2,3416.2000000476837,561969.6000000238,9088,WL,B,5.0
5,17.098999977111816,learn,60000.0,Tue Sep 22 2026 12:56:12 GMT-0400 (Eastern Daylight Time),566569.6000000238,A,w,I,w,1165,2,1183.5,565386.1000000238,9088,WL,B,6.0
5,17.266000032424927,learn,60000.0,Tue Sep 22 2026 12:56:12 GMT-0400 (Eastern Daylight Time),566736.3000000715,A,wi,I,i,153,2,1350.2000000476837,565386.1000000238,9088,WL,B,6.0
5,17.3989999294281,learn,60000.0,Tue Sep 22 2026 12:56:12 GMT-0400 (Eastern Daylight Time),566869.6000000238,A,wif,I,f,114,2,1483.5,565386.1000000238,9088,WL,B,6.0
5,17.632999897003174,learn,60000.0,Tue Sep 22 2026 12:56:12 GMT-0400 (Eastern Daylight Time),567102.8999999762,A,wife,I,e,214,2,1716.7999999523163,565386.1000000238,9088,WL,B,6.0
5,18.1489999294281,learn,60000.0,Tue Sep 22 2026 12:56:12 GMT-0400 (Eastern Daylight Time),567619.2000000477,A,wifeenter,I,enter,491,2,2233.100000023842,565386.1000000238,9088,WL,B,6.0
5,21.81599998474121,learn,60000.0,Tue Sep 22 2026 12:56:12 GMT-0400 (Eastern Daylight Time),571286.0,A,w,I,w,3658,2,3666.5,567619.5,9088,WL,B,7.0
5,21.98300004005432,learn,60000.0,Tue Sep 22 2026 12:56:12 GMT-0400 (Eastern Daylight Time),571452.8000000715,A,wi,I,i,150,2,3833.3000000715256,567619.5,9088,WL,B,7.0
5,22.200000047683716,learn,60000.0,Tue Sep 22 2026 12:56:12 GMT-0400 (Eastern Daylight Time),571669.8000000715,A,win,I,n,190,2,4050.3000000715256,567619.5,9088,WL,B,7.0
5,22.299000024795532,learn,60000.0,Tue Sep 22 2026 12:56:12 GMT-0400 (Eastern Daylight Time),571769.6000000238,A,wind,I,d,77,2,4150.100000023842,567619.5,9088,WL,B,7.0
5,22.466000080108643,learn,60000.0,Tue Sep 22 2026 12:56:12 GMT-0400 (Eastern Daylight Time),571936.3000000715,A,windo,I,o,138,2,4316.800000071526,567619.5,9088,WL,B,7.0
5,22.58299994468689,learn,60000.0,Tue Sep 22 2026 12:56:12 GMT-0400 (Eastern Daylight Time),572052.8000000715,A,window,I,w,99,2,4433.300000071526,567619.5,9088,WL,B,7.0
5,22.865999937057495,learn,60000.0,Tue Sep 22 2026 12:56:12 GMT-0400 (Eastern Daylight Time),572335.8999999762,A,windowenter,I,enter,262,2,4716.399999976158,567619.5,9088,WL,B,7.0
5,23.115999937057495,learn,60000.0,Tue Sep 22 2026 12:56:12 GMT-0400 (Eastern Daylight Time),572586.2000000477,A,c,I,c,230,2,250.0,572336.2000000477,9088,WL,B,8.0
5,23.266000032424927,learn,60000.0,Tue Sep 22 2026 12:56:12 GMT-0400 (Eastern Daylight Time),572736.3000000715,A,ci,I,i,129,2,400.10000002384186,572336.2000000477,9088,WL,B,8.0
5,23.448999881744385,learn,60000.0,Tue Sep 22 2026 12:56:12 GMT-0400 (Eastern Daylight Time),572919.5,A,cit,I,t,163,2,583.2999999523163,572336.2000000477,9088,WL,B,8.0
5,23.632999897003174,learn,60000.0,Tue Sep 22 2026 12:56:12 GMT-0400 (Eastern Daylight Time),573102.8000000715,A,city,I,y,172,2,766.6000000238419,572336.2000000477,9088,WL,B,8.0
5,25.98199987411499,learn,60000.0,Tue Sep 22 2026 12:56:12 GMT-0400 (Eastern Daylight Time),575452.6000000238,A,cityenter,I,enter,2323,2,3116.399999976158,572336.2000000477,9088,WL,B,8.0
5,28.348999977111816,learn,60000.0,Tue Sep 22 2026 12:56:12 GMT-0400 (Eastern Daylight Time),577819.7000000477,A,p,I,p,2354,2,2366.8000000715256,575452.8999999762,9088,WL,B,9.0
5,28.58299994468689,learn,60000.0,Tue Sep 22 2026 12:56:12 GMT-0400 (Eastern Daylight Time),578053.0,A,pu,I,u,207,2,2600.100000023842,575452.8999999762,9088,WL,B,9.0
5,28.81599998474121,learn,60000.0,Tue Sep 22 2026 12:56:12 GMT-0400 (Eastern Daylight Time),578285.8000000715,A,pup,I,p,215,2,2832.9000000953674,575452.8999999762,9088,WL,B,9.0
5,29.249000072479248,learn,60000.0,Tue Sep 22 2026 12:56:12 GMT-0400 (Eastern Daylight Time),578719.5,A,pupi,I,i,425,2,3266.600000023842,575452.8999999762,9088,WL,B,9.0
5,29.549000024795532,learn,60000.0,Tue Sep 22 2026 12:56:12 GMT-0400 (Eastern Daylight Time),579019.7000000477,A,pupil,I,l,284,2,3566.8000000715256,575452.8999999762,9088,WL,B,9.0
5,30.132999897003174,learn,60000.0,Tue Sep 22 2026 12:56:12 GMT-0400 (Eastern Daylight Time),579603.3999999762,A,pupilenter,I,enter,567,2,4150.5,575452.8999999762,9088,WL,B,9.0
5,30.83299994468689,learn,60000.0,Tue Sep 22 2026 12:56:12 GMT-0400 (Eastern Daylight Time),580302.8999999762,A,c,I,c,691,2,699.0999999046326,579603.8000000715,9088,WL,B,10.0
5,31.049000024795532,learn,60000.0,Tue Sep 22 2026 12:56:12 GMT-0400 (Eastern Daylight Time),580519.5,A,ca,I,a,205,2,915.6999999284744,579603.8000000715,9088,WL,B,10.0
5,31.16599988937378,learn,60000.0,Tue Sep 22 2026 12:56:12 GMT-0400 (Eastern Daylight Time),580636.2000000477,A,cab,I,b,91,2,1032.3999999761581,579603.8000000715,9088,WL,B,10.0
5,31.266000032424927,learn,60000.0,Tue Sep 22 2026 12:56:12 GMT-0400 (Eastern Daylight Time),580736.3000000715,A,cabi,I,i,88,2,1132.5,579603.8000000715,9088,WL,B,10.0
5,31.448999881744385,learn,60000.0,Tue Sep 22 2026 12:56:12 GMT-0400 (Eastern Daylight Time),580919.5,A,cabin,I,n,164,2,1315.6999999284744,579603.8000000715,9088,WL,B,10.0
5,31.749000072479248,learn,60000.0,Tue Sep 22 2026 12:56:12 GMT-0400 (Eastern Daylight Time),581219.3000000715,A,cabinenter,I,enter,281,2,1615.5,579603.8000000715,9088,WL,B,10.0
5,32.04900002479553,learn,60000.0,Tue Sep 22 2026 12:56:12 GMT-0400 (Eastern Daylight Time),581519.5,A,l,I,l,291,2,299.7999999523163,581219.7000000477,9088,WL,B,11.0
5,32.23300004005432,learn,60000.0,Tue Sep 22 2026 12:56:12 GMT-0400 (Eastern Daylight Time),581702.8000000715,A,la,I,a,172,2,483.10000002384186,581219.7000000477,9088,WL,B,11.0
5,32.382999897003174,learn,60000.0,Tue Sep 22 2026 12:56:12 GMT-0400 (Eastern Daylight Time),581852.8000000715,A,lak,I,k,124,2,633.1000000238419,581219.7000000477,9088,WL,B,11.0
5,32.51600003242493,learn,60000.0,Tue Sep 22 2026 12:56:12 GMT-0400 (Eastern Daylight Time),581986.3000000715,A,lake,I,e,111,2,766.6000000238419,581219.7000000477,9088,WL,B,11.0
5,32.91599988937378,learn,60000.0,Tue Sep 22 2026 12:56:12 GMT-0400 (Eastern Daylight Time),582385.8000000715,A,lakeenter,I,enter,368,2,1166.1000000238419,581219.7000000477,9088,WL,B,11.0
5,33.3989999294281,learn,60000.0,Tue Sep 22 2026 12:56:12 GMT-0400 (Eastern Daylight Time),582869.6000000238,A,p,I,p,476,2,483.39999997615814,582386.2000000477,9088,WL,B,12.0
5,33.66599988937378,learn,60000.0,Tue Sep 22 2026 12:56:12 GMT-0400 (Eastern Daylight Time),583136.3000000715,A,pi,I,i,245,2,750.1000000238419,582386.2000000477,9088,WL,B,12.0
5,33.93300008773804,learn,60000.0,Tue Sep 22 2026 12:56:12 GMT-0400 (Eastern Daylight Time),583402.8000000715,A,pip,I,p,251,2,1016.6000000238419,582386.2000000477,9088,WL,B,12.0
5,34.3989999294281,learn,60000.0,Tue Sep 22 2026 12:56:12 GMT-0400 (Eastern Daylight Time),583869.6000000238,A,pipe,I,e,455,2,1483.3999999761581,582386.2000000477,9088,WL,B,12.0
5,35.06599998474121,learn,60000.0,Tue Sep 22 2026 12:56:12 GMT-0400 (Eastern Daylight Time),584535.8000000715,A,pipeenter,I,enter,644,2,2149.600000023842,582386.2000000477,9088,WL,B,12.0
5,37.16599988937378,learn,60000.0,Tue Sep 22 2026 12:56:12 GMT-0400 (Eastern Daylight Time),586636.3999999762,A,s,I,s,2087,2,2100.2999999523163,584536.1000000238,9088,WL,B,13.0
5,37.33299994468689,learn,60000.0,Tue Sep 22 2026 12:56:12 GMT-0400 (Eastern Daylight Time),586802.8000000715,A,sk,I,k,141,2,2266.7000000476837,584536.1000000238,9088,WL,B,13.0
5,37.532999992370605,learn,60000.0,Tue Sep 22 2026 12:56:12 GMT-0400 (Eastern Daylight Time),587002.7000000477,A,ski,I,i,176,2,2466.600000023842,584536.1000000238,9088,WL,B,13.0
5,37.68300008773804,learn,60000.0,Tue Sep 22 2026 12:56:12 GMT-0400 (Eastern Daylight Time),587152.8000000715,A,skin,I,n,136,2,2616.7000000476837,584536.1000000238,9088,WL,B,13.0
5,37.98199987411499,learn,60000.0,Tue Sep 22 2026 12:56:12 GMT-0400 (Eastern Daylight Time),587452.3999999762,A,skinenter,I,enter,283,2,2916.2999999523163,584536.1000000238,9088,WL,B,13.0
5,38.54900002479553,learn,60000.0,Tue Sep 22 2026 12:56:12 GMT-0400 (Eastern Daylight Time),588019.6000000238,A,f,I,f,554,2,566.8999999761581,587452.7000000477,9088,WL,B,14.0
5,38.698999881744385,learn,60000.0,Tue Sep 22 2026 12:56:12 GMT-0400 (Eastern Daylight Time),588169.5,A,fi,I,i,135,2,716.7999999523163,587452.7000000477,9088,WL,B,14.0
5,38.81599998474121,learn,60000.0,Tue Sep 22 2026 12:56:12 GMT-0400 (Eastern Daylight Time),588286.2000000477,A,fir,I,r,83,2,833.5,587452.7000000477,9088,WL,B,14.0
5,38.96600008010864,learn,60000.0,Tue Sep 22 2026 12:56:12 GMT-0400 (Eastern Daylight Time),588436.2000000477,A,fire,I,e,118,2,983.5,587452.7000000477,9088,WL,B,14.0
5,39.66599988937378,learn,60000.0,Tue Sep 22 2026 12:56:12 GMT-0400 (Eastern Daylight Time),589136.3000000715,A,fireenter,I,enter,678,2,1683.6000000238419,587452.7000000477,9088,WL,B,14.0
5,41.71600008010864,learn,60000.0,Tue Sep 22 2026 12:56:12 GMT-0400 (Eastern Daylight Time),591186.3000000715,A,c,I,c,2030,2,2049.7000000476837,589136.6000000238,9088,WL,B,15.0
5,41.79900002479553,learn,60000.0,Tue Sep 22 2026 12:56:12 GMT-0400 (Eastern Daylight Time),591269.2000000477,A,cl,I,l,73,2,2132.600000023842,589136.6000000238,9088,WL,B,15.0
5,42.0,learn,60000.0,Tue Sep 22 2026 12:56:12 GMT-0400 (Eastern Daylight Time),591469.7000000477,A,clo,I,o,171,2,2333.100000023842,589136.6000000238,9088,WL,B,15.0
5,42.08399987220764,learn,60000.0,Tue Sep 22 2026 12:56:12 GMT-0400 (Eastern Daylight Time),591554.0,A,cloc,I,c,54,2,2417.399999976158,589136.6000000238,9088,WL,B,15.0
5,42.21600008010864,learn,60000.0,Tue Sep 22 2026 12:56:12 GMT-0400 (Eastern Daylight Time),591686.0,A,clock,I,k,110,2,2549.399999976158,589136.6000000238,9088,WL,B,15.0
5,42.49900007247925,learn,60000.0,Tue Sep 22 2026 12:56:12 GMT-0400 (Eastern Daylight Time),591969.0,A,clockenter,I,enter,255,2,2832.399999976158,589136.6000000238,9088,WL,B,15.0
6,1.5509998798370361,distr,58449.000120162964,Tue Sep 22 2026 12:56:12 GMT-0400 (Eastern Daylight Time),669119.8000000715,B,s,I,s,1539,2,1550.1000000238419,667569.7000000477,9088,WL,B,1.0
6,1.7839999198913574,distr,58216.00008010864,Tue Sep 22 2026 12:56:12 GMT-0400 (Eastern Daylight Time),669353.1000000238,B,st,I,t,210,2,1783.3999999761581,667569.7000000477,9088,WL,B,1.0
6,1.8840000629425049,distr,58115.999937057495,Tue Sep 22 2026 12:56:12 GMT-0400 (Eastern Daylight Time),669453.0,B,sto,I,o,75,2,1883.2999999523163,667569.7000000477,9088,WL,B,1.0
6,2.0339999198913574,distr,57966.00008010864,Tue Sep 22 2026 12:56:12 GMT-0400 (Eastern Daylight Time),669602.8999999762,B,stor,I,r,134,2,2033.1999999284744,667569.7000000477,9088,WL,B,1.0
6,2.700000047683716,distr,57299.999952316284,Tue Sep 22 2026 12:56:12 GMT-0400 (Eastern Daylight Time),670269.7000000477,B,storm,I,m,633,2,2700.0,667569.7000000477,9088,WL,B,1.0
6,3.0840001106262207,distr,56915.99988937378,Tue Sep 22 2026 12:56:12 GMT-0400 (Eastern Daylight Time),670653.5,B,stormenter,I,enter,364,2,3083.7999999523163,667569.7000000477,9088,WL,B,1.0
6,3.4000000953674316,distr,56599.99990463257,Tue Sep 22 2026 12:56:12 GMT-0400 (Eastern Daylight Time),670969.5,B,v,I,v,297,2,315.60000002384186,670653.8999999762,9088,WL,B,2.0
6,3.5,distr,56500.0,Tue Sep 22 2026 12:56:12 GMT-0400 (Eastern Daylight Time),671069.7000000477,B,vi,I,i,89,2,415.8000000715256,670653.8999999762,9088,WL,B,2.0
6,3.750999927520752,distr,56249.00007247925,Tue Sep 22 2026 12:56:12 GMT-0400 (Eastern Daylight Time),671319.8000000715,B,vil,I,l,231,2,665.9000000953674,670653.8999999762,9088,WL,B,2.0
6,3.9000000953674316,distr,56099.99990463257,Tue Sep 22 2026 12:56:12 GMT-0400 (Eastern Daylight Time),671469.6000000238,B,vill,I,l,131,2,815.7000000476837,670653.8999999762,9088,WL,B,2.0
6,4.2170000076293945,distr,55782.999992370605,Tue Sep 22 2026 12:56:12 GMT-0400 (Eastern Daylight Time),671786.3999999762,B,villa,I,a,292,2,1132.5,670653.8999999762,9088,WL,B,2.0
6,4.367000102996826,distr,55632.999897003174,Tue Sep 22 2026 12:56:12 GMT-0400 (Eastern Daylight Time),671936.3999999762,B,villag,I,g,129,2,1282.5,670653.8999999762,9088,WL,B,2.0
6,4.549999952316284,distr,55450.000047683716,Tue Sep 22 2026 12:56:12 GMT-0400 (Eastern Daylight Time),672119.6000000238,B,village,I,e,171,2,1465.7000000476837,670653.8999999762,9088,WL,B,2.0
6,4.900000095367432,distr,55099.99990463257,Tue Sep 22 2026 12:56:12 GMT-0400 (Eastern Daylight Time),672469.3000000715,B,villageenter,I,enter,330,2,1815.4000000953674,670653.8999999762,9088,WL,B,2.0
6,5.549999952316284,distr,54450.000047683716,Tue Sep 22 2026 12:56:12 GMT-0400 (Eastern Daylight Time),673119.6000000238,B,c,I,c,641,2,649.7000000476837,672469.8999999762,9088,WL,B,3.0
6,5.816999912261963,distr,54183.00008773804,Tue Sep 22 2026 12:56:12 GMT-0400 (Eastern Daylight Time),673386.3999999762,B,ce,I,e,251,2,916.5,672469.8999999762,9088,WL,B,3.0
6,5.934000015258789,distr,54065.99998474121,Tue Sep 22 2026 12:56:12 GMT-0400 (Eastern Daylight Time),673502.8999999762,B,cel,I,l,96,2,1033.0,672469.8999999762,9088,WL,B,3.0
6,6.101000070571899,distr,53898.9999294281,Tue Sep 22 2026 12:56:12 GMT-0400 (Eastern Daylight Time),673669.8000000715,B,cell,I,l,153,2,1199.9000000953674,672469.8999999762,9088,WL,B,3.0
6,6.566999912261963,distr,53433.00008773804,Tue Sep 22 2026 12:56:12 GMT-0400 (Eastern Daylight Time),674135.8999999762,B,cellenter,I,enter,445,2,1666.0,672469.8999999762,9088,WL,B,3.0
6,6.9670000076293945,distr,53032.999992370605,Tue Sep 22 2026 12:56:12 GMT-0400 (Eastern Daylight Time),674536.5,B,a,I,a,382,2,400.2999999523163,674136.2000000477,9088,WL,B,4.0
6,7.117000102996826,distr,52882.999897003174,Tue Sep 22 2026 12:56:12 GMT-0400 (Eastern Daylight Time),674686.2000000477,B,ar,I,r,139,2,550.0,674136.2000000477,9088,WL,B,4.0
6,7.934000015258789,distr,52065.99998474121,Tue Sep 22 2026 12:56:12 GMT-0400 (Eastern Daylight Time),675502.8000000715,B,arm,I,m,806,2,1366.6000000238419,674136.2000000477,9088,WL,B,4.0
6,8.25,distr,51750.0,Tue Sep 22 2026 12:56:12 GMT-0400 (Eastern Daylight Time),675819.6000000238,B,army,I,y,292,2,1683.3999999761581,674136.2000000477,9088,WL,B,4.0
6,8.934000015258789,distr,51065.99998474121,Tue Sep 22 2026 12:56:12 GMT-0400 (Eastern Daylight Time),676503.5,B,armyenter,I,enter,660,2,2367.2999999523163,674136.2000000477,9088,WL,B,4.0
6,9.450000047683716,distr,50549.999952316284,Tue Sep 22 2026 12:56:12 GMT-0400 (Eastern Daylight Time),677019.7000000477,B,b,I,b,503,2,515.8999999761581,676503.8000000715,9088,WL,B,5.0
6,9.58400011062622,distr,50415.99988937378,Tue Sep 22 2026 12:56:12 GMT-0400 (Eastern Daylight Time),677153.2000000477,B,bu,I,u,113,2,649.3999999761581,676503.8000000715,9088,WL,B,5.0
6,9.650000095367432,distr,50349.99990463257,Tue Sep 22 2026 12:56:12 GMT-0400 (Eastern Daylight Time),677219.7000000477,B,bui,I,i,37,2,715.8999999761581,676503.8000000715,9088,WL,B,5.0
6,9.8510000705719,distr,50148.9999294281,Tue Sep 22 2026 12:56:12 GMT-0400 (Eastern Daylight Time),677419.7000000477,B,buil,I,l,177,2,915.8999999761581,676503.8000000715,9088,WL,B,5.0
6,10.200000047683716,distr,49799.999952316284,Tue Sep 22 2026 12:56:12 GMT-0400 (Eastern Daylight Time),677769.6000000238,B,build,I,d,335,2,1265.7999999523163,676503.8000000715,9088,WL,B,5.0
6,10.516999959945679,distr,49483.00004005432,Tue Sep 22 2026 12:56:12 GMT-0400 (Eastern Daylight Time),678086.3999999762,B,buildi,I,i,297,2,1582.5999999046326,676503.8000000715,9088,WL,B,5.0
6,10.700000047683716,distr,49299.999952316284,Tue Sep 22 2026 12:56:12 GMT-0400 (Eastern Daylight Time),678269.7000000477,B,buildin,I,n,156,2,1765.8999999761581,676503.8000000715,9088,WL,B,5.0
6,10.799999952316284,distr,49200.000047683716,Tue Sep 22 2026 12:56:12 GMT-0400 (Eastern Daylight Time),678369.7000000477,B,building,I,g,70,2,1865.8999999761581,676503.8000000715,9088,WL,B,5.0
6,11.049999952316284,distr,48950.000047683716,Tue Sep 22 2026 12:56:12 GMT-0400 (Eastern Daylight Time),678619.3000000715,B,buildingenter,I,enter,216,2,2115.5,676503.8000000715,9088,WL,B,5.0
6,11.283999919891357,distr,48716.00008010864,Tue Sep 22 2026 12:56:12 GMT-0400 (Eastern Daylight Time),678853.1000000238,B,f,I,f,211,2,233.39999997615814,678619.7000000477,9088,WL,B,6.0
6,11.500999927520752,distr,48499.00007247925,Tue Sep 22 2026 12:56:12 GMT-0400 (Eastern Daylight Time),679069.7000000477,B,fr,I,r,198,2,450.0,678619.7000000477,9088,WL,B,6.0
6,11.634000062942505,distr,48365.999937057495,Tue Sep 22 2026 12:56:12 GMT-0400 (Eastern Daylight Time),679203.0,B,fri,I,i,108,2,583.2999999523163,678619.7000000477,9088,WL,B,6.0
6,12.233999967575073,distr,47766.00003242493,Tue Sep 22 2026 12:56:12 GMT-0400 (Eastern Daylight Time),679802.8999999762,B,frie,I,e,582,2,1183.1999999284744,678619.7000000477,9088,WL,B,6.0
6,12.367000102996826,distr,47632.999897003174,Tue Sep 22 2026 12:56:12 GMT-0400 (Eastern Daylight Time),679936.3999999762,B,frien,I,n,121,2,1316.6999999284744,678619.7000000477,9088,WL,B,6.0
6,12.533999919891357,distr,47466.00008010864,Tue Sep 22 2026 12:56:12 GMT-0400 (Eastern Daylight Time),680103.0,B,friend,I,d,146,2,1483.2999999523163,678619.7000000477,9088,WL,B,6.0
6,13.266999959945679,distr,46733.00004005432,Tue Sep 22 2026 12:56:12 GMT-0400 (Eastern Daylight Time),680835.8999999762,B,friendenter,I,enter,705,2,2216.1999999284744,678619.7000000477,9088,WL,B,6.0
6,14.533999919891357,distr,45466.00008010864,Tue Sep 22 2026 12:56:12 GMT-0400 (Eastern Daylight Time),682102.8999999762,B,b,I,b,1251,2,1266.5999999046326,680836.3000000715,9088,WL,B,7.0
6,14.700000047683716,distr,45299.999952316284,Tue Sep 22 2026 12:56:12 GMT-0400 (Eastern Daylight Time),682269.7000000477,B,ba,I,a,141,2,1433.3999999761581,680836.3000000715,9088,WL,B,7.0
6,14.783999919891357,distr,45216.00008010864,Tue Sep 22 2026 12:56:12 GMT-0400 (Eastern Daylight Time),682352.8000000715,B,bab,I,b,53,2,1516.5,680836.3000000715,9088,WL,B,7.0
6,14.983999967575073,distr,45016.00003242493,Tue Sep 22 2026 12:56:12 GMT-0400 (Eastern Daylight Time),682552.8999999762,B,baby,I,y,173,2,1716.5999999046326,680836.3000000715,9088,WL,B,7.0
6,15.299999952316284,distr,44700.000047683716,Tue Sep 22 2026 12:56:12 GMT-0400 (Eastern Daylight Time),682869.0,B,babyenter,I,enter,307,2,2032.6999999284744,680836.3000000715,9088,WL,B,7.0
6,15.684000015258789,distr,44315.99998474121,Tue Sep 22 2026 12:56:12 GMT-0400 (Eastern Daylight Time),683252.8999999762,B,o,I,o,369,2,383.6999999284744,682869.2000000477,9088,WL,B,8.0
6,15.900000095367432,distr,44099.99990463257,Tue Sep 22 2026 12:56:12 GMT-0400 (Eastern Daylight Time),683469.7000000477,B,oc,I,c,190,2,600.5,682869.2000000477,9088,WL,B,8.0
6,16.134000062942505,distr,43865.999937057495,Tue Sep 22 2026 12:56:12 GMT-0400 (Eastern Daylight Time),683702.8999999762,B,oce,I,e,222,2,833.6999999284744,682869.2000000477,9088,WL,B,8.0
6,16.34999990463257,distr,43650.00009536743,Tue Sep 22 2026 12:56:12 GMT-0400 (Eastern Daylight Time),683919.6000000238,B,ocea,I,a,197,2,1050.3999999761581,682869.2000000477,9088,WL,B,8.0
6,16.59999990463257,distr,43400.00009536743,Tue Sep 22 2026 12:56:12 GMT-0400 (Eastern Daylight Time),684169.7000000477,B,ocean,I,n,233,2,1300.5,682869.2000000477,9088,WL,B,8.0
6,16.950000047683716,distr,43049.999952316284,Tue Sep 22 2026 12:56:12 GMT-0400 (Eastern Daylight Time),684519.3000000715,B,oceanenter,I,enter,338,2,1650.1000000238419,682869.2000000477,9088,WL,B,8.0
6,17.367000102996826,distr,42632.999897003174,Tue Sep 22 2026 12:56:12 GMT-0400 (Eastern Daylight Time),684936.3999999762,B,p,I,p,407,2,416.7999999523163,684519.6000000238,9088,WL,B,9.0
6,17.59999990463257,distr,42400.00009536743,Tue Sep 22 2026 12:56:12 GMT-0400 (Eastern Daylight Time),685169.7000000477,B,pa,I,a,218,2,650.1000000238419,684519.6000000238,9088,WL,B,9.0
6,17.76699995994568,distr,42233.00004005432,Tue Sep 22 2026 12:56:12 GMT-0400 (Eastern Daylight Time),685336.3999999762,B,pal,I,l,145,2,816.7999999523163,684519.6000000238,9088,WL,B,9.0
6,18.117000102996826,distr,41882.999897003174,Tue Sep 22 2026 12:56:12 GMT-0400 (Eastern Daylight Time),685686.0,B,pala,I,a,332,2,1166.3999999761581,684519.6000000238,9088,WL,B,9.0
6,18.367000102996826,distr,41632.999897003174,Tue Sep 22 2026 12:56:12 GMT-0400 (Eastern Daylight Time),685936.3999999762,B,palac,I,c,222,2,1416.7999999523163,684519.6000000238,9088,WL,B,9.0
6,18.634000062942505,distr,41365.999937057495,Tue Sep 22 2026 12:56:12 GMT-0400 (Eastern Daylight Time),686202.8999999762,B,palace,I,e,235,2,1683.2999999523163,684519.6000000238,9088,WL,B,9.0
6,18.983999967575073,distr,41016.00003242493,Tue Sep 22 2026 12:56:12 GMT-0400 (Eastern Daylight Time),686553.3999999762,B,palaceenter,I,enter,337,2,2033.7999999523163,684519.6000000238,9088,WL,B,9.0
6,26.117000102996826,distr,33882.999897003174,Tue Sep 22 2026 12:56:12 GMT-0400 (Eastern Daylight Time),693686.2000000477,B,s,I,s,7126,2,7132.5,686553.7000000477,9088,WL,B,10.0
6,26.450999975204468,distr,33549.00002479553,Tue Sep 22 2026 12:56:12 GMT-0400 (Eastern Daylight Time),694019.7000000477,B,st,I,t,307,2,7466.0,686553.7000000477,9088,WL,B,10.0
6,26.800999879837036,distr,33199.000120162964,Tue Sep 22 2026 12:56:12 GMT-0400 (Eastern Daylight Time),694369.7000000477,B,ste,I,e,328,2,7816.0,686553.7000000477,9088,WL,B,10.0
6,27.050999879837036,distr,32949.000120162964,Tue Sep 22 2026 12:56:12 GMT-0400 (Eastern Daylight Time),694619.7000000477,B,stea,I,a,233,2,8066.0,686553.7000000477,9088,WL,B,10.0
6,27.283999919891357,distr,32716.000080108643,Tue Sep 22 2026 12:56:12 GMT-0400 (Eastern Daylight Time),694853.0,B,steam,I,m,207,2,8299.299999952316,686553.7000000477,9088,WL,B,10.0
6,27.68400001525879,distr,32315.99998474121,Tue Sep 22 2026 12:56:12 GMT-0400 (Eastern Daylight Time),695253.5,B,steamenter,I,enter,372,2,8699.799999952316,686553.7000000477,9088,WL,B,10.0
6,28.117000102996826,distr,31882.999897003174,Tue Sep 22 2026 12:56:12 GMT-0400 (Eastern Daylight Time),695686.0,B,r,I,r,424,2,431.89999997615814,695254.1000000238,9088,WL,B,11.0
6,28.384000062942505,distr,31615.999937057495,Tue Sep 22 2026 12:56:12 GMT-0400 (Eastern Daylight Time),695952.8000000715,B,ro,I,o,252,2,698.7000000476837,695254.1000000238,9088,WL,B,11.0
6,28.634000062942505,distr,31365.999937057495,Tue Sep 22 2026 12:56:12 GMT-0400 (Eastern Daylight Time),696202.8999999762,B,roc,I,c,225,2,948.7999999523163,695254.1000000238,9088,WL,B,11.0
6,28.816999912261963,distr,31183.000087738037,Tue Sep 22 2026 12:56:12 GMT-0400 (Eastern Daylight Time),696386.3999999762,B,rock,I,k,166,2,1132.2999999523163,695254.1000000238,9088,WL,B,11.0
6,29.58299994468689,distr,30417.00005531311,Tue Sep 22 2026 12:56:12 GMT-0400 (Eastern Daylight Time),697152.5,B,rockenter,I,enter,738,2,1898.3999999761581,695254.1000000238,9088,WL,B,11.0
6,29.93400001525879,distr,30065.99998474121,Tue Sep 22 2026 12:56:12 GMT-0400 (Eastern Daylight Time),697502.8999999762,B,c,I,c,334,2,350.0,697152.8999999762,9088,WL,B,12.0
6,30.16700005531311,distr,29832.99994468689,Tue Sep 22 2026 12:56:12 GMT-0400 (Eastern Daylight Time),697736.3999999762,B,co,I,o,220,2,583.5,697152.8999999762,9088,WL,B,12.0
6,30.26699995994568,distr,29733.00004005432,Tue Sep 22 2026 12:56:12 GMT-0400 (Eastern Daylight Time),697836.3999999762,B,coi,I,i,76,2,683.5,697152.8999999762,9088,WL,B,12.0
6,30.51699995994568,distr,29483.00004005432,Tue Sep 22 2026 12:56:12 GMT-0400 (Eastern Daylight Time),698086.1000000238,B,coin,I,n,231,2,933.2000000476837,697152.8999999762,9088,WL,B,12.0
6,30.884000062942505,distr,29115.999937057495,Tue Sep 22 2026 12:56:12 GMT-0400 (Eastern Daylight Time),698452.8999999762,B,coinenter,I,enter,350,2,1300.0,697152.8999999762,9088,WL,B,12.0
6,54.76699995994568,distr,5233.000040054321,Tue Sep 22 2026 12:56:12 GMT-0400 (Eastern Daylight Time),722336.1000000238,B,enter,I,enter,23874,2,23883.0,698453.1000000238,9088,WL,B,13.0
6,55.299999952316284,distr,4700.000047683716,Tue Sep 22 2026 12:56:12 GMT-0400 (Eastern Daylight Time),722869.3000000715,B,enter,I,enter,518,2,532.8000000715256,722336.5,9088,WL,B,14.0
6,56.26699995994568,distr,3733.0000400543213,Tue Sep 22 2026 12:56:12 GMT-0400 (Eastern Daylight Time),723836.0,B,enter,I,enter,944,2,966.2999999523163,722869.7000000477,9088,WL,B,15.0
7,0.7000000476837158,immed,59299.999952316284,Tue Sep 22 2026 12:56:12 GMT-0400 (Eastern Daylight Time),733553.0,A,s,I,s,687,2,699.5,732853.5,9088,WL,B,1.0
7,0.9500000476837158,immed,59049.999952316284,Tue Sep 22 2026 12:56:12 GMT-0400 (Eastern Daylight Time),733802.8999999762,A,st,I,t,226,2,949.3999999761581,732853.5,9088,WL,B,1.0
7,1.133000135421753,immed,58866.99986457825,Tue Sep 22 2026 12:56:12 GMT-0400 (Eastern Daylight Time),733986.5,A,str,I,r,168,2,1133.0,732853.5,9088,WL,B,1.0
7,1.3500001430511475,immed,58649.99985694885,Tue Sep 22 2026 12:56:12 GMT-0400 (Eastern Daylight Time),734202.8999999762,A,stre,I,e,185,2,1349.3999999761581,732853.5,9088,WL,B,1.0
7,1.5,immed,58500.0,Tue Sep 22 2026 12:56:12 GMT-0400 (Eastern Daylight Time),734353.0,A,stree,I,e,137,2,1499.5,732853.5,9088,WL,B,1.0
7,1.7170000076293945,immed,58282.999992370605,Tue Sep 22 2026 12:56:12 GMT-0400 (Eastern Daylight Time),734569.7000000477,A,street,I,t,187,2,1716.2000000476837,732853.5,9088,WL,B,1.0
7,1.8660001754760742,immed,58133.999824523926,Tue Sep 22 2026 12:56:12 GMT-0400 (Eastern Daylight Time),734719.3000000715,A,streetenter,I,enter,130,2,1865.8000000715256,732853.5,9088,WL,B,1.0
7,2.116000175476074,immed,57883.999824523926,Tue Sep 22 2026 12:56:12 GMT-0400 (Eastern Daylight Time),734969.7000000477,A,g,I,g,239,2,250.0,734719.7000000477,9088,WL,B,2.0
7,2.3500001430511475,immed,57649.99985694885,Tue Sep 22 2026 12:56:12 GMT-0400 (Eastern Daylight Time),735203.2000000477,A,gr,I,r,210,2,483.5,734719.7000000477,9088,WL,B,2.0
7,2.5500001907348633,immed,57449.99980926514,Tue Sep 22 2026 12:56:12 GMT-0400 (Eastern Daylight Time),735402.8999999762,A,gra,I,a,175,2,683.1999999284744,734719.7000000477,9088,WL,B,2.0
7,2.75,immed,57250.0,Tue Sep 22 2026 12:56:12 GMT-0400 (Eastern Daylight Time),735603.0,A,gras,I,s,177,2,883.2999999523163,734719.7000000477,9088,WL,B,2.0
7,2.950000047683716,immed,57049.999952316284,Tue Sep 22 2026 12:56:12 GMT-0400 (Eastern Daylight Time),735802.8999999762,A,grass,I,s,176,2,1083.1999999284744,734719.7000000477,9088,WL,B,2.0
7,3.183000087738037,immed,56816.99991226196,Tue Sep 22 2026 12:56:12 GMT-0400 (Eastern Daylight Time),736036.1000000238,A,grassenter,I,enter,207,2,1316.3999999761581,734719.7000000477,9088,WL,B,2.0
7,3.4000000953674316,immed,56599.99990463257,Tue Sep 22 2026 12:56:12 GMT-0400 (Eastern Daylight Time),736253.1000000238,A,d,I,d,203,2,216.70000004768372,736036.3999999762,9088,WL,B,3.0
7,3.5329999923706055,immed,56467.000007629395,Tue Sep 22 2026 12:56:12 GMT-0400 (Eastern Daylight Time),736386.5,A,do,I,o,117,2,350.10000002384186,736036.3999999762,9088,WL,B,3.0
7,3.75,immed,56250.0,Tue Sep 22 2026 12:56:12 GMT-0400 (Eastern Daylight Time),736603.2000000477,A,doo,I,o,200,2,566.8000000715256,736036.3999999762,9088,WL,B,3.0
7,3.950000047683716,immed,56049.999952316284,Tue Sep 22 2026 12:56:12 GMT-0400 (Eastern Daylight Time),736802.8999999762,A,door,I,r,177,2,766.5,736036.3999999762,9088,WL,B,3.0
7,4.466000080108643,immed,55533.99991989136,Tue Sep 22 2026 12:56:12 GMT-0400 (Eastern Daylight Time),737319.3000000715,A,doorenter,I,enter,496,2,1282.9000000953674,736036.3999999762,9088,WL,B,3.0
7,5.933000087738037,immed,54066.99991226196,Tue Sep 22 2026 12:56:12 GMT-0400 (Eastern Daylight Time),738786.3999999762,A,a,I,a,1447,2,1466.6999999284744,737319.7000000477,9088,WL,B,4.0
7,6.117000102996826,immed,53882.999897003174,Tue Sep 22 2026 12:56:12 GMT-0400 (Eastern Daylight Time),738969.8000000715,A,ar,I,r,168,2,1650.1000000238419,737319.7000000477,9088,WL,B,4.0
7,6.333000183105469,immed,53666.99981689453,Tue Sep 22 2026 12:56:12 GMT-0400 (Eastern Daylight Time),739186.3999999762,A,arm,I,m,186,2,1866.6999999284744,737319.7000000477,9088,WL,B,4.0
7,6.6000001430511475,immed,53399.99985694885,Tue Sep 22 2026 12:56:12 GMT-0400 (Eastern Daylight Time),739452.7000000477,A,armenter,I,enter,247,2,2133.0,737319.7000000477,9088,WL,B,4.0
7,7.25,immed,52750.0,Tue Sep 22 2026 12:56:12 GMT-0400 (Eastern Daylight Time),740103.0,A,s,I,s,641,2,650.0,739453.0,9088,WL,B,5.0
7,7.483000040054321,immed,52516.99995994568,Tue Sep 22 2026 12:56:12 GMT-0400 (Eastern Daylight Time),740336.3999999762,A,st,I,t,218,2,883.3999999761581,739453.0,9088,WL,B,5.0
7,7.700000047683716,immed,52299.999952316284,Tue Sep 22 2026 12:56:12 GMT-0400 (Eastern Daylight Time),740553.1000000238,A,sta,I,a,204,2,1100.1000000238419,739453.0,9088,WL,B,5.0
7,7.900000095367432,immed,52099.99990463257,Tue Sep 22 2026 12:56:12 GMT-0400 (Eastern Daylight Time),740752.8999999762,A,star,I,r,186,2,1299.8999999761581,739453.0,9088,WL,B,5.0
7,8.166000127792358,immed,51833.99987220764,Tue Sep 22 2026 12:56:12 GMT-0400 (Eastern Daylight Time),741019.3999999762,A,starenter,I,enter,242,2,1566.3999999761581,739453.0,9088,WL,B,5.0
7,8.41700005531311,immed,51582.99994468689,Tue Sep 22 2026 12:56:12 GMT-0400 (Eastern Daylight Time),741269.8000000715,A,w,I,w,227,2,250.10000002384186,741019.7000000477,9088,WL,B,6.0
7,8.550000190734863,immed,51449.99980926514,Tue Sep 22 2026 12:56:12 GMT-0400 (Eastern Daylight Time),741403.1000000238,A,wi,I,i,119,2,383.39999997615814,741019.7000000477,9088,WL,B,6.0
7,8.733000040054321,immed,51266.99995994568,Tue Sep 22 2026 12:56:12 GMT-0400 (Eastern Daylight Time),741586.3999999762,A,wif,I,f,168,2,566.6999999284744,741019.7000000477,9088,WL,B,6.0
7,9.233000040054321,immed,50766.99995994568,Tue Sep 22 2026 12:56:12 GMT-0400 (Eastern Daylight Time),742086.3999999762,A,wife,I,e,481,2,1066.6999999284744,741019.7000000477,9088,WL,B,6.0
7,9.733000040054321,immed,50266.99995994568,Tue Sep 22 2026 12:56:12 GMT-0400 (Eastern Daylight Time),742585.8999999762,A,wifeenter,I,enter,485,2,1566.1999999284744,741019.7000000477,9088,WL,B,6.0
7,11.700000047683716,immed,48299.999952316284,Tue Sep 22 2026 12:56:12 GMT-0400 (Eastern Daylight Time),744553.0,A,w,I,w,1956,2,1966.7999999523163,742586.2000000477,9088,WL,B,7.0
7,11.833000183105469,immed,48166.99981689453,Tue Sep 22 2026 12:56:12 GMT-0400 (Eastern Daylight Time),744686.2000000477,A,wi,I,i,121,2,2100.0,742586.2000000477,9088,WL,B,7.0
7,12.0,immed,48000.0,Tue Sep 22 2026 12:56:12 GMT-0400 (Eastern Daylight Time),744852.8000000715,A,win,I,n,148,2,2266.600000023842,742586.2000000477,9088,WL,B,7.0
7,12.117000102996826,immed,47882.999897003174,Tue Sep 22 2026 12:56:12 GMT-0400 (Eastern Daylight Time),744969.8000000715,A,wind,I,d,94,2,2383.600000023842,742586.2000000477,9088,WL,B,7.0
7,12.300000190734863,immed,47699.99980926514,Tue Sep 22 2026 12:56:12 GMT-0400 (Eastern Daylight Time),745152.8000000715,A,windo,I,o,162,2,2566.600000023842,742586.2000000477,9088,WL,B,7.0
7,12.450000047683716,immed,47549.999952316284,Tue Sep 22 2026 12:56:12 GMT-0400 (Eastern Daylight Time),745303.2000000477,A,window,I,w,131,2,2717.0,742586.2000000477,9088,WL,B,7.0
7,13.083000183105469,immed,46916.99981689453,Tue Sep 22 2026 12:56:12 GMT-0400 (Eastern Daylight Time),745935.8999999762,A,windowenter,I,enter,612,2,3349.6999999284744,742586.2000000477,9088,WL,B,7.0
7,13.583000183105469,immed,46416.99981689453,Tue Sep 22 2026 12:56:12 GMT-0400 (Eastern Daylight Time),746436.5,A,c,I,c,478,2,500.1999999284744,745936.3000000715,9088,WL,B,8.0
7,13.700000047683716,immed,46299.999952316284,Tue Sep 22 2026 12:56:12 GMT-0400 (Eastern Daylight Time),746553.2000000477,A,ci,I,i,102,2,616.8999999761581,745936.3000000715,9088,WL,B,8.0
7,13.883000135421753,immed,46116.99986457825,Tue Sep 22 2026 12:56:12 GMT-0400 (Eastern Daylight Time),746736.3999999762,A,cit,I,t,162,2,800.0999999046326,745936.3000000715,9088,WL,B,8.0
7,14.016000032424927,immed,45983.99996757507,Tue Sep 22 2026 12:56:12 GMT-0400 (Eastern Daylight Time),746869.5,A,city,I,y,106,2,933.1999999284744,745936.3000000715,9088,WL,B,8.0
7,14.333000183105469,immed,45666.99981689453,Tue Sep 22 2026 12:56:12 GMT-0400 (Eastern Daylight Time),747186.0,A,cityenter,I,enter,286,2,1249.6999999284744,745936.3000000715,9088,WL,B,8.0
7,15.0,immed,45000.0,Tue Sep 22 2026 12:56:12 GMT-0400 (Eastern Daylight Time),747853.1000000238,A,p,I,p,653,2,666.7999999523163,747186.3000000715,9088,WL,B,9.0
7,15.150000095367432,immed,44849.99990463257,Tue Sep 22 2026 12:56:12 GMT-0400 (Eastern Daylight Time),748002.8999999762,A,pu,I,u,133,2,816.5999999046326,747186.3000000715,9088,WL,B,9.0
7,15.383000135421753,immed,44616.99986457825,Tue Sep 22 2026 12:56:12 GMT-0400 (Eastern Daylight Time),748236.3999999762,A,pup,I,p,216,2,1050.0999999046326,747186.3000000715,9088,WL,B,9.0
7,16.200000047683716,immed,43799.999952316284,Tue Sep 22 2026 12:56:12 GMT-0400 (Eastern Daylight Time),749053.1000000238,A,pupi,I,i,790,2,1866.7999999523163,747186.3000000715,9088,WL,B,9.0
7,16.48300004005432,immed,43516.99995994568,Tue Sep 22 2026 12:56:12 GMT-0400 (Eastern Daylight Time),749336.3999999762,A,pupil,I,l,262,2,2150.0999999046326,747186.3000000715,9088,WL,B,9.0
7,16.950000047683716,immed,43049.999952316284,Tue Sep 22 2026 12:56:12 GMT-0400 (Eastern Daylight Time),749803.5,A,pupilenter,I,enter,443,2,2617.1999999284744,747186.3000000715,9088,WL,B,9.0
7,18.317000150680542,immed,41682.99984931946,Tue Sep 22 2026 12:56:12 GMT-0400 (Eastern Daylight Time),751169.7000000477,A,c,I,c,1347,2,1365.8000000715256,749803.8999999762,9088,WL,B,10.0
7,18.51699995994568,immed,41483.00004005432,Tue Sep 22 2026 12:56:12 GMT-0400 (Eastern Daylight Time),751369.7000000477,A,ca,I,a,186,2,1565.8000000715256,749803.8999999762,9088,WL,B,10.0
7,18.66700005531311,immed,41332.99994468689,Tue Sep 22 2026 12:56:12 GMT-0400 (Eastern Daylight Time),751519.7000000477,A,cab,I,b,121,2,1715.8000000715256,749803.8999999762,9088,WL,B,10.0
7,19.01699995994568,immed,40983.00004005432,Tue Sep 22 2026 12:56:12 GMT-0400 (Eastern Daylight Time),751869.8000000715,A,cabi,I,i,334,2,2065.9000000953674,749803.8999999762,9088,WL,B,10.0
7,19.233999967575073,immed,40766.00003242493,Tue Sep 22 2026 12:56:12 GMT-0400 (Eastern Daylight Time),752087.6000000238,A,cabin,I,n,206,2,2283.7000000476837,749803.8999999762,9088,WL,B,10.0
7,19.466000080108643,immed,40533.99991989136,Tue Sep 22 2026 12:56:12 GMT-0400 (Eastern Daylight Time),752319.3999999762,A,cabinenter,I,enter,210,2,2515.5,749803.8999999762,9088,WL,B,10.0
7,19.90000009536743,immed,40099.99990463257,Tue Sep 22 2026 12:56:12 GMT-0400 (Eastern Daylight Time),752753.2000000477,A,l,I,l,423,2,433.5,752319.7000000477,9088,WL,B,11.0
7,20.117000102996826,immed,39882.999897003174,Tue Sep 22 2026 12:56:12 GMT-0400 (Eastern Daylight Time),752969.7000000477,A,la,I,a,195,2,650.0,752319.7000000477,9088,WL,B,11.0
7,20.233999967575073,immed,39766.00003242493,Tue Sep 22 2026 12:56:12 GMT-0400 (Eastern Daylight Time),753087.6000000238,A,lak,I,k,105,2,767.8999999761581,752319.7000000477,9088,WL,B,11.0
7,20.41700005531311,immed,39582.99994468689,Tue Sep 22 2026 12:56:12 GMT-0400 (Eastern Daylight Time),753269.8000000715,A,lake,I,e,164,2,950.1000000238419,752319.7000000477,9088,WL,B,11.0
7,21.366000175476074,immed,38633.999824523926,Tue Sep 22 2026 12:56:12 GMT-0400 (Eastern Daylight Time),754219.3000000715,A,lakeenter,I,enter,918,2,1899.6000000238419,752319.7000000477,9088,WL,B,11.0
7,21.91700005531311,immed,38082.99994468689,Tue Sep 22 2026 12:56:12 GMT-0400 (Eastern Daylight Time),754769.8000000715,A,p,I,p,532,2,550.0,754219.8000000715,9088,WL,B,12.0
7,22.133000135421753,immed,37866.99986457825,Tue Sep 22 2026 12:56:12 GMT-0400 (Eastern Daylight Time),754986.3999999762,A,pi,I,i,193,2,766.5999999046326,754219.8000000715,9088,WL,B,12.0
7,22.40000009536743,immed,37599.99990463257,Tue Sep 22 2026 12:56:12 GMT-0400 (Eastern Daylight Time),755252.8999999762,A,pip,I,p,250,2,1033.0999999046326,754219.8000000715,9088,WL,B,12.0
7,22.950000047683716,immed,37049.999952316284,Tue Sep 22 2026 12:56:12 GMT-0400 (Eastern Daylight Time),755802.8999999762,A,pipe,I,e,535,2,1583.0999999046326,754219.8000000715,9088,WL,B,12.0
7,23.383000135421753,immed,36616.99986457825,Tue Sep 22 2026 12:56:12 GMT-0400 (Eastern Daylight Time),756236.1000000238,A,pipeenter,I,enter,407,2,2016.2999999523163,754219.8000000715,9088,WL,B,12.0
7,24.233999967575073,immed,35766.00003242493,Tue Sep 22 2026 12:56:12 GMT-0400 (Eastern Daylight Time),757087.6000000238,A,s,I,s,842,2,851.2000000476837,756236.3999999762,9088,WL,B,13.0
7,24.449000120162964,immed,35550.999879837036,Tue Sep 22 2026 12:56:12 GMT-0400 (Eastern Daylight Time),757302.7000000477,A,sk,I,k,204,2,1066.3000000715256,756236.3999999762,9088,WL,B,13.0
7,24.65000009536743,immed,35349.99990463257,Tue Sep 22 2026 12:56:12 GMT-0400 (Eastern Daylight Time),757502.8999999762,A,ski,I,i,190,2,1266.5,756236.3999999762,9088,WL,B,13.0
7,24.800000190734863,immed,35199.99980926514,Tue Sep 22 2026 12:56:12 GMT-0400 (Eastern Daylight Time),757653.2000000477,A,skin,I,n,126,2,1416.8000000715256,756236.3999999762,9088,WL,B,13.0
7,25.049000024795532,immed,34950.99997520447,Tue Sep 22 2026 12:56:12 GMT-0400 (Eastern Daylight Time),757902.5,A,skinenter,I,enter,230,2,1666.1000000238419,756236.3999999762,9088,WL,B,13.0
7,25.317000150680542,immed,34682.99984931946,Tue Sep 22 2026 12:56:12 GMT-0400 (Eastern Daylight Time),758169.7000000477,A,f,I,f,247,2,266.7000000476837,757903.0,9088,WL,B,14.0
7,25.48300004005432,immed,34516.99995994568,Tue Sep 22 2026 12:56:12 GMT-0400 (Eastern Daylight Time),758335.8999999762,A,fi,I,i,151,2,432.89999997615814,757903.0,9088,WL,B,14.0
7,25.66700005531311,immed,34332.99994468689,Tue Sep 22 2026 12:56:12 GMT-0400 (Eastern Daylight Time),758519.7000000477,A,fir,I,r,167,2,616.7000000476837,757903.0,9088,WL,B,14.0
7,25.850000143051147,immed,34149.99985694885,Tue Sep 22 2026 12:56:12 GMT-0400 (Eastern Daylight Time),758702.7000000477,A,fire,I,e,171,2,799.7000000476837,757903.0,9088,WL,B,14.0
7,26.699000120162964,immed,33300.999879837036,Tue Sep 22 2026 12:56:12 GMT-0400 (Eastern Daylight Time),759552.5,A,fireenter,I,enter,828,2,1649.5,757903.0,9088,WL,B,14.0
7,29.200000047683716,immed,30799.999952316284,Tue Sep 22 2026 12:56:12 GMT-0400 (Eastern Daylight Time),762053.0,A,c,I,c,2486,2,2500.1999999284744,759552.8000000715,9088,WL,B,15.0
7,29.33300018310547,immed,30666.99981689453,Tue Sep 22 2026 12:56:12 GMT-0400 (Eastern Daylight Time),762186.3999999762,A,cl,I,l,111,2,2633.5999999046326,759552.8000000715,9088,WL,B,15.0
7,29.51699995994568,immed,30483.00004005432,Tue Sep 22 2026 12:56:12 GMT-0400 (Eastern Daylight Time),762369.7000000477,A,clo,I,o,153,2,2816.899999976158,759552.8000000715,9088,WL,B,15.0
7,29.600000143051147,immed,30399.999856948853,Tue Sep 22 2026 12:56:12 GMT-0400 (Eastern Daylight Time),762453.1000000238,A,cloc,I,c,65,2,2900.2999999523163,759552.8000000715,9088,WL,B,15.0
7,29.782999992370605,immed,30217.000007629395,Tue Sep 22 2026 12:56:12 GMT-0400 (Eastern Daylight Time),762636.5,A,clock,I,k,151,2,3083.6999999284744,759552.8000000715,9088,WL,B,15.0
7,30.050000190734863,immed,29949.999809265137,Tue Sep 22 2026 12:56:12 GMT-0400 (Eastern Daylight Time),762903.3999999762,A,clockenter,I,enter,246,2,3350.5999999046326,759552.8000000715,9088,WL,B,15.0
