block_c,block_dur,condition,countdown,datetime,endtime,list,multichar_response,project,response,response_time,session_number,start_end,starttime,subject_id,task,task_vers,trial
,,,,Thu Sep 24 2026 16:50:54 GMT-0500 (Central Daylight Time),,,,I,space,195,2,,,8111,WL,C,
prac,,0,,Thu Sep 24 2026 16:50:54 GMT-0500 (Central Daylight Time),,NA,b,I,b,2245,2,,,8111,WL,C,1.0
prac,,0,,Thu Sep 24 2026 16:50:54 GMT-0500 (Central Daylight Time),,NA,bo,I,o,254,2,,,8111,WL,C,1.0
prac,,0,,Thu Sep 24 2026 16:50:54 GMT-0500 (Central Daylight Time),,NA,boo,I,o,133,2,,,8111,WL,C,1.0
prac,,0,,Thu Sep 24 2026 16:50:54 GMT-0500 (Central Daylight Time),,NA,boos,I,s,127,2,,,8111,WL,C,1.0
prac,,0,,Thu Sep 24 2026 16:50:54 GMT-0500 (Central Daylight Time),,NA,boost,I,t,210,2,,,8111,WL,C,1.0
prac,,0,,Thu Sep 24 2026 16:50:54 GMT-0500 (Central Daylight Time),,NA,boostenter,I,enter,2913,2,,,8111,WL,C,1.0
1,0.8829998970031738,learn,59117.000102996826,Thu Sep 24 2026 16:50:54 GMT-0500 (Central Daylight Time),119396.80000001192,A,t,I,t,866,2,882.3000000119209,118514.5,8111,WL,C,1.0
1,1.2330000400543213,learn,58766.99995994568,Thu Sep 24 2026 16:50:54 GMT-0500 (Central Daylight Time),119746.80000001192,A,to,I,o,334,2,1232.300000011921,118514.5,8111,WL,C,1.0
1,1.565000057220459,learn,58434.99994277954,Thu Sep 24 2026 16:50:54 GMT-0500 (Central Daylight Time),120079.70000001788,A,tow,I,w,312,2,1565.2000000178814,118514.5,8111,WL,C,1.0
1,1.8650000095367432,learn,58134.99999046326,Thu Sep 24 2026 16:50:54 GMT-0500 (Central Daylight Time),120379.80000001192,A,towe,I,e,283,2,1865.300000011921,118514.5,8111,WL,C,1.0
1,2.0989999771118164,learn,57901.00002288818,Thu Sep 24 2026 16:50:54 GMT-0500 (Central Daylight Time),120613.09999999404,A,tower,I,r,215,2,2098.5999999940395,118514.5,8111,WL,C,1.0
1,2.565000057220459,learn,57434.99994277954,Thu Sep 24 2026 16:50:54 GMT-0500 (Central Daylight Time),121079.59999999404,A,towerenter,I,enter,456,2,2565.0999999940395,118514.5,8111,WL,C,1.0
1,3.7320001125335693,learn,56267.99988746643,Thu Sep 24 2026 16:50:54 GMT-0500 (Central Daylight Time),122246.09999999404,A,w,I,w,1149,2,1165.7999999821186,121080.30000001192,8111,WL,C,2.0
1,3.9149999618530273,learn,56085.00003814697,Thu Sep 24 2026 16:50:54 GMT-0500 (Central Daylight Time),122429.20000001788,A,wh,I,h,174,2,1348.9000000059605,121080.30000001192,8111,WL,C,2.0
1,4.049000024795532,learn,55950.99997520447,Thu Sep 24 2026 16:50:54 GMT-0500 (Central Daylight Time),122563.40000000596,A,whe,I,e,128,2,1483.0999999940395,121080.30000001192,8111,WL,C,2.0
1,4.4649999141693115,learn,55535.00008583069,Thu Sep 24 2026 16:50:54 GMT-0500 (Central Daylight Time),122979.0,A,whea,I,a,408,2,1898.699999988079,121080.30000001192,8111,WL,C,2.0
1,5.081000089645386,learn,54918.999910354614,Thu Sep 24 2026 16:50:54 GMT-0500 (Central Daylight Time),123595.5,A,wheat,I,t,608,2,2515.199999988079,121080.30000001192,8111,WL,C,2.0
1,5.63100004196167,learn,54368.99995803833,Thu Sep 24 2026 16:50:54 GMT-0500 (Central Daylight Time),124145.09999999404,A,wheatenter,I,enter,536,2,3064.7999999821186,121080.30000001192,8111,WL,C,2.0
1,6.430999994277954,learn,53569.000005722046,Thu Sep 24 2026 16:50:54 GMT-0500 (Central Daylight Time),124945.0,A,q,I,q,779,2,799.1999999880791,124145.80000001192,8111,WL,C,3.0
1,6.564000129699707,learn,53435.99987030029,Thu Sep 24 2026 16:50:54 GMT-0500 (Central Daylight Time),125078.30000001192,A,qu,I,u,123,2,932.5,124145.80000001192,8111,WL,C,3.0
1,6.947000026702881,learn,53052.99997329712,Thu Sep 24 2026 16:50:54 GMT-0500 (Central Daylight Time),125461.59999999404,A,que,I,e,375,2,1315.7999999821186,124145.80000001192,8111,WL,C,3.0
1,8.079999923706055,learn,51920.000076293945,Thu Sep 24 2026 16:50:54 GMT-0500 (Central Daylight Time),126594.70000001788,A,quee,I,e,1117,2,2448.9000000059605,124145.80000001192,8111,WL,C,3.0
1,8.329999923706055,learn,51670.000076293945,Thu Sep 24 2026 16:50:54 GMT-0500 (Central Daylight Time),126844.40000000596,A,queen,I,n,241,2,2698.5999999940395,124145.80000001192,8111,WL,C,3.0
1,9.114000082015991,learn,50885.99991798401,Thu Sep 24 2026 16:50:54 GMT-0500 (Central Daylight Time),127628.5,A,queenenter,I,enter,776,2,3482.699999988079,124145.80000001192,8111,WL,C,3.0
1,9.496999979019165,learn,50503.000020980835,Thu Sep 24 2026 16:50:54 GMT-0500 (Central Daylight Time),128011.70000001788,A,s,I,s,376,2,382.80000001192093,127628.90000000596,8111,WL,C,4.0
1,9.696000099182129,learn,50303.99990081787,Thu Sep 24 2026 16:50:54 GMT-0500 (Central Daylight Time),128210.59999999404,A,su,I,u,185,2,581.6999999880791,127628.90000000596,8111,WL,C,4.0
1,9.963000059127808,learn,50036.99994087219,Thu Sep 24 2026 16:50:54 GMT-0500 (Central Daylight Time),128477.30000001192,A,sug,I,g,258,2,848.4000000059605,127628.90000000596,8111,WL,C,4.0
1,10.130000114440918,learn,49869.99988555908,Thu Sep 24 2026 16:50:54 GMT-0500 (Central Daylight Time),128643.80000001192,A,suga,I,a,159,2,1014.9000000059605,127628.90000000596,8111,WL,C,4.0
1,10.230000019073486,learn,49769.999980926514,Thu Sep 24 2026 16:50:54 GMT-0500 (Central Daylight Time),128743.80000001192,A,sugar,I,r,80,2,1114.9000000059605,127628.90000000596,8111,WL,C,4.0
1,10.713000059127808,learn,49286.99994087219,Thu Sep 24 2026 16:50:54 GMT-0500 (Central Daylight Time),129227.09999999404,A,sugarenter,I,enter,470,2,1598.199999988079,127628.90000000596,8111,WL,C,4.0
1,11.367000102996826,learn,48632.999897003174,Thu Sep 24 2026 16:50:54 GMT-0500 (Central Daylight Time),129880.90000000596,A,h,I,h,501,2,653.3000000119209,129227.59999999404,8111,WL,C,5.0
1,11.378999948501587,learn,48621.00005149841,Thu Sep 24 2026 16:50:54 GMT-0500 (Central Daylight Time),129893.20000001788,A,ho,I,o,1,2,665.6000000238419,129227.59999999404,8111,WL,C,5.0
1,11.496000051498413,learn,48503.99994850159,Thu Sep 24 2026 16:50:54 GMT-0500 (Central Daylight Time),130009.80000001192,A,hom,I,m,110,2,782.2000000178814,129227.59999999404,8111,WL,C,5.0
1,11.779000043869019,learn,48220.99995613098,Thu Sep 24 2026 16:50:54 GMT-0500 (Central Daylight Time),130293.30000001192,A,home,I,e,275,2,1065.7000000178814,129227.59999999404,8111,WL,C,5.0
1,12.611999988555908,learn,47388.00001144409,Thu Sep 24 2026 16:50:54 GMT-0500 (Central Daylight Time),131126.40000000596,A,homeenter,I,enter,824,2,1898.800000011921,129227.59999999404,8111,WL,C,5.0
1,13.495000123977661,learn,46504.99987602234,Thu Sep 24 2026 16:50:54 GMT-0500 (Central Daylight Time),132009.70000001788,A,b,I,b,861,2,883.0,131126.70000001788,8111,WL,C,6.0
1,13.644999980926514,learn,46355.000019073486,Thu Sep 24 2026 16:50:54 GMT-0500 (Central Daylight Time),132159.40000000596,A,bo,I,o,131,2,1032.699999988079,131126.70000001788,8111,WL,C,6.0
1,13.944999933242798,learn,46055.0000667572,Thu Sep 24 2026 16:50:54 GMT-0500 (Central Daylight Time),132459.5,A,boy,I,y,285,2,1332.7999999821186,131126.70000001788,8111,WL,C,6.0
1,14.32800006866455,learn,45671.99993133545,Thu Sep 24 2026 16:50:54 GMT-0500 (Central Daylight Time),132842.20000001788,A,boyenter,I,enter,377,2,1715.5,131126.70000001788,8111,WL,C,6.0
1,14.528000116348267,learn,45471.99988365173,Thu Sep 24 2026 16:50:54 GMT-0500 (Central Daylight Time),133042.30000001192,A,s,I,s,185,2,199.90000000596046,132842.40000000596,8111,WL,C,7.0
1,14.745000123977661,learn,45254.99987602234,Thu Sep 24 2026 16:50:54 GMT-0500 (Central Daylight Time),133259.0,A,sh,I,h,209,2,416.59999999403954,132842.40000000596,8111,WL,C,7.0
1,14.92799997329712,learn,45072.00002670288,Thu Sep 24 2026 16:50:54 GMT-0500 (Central Daylight Time),133442.09999999404,A,sho,I,o,177,2,599.6999999880791,132842.40000000596,8111,WL,C,7.0
1,15.078999996185303,learn,44921.0000038147,Thu Sep 24 2026 16:50:54 GMT-0500 (Central Daylight Time),133592.90000000596,A,shor,I,r,130,2,750.5,132842.40000000596,8111,WL,C,7.0
1,15.16100001335144,learn,44838.99998664856,Thu Sep 24 2026 16:50:54 GMT-0500 (Central Daylight Time),133675.59999999404,A,shore,I,e,67,2,833.1999999880791,132842.40000000596,8111,WL,C,7.0
1,15.528000116348267,learn,44471.99988365173,Thu Sep 24 2026 16:50:54 GMT-0500 (Central Daylight Time),134042.0,A,shoreenter,I,enter,354,2,1199.5999999940395,132842.40000000596,8111,WL,C,7.0
1,15.694000005722046,learn,44305.999994277954,Thu Sep 24 2026 16:50:54 GMT-0500 (Central Daylight Time),134208.70000001788,A,d,I,d,146,2,166.30000001192093,134042.40000000596,8111,WL,C,8.0
1,15.995000123977661,learn,44004.99987602234,Thu Sep 24 2026 16:50:54 GMT-0500 (Central Daylight Time),134508.90000000596,A,do,I,o,283,2,466.5,134042.40000000596,8111,WL,C,8.0
1,16.16100001335144,learn,43838.99998664856,Thu Sep 24 2026 16:50:54 GMT-0500 (Central Daylight Time),134675.20000001788,A,doc,I,c,152,2,632.8000000119209,134042.40000000596,8111,WL,C,8.0
1,17.41100001335144,learn,42588.99998664856,Thu Sep 24 2026 16:50:54 GMT-0500 (Central Daylight Time),135924.80000001192,A,doct,I,t,1243,2,1882.4000000059605,134042.40000000596,8111,WL,C,8.0
1,17.57699990272522,learn,42423.00009727478,Thu Sep 24 2026 16:50:54 GMT-0500 (Central Daylight Time),136091.59999999404,A,docto,I,o,160,2,2049.199999988079,134042.40000000596,8111,WL,C,8.0
1,17.72699999809265,learn,42273.00000190735,Thu Sep 24 2026 16:50:54 GMT-0500 (Central Daylight Time),136241.70000001788,A,doctor,I,r,138,2,2199.300000011921,134042.40000000596,8111,WL,C,8.0
1,17.979000091552734,learn,42020.999908447266,Thu Sep 24 2026 16:50:54 GMT-0500 (Central Daylight Time),136492.80000001192,A,doctorenter,I,enter,236,2,2450.4000000059605,134042.40000000596,8111,WL,C,8.0
1,18.194000005722046,learn,41805.999994277954,Thu Sep 24 2026 16:50:54 GMT-0500 (Central Daylight Time),136707.90000000596,A,c,I,c,208,2,214.59999999403954,136493.30000001192,8111,WL,C,9.0
1,18.30999994277954,learn,41690.00005722046,Thu Sep 24 2026 16:50:54 GMT-0500 (Central Daylight Time),136824.59999999404,A,ca,I,a,104,2,331.2999999821186,136493.30000001192,8111,WL,C,9.0
1,18.526999950408936,learn,41473.000049591064,Thu Sep 24 2026 16:50:54 GMT-0500 (Central Daylight Time),137041.30000001192,A,cam,I,m,205,2,548.0,136493.30000001192,8111,WL,C,9.0
1,18.776999950408936,learn,41223.000049591064,Thu Sep 24 2026 16:50:54 GMT-0500 (Central Daylight Time),137291.0,A,camp,I,p,243,2,797.6999999880791,136493.30000001192,8111,WL,C,9.0
1,20.042999982833862,learn,39957.00001716614,Thu Sep 24 2026 16:50:54 GMT-0500 (Central Daylight Time),138557.09999999404,A,campenter,I,enter,1257,2,2063.7999999821186,136493.30000001192,8111,WL,C,9.0
1,22.4760000705719,learn,37523.9999294281,Thu Sep 24 2026 16:50:54 GMT-0500 (Central Daylight Time),140989.90000000596,A,c,I,c,2424,2,2432.4000000059605,138557.5,8111,WL,C,10.0
1,22.575999975204468,learn,37424.00002479553,Thu Sep 24 2026 16:50:54 GMT-0500 (Central Daylight Time),141089.80000001192,A,ca,I,a,95,2,2532.300000011921,138557.5,8111,WL,C,10.0
1,23.075999975204468,learn,36924.00002479553,Thu Sep 24 2026 16:50:54 GMT-0500 (Central Daylight Time),141589.80000001192,A,cam,I,m,483,2,3032.300000011921,138557.5,8111,WL,C,10.0
1,23.342000007629395,learn,36657.999992370605,Thu Sep 24 2026 16:50:54 GMT-0500 (Central Daylight Time),141856.40000000596,A,camp,I,p,246,2,3298.9000000059605,138557.5,8111,WL,C,10.0
1,23.742000102996826,learn,36257.999897003174,Thu Sep 24 2026 16:50:54 GMT-0500 (Central Daylight Time),142256.40000000596,A,campenter,I,enter,380,2,3698.9000000059605,138557.5,8111,WL,C,10.0
1,31.638999938964844,learn,28361.000061035156,Thu Sep 24 2026 16:50:54 GMT-0500 (Central Daylight Time),150153.59999999404,A,s,I,s,7892,2,7896.799999982119,142256.80000001192,8111,WL,C,11.0
1,31.73900008201599,learn,28260.99991798401,Thu Sep 24 2026 16:50:54 GMT-0500 (Central Daylight Time),150253.59999999404,A,su,I,u,91,2,7996.799999982119,142256.80000001192,8111,WL,C,11.0
1,31.888999938964844,learn,28111.000061035156,Thu Sep 24 2026 16:50:54 GMT-0500 (Central Daylight Time),150403.59999999404,A,sug,I,g,135,2,8146.799999982119,142256.80000001192,8111,WL,C,11.0
1,32.055999994277954,learn,27944.000005722046,Thu Sep 24 2026 16:50:54 GMT-0500 (Central Daylight Time),150570.09999999404,A,suga,I,a,162,2,8313.299999982119,142256.80000001192,8111,WL,C,11.0
1,32.23900008201599,learn,27760.99991798401,Thu Sep 24 2026 16:50:54 GMT-0500 (Central Daylight Time),150753.80000001192,A,sugar,I,r,170,2,8497.0,142256.80000001192,8111,WL,C,11.0
1,32.75600004196167,learn,27243.99995803833,Thu Sep 24 2026 16:50:54 GMT-0500 (Central Daylight Time),151270.0,A,sugarenter,I,enter,507,2,9013.199999988079,142256.80000001192,8111,WL,C,11.0
1,42.80299997329712,learn,17197.00002670288,Thu Sep 24 2026 16:50:54 GMT-0500 (Central Daylight Time),161317.09999999404,A,m,I,m,10031,2,10046.699999988079,151270.40000000596,8111,WL,C,12.0
1,42.920000076293945,learn,17079.999923706055,Thu Sep 24 2026 16:50:54 GMT-0500 (Central Daylight Time),161434.5,A,ma,I,a,108,2,10164.09999999404,151270.40000000596,8111,WL,C,12.0
1,43.085999965667725,learn,16914.000034332275,Thu Sep 24 2026 16:50:54 GMT-0500 (Central Daylight Time),161600.0,A,mai,I,i,145,2,10329.59999999404,151270.40000000596,8111,WL,C,12.0
1,43.28600001335144,learn,16713.99998664856,Thu Sep 24 2026 16:50:54 GMT-0500 (Central Daylight Time),161800.40000000596,A,mail,I,l,189,2,10530.0,151270.40000000596,8111,WL,C,12.0
1,43.70199990272522,learn,16298.00009727478,Thu Sep 24 2026 16:50:54 GMT-0500 (Central Daylight Time),162216.5,A,mailenter,I,enter,396,2,10946.09999999404,151270.40000000596,8111,WL,C,12.0
1,46.051000118255615,learn,13948.999881744385,Thu Sep 24 2026 16:50:54 GMT-0500 (Central Daylight Time),164565.80000001192,A,s,I,s,2332,2,2348.9000000059605,162216.90000000596,8111,WL,C,13.0
1,46.16799998283386,learn,13832.000017166138,Thu Sep 24 2026 16:50:54 GMT-0500 (Central Daylight Time),164682.40000000596,A,sh,I,h,110,2,2465.5,162216.90000000596,8111,WL,C,13.0
1,46.3510000705719,learn,13648.9999294281,Thu Sep 24 2026 16:50:54 GMT-0500 (Central Daylight Time),164865.30000001192,A,sho,I,o,178,2,2648.4000000059605,162216.90000000596,8111,WL,C,13.0
1,46.50099992752075,learn,13499.000072479248,Thu Sep 24 2026 16:50:54 GMT-0500 (Central Daylight Time),165015.80000001192,A,shor,I,r,131,2,2798.9000000059605,162216.90000000596,8111,WL,C,13.0
1,46.58500003814697,learn,13414.999961853027,Thu Sep 24 2026 16:50:54 GMT-0500 (Central Daylight Time),165099.09999999404,A,shore,I,e,69,2,2882.199999988079,162216.90000000596,8111,WL,C,13.0
1,47.01800012588501,learn,12981.99987411499,Thu Sep 24 2026 16:50:54 GMT-0500 (Central Daylight Time),165532.30000001192,A,shoreenter,I,enter,417,2,3315.4000000059605,162216.90000000596,8111,WL,C,13.0
1,53.449000120162964,learn,6550.999879837036,Thu Sep 24 2026 16:50:54 GMT-0500 (Central Daylight Time),171963.5,A,s,I,s,6416,2,6430.799999982119,165532.70000001788,8111,WL,C,14.0
1,53.91700005531311,learn,6082.99994468689,Thu Sep 24 2026 16:50:54 GMT-0500 (Central Daylight Time),172431.20000001788,A,st,I,t,448,2,6898.5,165532.70000001788,8111,WL,C,14.0
1,54.03200006484985,learn,5967.9999351501465,Thu Sep 24 2026 16:50:54 GMT-0500 (Central Daylight Time),172546.40000000596,A,sta,I,a,110,2,7013.699999988079,165532.70000001788,8111,WL,C,14.0
1,54.26600003242493,learn,5733.999967575073,Thu Sep 24 2026 16:50:54 GMT-0500 (Central Daylight Time),172780.0,A,stam,I,m,226,2,7247.299999982119,165532.70000001788,8111,WL,C,14.0
1,54.617000102996826,learn,5382.999897003174,Thu Sep 24 2026 16:50:54 GMT-0500 (Central Daylight Time),173131.0,A,stamp,I,p,330,2,7598.299999982119,165532.70000001788,8111,WL,C,14.0
1,55.24900007247925,learn,4750.999927520752,Thu Sep 24 2026 16:50:54 GMT-0500 (Central Daylight Time),173763.09999999404,A,stampenter,I,enter,625,2,8230.399999976158,165532.70000001788,8111,WL,C,14.0
1,60.013999938964844,learn,-13.99993896484375,Thu Sep 24 2026 16:50:54 GMT-0500 (Central Daylight Time),178528.40000000596,A,None,I,None,4760,2,4764.800000011921,173763.59999999404,8111,WL,C,15.0
2,0.9830000400543213,learn,59016.99995994568,Thu Sep 24 2026 16:50:54 GMT-0500 (Central Daylight Time),252305.09999999404,A,c,I,c,970,2,982.6999999880791,251322.40000000596,8111,WL,C,1.0
2,1.1159999370574951,learn,58884.000062942505,Thu Sep 24 2026 16:50:54 GMT-0500 (Central Daylight Time),252438.09999999404,A,ca,I,a,114,2,1115.699999988079,251322.40000000596,8111,WL,C,1.0
2,1.4159998893737793,learn,58584.00011062622,Thu Sep 24 2026 16:50:54 GMT-0500 (Central Daylight Time),252738.20000001788,A,cat,I,t,287,2,1415.800000011921,251322.40000000596,8111,WL,C,1.0
2,1.5820000171661377,learn,58417.99998283386,Thu Sep 24 2026 16:50:54 GMT-0500 (Central Daylight Time),252904.70000001788,A,catt,I,t,155,2,1582.300000011921,251322.40000000596,8111,WL,C,1.0
2,1.7819998264312744,learn,58218.000173568726,Thu Sep 24 2026 16:50:54 GMT-0500 (Central Daylight Time),253104.80000001192,A,cattl,I,l,180,2,1782.4000000059605,251322.40000000596,8111,WL,C,1.0
2,1.9159998893737793,learn,58084.00011062622,Thu Sep 24 2026 16:50:54 GMT-0500 (Central Daylight Time),253238.09999999404,A,cattle,I,e,124,2,1915.699999988079,251322.40000000596,8111,WL,C,1.0
2,2.2990000247955322,learn,57700.99997520447,Thu Sep 24 2026 16:50:54 GMT-0500 (Central Daylight Time),253621.40000000596,A,cattleenter,I,enter,374,2,2299.0,251322.40000000596,8111,WL,C,1.0
2,2.9149999618530273,learn,57085.00003814697,Thu Sep 24 2026 16:50:54 GMT-0500 (Central Daylight Time),254237.80000001192,A,n,I,n,598,2,616.0,253621.80000001192,8111,WL,C,2.0
2,3.0490000247955322,learn,56950.99997520447,Thu Sep 24 2026 16:50:54 GMT-0500 (Central Daylight Time),254371.09999999404,A,na,I,a,126,2,749.2999999821186,253621.80000001192,8111,WL,C,2.0
2,3.2819998264312744,learn,56718.000173568726,Thu Sep 24 2026 16:50:54 GMT-0500 (Central Daylight Time),254604.20000001788,A,nai,I,i,217,2,982.4000000059605,253621.80000001192,8111,WL,C,2.0
2,3.4649999141693115,learn,56535.00008583069,Thu Sep 24 2026 16:50:54 GMT-0500 (Central Daylight Time),254787.40000000596,A,nail,I,l,168,2,1165.5999999940395,253621.80000001192,8111,WL,C,2.0
2,3.81499981880188,learn,56185.00018119812,Thu Sep 24 2026 16:50:54 GMT-0500 (Central Daylight Time),255137.40000000596,A,nailenter,I,enter,329,2,1515.5999999940395,253621.80000001192,8111,WL,C,2.0
2,4.06499981880188,learn,55935.00018119812,Thu Sep 24 2026 16:50:54 GMT-0500 (Central Daylight Time),255387.40000000596,A,s,I,s,235,2,249.59999999403954,255137.80000001192,8111,WL,C,3.0
2,4.2149999141693115,learn,55785.00008583069,Thu Sep 24 2026 16:50:54 GMT-0500 (Central Daylight Time),255537.09999999404,A,sh,I,h,145,2,399.2999999821186,255137.80000001192,8111,WL,C,3.0
2,4.414999961853027,learn,55585.00003814697,Thu Sep 24 2026 16:50:54 GMT-0500 (Central Daylight Time),255737.40000000596,A,sho,I,o,179,2,599.5999999940395,255137.80000001192,8111,WL,C,3.0
2,4.547999858856201,learn,55452.0001411438,Thu Sep 24 2026 16:50:54 GMT-0500 (Central Daylight Time),255870.80000001192,A,shor,I,r,115,2,733.0,255137.80000001192,8111,WL,C,3.0
2,4.648000001907349,learn,55351.99999809265,Thu Sep 24 2026 16:50:54 GMT-0500 (Central Daylight Time),255970.20000001788,A,shore,I,e,94,2,832.4000000059605,255137.80000001192,8111,WL,C,3.0
2,4.931999921798706,learn,55068.000078201294,Thu Sep 24 2026 16:50:54 GMT-0500 (Central Daylight Time),256254.5,A,shoreenter,I,enter,267,2,1116.699999988079,255137.80000001192,8111,WL,C,3.0
2,5.080999851226807,learn,54919.00014877319,Thu Sep 24 2026 16:50:54 GMT-0500 (Central Daylight Time),256403.5,A,d,I,d,142,2,148.7999999821186,256254.70000001788,8111,WL,C,4.0
2,5.297999858856201,learn,54702.0001411438,Thu Sep 24 2026 16:50:54 GMT-0500 (Central Daylight Time),256620.30000001192,A,do,I,o,209,2,365.59999999403954,256254.70000001788,8111,WL,C,4.0
2,5.430999994277954,learn,54569.000005722046,Thu Sep 24 2026 16:50:54 GMT-0500 (Central Daylight Time),256753.5,A,doc,I,c,120,2,498.7999999821186,256254.70000001788,8111,WL,C,4.0
2,5.898000001907349,learn,54101.99999809265,Thu Sep 24 2026 16:50:54 GMT-0500 (Central Daylight Time),257220.09999999404,A,do,I,backspace,459,2,965.3999999761581,256254.70000001788,8111,WL,C,4.0
2,6.047999858856201,learn,53952.0001411438,Thu Sep 24 2026 16:50:54 GMT-0500 (Central Daylight Time),257370.0,A,d,I,backspace,137,2,1115.2999999821186,256254.70000001788,8111,WL,C,4.0
2,6.197999954223633,learn,53802.00004577637,Thu Sep 24 2026 16:50:54 GMT-0500 (Central Daylight Time),257520.09999999404,A,,I,backspace,138,2,1265.3999999761581,256254.70000001788,8111,WL,C,4.0
2,6.5309998989105225,learn,53469.00010108948,Thu Sep 24 2026 16:50:54 GMT-0500 (Central Daylight Time),257853.30000001192,A,c,I,c,317,2,1598.5999999940395,256254.70000001788,8111,WL,C,4.0
2,6.646999835968018,learn,53353.00016403198,Thu Sep 24 2026 16:50:54 GMT-0500 (Central Daylight Time),257969.70000001788,A,co,I,o,103,2,1715.0,256254.70000001788,8111,WL,C,4.0
2,6.830999851226807,learn,53169.00014877319,Thu Sep 24 2026 16:50:54 GMT-0500 (Central Daylight Time),258153.30000001192,A,cot,I,t,171,2,1898.5999999940395,256254.70000001788,8111,WL,C,4.0
2,7.246999979019165,learn,52753.000020980835,Thu Sep 24 2026 16:50:54 GMT-0500 (Central Daylight Time),258569.30000001192,A,co,I,backspace,411,2,2314.5999999940395,256254.70000001788,8111,WL,C,4.0
2,7.396999835968018,learn,52603.00016403198,Thu Sep 24 2026 16:50:54 GMT-0500 (Central Daylight Time),258719.59999999404,A,c,I,backspace,139,2,2464.899999976158,256254.70000001788,8111,WL,C,4.0
2,7.546999931335449,learn,52453.00006866455,Thu Sep 24 2026 16:50:54 GMT-0500 (Central Daylight Time),258869.59999999404,A,,I,backspace,133,2,2614.899999976158,256254.70000001788,8111,WL,C,4.0
2,7.679999828338623,learn,52320.00017166138,Thu Sep 24 2026 16:50:54 GMT-0500 (Central Daylight Time),259002.80000001192,A,d,I,d,127,2,2748.0999999940395,256254.70000001788,8111,WL,C,4.0
2,7.88100004196167,learn,52118.99995803833,Thu Sep 24 2026 16:50:54 GMT-0500 (Central Daylight Time),259203.09999999404,A,dc,I,c,186,2,2948.399999976158,256254.70000001788,8111,WL,C,4.0
2,8.013999938964844,learn,51986.000061035156,Thu Sep 24 2026 16:50:54 GMT-0500 (Central Daylight Time),259336.30000001192,A,dco,I,o,121,2,3081.5999999940395,256254.70000001788,8111,WL,C,4.0
2,8.179999828338623,learn,51820.00017166138,Thu Sep 24 2026 16:50:54 GMT-0500 (Central Daylight Time),259502.80000001192,A,dcot,I,t,156,2,3248.0999999940395,256254.70000001788,8111,WL,C,4.0
2,8.54699993133545,learn,51453.00006866455,Thu Sep 24 2026 16:50:54 GMT-0500 (Central Daylight Time),259869.30000001192,A,dco,I,backspace,350,2,3614.5999999940395,256254.70000001788,8111,WL,C,4.0
2,8.679999828338623,learn,51320.00017166138,Thu Sep 24 2026 16:50:54 GMT-0500 (Central Daylight Time),260002.30000001192,A,dc,I,backspace,120,2,3747.5999999940395,256254.70000001788,8111,WL,C,4.0
2,8.813999891281128,learn,51186.00010871887,Thu Sep 24 2026 16:50:54 GMT-0500 (Central Daylight Time),260136.09999999404,A,d,I,backspace,122,2,3881.399999976158,256254.70000001788,8111,WL,C,4.0
2,9.462999820709229,learn,50537.00017929077,Thu Sep 24 2026 16:50:54 GMT-0500 (Central Daylight Time),260785.70000001788,A,do,I,o,628,2,4531.0,256254.70000001788,8111,WL,C,4.0
2,9.562999963760376,learn,50437.000036239624,Thu Sep 24 2026 16:50:54 GMT-0500 (Central Daylight Time),260885.70000001788,A,doc,I,c,91,2,4631.0,256254.70000001788,8111,WL,C,4.0
2,9.763000011444092,learn,50236.99998855591,Thu Sep 24 2026 16:50:54 GMT-0500 (Central Daylight Time),261085.59999999404,A,doct,I,t,191,2,4830.899999976158,256254.70000001788,8111,WL,C,4.0
2,9.879999876022339,learn,50120.00012397766,Thu Sep 24 2026 16:50:54 GMT-0500 (Central Daylight Time),261202.30000001192,A,docto,I,o,104,2,4947.5999999940395,256254.70000001788,8111,WL,C,4.0
2,9.980000019073486,learn,50019.999980926514,Thu Sep 24 2026 16:50:54 GMT-0500 (Central Daylight Time),261302.40000000596,A,doctor,I,r,82,2,5047.699999988079,256254.70000001788,8111,WL,C,4.0
2,10.329999923706055,learn,49670.000076293945,Thu Sep 24 2026 16:50:54 GMT-0500 (Central Daylight Time),261652.0,A,doctorenter,I,enter,335,2,5397.299999982119,256254.70000001788,8111,WL,C,4.0
2,12.312000036239624,learn,47687.999963760376,Thu Sep 24 2026 16:50:54 GMT-0500 (Central Daylight Time),263634.7000000179,A,h,I,h,1968,2,1982.300000011921,261652.40000000596,8111,WL,C,5.0
2,12.51199984550476,learn,47488.00015449524,Thu Sep 24 2026 16:50:54 GMT-0500 (Central Daylight Time),263834.40000000596,A,ho,I,o,193,2,2182.0,261652.40000000596,8111,WL,C,5.0
2,12.596999883651733,learn,47403.00011634827,Thu Sep 24 2026 16:50:54 GMT-0500 (Central Daylight Time),263919.7000000179,A,hom,I,m,66,2,2267.300000011921,261652.40000000596,8111,WL,C,5.0
2,12.730000019073486,learn,47269.999980926514,Thu Sep 24 2026 16:50:54 GMT-0500 (Central Daylight Time),264052.40000000596,A,home,I,e,125,2,2400.0,261652.40000000596,8111,WL,C,5.0
2,12.928999900817871,learn,47071.00009918213,Thu Sep 24 2026 16:50:54 GMT-0500 (Central Daylight Time),264251.5,A,homeenter,I,enter,184,2,2599.0999999940395,261652.40000000596,8111,WL,C,5.0
2,13.328999996185303,learn,46671.0000038147,Thu Sep 24 2026 16:50:54 GMT-0500 (Central Daylight Time),264651.09999999404,A,t,I,t,386,2,399.2999999821186,264251.8000000119,8111,WL,C,6.0
2,13.444999933242798,learn,46555.0000667572,Thu Sep 24 2026 16:50:54 GMT-0500 (Central Daylight Time),264767.59999999404,A,to,I,o,97,2,515.7999999821186,264251.8000000119,8111,WL,C,6.0
2,13.52899980545044,learn,46471.00019454956,Thu Sep 24 2026 16:50:54 GMT-0500 (Central Daylight Time),264851.09999999404,A,tow,I,w,70,2,599.2999999821186,264251.8000000119,8111,WL,C,6.0
2,13.644999980926514,learn,46355.000019073486,Thu Sep 24 2026 16:50:54 GMT-0500 (Central Daylight Time),264967.8000000119,A,towe,I,e,97,2,716.0,264251.8000000119,8111,WL,C,6.0
2,14.644999980926514,learn,45355.000019073486,Thu Sep 24 2026 16:50:54 GMT-0500 (Central Daylight Time),265967.5,A,tower,I,r,989,2,1715.699999988079,264251.8000000119,8111,WL,C,6.0
2,15.227999925613403,learn,44772.0000743866,Thu Sep 24 2026 16:50:54 GMT-0500 (Central Daylight Time),266550.7000000179,A,towerenter,I,enter,564,2,2298.9000000059605,264251.8000000119,8111,WL,C,6.0
2,15.361999988555908,learn,44638.00001144409,Thu Sep 24 2026 16:50:54 GMT-0500 (Central Daylight Time),266684.0,A,w,I,w,118,2,133.0,266551.0,8111,WL,C,7.0
2,15.560999870300293,learn,44439.00012969971,Thu Sep 24 2026 16:50:54 GMT-0500 (Central Daylight Time),266883.90000000596,A,wh,I,h,185,2,332.90000000596046,266551.0,8111,WL,C,7.0
2,15.66100001335144,learn,44338.99998664856,Thu Sep 24 2026 16:50:54 GMT-0500 (Central Daylight Time),266983.90000000596,A,whe,I,e,80,2,432.90000000596046,266551.0,8111,WL,C,7.0
2,15.810999870300293,learn,44189.00012969971,Thu Sep 24 2026 16:50:54 GMT-0500 (Central Daylight Time),267133.59999999404,A,whea,I,a,133,2,582.5999999940395,266551.0,8111,WL,C,7.0
2,16.411999940872192,learn,43588.00005912781,Thu Sep 24 2026 16:50:54 GMT-0500 (Central Daylight Time),267734.59999999404,A,wheat,I,t,591,2,1183.5999999940395,266551.0,8111,WL,C,7.0
2,17.01099991798401,learn,42989.00008201599,Thu Sep 24 2026 16:50:54 GMT-0500 (Central Daylight Time),268333.5,A,wheatenter,I,enter,582,2,1782.5,266551.0,8111,WL,C,7.0
2,17.376999855041504,learn,42623.000144958496,Thu Sep 24 2026 16:50:54 GMT-0500 (Central Daylight Time),268699.90000000596,A,q,I,q,359,2,366.0,268333.90000000596,8111,WL,C,8.0
2,17.543999910354614,learn,42456.000089645386,Thu Sep 24 2026 16:50:54 GMT-0500 (Central Daylight Time),268866.5,A,qu,I,u,153,2,532.5999999940395,268333.90000000596,8111,WL,C,8.0
2,17.643999814987183,learn,42356.00018501282,Thu Sep 24 2026 16:50:54 GMT-0500 (Central Daylight Time),268966.5,A,que,I,e,91,2,632.5999999940395,268333.90000000596,8111,WL,C,8.0
2,18.24399995803833,learn,41756.00004196167,Thu Sep 24 2026 16:50:54 GMT-0500 (Central Daylight Time),269566.09999999404,A,quee,I,e,582,2,1232.199999988079,268333.90000000596,8111,WL,C,8.0
2,18.51099991798401,learn,41489.00008201599,Thu Sep 24 2026 16:50:54 GMT-0500 (Central Daylight Time),269833.0,A,queen,I,n,254,2,1499.0999999940395,268333.90000000596,8111,WL,C,8.0
2,18.926999807357788,learn,41073.00019264221,Thu Sep 24 2026 16:50:54 GMT-0500 (Central Daylight Time),270249.40000000596,A,queenenter,I,enter,412,2,1915.5,268333.90000000596,8111,WL,C,8.0
2,19.176999807357788,learn,40823.00019264221,Thu Sep 24 2026 16:50:54 GMT-0500 (Central Daylight Time),270499.0,A,s,I,s,235,2,249.40000000596046,270249.59999999404,8111,WL,C,9.0
2,19.32699990272522,learn,40673.00009727478,Thu Sep 24 2026 16:50:54 GMT-0500 (Central Daylight Time),270649.2000000179,A,su,I,u,145,2,399.60000002384186,270249.59999999404,8111,WL,C,9.0
2,19.444000005722046,learn,40555.999994277954,Thu Sep 24 2026 16:50:54 GMT-0500 (Central Daylight Time),270766.09999999404,A,sug,I,g,99,2,516.5,270249.59999999404,8111,WL,C,9.0
2,19.609999895095825,learn,40390.000104904175,Thu Sep 24 2026 16:50:54 GMT-0500 (Central Daylight Time),270932.7000000179,A,sugr,I,r,158,2,683.1000000238419,270249.59999999404,8111,WL,C,9.0
2,19.692999839782715,learn,40307.000160217285,Thu Sep 24 2026 16:50:54 GMT-0500 (Central Daylight Time),271015.40000000596,A,sugre,I,e,64,2,765.8000000119209,270249.59999999404,8111,WL,C,9.0
2,20.15999984741211,learn,39840.00015258789,Thu Sep 24 2026 16:50:54 GMT-0500 (Central Daylight Time),271482.09999999404,A,sugr,I,backspace,461,2,1232.5,270249.59999999404,8111,WL,C,9.0
2,20.30999994277954,learn,39690.00005722046,Thu Sep 24 2026 16:50:54 GMT-0500 (Central Daylight Time),271632.40000000596,A,sug,I,backspace,140,2,1382.800000011921,270249.59999999404,8111,WL,C,9.0
2,20.39299988746643,learn,39607.00011253357,Thu Sep 24 2026 16:50:54 GMT-0500 (Central Daylight Time),271715.40000000596,A,suga,I,a,76,2,1465.800000011921,270249.59999999404,8111,WL,C,9.0
2,20.442999839782715,learn,39557.000160217285,Thu Sep 24 2026 16:50:54 GMT-0500 (Central Daylight Time),271765.5,A,sugar,I,r,41,2,1515.9000000059605,270249.59999999404,8111,WL,C,9.0
2,20.80999994277954,learn,39190.00005722046,Thu Sep 24 2026 16:50:54 GMT-0500 (Central Daylight Time),272132.3000000119,A,sugarenter,I,enter,351,2,1882.7000000178814,270249.59999999404,8111,WL,C,9.0
2,21.526000022888184,learn,38473.99997711182,Thu Sep 24 2026 16:50:54 GMT-0500 (Central Daylight Time),272848.40000000596,A,h,I,h,704,2,715.8000000119209,272132.59999999404,8111,WL,C,10.0
2,21.758999824523926,learn,38241.000175476074,Thu Sep 24 2026 16:50:54 GMT-0500 (Central Daylight Time),273081.8000000119,A,ho,I,o,220,2,949.2000000178814,272132.59999999404,8111,WL,C,10.0
2,21.825999975204468,learn,38174.00002479553,Thu Sep 24 2026 16:50:54 GMT-0500 (Central Daylight Time),273148.40000000596,A,hom,I,m,59,2,1015.8000000119209,272132.59999999404,8111,WL,C,10.0
2,21.95899987220764,learn,38041.00012779236,Thu Sep 24 2026 16:50:54 GMT-0500 (Central Daylight Time),273281.7000000179,A,home,I,e,112,2,1149.1000000238419,272132.59999999404,8111,WL,C,10.0
2,22.774999856948853,learn,37225.00014305115,Thu Sep 24 2026 16:50:54 GMT-0500 (Central Daylight Time),274097.8000000119,A,homeenter,I,enter,810,2,1965.2000000178814,272132.59999999404,8111,WL,C,10.0
2,23.258999824523926,learn,36741.000175476074,Thu Sep 24 2026 16:50:54 GMT-0500 (Central Daylight Time),274581.40000000596,A,b,I,b,475,2,483.40000000596046,274098.0,8111,WL,C,11.0
2,23.574999809265137,learn,36425.00019073486,Thu Sep 24 2026 16:50:54 GMT-0500 (Central Daylight Time),274897.90000000596,A,bp,I,p,304,2,799.9000000059605,274098.0,8111,WL,C,11.0
2,24.108999967575073,learn,35891.00003242493,Thu Sep 24 2026 16:50:54 GMT-0500 (Central Daylight Time),275431.3000000119,A,b,I,backspace,514,2,1333.300000011921,274098.0,8111,WL,C,11.0
2,24.325999975204468,learn,35674.00002479553,Thu Sep 24 2026 16:50:54 GMT-0500 (Central Daylight Time),275648.0,A,bp,I,p,205,2,1550.0,274098.0,8111,WL,C,11.0
2,24.408999919891357,learn,35591.00008010864,Thu Sep 24 2026 16:50:54 GMT-0500 (Central Daylight Time),275731.40000000596,A,bpy,I,y,76,2,1633.4000000059605,274098.0,8111,WL,C,11.0
2,24.89199995994568,learn,35108.00004005432,Thu Sep 24 2026 16:50:54 GMT-0500 (Central Daylight Time),276214.2000000179,A,bp,I,backspace,473,2,2116.2000000178814,274098.0,8111,WL,C,11.0
2,25.024999856948853,learn,34975.00014305115,Thu Sep 24 2026 16:50:54 GMT-0500 (Central Daylight Time),276347.7000000179,A,b,I,backspace,118,2,2249.7000000178814,274098.0,8111,WL,C,11.0
2,25.807999849319458,learn,34192.00015068054,Thu Sep 24 2026 16:50:54 GMT-0500 (Central Daylight Time),277130.8000000119,A,bo,I,o,770,2,3032.800000011921,274098.0,8111,WL,C,11.0
2,25.924999952316284,learn,34075.000047683716,Thu Sep 24 2026 16:50:54 GMT-0500 (Central Daylight Time),277247.3000000119,A,boy,I,y,98,2,3149.300000011921,274098.0,8111,WL,C,11.0
2,26.37399983406067,learn,33626.00016593933,Thu Sep 24 2026 16:50:54 GMT-0500 (Central Daylight Time),277697.0,A,boyenter,I,enter,438,2,3599.0,274098.0,8111,WL,C,11.0
2,27.79099988937378,learn,32209.00011062622,Thu Sep 24 2026 16:50:54 GMT-0500 (Central Daylight Time),279113.09999999404,A,m,I,m,1395,2,1415.7999999821186,277697.3000000119,8111,WL,C,12.0
2,27.891000032424927,learn,32108.999967575073,Thu Sep 24 2026 16:50:54 GMT-0500 (Central Daylight Time),279213.3000000119,A,ma,I,a,91,2,1516.0,277697.3000000119,8111,WL,C,12.0
2,28.006999969482422,learn,31993.000030517578,Thu Sep 24 2026 16:50:54 GMT-0500 (Central Daylight Time),279329.7000000179,A,mai,I,i,104,2,1632.4000000059605,277697.3000000119,8111,WL,C,12.0
2,28.18999981880188,learn,31810.00018119812,Thu Sep 24 2026 16:50:54 GMT-0500 (Central Daylight Time),279513.0,A,mail,I,l,163,2,1815.699999988079,277697.3000000119,8111,WL,C,12.0
2,28.490999937057495,learn,31509.000062942505,Thu Sep 24 2026 16:50:54 GMT-0500 (Central Daylight Time),279813.2000000179,A,mailenter,I,enter,292,2,2115.9000000059605,277697.3000000119,8111,WL,C,12.0
2,29.43999981880188,learn,30560.00018119812,Thu Sep 24 2026 16:50:54 GMT-0500 (Central Daylight Time),280762.7000000179,A,c,I,c,936,2,949.0,279813.7000000179,8111,WL,C,13.0
2,29.556999921798706,learn,30443.000078201294,Thu Sep 24 2026 16:50:54 GMT-0500 (Central Daylight Time),280879.3000000119,A,ca,I,a,105,2,1065.5999999940395,279813.7000000179,8111,WL,C,13.0
2,29.656999826431274,learn,30343.000173568726,Thu Sep 24 2026 16:50:54 GMT-0500 (Central Daylight Time),280979.3000000119,A,cam,I,m,93,2,1165.5999999940395,279813.7000000179,8111,WL,C,13.0
2,29.872999906539917,learn,30127.000093460083,Thu Sep 24 2026 16:50:54 GMT-0500 (Central Daylight Time),281195.7000000179,A,camp,I,p,209,2,1382.0,279813.7000000179,8111,WL,C,13.0
2,30.256999969482422,learn,29743.000030517578,Thu Sep 24 2026 16:50:54 GMT-0500 (Central Daylight Time),281579.3000000119,A,campenter,I,enter,377,2,1765.5999999940395,279813.7000000179,8111,WL,C,13.0
2,36.00499987602234,learn,23995.00012397766,Thu Sep 24 2026 16:50:54 GMT-0500 (Central Daylight Time),287327.40000000596,A,c,I,c,5738,2,5747.800000011921,281579.59999999404,8111,WL,C,14.0
2,36.08799982070923,learn,23912.00017929077,Thu Sep 24 2026 16:50:54 GMT-0500 (Central Daylight Time),287410.7000000179,A,ca,I,a,77,2,5831.100000023842,281579.59999999404,8111,WL,C,14.0
2,36.355000019073486,learn,23644.999980926514,Thu Sep 24 2026 16:50:54 GMT-0500 (Central Daylight Time),287677.40000000596,A,cat,I,t,258,2,6097.800000011921,281579.59999999404,8111,WL,C,14.0
2,36.50499987602234,learn,23495.00012397766,Thu Sep 24 2026 16:50:54 GMT-0500 (Central Daylight Time),287827.2000000179,A,catt,I,t,136,2,6247.600000023842,281579.59999999404,8111,WL,C,14.0
2,36.603999853134155,learn,23396.000146865845,Thu Sep 24 2026 16:50:54 GMT-0500 (Central Daylight Time),287927.0,A,cattl,I,l,81,2,6347.4000000059605,281579.59999999404,8111,WL,C,14.0
2,36.704999923706055,learn,23295.000076293945,Thu Sep 24 2026 16:50:54 GMT-0500 (Central Daylight Time),288027.09999999404,A,cattle,I,e,94,2,6447.5,281579.59999999404,8111,WL,C,14.0
2,36.90499997138977,learn,23095.00002861023,Thu Sep 24 2026 16:50:54 GMT-0500 (Central Daylight Time),288227.0,A,cattleenter,I,enter,185,2,6647.4000000059605,281579.59999999404,8111,WL,C,14.0
2,39.22000002861023,learn,20779.99997138977,Thu Sep 24 2026 16:50:54 GMT-0500 (Central Daylight Time),290543.0,A,s,I,s,2297,2,2315.5999999940395,288227.40000000596,8111,WL,C,15.0
2,39.33699989318848,learn,20663.000106811523,Thu Sep 24 2026 16:50:54 GMT-0500 (Central Daylight Time),290659.7000000179,A,sh,I,h,110,2,2432.300000011921,288227.40000000596,8111,WL,C,15.0
2,39.519999980926514,learn,20480.000019073486,Thu Sep 24 2026 16:50:54 GMT-0500 (Central Daylight Time),290842.90000000596,A,sho,I,o,177,2,2615.5,288227.40000000596,8111,WL,C,15.0
2,39.63699984550476,learn,20363.00015449524,Thu Sep 24 2026 16:50:54 GMT-0500 (Central Daylight Time),290959.59999999404,A,shor,I,r,98,2,2732.199999988079,288227.40000000596,8111,WL,C,15.0
2,39.687000036239624,learn,20312.999963760376,Thu Sep 24 2026 16:50:54 GMT-0500 (Central Daylight Time),291009.2000000179,A,shore,I,e,45,2,2781.800000011921,288227.40000000596,8111,WL,C,15.0
2,39.954999923706055,learn,20045.000076293945,Thu Sep 24 2026 16:50:54 GMT-0500 (Central Daylight Time),291277.09999999404,A,shoreenter,I,enter,251,2,3049.699999988079,288227.40000000596,8111,WL,C,15.0
3,0.46700000762939453,learn,59532.999992370605,Thu Sep 24 2026 16:50:54 GMT-0500 (Central Daylight Time),363153.59999999404,A,d,I,d,462,2,466.2999999821186,362687.3000000119,8111,WL,C,1.0
3,0.6500000953674316,learn,59349.99990463257,Thu Sep 24 2026 16:50:54 GMT-0500 (Central Daylight Time),363336.59999999404,A,do,I,o,171,2,649.2999999821186,362687.3000000119,8111,WL,C,1.0
3,0.7840001583099365,learn,59215.99984169006,Thu Sep 24 2026 16:50:54 GMT-0500 (Central Daylight Time),363470.09999999404,A,doc,I,c,124,2,782.7999999821186,362687.3000000119,8111,WL,C,1.0
3,1.067000150680542,learn,58932.99984931946,Thu Sep 24 2026 16:50:54 GMT-0500 (Central Daylight Time),363753.40000000596,A,doct,I,t,263,2,1066.0999999940395,362687.3000000119,8111,WL,C,1.0
3,1.2330000400543213,learn,58766.99995994568,Thu Sep 24 2026 16:50:54 GMT-0500 (Central Daylight Time),363920.0,A,docto,I,o,155,2,1232.699999988079,362687.3000000119,8111,WL,C,1.0
3,1.3500001430511475,learn,58649.99985694885,Thu Sep 24 2026 16:50:54 GMT-0500 (Central Daylight Time),364036.59999999404,A,doctor,I,r,100,2,1349.2999999821186,362687.3000000119,8111,WL,C,1.0
3,2.0830001831054688,learn,57916.99981689453,Thu Sep 24 2026 16:50:54 GMT-0500 (Central Daylight Time),364769.90000000596,A,doctorenter,I,enter,713,2,2082.5999999940395,362687.3000000119,8111,WL,C,1.0
3,2.4000000953674316,learn,57599.99990463257,Thu Sep 24 2026 16:50:54 GMT-0500 (Central Daylight Time),365086.3000000119,A,c,I,c,306,2,316.0,364770.3000000119,8111,WL,C,2.0
3,2.5,learn,57500.0,Thu Sep 24 2026 16:50:54 GMT-0500 (Central Daylight Time),365186.40000000596,A,ca,I,a,87,2,416.09999999403954,364770.3000000119,8111,WL,C,2.0
3,2.9120001792907715,learn,57087.99982070923,Thu Sep 24 2026 16:50:54 GMT-0500 (Central Daylight Time),365599.0,A,cam,I,m,389,2,828.6999999880791,364770.3000000119,8111,WL,C,2.0
3,3.116000175476074,learn,56883.999824523926,Thu Sep 24 2026 16:50:54 GMT-0500 (Central Daylight Time),365802.5,A,camp,I,p,189,2,1032.199999988079,364770.3000000119,8111,WL,C,2.0
3,3.5329999923706055,learn,56467.000007629395,Thu Sep 24 2026 16:50:54 GMT-0500 (Central Daylight Time),366219.40000000596,A,campenter,I,enter,402,2,1449.0999999940395,364770.3000000119,8111,WL,C,2.0
3,3.7160000801086426,learn,56283.99991989136,Thu Sep 24 2026 16:50:54 GMT-0500 (Central Daylight Time),366402.40000000596,A,s,I,s,169,2,182.59999999403954,366219.8000000119,8111,WL,C,3.0
3,3.932000160217285,learn,56067.999839782715,Thu Sep 24 2026 16:50:54 GMT-0500 (Central Daylight Time),366619.09999999404,A,sh,I,h,210,2,399.2999999821186,366219.8000000119,8111,WL,C,3.0
3,4.116000175476074,learn,55883.999824523926,Thu Sep 24 2026 16:50:54 GMT-0500 (Central Daylight Time),366802.2000000179,A,sho,I,o,177,2,582.4000000059605,366219.8000000119,8111,WL,C,3.0
3,4.249000072479248,learn,55750.99992752075,Thu Sep 24 2026 16:50:54 GMT-0500 (Central Daylight Time),366935.90000000596,A,shor,I,r,114,2,716.0999999940395,366219.8000000119,8111,WL,C,3.0
3,4.348999977111816,learn,55651.00002288818,Thu Sep 24 2026 16:50:54 GMT-0500 (Central Daylight Time),367035.7000000179,A,shore,I,e,85,2,815.9000000059605,366219.8000000119,8111,WL,C,3.0
3,4.633000135421753,learn,55366.99986457825,Thu Sep 24 2026 16:50:54 GMT-0500 (Central Daylight Time),367319.2000000179,A,shoreenter,I,enter,264,2,1099.4000000059605,366219.8000000119,8111,WL,C,3.0
3,4.848999977111816,learn,55151.00002288818,Thu Sep 24 2026 16:50:54 GMT-0500 (Central Daylight Time),367535.5,A,c,I,c,206,2,215.90000000596046,367319.59999999404,8111,WL,C,4.0
3,4.933000087738037,learn,55066.99991226196,Thu Sep 24 2026 16:50:54 GMT-0500 (Central Daylight Time),367619.7000000179,A,ca,I,a,78,2,300.10000002384186,367319.59999999404,8111,WL,C,4.0
3,5.182000160217285,learn,54817.999839782715,Thu Sep 24 2026 16:50:54 GMT-0500 (Central Daylight Time),367868.7000000179,A,cat,I,t,241,2,549.1000000238419,367319.59999999404,8111,WL,C,4.0
3,5.315000057220459,learn,54684.99994277954,Thu Sep 24 2026 16:50:54 GMT-0500 (Central Daylight Time),368001.8000000119,A,catt,I,t,120,2,682.2000000178814,367319.59999999404,8111,WL,C,4.0
3,5.499000072479248,learn,54500.99992752075,Thu Sep 24 2026 16:50:54 GMT-0500 (Central Daylight Time),368185.7000000179,A,cattl,I,l,163,2,866.1000000238419,367319.59999999404,8111,WL,C,4.0
3,5.615000009536743,learn,54384.99999046326,Thu Sep 24 2026 16:50:54 GMT-0500 (Central Daylight Time),368302.0,A,cattle,I,e,107,2,982.4000000059605,367319.59999999404,8111,WL,C,4.0
3,5.832000017166138,learn,54167.99998283386,Thu Sep 24 2026 16:50:54 GMT-0500 (Central Daylight Time),368518.59999999404,A,cattleenter,I,enter,207,2,1199.0,367319.59999999404,8111,WL,C,4.0
3,6.199000120162964,learn,53800.999879837036,Thu Sep 24 2026 16:50:54 GMT-0500 (Central Daylight Time),368885.2000000179,A,n,I,n,359,2,366.30000001192093,368518.90000000596,8111,WL,C,5.0
3,6.3480000495910645,learn,53651.999950408936,Thu Sep 24 2026 16:50:54 GMT-0500 (Central Daylight Time),369034.90000000596,A,na,I,a,143,2,516.0,368518.90000000596,8111,WL,C,5.0
3,6.648000001907349,learn,53351.99999809265,Thu Sep 24 2026 16:50:54 GMT-0500 (Central Daylight Time),369335.09999999404,A,nai,I,i,281,2,816.1999999880791,368518.90000000596,8111,WL,C,5.0
3,6.981000185012817,learn,53018.99981498718,Thu Sep 24 2026 16:50:54 GMT-0500 (Central Daylight Time),369668.09999999404,A,nail,I,l,325,2,1149.199999988079,368518.90000000596,8111,WL,C,5.0
3,7.465000152587891,learn,52534.99984741211,Thu Sep 24 2026 16:50:54 GMT-0500 (Central Daylight Time),370151.2000000179,A,nailenter,I,enter,466,2,1632.300000011921,368518.90000000596,8111,WL,C,5.0
3,9.29800009727478,learn,50701.99990272522,Thu Sep 24 2026 16:50:54 GMT-0500 (Central Daylight Time),371984.09999999404,A,m,I,m,1822,2,1832.7999999821186,370151.3000000119,8111,WL,C,6.0
3,9.414000034332275,learn,50585.999965667725,Thu Sep 24 2026 16:50:54 GMT-0500 (Central Daylight Time),372100.59999999404,A,ma,I,a,100,2,1949.2999999821186,370151.3000000119,8111,WL,C,6.0
3,9.564000129699707,learn,50435.99987030029,Thu Sep 24 2026 16:50:54 GMT-0500 (Central Daylight Time),372250.40000000596,A,mai,I,i,144,2,2099.0999999940395,370151.3000000119,8111,WL,C,6.0
3,9.764000177383423,learn,50235.99982261658,Thu Sep 24 2026 16:50:54 GMT-0500 (Central Daylight Time),372450.7000000179,A,mail,I,l,186,2,2299.4000000059605,370151.3000000119,8111,WL,C,6.0
3,10.081000089645386,learn,49918.999910354614,Thu Sep 24 2026 16:50:54 GMT-0500 (Central Daylight Time),372767.2000000179,A,mailenter,I,enter,306,2,2615.9000000059605,370151.3000000119,8111,WL,C,6.0
3,10.246999979019165,learn,49753.000020980835,Thu Sep 24 2026 16:50:54 GMT-0500 (Central Daylight Time),372933.8000000119,A,s,I,s,157,2,166.30000001192093,372767.5,8111,WL,C,7.0
3,10.44700002670288,learn,49552.99997329712,Thu Sep 24 2026 16:50:54 GMT-0500 (Central Daylight Time),373133.8000000119,A,st,I,t,182,2,366.30000001192093,372767.5,8111,WL,C,7.0
3,10.564000129699707,learn,49435.99987030029,Thu Sep 24 2026 16:50:54 GMT-0500 (Central Daylight Time),373250.40000000596,A,sta,I,a,103,2,482.90000000596046,372767.5,8111,WL,C,7.0
3,10.730000019073486,learn,49269.999980926514,Thu Sep 24 2026 16:50:54 GMT-0500 (Central Daylight Time),373417.0,A,stam,I,m,155,2,649.5,372767.5,8111,WL,C,7.0
3,11.02999997138977,learn,48970.00002861023,Thu Sep 24 2026 16:50:54 GMT-0500 (Central Daylight Time),373716.90000000596,A,stamp,I,p,291,2,949.4000000059605,372767.5,8111,WL,C,7.0
3,11.46399998664856,learn,48536.00001335144,Thu Sep 24 2026 16:50:54 GMT-0500 (Central Daylight Time),374150.09999999404,A,stampenter,I,enter,416,2,1382.5999999940395,372767.5,8111,WL,C,7.0
3,17.16200017929077,learn,42837.99982070923,Thu Sep 24 2026 16:50:54 GMT-0500 (Central Daylight Time),379848.09999999404,A,l,I,l,5679,2,5697.699999988079,374150.40000000596,8111,WL,C,8.0
3,17.41200017929077,learn,42587.99982070923,Thu Sep 24 2026 16:50:54 GMT-0500 (Central Daylight Time),380098.40000000596,A,la,I,a,229,2,5948.0,374150.40000000596,8111,WL,C,8.0
3,17.66200017929077,learn,42337.99982070923,Thu Sep 24 2026 16:50:54 GMT-0500 (Central Daylight Time),380348.09999999404,A,lad,I,d,242,2,6197.699999988079,374150.40000000596,8111,WL,C,8.0
3,17.811000108718872,learn,42188.99989128113,Thu Sep 24 2026 16:50:54 GMT-0500 (Central Daylight Time),380497.8000000119,A,ladd,I,d,144,2,6347.4000000059605,374150.40000000596,8111,WL,C,8.0
3,18.028000116348267,learn,41971.99988365173,Thu Sep 24 2026 16:50:54 GMT-0500 (Central Daylight Time),380714.90000000596,A,ladde,I,e,204,2,6564.5,374150.40000000596,8111,WL,C,8.0
3,18.16200017929077,learn,41837.99982070923,Thu Sep 24 2026 16:50:54 GMT-0500 (Central Daylight Time),380848.09999999404,A,ladder,I,r,113,2,6697.699999988079,374150.40000000596,8111,WL,C,8.0
3,18.42799997329712,learn,41572.00002670288,Thu Sep 24 2026 16:50:54 GMT-0500 (Central Daylight Time),381114.40000000596,A,ladderenter,I,enter,252,2,6964.0,374150.40000000596,8111,WL,C,8.0
3,18.57800006866455,learn,41421.99993133545,Thu Sep 24 2026 16:50:54 GMT-0500 (Central Daylight Time),381264.59999999404,A,w,I,w,130,2,149.89999997615814,381114.7000000179,8111,WL,C,9.0
3,18.82800006866455,learn,41171.99993133545,Thu Sep 24 2026 16:50:54 GMT-0500 (Central Daylight Time),381514.3000000119,A,wh,I,h,244,2,399.59999999403954,381114.7000000179,8111,WL,C,9.0
3,18.945000171661377,learn,41054.99982833862,Thu Sep 24 2026 16:50:54 GMT-0500 (Central Daylight Time),381631.09999999404,A,whe,I,e,98,2,516.3999999761581,381114.7000000179,8111,WL,C,9.0
3,19.17799997329712,learn,40822.00002670288,Thu Sep 24 2026 16:50:54 GMT-0500 (Central Daylight Time),381864.09999999404,A,whea,I,a,222,2,749.3999999761581,381114.7000000179,8111,WL,C,9.0
3,20.794000148773193,learn,39205.99985122681,Thu Sep 24 2026 16:50:54 GMT-0500 (Central Daylight Time),383480.40000000596,A,wheat,I,t,1604,2,2365.699999988079,381114.7000000179,8111,WL,C,9.0
3,21.027000188827515,learn,38972.999811172485,Thu Sep 24 2026 16:50:54 GMT-0500 (Central Daylight Time),383713.59999999404,A,wheatenter,I,enter,220,2,2598.899999976158,381114.7000000179,8111,WL,C,9.0
3,21.177000045776367,learn,38822.99995422363,Thu Sep 24 2026 16:50:54 GMT-0500 (Central Daylight Time),383863.8000000119,A,q,I,q,131,2,149.90000000596046,383713.90000000596,8111,WL,C,10.0
3,21.41000008583069,learn,38589.99991416931,Thu Sep 24 2026 16:50:54 GMT-0500 (Central Daylight Time),384096.90000000596,A,qu,I,u,213,2,383.0,383713.90000000596,8111,WL,C,10.0
3,21.527000188827515,learn,38472.999811172485,Thu Sep 24 2026 16:50:54 GMT-0500 (Central Daylight Time),384213.5,A,que,I,e,100,2,499.59999999403954,383713.90000000596,8111,WL,C,10.0
3,21.861000061035156,learn,38138.999938964844,Thu Sep 24 2026 16:50:54 GMT-0500 (Central Daylight Time),384547.8000000119,A,ques,I,s,327,2,833.9000000059605,383713.90000000596,8111,WL,C,10.0
3,22.009999990463257,learn,37990.00000953674,Thu Sep 24 2026 16:50:54 GMT-0500 (Central Daylight Time),384697.2000000179,A,quess,I,s,137,2,983.3000000119209,383713.90000000596,8111,WL,C,10.0
3,22.677000045776367,learn,37322.99995422363,Thu Sep 24 2026 16:50:54 GMT-0500 (Central Daylight Time),385363.2000000179,A,ques,I,backspace,651,2,1649.300000011921,383713.90000000596,8111,WL,C,10.0
3,22.8270001411438,learn,37172.9998588562,Thu Sep 24 2026 16:50:54 GMT-0500 (Central Daylight Time),385513.3000000119,A,que,I,backspace,137,2,1799.4000000059605,383713.90000000596,8111,WL,C,10.0
3,22.927000045776367,learn,37072.99995422363,Thu Sep 24 2026 16:50:54 GMT-0500 (Central Daylight Time),385613.2000000179,A,quee,I,e,84,2,1899.300000011921,383713.90000000596,8111,WL,C,10.0
3,23.110000133514404,learn,36889.999866485596,Thu Sep 24 2026 16:50:54 GMT-0500 (Central Daylight Time),385796.5,A,queee,I,e,167,2,2082.5999999940395,383713.90000000596,8111,WL,C,10.0
3,23.278000116348267,learn,36721.99988365173,Thu Sep 24 2026 16:50:54 GMT-0500 (Central Daylight Time),385964.5,A,queeen,I,n,152,2,2250.5999999940395,383713.90000000596,8111,WL,C,10.0
3,23.99400019645691,learn,36005.99980354309,Thu Sep 24 2026 16:50:54 GMT-0500 (Central Daylight Time),386680.59999999404,A,queee,I,backspace,696,2,2966.699999988079,383713.90000000596,8111,WL,C,10.0
3,24.14300012588501,learn,35856.99987411499,Thu Sep 24 2026 16:50:54 GMT-0500 (Central Daylight Time),386829.3000000119,A,quee,I,backspace,132,2,3115.4000000059605,383713.90000000596,8111,WL,C,10.0
3,24.944000005722046,learn,35055.999994277954,Thu Sep 24 2026 16:50:54 GMT-0500 (Central Daylight Time),387630.2000000179,A,queen,I,n,791,2,3916.300000011921,383713.90000000596,8111,WL,C,10.0
3,25.30900001525879,learn,34690.99998474121,Thu Sep 24 2026 16:50:54 GMT-0500 (Central Daylight Time),387995.90000000596,A,queenenter,I,enter,351,2,4282.0,383713.90000000596,8111,WL,C,10.0
3,25.509000062942505,learn,34490.999937057495,Thu Sep 24 2026 16:50:54 GMT-0500 (Central Daylight Time),388195.59999999404,A,s,I,s,185,2,199.39999997615814,387996.2000000179,8111,WL,C,11.0
3,25.81000018119812,learn,34189.99981880188,Thu Sep 24 2026 16:50:54 GMT-0500 (Central Daylight Time),388496.59999999404,A,su,I,u,288,2,500.39999997615814,387996.2000000179,8111,WL,C,11.0
3,26.009000062942505,learn,33990.999937057495,Thu Sep 24 2026 16:50:54 GMT-0500 (Central Daylight Time),388695.7000000179,A,sug,I,g,189,2,699.5,387996.2000000179,8111,WL,C,11.0
3,26.517000198364258,learn,33482.99980163574,Thu Sep 24 2026 16:50:54 GMT-0500 (Central Daylight Time),389203.2000000179,A,suga,I,a,503,2,1207.0,387996.2000000179,8111,WL,C,11.0
3,26.725000143051147,learn,33274.99985694885,Thu Sep 24 2026 16:50:54 GMT-0500 (Central Daylight Time),389411.90000000596,A,sugar,I,r,201,2,1415.699999988079,387996.2000000179,8111,WL,C,11.0
3,27.05900001525879,learn,32940.99998474121,Thu Sep 24 2026 16:50:54 GMT-0500 (Central Daylight Time),389745.09999999404,A,sugarenter,I,enter,313,2,1748.8999999761581,387996.2000000179,8111,WL,C,11.0
3,27.29200005531311,learn,32707.99994468689,Thu Sep 24 2026 16:50:54 GMT-0500 (Central Daylight Time),389978.2000000179,A,h,I,h,228,2,232.7000000178814,389745.5,8111,WL,C,12.0
3,27.475000143051147,learn,32524.999856948853,Thu Sep 24 2026 16:50:54 GMT-0500 (Central Daylight Time),390161.8000000119,A,ho,I,o,179,2,416.30000001192093,389745.5,8111,WL,C,12.0
3,27.575000047683716,learn,32424.999952316284,Thu Sep 24 2026 16:50:54 GMT-0500 (Central Daylight Time),390261.59999999404,A,hom,I,m,83,2,516.0999999940395,389745.5,8111,WL,C,12.0
3,27.77500009536743,learn,32224.99990463257,Thu Sep 24 2026 16:50:54 GMT-0500 (Central Daylight Time),390462.0,A,home,I,e,182,2,716.5,389745.5,8111,WL,C,12.0
3,28.04200005531311,learn,31957.99994468689,Thu Sep 24 2026 16:50:54 GMT-0500 (Central Daylight Time),390728.3000000119,A,homeenter,I,enter,247,2,982.8000000119209,389745.5,8111,WL,C,12.0
3,28.29200005531311,learn,31707.99994468689,Thu Sep 24 2026 16:50:54 GMT-0500 (Central Daylight Time),390978.40000000596,A,b,I,b,236,2,249.69999998807907,390728.7000000179,8111,WL,C,13.0
3,28.69099998474121,learn,31309.00001525879,Thu Sep 24 2026 16:50:54 GMT-0500 (Central Daylight Time),391377.90000000596,A,bo,I,o,386,2,649.1999999880791,390728.7000000179,8111,WL,C,13.0
3,28.875,learn,31125.0,Thu Sep 24 2026 16:50:54 GMT-0500 (Central Daylight Time),391561.3000000119,A,boy,I,y,163,2,832.5999999940395,390728.7000000179,8111,WL,C,13.0
3,29.175000190734863,learn,30824.999809265137,Thu Sep 24 2026 16:50:54 GMT-0500 (Central Daylight Time),391861.2000000179,A,boyenter,I,enter,292,2,1132.5,390728.7000000179,8111,WL,C,13.0
3,30.574000120162964,learn,29425.999879837036,Thu Sep 24 2026 16:50:54 GMT-0500 (Central Daylight Time),393260.7000000179,A,c,I,c,1391,2,1399.1000000238419,391861.59999999404,8111,WL,C,14.0
3,30.674000024795532,learn,29325.999975204468,Thu Sep 24 2026 16:50:54 GMT-0500 (Central Daylight Time),393360.7000000179,A,ca,I,a,88,2,1499.1000000238419,391861.59999999404,8111,WL,C,14.0
3,30.789999961853027,learn,29210.000038146973,Thu Sep 24 2026 16:50:54 GMT-0500 (Central Daylight Time),393476.90000000596,A,cam,I,m,108,2,1615.300000011921,391861.59999999404,8111,WL,C,14.0
3,31.240000009536743,learn,28759.999990463257,Thu Sep 24 2026 16:50:54 GMT-0500 (Central Daylight Time),393927.0,A,camp,I,p,431,2,2065.4000000059605,391861.59999999404,8111,WL,C,14.0
3,31.707000017166138,learn,28292.999982833862,Thu Sep 24 2026 16:50:54 GMT-0500 (Central Daylight Time),394393.90000000596,A,campenter,I,enter,447,2,2532.300000011921,391861.59999999404,8111,WL,C,14.0
3,31.890000104904175,learn,28109.999895095825,Thu Sep 24 2026 16:50:54 GMT-0500 (Central Daylight Time),394577.09999999404,A,c,I,c,171,2,183.0,394394.09999999404,8111,WL,C,15.0
3,31.973999977111816,learn,28026.000022888184,Thu Sep 24 2026 16:50:54 GMT-0500 (Central Daylight Time),394660.40000000596,A,ca,I,a,67,2,266.30000001192093,394394.09999999404,8111,WL,C,15.0
3,32.17400002479553,learn,27825.999975204468,Thu Sep 24 2026 16:50:54 GMT-0500 (Central Daylight Time),394860.2000000179,A,cat,I,t,184,2,466.10000002384186,394394.09999999404,8111,WL,C,15.0
3,32.34000015258789,learn,27659.99984741211,Thu Sep 24 2026 16:50:54 GMT-0500 (Central Daylight Time),395026.7000000179,A,catt,I,t,152,2,632.6000000238419,394394.09999999404,8111,WL,C,15.0
3,32.45700001716614,learn,27542.999982833862,Thu Sep 24 2026 16:50:54 GMT-0500 (Central Daylight Time),395143.40000000596,A,cattl,I,l,105,2,749.3000000119209,394394.09999999404,8111,WL,C,15.0
3,32.57300019264221,learn,27426.999807357788,Thu Sep 24 2026 16:50:54 GMT-0500 (Central Daylight Time),395260.09999999404,A,cattle,I,e,101,2,866.0,394394.09999999404,8111,WL,C,15.0
3,32.84000015258789,learn,27159.99984741211,Thu Sep 24 2026 16:50:54 GMT-0500 (Central Daylight Time),395526.59999999404,A,cattleenter,I,enter,248,2,1132.5,394394.09999999404,8111,WL,C,15.0
4,0.8490002155303955,learn,59150.999784469604,Thu Sep 24 2026 16:50:54 GMT-0500 (Central Daylight Time),463122.09999999404,A,d,I,d,829,2,849.3999999761581,462272.7000000179,8111,WL,C,1.0
4,1.2830002307891846,learn,58716.999769210815,Thu Sep 24 2026 16:50:54 GMT-0500 (Central Daylight Time),463555.5,A,do,I,o,417,2,1282.7999999821186,462272.7000000179,8111,WL,C,1.0
4,1.4820001125335693,learn,58517.99988746643,Thu Sep 24 2026 16:50:54 GMT-0500 (Central Daylight Time),463754.90000000596,A,doc,I,c,193,2,1482.199999988079,462272.7000000179,8111,WL,C,1.0
4,1.7160000801086426,learn,58283.99991989136,Thu Sep 24 2026 16:50:54 GMT-0500 (Central Daylight Time),463988.7000000179,A,doct,I,t,217,2,1716.0,462272.7000000179,8111,WL,C,1.0
4,1.8670001029968262,learn,58132.999897003174,Thu Sep 24 2026 16:50:54 GMT-0500 (Central Daylight Time),464139.40000000596,A,docto,I,o,144,2,1866.699999988079,462272.7000000179,8111,WL,C,1.0
4,1.9320001602172852,learn,58067.999839782715,Thu Sep 24 2026 16:50:54 GMT-0500 (Central Daylight Time),464205.2000000179,A,doctor,I,r,57,2,1932.5,462272.7000000179,8111,WL,C,1.0
4,2.4820001125335693,learn,57517.99988746643,Thu Sep 24 2026 16:50:54 GMT-0500 (Central Daylight Time),464754.8000000119,A,doctorenter,I,enter,535,2,2482.0999999940395,462272.7000000179,8111,WL,C,1.0
4,2.882000207901001,learn,57117.999792099,Thu Sep 24 2026 16:50:54 GMT-0500 (Central Daylight Time),465154.7000000179,A,f,I,f,386,2,399.60000002384186,464755.09999999404,8111,WL,C,2.0
4,3.065000057220459,learn,56934.99994277954,Thu Sep 24 2026 16:50:54 GMT-0500 (Central Daylight Time),465338.09999999404,A,fl,I,l,169,2,583.0,464755.09999999404,8111,WL,C,2.0
4,3.199000120162964,learn,56800.999879837036,Thu Sep 24 2026 16:50:54 GMT-0500 (Central Daylight Time),465471.59999999404,A,fla,I,a,114,2,716.5,464755.09999999404,8111,WL,C,2.0
4,3.3490002155303955,learn,56650.999784469604,Thu Sep 24 2026 16:50:54 GMT-0500 (Central Daylight Time),465621.40000000596,A,flag,I,g,142,2,866.3000000119209,464755.09999999404,8111,WL,C,2.0
4,3.632000207901001,learn,56367.999792099,Thu Sep 24 2026 16:50:54 GMT-0500 (Central Daylight Time),465905.2000000179,A,flagenter,I,enter,272,2,1150.1000000238419,464755.09999999404,8111,WL,C,2.0
4,4.015000104904175,learn,55984.999895095825,Thu Sep 24 2026 16:50:54 GMT-0500 (Central Daylight Time),466287.7000000179,A,c,I,c,363,2,382.2000000178814,465905.5,8111,WL,C,3.0
4,4.148000001907349,learn,55851.99999809265,Thu Sep 24 2026 16:50:54 GMT-0500 (Central Daylight Time),466421.0,A,ca,I,a,125,2,515.5,465905.5,8111,WL,C,3.0
4,4.332000017166138,learn,55667.99998283386,Thu Sep 24 2026 16:50:54 GMT-0500 (Central Daylight Time),466604.3000000119,A,cam,I,m,167,2,698.8000000119209,465905.5,8111,WL,C,3.0
4,4.582000017166138,learn,55417.99998283386,Thu Sep 24 2026 16:50:54 GMT-0500 (Central Daylight Time),466854.3000000119,A,camp,I,p,240,2,948.8000000119209,465905.5,8111,WL,C,3.0
4,5.081000089645386,learn,54918.999910354614,Thu Sep 24 2026 16:50:54 GMT-0500 (Central Daylight Time),467354.0,A,campenter,I,enter,494,2,1448.5,465905.5,8111,WL,C,3.0
4,5.54800009727478,learn,54451.99990272522,Thu Sep 24 2026 16:50:54 GMT-0500 (Central Daylight Time),467820.59999999404,A,c,I,c,459,2,466.2999999821186,467354.3000000119,8111,WL,C,4.0
4,5.681000232696533,learn,54318.99976730347,Thu Sep 24 2026 16:50:54 GMT-0500 (Central Daylight Time),467953.90000000596,A,co,I,o,120,2,599.5999999940395,467354.3000000119,8111,WL,C,4.0
4,5.814000129699707,learn,54185.99987030029,Thu Sep 24 2026 16:50:54 GMT-0500 (Central Daylight Time),468087.2000000179,A,cor,I,r,122,2,732.9000000059605,467354.3000000119,8111,WL,C,4.0
4,6.265000104904175,learn,53734.999895095825,Thu Sep 24 2026 16:50:54 GMT-0500 (Central Daylight Time),468537.40000000596,A,corn,I,n,429,2,1183.0999999940395,467354.3000000119,8111,WL,C,4.0
4,6.63100004196167,learn,53368.99995803833,Thu Sep 24 2026 16:50:54 GMT-0500 (Central Daylight Time),468903.7000000179,A,cornenter,I,enter,347,2,1549.4000000059605,467354.3000000119,8111,WL,C,4.0
4,6.964000225067139,learn,53035.99977493286,Thu Sep 24 2026 16:50:54 GMT-0500 (Central Daylight Time),469236.90000000596,A,n,I,n,326,2,333.0,468903.90000000596,8111,WL,C,5.0
4,7.0980000495910645,learn,52901.999950408936,Thu Sep 24 2026 16:50:54 GMT-0500 (Central Daylight Time),469370.3000000119,A,na,I,a,119,2,466.40000000596046,468903.90000000596,8111,WL,C,5.0
4,7.264000177383423,learn,52735.99982261658,Thu Sep 24 2026 16:50:54 GMT-0500 (Central Daylight Time),469536.90000000596,A,nai,I,i,146,2,633.0,468903.90000000596,8111,WL,C,5.0
4,7.647000074386597,learn,52352.9999256134,Thu Sep 24 2026 16:50:54 GMT-0500 (Central Daylight Time),469920.09999999404,A,nail,I,l,364,2,1016.1999999880791,468903.90000000596,8111,WL,C,5.0
4,8.031000137329102,learn,51968.9998626709,Thu Sep 24 2026 16:50:54 GMT-0500 (Central Daylight Time),470303.3000000119,A,nailenter,I,enter,364,2,1399.4000000059605,468903.90000000596,8111,WL,C,5.0
4,8.214000225067139,learn,51785.99977493286,Thu Sep 24 2026 16:50:54 GMT-0500 (Central Daylight Time),470486.40000000596,A,s,I,s,173,2,182.80000001192093,470303.59999999404,8111,WL,C,6.0
4,8.430000066757202,learn,51569.9999332428,Thu Sep 24 2026 16:50:54 GMT-0500 (Central Daylight Time),470702.90000000596,A,sh,I,h,199,2,399.30000001192093,470303.59999999404,8111,WL,C,6.0
4,8.647000074386597,learn,51352.9999256134,Thu Sep 24 2026 16:50:54 GMT-0500 (Central Daylight Time),470919.8000000119,A,sho,I,o,197,2,616.2000000178814,470303.59999999404,8111,WL,C,6.0
4,8.830000162124634,learn,51169.999837875366,Thu Sep 24 2026 16:50:54 GMT-0500 (Central Daylight Time),471102.90000000596,A,shor,I,r,165,2,799.3000000119209,470303.59999999404,8111,WL,C,6.0
4,8.948000192642212,learn,51051.99980735779,Thu Sep 24 2026 16:50:54 GMT-0500 (Central Daylight Time),471220.7000000179,A,shore,I,e,109,2,917.1000000238419,470303.59999999404,8111,WL,C,6.0
4,9.247000217437744,learn,50752.999782562256,Thu Sep 24 2026 16:50:54 GMT-0500 (Central Daylight Time),471519.40000000596,A,shoreenter,I,enter,280,2,1215.800000011921,470303.59999999404,8111,WL,C,6.0
4,9.480000019073486,learn,50519.999980926514,Thu Sep 24 2026 16:50:54 GMT-0500 (Central Daylight Time),471752.90000000596,A,b,I,b,221,2,233.09999999403954,471519.8000000119,8111,WL,C,7.0
4,9.69700002670288,learn,50302.99997329712,Thu Sep 24 2026 16:50:54 GMT-0500 (Central Daylight Time),471969.40000000596,A,bo,I,o,204,2,449.59999999403954,471519.8000000119,8111,WL,C,7.0
4,9.86300015449524,learn,50136.99984550476,Thu Sep 24 2026 16:50:54 GMT-0500 (Central Daylight Time),472135.8000000119,A,bod,I,d,147,2,616.0,471519.8000000119,8111,WL,C,7.0
4,10.11300015449524,learn,49886.99984550476,Thu Sep 24 2026 16:50:54 GMT-0500 (Central Daylight Time),472386.0,A,body,I,y,237,2,866.1999999880791,471519.8000000119,8111,WL,C,7.0
4,10.496000051498413,learn,49503.99994850159,Thu Sep 24 2026 16:50:54 GMT-0500 (Central Daylight Time),472769.0,A,bodyenter,I,enter,379,2,1249.199999988079,471519.8000000119,8111,WL,C,7.0
4,11.480000019073486,learn,48519.999980926514,Thu Sep 24 2026 16:50:54 GMT-0500 (Central Daylight Time),473752.3000000119,A,t,I,t,964,2,983.0,472769.3000000119,8111,WL,C,8.0
4,11.59600019454956,learn,48403.99980545044,Thu Sep 24 2026 16:50:54 GMT-0500 (Central Daylight Time),473868.90000000596,A,to,I,o,100,2,1099.5999999940395,472769.3000000119,8111,WL,C,8.0
4,11.696000099182129,learn,48303.99990081787,Thu Sep 24 2026 16:50:54 GMT-0500 (Central Daylight Time),473968.8000000119,A,tow,I,w,88,2,1199.5,472769.3000000119,8111,WL,C,8.0
4,11.796000003814697,learn,48203.9999961853,Thu Sep 24 2026 16:50:54 GMT-0500 (Central Daylight Time),474068.8000000119,A,towe,I,e,92,2,1299.5,472769.3000000119,8111,WL,C,8.0
4,11.912000179290771,learn,48087.99982070923,Thu Sep 24 2026 16:50:54 GMT-0500 (Central Daylight Time),474185.2000000179,A,tower,I,r,112,2,1415.9000000059605,472769.3000000119,8111,WL,C,8.0
4,12.546000003814697,learn,47453.9999961853,Thu Sep 24 2026 16:50:54 GMT-0500 (Central Daylight Time),474818.7000000179,A,towerenter,I,enter,620,2,2049.4000000059605,472769.3000000119,8111,WL,C,8.0
4,12.729000091552734,learn,47270.999908447266,Thu Sep 24 2026 16:50:54 GMT-0500 (Central Daylight Time),475001.3000000119,A,w,I,w,178,2,182.30000001192093,474819.0,8111,WL,C,9.0
4,12.94700002670288,learn,47052.99997329712,Thu Sep 24 2026 16:50:54 GMT-0500 (Central Daylight Time),475219.3000000119,A,wh,I,h,211,2,400.30000001192093,474819.0,8111,WL,C,9.0
4,13.029000043869019,learn,46970.99995613098,Thu Sep 24 2026 16:50:54 GMT-0500 (Central Daylight Time),475301.8000000119,A,whe,I,e,73,2,482.80000001192093,474819.0,8111,WL,C,9.0
4,13.26200008392334,learn,46737.99991607666,Thu Sep 24 2026 16:50:54 GMT-0500 (Central Daylight Time),475535.0,A,whee,I,e,223,2,716.0,474819.0,8111,WL,C,9.0
4,13.763000011444092,learn,46236.99998855591,Thu Sep 24 2026 16:50:54 GMT-0500 (Central Daylight Time),476035.8000000119,A,whe,I,backspace,494,2,1216.800000011921,474819.0,8111,WL,C,9.0
4,14.362000226974487,learn,45637.99977302551,Thu Sep 24 2026 16:50:54 GMT-0500 (Central Daylight Time),476634.59999999404,A,whea,I,a,592,2,1815.5999999940395,474819.0,8111,WL,C,9.0
4,14.529000043869019,learn,45470.99995613098,Thu Sep 24 2026 16:50:54 GMT-0500 (Central Daylight Time),476801.40000000596,A,wheat,I,t,155,2,1982.4000000059605,474819.0,8111,WL,C,9.0
4,15.112000226974487,learn,44887.99977302551,Thu Sep 24 2026 16:50:54 GMT-0500 (Central Daylight Time),477384.5,A,wheatenter,I,enter,563,2,2565.5,474819.0,8111,WL,C,9.0
4,15.228000164031982,learn,44771.99983596802,Thu Sep 24 2026 16:50:54 GMT-0500 (Central Daylight Time),477500.90000000596,A,q,I,q,100,2,116.09999999403954,477384.8000000119,8111,WL,C,10.0
4,15.461000204086304,learn,44538.999795913696,Thu Sep 24 2026 16:50:54 GMT-0500 (Central Daylight Time),477734.2000000179,A,qu,I,u,216,2,349.40000000596046,477384.8000000119,8111,WL,C,10.0
4,15.545000076293945,learn,44454.999923706055,Thu Sep 24 2026 16:50:54 GMT-0500 (Central Daylight Time),477817.7000000179,A,que,I,e,70,2,432.90000000596046,477384.8000000119,8111,WL,C,10.0
4,15.59500002861023,learn,44404.99997138977,Thu Sep 24 2026 16:50:54 GMT-0500 (Central Daylight Time),477867.59999999404,A,ques,I,s,42,2,482.7999999821186,477384.8000000119,8111,WL,C,10.0
4,15.84600019454956,learn,44153.99980545044,Thu Sep 24 2026 16:50:54 GMT-0500 (Central Daylight Time),478118.8000000119,A,quess,I,s,241,2,734.0,477384.8000000119,8111,WL,C,10.0
4,16.59500002861023,learn,43404.99997138977,Thu Sep 24 2026 16:50:54 GMT-0500 (Central Daylight Time),478867.2000000179,A,ques,I,backspace,734,2,1482.4000000059605,477384.8000000119,8111,WL,C,10.0
4,16.944000005722046,learn,43055.999994277954,Thu Sep 24 2026 16:50:54 GMT-0500 (Central Daylight Time),479216.90000000596,A,quese,I,e,329,2,1832.0999999940395,477384.8000000119,8111,WL,C,10.0
4,17.194000005722046,learn,42805.999994277954,Thu Sep 24 2026 16:50:54 GMT-0500 (Central Daylight Time),479466.7000000179,A,ques,I,backspace,244,2,2081.9000000059605,477384.8000000119,8111,WL,C,10.0
4,17.444000005722046,learn,42555.999994277954,Thu Sep 24 2026 16:50:54 GMT-0500 (Central Daylight Time),479716.7000000179,A,que,I,backspace,233,2,2331.9000000059605,477384.8000000119,8111,WL,C,10.0
4,17.66100001335144,learn,42338.99998664856,Thu Sep 24 2026 16:50:54 GMT-0500 (Central Daylight Time),479933.7000000179,A,quee,I,e,200,2,2548.9000000059605,477384.8000000119,8111,WL,C,10.0
4,17.794000148773193,learn,42205.99985122681,Thu Sep 24 2026 16:50:54 GMT-0500 (Central Daylight Time),480066.5,A,queee,I,e,127,2,2681.699999988079,477384.8000000119,8111,WL,C,10.0
4,17.944000005722046,learn,42055.999994277954,Thu Sep 24 2026 16:50:54 GMT-0500 (Central Daylight Time),480216.8000000119,A,queeen,I,n,138,2,2832.0,477384.8000000119,8111,WL,C,10.0
4,18.66100001335144,learn,41338.99998664856,Thu Sep 24 2026 16:50:54 GMT-0500 (Central Daylight Time),480933.3000000119,A,queee,I,backspace,709,2,3548.5,477384.8000000119,8111,WL,C,10.0
4,18.81000018119812,learn,41189.99981880188,Thu Sep 24 2026 16:50:54 GMT-0500 (Central Daylight Time),481083.2000000179,A,quee,I,backspace,143,2,3698.4000000059605,477384.8000000119,8111,WL,C,10.0
4,19.5770001411438,learn,40422.9998588562,Thu Sep 24 2026 16:50:54 GMT-0500 (Central Daylight Time),481849.8000000119,A,queen,I,n,755,2,4465.0,477384.8000000119,8111,WL,C,10.0
4,19.91000008583069,learn,40089.99991416931,Thu Sep 24 2026 16:50:54 GMT-0500 (Central Daylight Time),482182.8000000119,A,queenenter,I,enter,315,2,4798.0,477384.8000000119,8111,WL,C,10.0
4,20.06000018119812,learn,39939.99981880188,Thu Sep 24 2026 16:50:54 GMT-0500 (Central Daylight Time),482332.8000000119,A,s,I,s,133,2,149.7000000178814,482183.09999999404,8111,WL,C,11.0
4,20.260000228881836,learn,39739.999771118164,Thu Sep 24 2026 16:50:54 GMT-0500 (Central Daylight Time),482532.7000000179,A,su,I,u,192,2,349.60000002384186,482183.09999999404,8111,WL,C,11.0
4,20.39300012588501,learn,39606.99987411499,Thu Sep 24 2026 16:50:54 GMT-0500 (Central Daylight Time),482665.90000000596,A,sug,I,g,128,2,482.80000001192093,482183.09999999404,8111,WL,C,11.0
4,20.80900001525879,learn,39190.99998474121,Thu Sep 24 2026 16:50:54 GMT-0500 (Central Daylight Time),483082.2000000179,A,suga,I,a,403,2,899.1000000238419,482183.09999999404,8111,WL,C,11.0
4,20.92900013923645,learn,39070.99986076355,Thu Sep 24 2026 16:50:54 GMT-0500 (Central Daylight Time),483201.40000000596,A,sugar,I,r,106,2,1018.3000000119209,482183.09999999404,8111,WL,C,11.0
4,21.258000135421753,learn,38741.99986457825,Thu Sep 24 2026 16:50:54 GMT-0500 (Central Daylight Time),483530.59999999404,A,sugarenter,I,enter,314,2,1347.5,482183.09999999404,8111,WL,C,11.0
4,21.576000213623047,learn,38423.99978637695,Thu Sep 24 2026 16:50:54 GMT-0500 (Central Daylight Time),483848.90000000596,A,h,I,h,306,2,318.0,483530.90000000596,8111,WL,C,12.0
4,21.710000038146973,learn,38289.99996185303,Thu Sep 24 2026 16:50:54 GMT-0500 (Central Daylight Time),483982.40000000596,A,ho,I,o,123,2,451.5,483530.90000000596,8111,WL,C,12.0
4,21.80900001525879,learn,38190.99998474121,Thu Sep 24 2026 16:50:54 GMT-0500 (Central Daylight Time),484082.09999999404,A,hom,I,m,94,2,551.1999999880791,483530.90000000596,8111,WL,C,12.0
4,22.026000022888184,learn,37973.99997711182,Thu Sep 24 2026 16:50:54 GMT-0500 (Central Daylight Time),484298.8000000119,A,home,I,e,203,2,767.9000000059605,483530.90000000596,8111,WL,C,12.0
4,22.2260000705719,learn,37773.9999294281,Thu Sep 24 2026 16:50:54 GMT-0500 (Central Daylight Time),484498.90000000596,A,homeenter,I,enter,186,2,968.0,483530.90000000596,8111,WL,C,12.0
4,22.493000030517578,learn,37506.99996948242,Thu Sep 24 2026 16:50:54 GMT-0500 (Central Daylight Time),484765.7000000179,A,b,I,b,258,2,266.40000000596046,484499.3000000119,8111,WL,C,13.0
4,22.64300012588501,learn,37356.99987411499,Thu Sep 24 2026 16:50:54 GMT-0500 (Central Daylight Time),484915.3000000119,A,bo,I,o,143,2,416.0,484499.3000000119,8111,WL,C,13.0
4,22.843000173568726,learn,37156.999826431274,Thu Sep 24 2026 16:50:54 GMT-0500 (Central Daylight Time),485115.3000000119,A,boy,I,y,193,2,616.0,484499.3000000119,8111,WL,C,13.0
4,26.925000190734863,learn,33074.99980926514,Thu Sep 24 2026 16:50:54 GMT-0500 (Central Daylight Time),489197.2000000179,A,boyenter,I,enter,4073,2,4697.9000000059605,484499.3000000119,8111,WL,C,13.0
4,31.573000192642212,learn,28426.999807357788,Thu Sep 24 2026 16:50:54 GMT-0500 (Central Daylight Time),493845.8000000119,A,c,I,c,4639,2,4648.300000011921,489197.5,8111,WL,C,14.0
4,31.69000005722046,learn,28309.99994277954,Thu Sep 24 2026 16:50:54 GMT-0500 (Central Daylight Time),493962.3000000119,A,co,I,o,111,2,4764.800000011921,489197.5,8111,WL,C,14.0
4,31.823000192642212,learn,28176.999807357788,Thu Sep 24 2026 16:50:54 GMT-0500 (Central Daylight Time),494095.90000000596,A,cor,I,r,113,2,4898.4000000059605,489197.5,8111,WL,C,14.0
4,31.94000005722046,learn,28059.99994277954,Thu Sep 24 2026 16:50:54 GMT-0500 (Central Daylight Time),494212.3000000119,A,corn,I,n,109,2,5014.800000011921,489197.5,8111,WL,C,14.0
4,32.290000200271606,learn,27709.999799728394,Thu Sep 24 2026 16:50:54 GMT-0500 (Central Daylight Time),494562.3000000119,A,cornenter,I,enter,336,2,5364.800000011921,489197.5,8111,WL,C,14.0
4,32.63900017738342,learn,27360.999822616577,Thu Sep 24 2026 16:50:54 GMT-0500 (Central Daylight Time),494912.0,A,n,I,n,338,2,349.09999999403954,494562.90000000596,8111,WL,C,15.0
4,32.757000207901,learn,27242.999792099,Thu Sep 24 2026 16:50:54 GMT-0500 (Central Daylight Time),495029.8000000119,A,na,I,a,100,2,466.90000000596046,494562.90000000596,8111,WL,C,15.0
4,33.07300019264221,learn,26926.999807357788,Thu Sep 24 2026 16:50:54 GMT-0500 (Central Daylight Time),495345.40000000596,A,nai,I,i,295,2,782.5,494562.90000000596,8111,WL,C,15.0
4,33.25600004196167,learn,26743.99995803833,Thu Sep 24 2026 16:50:54 GMT-0500 (Central Daylight Time),495528.59999999404,A,nail,I,l,163,2,965.6999999880791,494562.90000000596,8111,WL,C,15.0
4,33.50600004196167,learn,26493.99995803833,Thu Sep 24 2026 16:50:54 GMT-0500 (Central Daylight Time),495778.3000000119,A,nailenter,I,enter,244,2,1215.4000000059605,494562.90000000596,8111,WL,C,15.0
5,2.5490000247955322,learn,60000.0,Thu Sep 24 2026 16:50:54 GMT-0500 (Central Daylight Time),564723.599999994,A,t,I,t,2534,2,2549.0,562174.599999994,8111,WL,C,1.0
5,2.6649999618530273,learn,60000.0,Thu Sep 24 2026 16:50:54 GMT-0500 (Central Daylight Time),564840.099999994,A,to,I,o,104,2,2665.5,562174.599999994,8111,WL,C,1.0
5,2.7819998264312744,learn,60000.0,Thu Sep 24 2026 16:50:54 GMT-0500 (Central Daylight Time),564956.7000000179,A,tow,I,w,108,2,2782.100000023842,562174.599999994,8111,WL,C,1.0
5,2.881999969482422,learn,60000.0,Thu Sep 24 2026 16:50:54 GMT-0500 (Central Daylight Time),565056.900000006,A,towe,I,e,80,2,2882.300000011921,562174.599999994,8111,WL,C,1.0
5,2.9819998741149902,learn,60000.0,Thu Sep 24 2026 16:50:54 GMT-0500 (Central Daylight Time),565156.7000000179,A,tower,I,r,92,2,2982.100000023842,562174.599999994,8111,WL,C,1.0
5,3.497999906539917,learn,60000.0,Thu Sep 24 2026 16:50:54 GMT-0500 (Central Daylight Time),565672.8000000119,A,towerenter,I,enter,512,2,3498.2000000178814,562174.599999994,8111,WL,C,1.0
5,4.06499981880188,learn,60000.0,Thu Sep 24 2026 16:50:54 GMT-0500 (Central Daylight Time),566240.0,A,w,I,w,548,2,567.0,565673.0,8111,WL,C,2.0
5,4.31499981880188,learn,60000.0,Thu Sep 24 2026 16:50:54 GMT-0500 (Central Daylight Time),566489.7000000179,A,wh,I,h,228,2,816.7000000178814,565673.0,8111,WL,C,2.0
5,4.4649999141693115,learn,60000.0,Thu Sep 24 2026 16:50:54 GMT-0500 (Central Daylight Time),566639.5,A,whe,I,e,131,2,966.5,565673.0,8111,WL,C,2.0
5,4.763999938964844,learn,60000.0,Thu Sep 24 2026 16:50:54 GMT-0500 (Central Daylight Time),566939.2000000179,A,whea,I,a,293,2,1266.2000000178814,565673.0,8111,WL,C,2.0
5,5.365000009536743,learn,60000.0,Thu Sep 24 2026 16:50:54 GMT-0500 (Central Daylight Time),567539.400000006,A,wheat,I,t,585,2,1866.4000000059605,565673.0,8111,WL,C,2.0
5,5.898000001907349,learn,60000.0,Thu Sep 24 2026 16:50:54 GMT-0500 (Central Daylight Time),568072.599999994,A,wheatenter,I,enter,513,2,2399.5999999940395,565673.0,8111,WL,C,2.0
5,6.263999938964844,learn,60000.0,Thu Sep 24 2026 16:50:54 GMT-0500 (Central Daylight Time),568438.900000006,A,q,I,q,348,2,365.90000000596046,568073.0,8111,WL,C,3.0
5,6.664000034332275,learn,60000.0,Thu Sep 24 2026 16:50:54 GMT-0500 (Central Daylight Time),568839.0,A,qu,I,u,390,2,766.0,568073.0,8111,WL,C,3.0
5,6.96399998664856,learn,60000.0,Thu Sep 24 2026 16:50:54 GMT-0500 (Central Daylight Time),569138.900000006,A,que,I,e,293,2,1065.9000000059605,568073.0,8111,WL,C,3.0
5,7.129999876022339,learn,60000.0,Thu Sep 24 2026 16:50:54 GMT-0500 (Central Daylight Time),569305.2000000179,A,quee,I,e,161,2,1232.2000000178814,568073.0,8111,WL,C,3.0
5,7.414000034332275,learn,60000.0,Thu Sep 24 2026 16:50:54 GMT-0500 (Central Daylight Time),569588.7000000179,A,queen,I,n,275,2,1515.7000000178814,568073.0,8111,WL,C,3.0
5,8.547999858856201,learn,60000.0,Thu Sep 24 2026 16:50:54 GMT-0500 (Central Daylight Time),570722.8000000119,A,queenenter,I,enter,1120,2,2649.800000011921,568073.0,8111,WL,C,3.0
5,13.911999940872192,learn,60000.0,Thu Sep 24 2026 16:50:54 GMT-0500 (Central Daylight Time),576086.599999994,A,s,I,s,5345,2,5363.5,570723.099999994,8111,WL,C,4.0
5,14.027999877929688,learn,60000.0,Thu Sep 24 2026 16:50:54 GMT-0500 (Central Daylight Time),576203.400000006,A,su,I,u,102,2,5480.300000011921,570723.099999994,8111,WL,C,4.0
5,14.194999933242798,learn,60000.0,Thu Sep 24 2026 16:50:54 GMT-0500 (Central Daylight Time),576369.599999994,A,sug,I,g,160,2,5646.5,570723.099999994,8111,WL,C,4.0
5,14.328999996185303,learn,60000.0,Thu Sep 24 2026 16:50:54 GMT-0500 (Central Daylight Time),576503.599999994,A,suga,I,a,123,2,5780.5,570723.099999994,8111,WL,C,4.0
5,14.51199984550476,learn,60000.0,Thu Sep 24 2026 16:50:54 GMT-0500 (Central Daylight Time),576686.400000006,A,sugar,I,r,165,2,5963.300000011921,570723.099999994,8111,WL,C,4.0
5,14.777999877929688,learn,60000.0,Thu Sep 24 2026 16:50:54 GMT-0500 (Central Daylight Time),576952.900000006,A,sugarenter,I,enter,254,2,6229.800000011921,570723.099999994,8111,WL,C,4.0
5,15.044999837875366,learn,60000.0,Thu Sep 24 2026 16:50:54 GMT-0500 (Central Daylight Time),577219.599999994,A,b,I,b,260,2,266.39999997615814,576953.2000000179,8111,WL,C,5.0
5,15.521999835968018,learn,60000.0,Thu Sep 24 2026 16:50:54 GMT-0500 (Central Daylight Time),577696.8000000119,A,by,I,y,473,2,743.5999999940395,576953.2000000179,8111,WL,C,5.0
5,17.360999822616577,learn,60000.0,Thu Sep 24 2026 16:50:54 GMT-0500 (Central Daylight Time),579535.7000000179,A,b,I,backspace,1827,2,2582.5,576953.2000000179,8111,WL,C,5.0
5,18.01099991798401,learn,60000.0,Thu Sep 24 2026 16:50:54 GMT-0500 (Central Daylight Time),580185.5,A,bo,I,o,629,2,3232.2999999821186,576953.2000000179,8111,WL,C,5.0
5,18.24399995803833,learn,60000.0,Thu Sep 24 2026 16:50:54 GMT-0500 (Central Daylight Time),580418.400000006,A,boy,I,y,219,2,3465.199999988079,576953.2000000179,8111,WL,C,5.0
5,20.14299988746643,learn,60000.0,Thu Sep 24 2026 16:50:54 GMT-0500 (Central Daylight Time),582318.099999994,A,boyenter,I,enter,1881,2,5364.899999976158,576953.2000000179,8111,WL,C,5.0
5,21.758999824523926,learn,60000.0,Thu Sep 24 2026 16:50:54 GMT-0500 (Central Daylight Time),583934.099999994,A,q,I,q,1597,2,1615.5,582318.599999994,8111,WL,C,6.0
5,21.875999927520752,learn,60000.0,Thu Sep 24 2026 16:50:54 GMT-0500 (Central Daylight Time),584050.7000000179,A,qu,I,u,102,2,1732.1000000238419,582318.599999994,8111,WL,C,6.0
5,22.05900001525879,learn,60000.0,Thu Sep 24 2026 16:50:54 GMT-0500 (Central Daylight Time),584234.099999994,A,que,I,e,163,2,1915.5,582318.599999994,8111,WL,C,6.0
5,22.22599983215332,learn,60000.0,Thu Sep 24 2026 16:50:54 GMT-0500 (Central Daylight Time),584400.7000000179,A,quee,I,e,147,2,2082.100000023842,582318.599999994,8111,WL,C,6.0
5,22.39199995994568,learn,60000.0,Thu Sep 24 2026 16:50:54 GMT-0500 (Central Daylight Time),584567.400000006,A,queen,I,n,156,2,2248.800000011921,582318.599999994,8111,WL,C,6.0
5,22.95899987220764,learn,60000.0,Thu Sep 24 2026 16:50:54 GMT-0500 (Central Daylight Time),585133.8000000119,A,queenenter,I,enter,549,2,2815.2000000178814,582318.599999994,8111,WL,C,6.0
5,24.557999849319458,learn,60000.0,Thu Sep 24 2026 16:50:54 GMT-0500 (Central Daylight Time),586733.400000006,A,d,I,d,1584,2,1599.300000011921,585134.099999994,8111,WL,C,7.0
5,24.64199995994568,learn,60000.0,Thu Sep 24 2026 16:50:54 GMT-0500 (Central Daylight Time),586816.599999994,A,do,I,o,71,2,1682.5,585134.099999994,8111,WL,C,7.0
5,24.758999824523926,learn,60000.0,Thu Sep 24 2026 16:50:54 GMT-0500 (Central Daylight Time),586933.400000006,A,doc,I,c,101,2,1799.300000011921,585134.099999994,8111,WL,C,7.0
5,25.024999856948853,learn,60000.0,Thu Sep 24 2026 16:50:54 GMT-0500 (Central Daylight Time),587199.8000000119,A,doct,I,t,255,2,2065.7000000178814,585134.099999994,8111,WL,C,7.0
5,25.174999952316284,learn,60000.0,Thu Sep 24 2026 16:50:54 GMT-0500 (Central Daylight Time),587349.8000000119,A,docto,I,o,133,2,2215.7000000178814,585134.099999994,8111,WL,C,7.0
5,25.274999856948853,learn,60000.0,Thu Sep 24 2026 16:50:54 GMT-0500 (Central Daylight Time),587450.0,A,doctor,I,r,88,2,2315.9000000059605,585134.099999994,8111,WL,C,7.0
5,25.625,learn,60000.0,Thu Sep 24 2026 16:50:54 GMT-0500 (Central Daylight Time),587799.8000000119,A,doctorenter,I,enter,330,2,2665.7000000178814,585134.099999994,8111,WL,C,7.0
5,28.073999881744385,learn,60000.0,Thu Sep 24 2026 16:50:54 GMT-0500 (Central Daylight Time),590248.7000000179,A,c,I,c,2437,2,2448.600000023842,587800.099999994,8111,WL,C,8.0
5,28.19099998474121,learn,60000.0,Thu Sep 24 2026 16:50:54 GMT-0500 (Central Daylight Time),590365.5,A,ca,I,a,100,2,2565.4000000059605,587800.099999994,8111,WL,C,8.0
5,28.406999826431274,learn,60000.0,Thu Sep 24 2026 16:50:54 GMT-0500 (Central Daylight Time),590582.0,A,cam,I,m,198,2,2781.9000000059605,587800.099999994,8111,WL,C,8.0
5,28.840999841690063,learn,60000.0,Thu Sep 24 2026 16:50:54 GMT-0500 (Central Daylight Time),591015.400000006,A,camp,I,p,422,2,3215.300000011921,587800.099999994,8111,WL,C,8.0
5,29.223999977111816,learn,60000.0,Thu Sep 24 2026 16:50:54 GMT-0500 (Central Daylight Time),591398.599999994,A,campenter,I,enter,365,2,3598.5,587800.099999994,8111,WL,C,8.0
5,29.406999826431274,learn,60000.0,Thu Sep 24 2026 16:50:54 GMT-0500 (Central Daylight Time),591581.599999994,A,f,I,f,174,2,182.69999998807907,591398.900000006,8111,WL,C,9.0
5,29.656999826431274,learn,60000.0,Thu Sep 24 2026 16:50:54 GMT-0500 (Central Daylight Time),591831.7000000179,A,fl,I,l,231,2,432.80000001192093,591398.900000006,8111,WL,C,9.0
5,29.789999961853027,learn,60000.0,Thu Sep 24 2026 16:50:54 GMT-0500 (Central Daylight Time),591965.0,A,fla,I,a,117,2,566.0999999940395,591398.900000006,8111,WL,C,9.0
5,30.056999921798706,learn,60000.0,Thu Sep 24 2026 16:50:54 GMT-0500 (Central Daylight Time),592231.900000006,A,flag,I,g,248,2,833.0,591398.900000006,8111,WL,C,9.0
5,30.572999954223633,learn,60000.0,Thu Sep 24 2026 16:50:54 GMT-0500 (Central Daylight Time),592748.099999994,A,flagenter,I,enter,501,2,1349.199999988079,591398.900000006,8111,WL,C,9.0
5,30.924000024795532,learn,60000.0,Thu Sep 24 2026 16:50:54 GMT-0500 (Central Daylight Time),593099.0,A,c,I,c,345,2,350.69999998807907,592748.3000000119,8111,WL,C,10.0
5,31.08999991416931,learn,60000.0,Thu Sep 24 2026 16:50:54 GMT-0500 (Central Daylight Time),593264.400000006,A,co,I,o,145,2,516.0999999940395,592748.3000000119,8111,WL,C,10.0
5,31.18999981880188,learn,60000.0,Thu Sep 24 2026 16:50:54 GMT-0500 (Central Daylight Time),593364.599999994,A,cor,I,r,92,2,616.2999999821186,592748.3000000119,8111,WL,C,10.0
5,31.4229998588562,learn,60000.0,Thu Sep 24 2026 16:50:54 GMT-0500 (Central Daylight Time),593597.900000006,A,corn,I,n,224,2,849.5999999940395,592748.3000000119,8111,WL,C,10.0
5,31.805999994277954,learn,60000.0,Thu Sep 24 2026 16:50:54 GMT-0500 (Central Daylight Time),593980.8000000119,A,cornenter,I,enter,367,2,1232.5,592748.3000000119,8111,WL,C,10.0
5,32.18999981880188,learn,60000.0,Thu Sep 24 2026 16:50:54 GMT-0500 (Central Daylight Time),594364.400000006,A,n,I,n,376,2,383.30000001192093,593981.099999994,8111,WL,C,11.0
5,32.33899998664856,learn,60000.0,Thu Sep 24 2026 16:50:54 GMT-0500 (Central Daylight Time),594514.099999994,A,na,I,a,144,2,533.0,593981.099999994,8111,WL,C,11.0
5,32.52300000190735,learn,60000.0,Thu Sep 24 2026 16:50:54 GMT-0500 (Central Daylight Time),594697.5,A,nai,I,i,178,2,716.4000000059605,593981.099999994,8111,WL,C,11.0
5,32.73899984359741,learn,60000.0,Thu Sep 24 2026 16:50:54 GMT-0500 (Central Daylight Time),594914.3000000119,A,nail,I,l,203,2,933.2000000178814,593981.099999994,8111,WL,C,11.0
5,33.055999994277954,learn,60000.0,Thu Sep 24 2026 16:50:54 GMT-0500 (Central Daylight Time),595230.8000000119,A,nailenter,I,enter,298,2,1249.7000000178814,593981.099999994,8111,WL,C,11.0
5,33.25600004196167,learn,60000.0,Thu Sep 24 2026 16:50:54 GMT-0500 (Central Daylight Time),595430.599999994,A,c,I,c,182,2,199.5,595231.099999994,8111,WL,C,12.0
5,33.355000019073486,learn,60000.0,Thu Sep 24 2026 16:50:54 GMT-0500 (Central Daylight Time),595530.3000000119,A,ca,I,a,86,2,299.2000000178814,595231.099999994,8111,WL,C,12.0
5,33.58899998664856,learn,60000.0,Thu Sep 24 2026 16:50:54 GMT-0500 (Central Daylight Time),595763.8000000119,A,cat,I,t,227,2,532.7000000178814,595231.099999994,8111,WL,C,12.0
5,33.73899984359741,learn,60000.0,Thu Sep 24 2026 16:50:54 GMT-0500 (Central Daylight Time),595913.8000000119,A,catt,I,t,137,2,682.7000000178814,595231.099999994,8111,WL,C,12.0
5,33.888999938964844,learn,60000.0,Thu Sep 24 2026 16:50:54 GMT-0500 (Central Daylight Time),596063.599999994,A,cattl,I,l,139,2,832.5,595231.099999994,8111,WL,C,12.0
5,34.02199983596802,learn,60000.0,Thu Sep 24 2026 16:50:54 GMT-0500 (Central Daylight Time),596197.0,A,cattle,I,e,117,2,965.9000000059605,595231.099999994,8111,WL,C,12.0
5,34.27199983596802,learn,60000.0,Thu Sep 24 2026 16:50:54 GMT-0500 (Central Daylight Time),596446.900000006,A,cattleenter,I,enter,239,2,1215.800000011921,595231.099999994,8111,WL,C,12.0
5,34.42199993133545,learn,60000.0,Thu Sep 24 2026 16:50:54 GMT-0500 (Central Daylight Time),596597.099999994,A,s,I,s,133,2,149.7999999821186,596447.3000000119,8111,WL,C,13.0
5,34.605000019073486,learn,60000.0,Thu Sep 24 2026 16:50:54 GMT-0500 (Central Daylight Time),596780.3000000119,A,sh,I,h,167,2,333.0,596447.3000000119,8111,WL,C,13.0
5,34.80499982833862,learn,60000.0,Thu Sep 24 2026 16:50:54 GMT-0500 (Central Daylight Time),596980.2000000179,A,sho,I,o,184,2,532.9000000059605,596447.3000000119,8111,WL,C,13.0
5,34.90499997138977,learn,60000.0,Thu Sep 24 2026 16:50:54 GMT-0500 (Central Daylight Time),597080.400000006,A,shor,I,r,89,2,633.0999999940395,596447.3000000119,8111,WL,C,13.0
5,34.98799991607666,learn,60000.0,Thu Sep 24 2026 16:50:54 GMT-0500 (Central Daylight Time),597163.3000000119,A,shore,I,e,76,2,716.0,596447.3000000119,8111,WL,C,13.0
5,35.287999868392944,learn,60000.0,Thu Sep 24 2026 16:50:54 GMT-0500 (Central Daylight Time),597463.2000000179,A,shoreenter,I,enter,281,2,1015.9000000059605,596447.3000000119,8111,WL,C,13.0
5,35.454999923706055,learn,60000.0,Thu Sep 24 2026 16:50:54 GMT-0500 (Central Daylight Time),597629.8000000119,A,b,I,b,158,2,166.2000000178814,597463.599999994,8111,WL,C,14.0
5,35.67199993133545,learn,60000.0,Thu Sep 24 2026 16:50:54 GMT-0500 (Central Daylight Time),597846.599999994,A,bo,I,o,208,2,383.0,597463.599999994,8111,WL,C,14.0
5,35.80499982833862,learn,60000.0,Thu Sep 24 2026 16:50:54 GMT-0500 (Central Daylight Time),597979.7000000179,A,bod,I,d,126,2,516.1000000238419,597463.599999994,8111,WL,C,14.0
5,37.270999908447266,learn,60000.0,Thu Sep 24 2026 16:50:54 GMT-0500 (Central Daylight Time),599446.099999994,A,body,I,y,1449,2,1982.5,597463.599999994,8111,WL,C,14.0
5,39.2039999961853,learn,60000.0,Thu Sep 24 2026 16:50:54 GMT-0500 (Central Daylight Time),601378.599999994,A,bodyenter,I,enter,1926,2,3915.0,597463.599999994,8111,WL,C,14.0
5,39.61999988555908,learn,60000.0,Thu Sep 24 2026 16:50:54 GMT-0500 (Central Daylight Time),601795.099999994,A,l,I,l,410,2,416.19999998807907,601378.900000006,8111,WL,C,15.0
5,39.75399994850159,learn,60000.0,Thu Sep 24 2026 16:50:54 GMT-0500 (Central Daylight Time),601928.599999994,A,le,I,e,114,2,549.6999999880791,601378.900000006,8111,WL,C,15.0
5,39.98699998855591,learn,60000.0,Thu Sep 24 2026 16:50:54 GMT-0500 (Central Daylight Time),602161.599999994,A,let,I,t,220,2,782.6999999880791,601378.900000006,8111,WL,C,15.0
5,40.15400004386902,learn,60000.0,Thu Sep 24 2026 16:50:54 GMT-0500 (Central Daylight Time),602328.5,A,lett,I,t,155,2,949.5999999940395,601378.900000006,8111,WL,C,15.0
5,40.28699994087219,learn,60000.0,Thu Sep 24 2026 16:50:54 GMT-0500 (Central Daylight Time),602461.7000000179,A,lette,I,e,124,2,1082.800000011921,601378.900000006,8111,WL,C,15.0
5,40.45299983024597,learn,60000.0,Thu Sep 24 2026 16:50:54 GMT-0500 (Central Daylight Time),602628.400000006,A,letter,I,r,151,2,1249.5,601378.900000006,8111,WL,C,15.0
5,41.187000036239624,learn,60000.0,Thu Sep 24 2026 16:50:54 GMT-0500 (Central Daylight Time),603361.400000006,A,letterenter,I,enter,728,2,1982.5,601378.900000006,8111,WL,C,15.0
6,0.9489998817443848,distr,59051.000118255615,Thu Sep 24 2026 16:50:54 GMT-0500 (Central Daylight Time),670940.3000000119,B,s,I,s,943,2,949.5999999940395,669990.7000000179,8111,WL,C,1.0
6,1.2990000247955322,distr,58700.99997520447,Thu Sep 24 2026 16:50:54 GMT-0500 (Central Daylight Time),671290.099999994,B,sh,I,h,336,2,1299.3999999761581,669990.7000000179,8111,WL,C,1.0
6,2.3489999771118164,distr,57651.00002288818,Thu Sep 24 2026 16:50:54 GMT-0500 (Central Daylight Time),672339.8000000119,B,s,I,backspace,1034,2,2349.0999999940395,669990.7000000179,8111,WL,C,1.0
6,2.9489998817443848,distr,57051.000118255615,Thu Sep 24 2026 16:50:54 GMT-0500 (Central Daylight Time),672939.599999994,B,sk,I,k,585,2,2948.899999976158,669990.7000000179,8111,WL,C,1.0
6,3.1670000553131104,distr,56832.99994468689,Thu Sep 24 2026 16:50:54 GMT-0500 (Central Daylight Time),673157.7000000179,B,sky,I,y,201,2,3167.0,669990.7000000179,8111,WL,C,1.0
6,3.5989999771118164,distr,56401.00002288818,Thu Sep 24 2026 16:50:54 GMT-0500 (Central Daylight Time),673589.5,B,skyenter,I,enter,423,2,3598.7999999821186,669990.7000000179,8111,WL,C,1.0
6,3.815000057220459,distr,56184.99994277954,Thu Sep 24 2026 16:50:54 GMT-0500 (Central Daylight Time),673806.099999994,B,d,I,d,207,2,216.19999998807907,673589.900000006,8111,WL,C,2.0
6,4.031999826431274,distr,55968.000173568726,Thu Sep 24 2026 16:50:54 GMT-0500 (Central Daylight Time),674022.400000006,B,do,I,o,199,2,432.5,673589.900000006,8111,WL,C,2.0
6,4.264999866485596,distr,55735.000133514404,Thu Sep 24 2026 16:50:54 GMT-0500 (Central Daylight Time),674256.0,B,dol,I,l,222,2,666.0999999940395,673589.900000006,8111,WL,C,2.0
6,4.38100004196167,distr,55618.99995803833,Thu Sep 24 2026 16:50:54 GMT-0500 (Central Daylight Time),674372.400000006,B,doll,I,l,108,2,782.5,673589.900000006,8111,WL,C,2.0
6,4.565999984741211,distr,55434.00001525879,Thu Sep 24 2026 16:50:54 GMT-0500 (Central Daylight Time),674556.7000000179,B,dolla,I,a,176,2,966.8000000119209,673589.900000006,8111,WL,C,2.0
6,4.747999906539917,distr,55252.00009346008,Thu Sep 24 2026 16:50:54 GMT-0500 (Central Daylight Time),674739.0,B,dollar,I,r,175,2,1149.0999999940395,673589.900000006,8111,WL,C,2.0
6,5.065000057220459,distr,54934.99994277954,Thu Sep 24 2026 16:50:54 GMT-0500 (Central Daylight Time),675055.5,B,dollarenter,I,enter,297,2,1465.5999999940395,673589.900000006,8111,WL,C,2.0
6,5.447999954223633,distr,54552.00004577637,Thu Sep 24 2026 16:50:54 GMT-0500 (Central Daylight Time),675438.8000000119,B,n,I,n,365,2,383.0,675055.8000000119,8111,WL,C,3.0
6,5.947000026702881,distr,54052.99997329712,Thu Sep 24 2026 16:50:54 GMT-0500 (Central Daylight Time),675938.400000006,B,,I,backspace,493,2,882.5999999940395,675055.8000000119,8111,WL,C,3.0
6,6.730999946594238,distr,53269.00005340576,Thu Sep 24 2026 16:50:54 GMT-0500 (Central Daylight Time),676721.7000000179,B,m,I,m,762,2,1665.9000000059605,675055.8000000119,8111,WL,C,3.0
6,6.88100004196167,distr,53118.99995803833,Thu Sep 24 2026 16:50:54 GMT-0500 (Central Daylight Time),676871.900000006,B,mo,I,o,131,2,1816.0999999940395,675055.8000000119,8111,WL,C,3.0
6,6.9649999141693115,distr,53035.00008583069,Thu Sep 24 2026 16:50:54 GMT-0500 (Central Daylight Time),676956.0,B,mon,I,n,77,2,1900.199999988079,675055.8000000119,8111,WL,C,3.0
6,7.065000057220459,distr,52934.99994277954,Thu Sep 24 2026 16:50:54 GMT-0500 (Central Daylight Time),677056.099999994,B,mone,I,e,80,2,2000.2999999821186,675055.8000000119,8111,WL,C,3.0
6,7.246999979019165,distr,52753.000020980835,Thu Sep 24 2026 16:50:54 GMT-0500 (Central Daylight Time),677238.3000000119,B,money,I,y,172,2,2182.5,675055.8000000119,8111,WL,C,3.0
6,7.414000034332275,distr,52585.999965667725,Thu Sep 24 2026 16:50:54 GMT-0500 (Central Daylight Time),677404.8000000119,B,moneyenter,I,enter,150,2,2349.0,675055.8000000119,8111,WL,C,3.0
6,7.646999835968018,distr,52353.00016403198,Thu Sep 24 2026 16:50:54 GMT-0500 (Central Daylight Time),677638.099999994,B,v,I,v,224,2,233.0,677405.099999994,8111,WL,C,4.0
6,7.796999931335449,distr,52203.00006866455,Thu Sep 24 2026 16:50:54 GMT-0500 (Central Daylight Time),677788.099999994,B,va,I,a,134,2,383.0,677405.099999994,8111,WL,C,4.0
6,7.947000026702881,distr,52052.99997329712,Thu Sep 24 2026 16:50:54 GMT-0500 (Central Daylight Time),677938.2000000179,B,val,I,l,136,2,533.1000000238419,677405.099999994,8111,WL,C,4.0
6,8.079999923706055,distr,51920.000076293945,Thu Sep 24 2026 16:50:54 GMT-0500 (Central Daylight Time),678071.3000000119,B,vall,I,l,123,2,666.2000000178814,677405.099999994,8111,WL,C,4.0
6,8.146999835968018,distr,51853.00016403198,Thu Sep 24 2026 16:50:54 GMT-0500 (Central Daylight Time),678137.8000000119,B,valle,I,e,62,2,732.7000000178814,677405.099999994,8111,WL,C,4.0
6,8.429999828338623,distr,51570.00017166138,Thu Sep 24 2026 16:50:54 GMT-0500 (Central Daylight Time),678421.3000000119,B,valley,I,y,275,2,1016.2000000178814,677405.099999994,8111,WL,C,4.0
6,8.912999868392944,distr,51087.000131607056,Thu Sep 24 2026 16:50:54 GMT-0500 (Central Daylight Time),678904.2000000179,B,valleyenter,I,enter,472,2,1499.1000000238419,677405.099999994,8111,WL,C,4.0
6,9.263000011444092,distr,50736.99998855591,Thu Sep 24 2026 16:50:54 GMT-0500 (Central Daylight Time),679254.2000000179,B,h,I,h,341,2,349.80000001192093,678904.400000006,8111,WL,C,5.0
6,9.395999908447266,distr,50604.000091552734,Thu Sep 24 2026 16:50:54 GMT-0500 (Central Daylight Time),679387.400000006,B,ha,I,a,126,2,483.0,678904.400000006,8111,WL,C,5.0
6,9.562999963760376,distr,50437.000036239624,Thu Sep 24 2026 16:50:54 GMT-0500 (Central Daylight Time),679554.099999994,B,hal,I,l,161,2,649.6999999880791,678904.400000006,8111,WL,C,5.0
6,9.69700002670288,distr,50302.99997329712,Thu Sep 24 2026 16:50:54 GMT-0500 (Central Daylight Time),679687.599999994,B,hall,I,l,122,2,783.1999999880791,678904.400000006,8111,WL,C,5.0
6,9.980000019073486,distr,50019.999980926514,Thu Sep 24 2026 16:50:54 GMT-0500 (Central Daylight Time),679970.7000000179,B,hallenter,I,enter,277,2,1066.300000011921,678904.400000006,8111,WL,C,5.0
6,10.329999923706055,distr,49670.000076293945,Thu Sep 24 2026 16:50:54 GMT-0500 (Central Daylight Time),680320.599999994,B,m,I,m,330,2,349.59999999403954,679971.0,8111,WL,C,6.0
6,10.496000051498413,distr,49503.99994850159,Thu Sep 24 2026 16:50:54 GMT-0500 (Central Daylight Time),680487.3000000119,B,mo,I,o,156,2,516.3000000119209,679971.0,8111,WL,C,6.0
6,10.730000019073486,distr,49269.999980926514,Thu Sep 24 2026 16:50:54 GMT-0500 (Central Daylight Time),680720.5,B,mot,I,t,222,2,749.5,679971.0,8111,WL,C,6.0
6,10.829999923706055,distr,49170.000076293945,Thu Sep 24 2026 16:50:54 GMT-0500 (Central Daylight Time),680820.5,B,moth,I,h,84,2,849.5,679971.0,8111,WL,C,6.0
6,10.929999828338623,distr,49070.00017166138,Thu Sep 24 2026 16:50:54 GMT-0500 (Central Daylight Time),680920.400000006,B,mothe,I,e,88,2,949.4000000059605,679971.0,8111,WL,C,6.0
6,10.996000051498413,distr,49003.99994850159,Thu Sep 24 2026 16:50:54 GMT-0500 (Central Daylight Time),680987.099999994,B,mother,I,r,60,2,1016.0999999940395,679971.0,8111,WL,C,6.0
6,11.296000003814697,distr,48703.9999961853,Thu Sep 24 2026 16:50:54 GMT-0500 (Central Daylight Time),681286.8000000119,B,motherenter,I,enter,281,2,1315.800000011921,679971.0,8111,WL,C,6.0
6,11.478999853134155,distr,48521.000146865845,Thu Sep 24 2026 16:50:54 GMT-0500 (Central Daylight Time),681470.2000000179,B,c,I,c,174,2,183.10000002384186,681287.099999994,8111,WL,C,7.0
6,11.645999908447266,distr,48354.000091552734,Thu Sep 24 2026 16:50:54 GMT-0500 (Central Daylight Time),681636.7000000179,B,ch,I,h,158,2,349.60000002384186,681287.099999994,8111,WL,C,7.0
6,11.796000003814697,distr,48203.9999961853,Thu Sep 24 2026 16:50:54 GMT-0500 (Central Daylight Time),681786.900000006,B,chi,I,i,136,2,499.80000001192093,681287.099999994,8111,WL,C,7.0
6,11.912999868392944,distr,48087.000131607056,Thu Sep 24 2026 16:50:54 GMT-0500 (Central Daylight Time),681903.5,B,chir,I,r,107,2,616.4000000059605,681287.099999994,8111,WL,C,7.0
6,12.178999900817871,distr,47821.00009918213,Thu Sep 24 2026 16:50:54 GMT-0500 (Central Daylight Time),682169.8000000119,B,chirs,I,s,261,2,882.7000000178814,681287.099999994,8111,WL,C,7.0
6,12.428999900817871,distr,47571.00009918213,Thu Sep 24 2026 16:50:54 GMT-0500 (Central Daylight Time),682420.099999994,B,chirst,I,t,235,2,1133.0,681287.099999994,8111,WL,C,7.0
6,12.796000003814697,distr,47203.9999961853,Thu Sep 24 2026 16:50:54 GMT-0500 (Central Daylight Time),682786.5,B,chirstm,I,m,352,2,1499.4000000059605,681287.099999994,8111,WL,C,7.0
6,12.961999893188477,distr,47038.00010681152,Thu Sep 24 2026 16:50:54 GMT-0500 (Central Daylight Time),682953.2000000179,B,chirstma,I,a,154,2,1666.1000000238419,681287.099999994,8111,WL,C,7.0
6,13.244999885559082,distr,46755.00011444092,Thu Sep 24 2026 16:50:54 GMT-0500 (Central Daylight Time),683236.400000006,B,chirstmas,I,s,275,2,1949.300000011921,681287.099999994,8111,WL,C,7.0
6,14.51199984550476,distr,45488.00015449524,Thu Sep 24 2026 16:50:54 GMT-0500 (Central Daylight Time),684502.599999994,B,chirstmasenter,I,enter,1256,2,3215.5,681287.099999994,8111,WL,C,7.0
6,17.310999870300293,distr,42689.00012969971,Thu Sep 24 2026 16:50:54 GMT-0500 (Central Daylight Time),687301.900000006,B,s,I,s,2782,2,2799.0,684502.900000006,8111,WL,C,8.0
6,17.74399995803833,distr,42256.00004196167,Thu Sep 24 2026 16:50:54 GMT-0500 (Central Daylight Time),687734.900000006,B,sk,I,k,415,2,3232.0,684502.900000006,8111,WL,C,8.0
6,17.944000005722046,distr,42055.999994277954,Thu Sep 24 2026 16:50:54 GMT-0500 (Central Daylight Time),687935.0,B,sky,I,y,189,2,3432.0999999940395,684502.900000006,8111,WL,C,8.0
6,18.30999994277954,distr,41690.00005722046,Thu Sep 24 2026 16:50:54 GMT-0500 (Central Daylight Time),688301.400000006,B,skyenter,I,enter,350,2,3798.5,684502.900000006,8111,WL,C,8.0
6,21.060999870300293,distr,38939.00012969971,Thu Sep 24 2026 16:50:54 GMT-0500 (Central Daylight Time),691051.599999994,B,h,I,h,2735,2,2749.899999976158,688301.7000000179,8111,WL,C,9.0
6,21.22599983215332,distr,38774.00016784668,Thu Sep 24 2026 16:50:54 GMT-0500 (Central Daylight Time),691217.0,B,ha,I,a,153,2,2915.2999999821186,688301.7000000179,8111,WL,C,9.0
6,21.39299988746643,distr,38607.00011253357,Thu Sep 24 2026 16:50:54 GMT-0500 (Central Daylight Time),691383.8000000119,B,hal,I,l,148,2,3082.0999999940395,688301.7000000179,8111,WL,C,9.0
6,21.509999990463257,distr,38490.00000953674,Thu Sep 24 2026 16:50:54 GMT-0500 (Central Daylight Time),691500.400000006,B,hall,I,l,109,2,3198.699999988079,688301.7000000179,8111,WL,C,9.0
6,21.776000022888184,distr,38223.99997711182,Thu Sep 24 2026 16:50:54 GMT-0500 (Central Daylight Time),691767.0,B,hallenter,I,enter,256,2,3465.2999999821186,688301.7000000179,8111,WL,C,9.0
6,22.658999919891357,distr,37341.00008010864,Thu Sep 24 2026 16:50:54 GMT-0500 (Central Daylight Time),692649.900000006,B,b,I,b,869,2,882.5,691767.400000006,8111,WL,C,10.0
6,22.792999982833862,distr,37207.00001716614,Thu Sep 24 2026 16:50:54 GMT-0500 (Central Daylight Time),692783.5,B,bu,I,u,114,2,1016.0999999940395,691767.400000006,8111,WL,C,10.0
6,22.925999879837036,distr,37074.000120162964,Thu Sep 24 2026 16:50:54 GMT-0500 (Central Daylight Time),692916.8000000119,B,but,I,t,117,2,1149.4000000059605,691767.400000006,8111,WL,C,10.0
6,23.075999975204468,distr,36924.00002479553,Thu Sep 24 2026 16:50:54 GMT-0500 (Central Daylight Time),693066.8000000119,B,butt,I,t,137,2,1299.4000000059605,691767.400000006,8111,WL,C,10.0
6,23.241999864578247,distr,36758.00013542175,Thu Sep 24 2026 16:50:54 GMT-0500 (Central Daylight Time),693233.2000000179,B,butte,I,e,161,2,1465.800000011921,691767.400000006,8111,WL,C,10.0
6,23.441999912261963,distr,36558.00008773804,Thu Sep 24 2026 16:50:54 GMT-0500 (Central Daylight Time),693433.099999994,B,butter,I,r,188,2,1665.699999988079,691767.400000006,8111,WL,C,10.0
6,23.80900001525879,distr,36190.99998474121,Thu Sep 24 2026 16:50:54 GMT-0500 (Central Daylight Time),693800.0,B,butterenter,I,enter,355,2,2032.5999999940395,691767.400000006,8111,WL,C,10.0
6,24.825000047683716,distr,35174.999952316284,Thu Sep 24 2026 16:50:54 GMT-0500 (Central Daylight Time),694815.8000000119,B,w,I,w,1003,2,1015.3000000119209,693800.5,8111,WL,C,11.0
6,24.97499990463257,distr,35025.00009536743,Thu Sep 24 2026 16:50:54 GMT-0500 (Central Daylight Time),694966.099999994,B,wi,I,i,133,2,1165.5999999940395,693800.5,8111,WL,C,11.0
6,25.10800004005432,distr,34891.99995994568,Thu Sep 24 2026 16:50:54 GMT-0500 (Central Daylight Time),695099.3000000119,B,win,I,n,126,2,1298.800000011921,693800.5,8111,WL,C,11.0
6,25.340999841690063,distr,34659.00015830994,Thu Sep 24 2026 16:50:54 GMT-0500 (Central Daylight Time),695332.2000000179,B,wint,I,t,227,2,1531.7000000178814,693800.5,8111,WL,C,11.0
6,25.651000022888184,distr,34348.99997711182,Thu Sep 24 2026 16:50:54 GMT-0500 (Central Daylight Time),695642.0,B,winte,I,e,158,2,1841.5,693800.5,8111,WL,C,11.0
6,25.657999992370605,distr,34342.000007629395,Thu Sep 24 2026 16:50:54 GMT-0500 (Central Daylight Time),695648.599999994,B,winter,I,r,1,2,1848.0999999940395,693800.5,8111,WL,C,11.0
6,25.990999937057495,distr,34009.000062942505,Thu Sep 24 2026 16:50:54 GMT-0500 (Central Daylight Time),695982.400000006,B,winterenter,I,enter,324,2,2181.9000000059605,693800.5,8111,WL,C,11.0
6,30.289999961853027,distr,29710.000038146973,Thu Sep 24 2026 16:50:54 GMT-0500 (Central Daylight Time),700280.900000006,B,h,I,h,4287,2,4298.199999988079,695982.7000000179,8111,WL,C,12.0
6,30.490000009536743,distr,29509.999990463257,Thu Sep 24 2026 16:50:54 GMT-0500 (Central Daylight Time),700481.2000000179,B,ha,I,a,179,2,4498.5,695982.7000000179,8111,WL,C,12.0
6,30.639999866485596,distr,29360.000133514404,Thu Sep 24 2026 16:50:54 GMT-0500 (Central Daylight Time),700630.900000006,B,hal,I,l,131,2,4648.199999988079,695982.7000000179,8111,WL,C,12.0
6,30.77300000190735,distr,29226.99999809265,Thu Sep 24 2026 16:50:54 GMT-0500 (Central Daylight Time),700764.099999994,B,hall,I,l,118,2,4781.399999976158,695982.7000000179,8111,WL,C,12.0
6,31.055999994277954,distr,28944.000005722046,Thu Sep 24 2026 16:50:54 GMT-0500 (Central Daylight Time),701047.5,B,hallenter,I,enter,273,2,5064.799999982119,695982.7000000179,8111,WL,C,12.0
6,34.68899989128113,distr,25311.000108718872,Thu Sep 24 2026 16:50:54 GMT-0500 (Central Daylight Time),704679.7000000179,B,b,I,b,3622,2,3631.9000000059605,701047.8000000119,8111,WL,C,13.0
6,34.80499982833862,distr,25195.000171661377,Thu Sep 24 2026 16:50:54 GMT-0500 (Central Daylight Time),704796.400000006,B,bu,I,u,108,2,3748.5999999940395,701047.8000000119,8111,WL,C,13.0
6,34.93899989128113,distr,25061.000108718872,Thu Sep 24 2026 16:50:54 GMT-0500 (Central Daylight Time),704929.7000000179,B,but,I,t,120,2,3881.9000000059605,701047.8000000119,8111,WL,C,13.0
6,35.105000019073486,distr,24894.999980926514,Thu Sep 24 2026 16:50:54 GMT-0500 (Central Daylight Time),705096.099999994,B,butt,I,t,147,2,4048.2999999821186,701047.8000000119,8111,WL,C,13.0
6,35.25499987602234,distr,24745.00012397766,Thu Sep 24 2026 16:50:54 GMT-0500 (Central Daylight Time),705246.099999994,B,butte,I,e,141,2,4198.299999982119,701047.8000000119,8111,WL,C,13.0
6,35.33899998664856,distr,24661.00001335144,Thu Sep 24 2026 16:50:54 GMT-0500 (Central Daylight Time),705329.5,B,butter,I,r,70,2,4281.699999988079,701047.8000000119,8111,WL,C,13.0
6,35.638999938964844,distr,24361.000061035156,Thu Sep 24 2026 16:50:54 GMT-0500 (Central Daylight Time),705629.599999994,B,butterenter,I,enter,283,2,4581.799999982119,701047.8000000119,8111,WL,C,13.0
6,48.21799993515015,distr,11782.000064849854,Thu Sep 24 2026 16:50:54 GMT-0500 (Central Daylight Time),718209.5,B,h,I,h,12559,2,12579.5,705630.0,8111,WL,C,14.0
6,52.151000022888184,distr,7848.999977111816,Thu Sep 24 2026 16:50:54 GMT-0500 (Central Daylight Time),722141.900000006,B,ho,I,o,3913,2,16511.90000000596,705630.0,8111,WL,C,14.0
6,52.33299994468689,distr,7667.00005531311,Thu Sep 24 2026 16:50:54 GMT-0500 (Central Daylight Time),722324.2000000179,B,hom,I,m,166,2,16694.20000001788,705630.0,8111,WL,C,14.0
6,52.48300004005432,distr,7516.999959945679,Thu Sep 24 2026 16:50:54 GMT-0500 (Central Daylight Time),722473.900000006,B,home,I,e,145,2,16843.90000000596,705630.0,8111,WL,C,14.0
6,52.73300004005432,distr,7266.999959945679,Thu Sep 24 2026 16:50:54 GMT-0500 (Central Daylight Time),722724.0,B,homeenter,I,enter,242,2,17094.0,705630.0,8111,WL,C,14.0
6,58.848000049591064,distr,1151.9999504089355,Thu Sep 24 2026 16:50:54 GMT-0500 (Central Daylight Time),728838.599999994,B,s,I,s,6097,2,6114.199999988079,722724.400000006,8111,WL,C,15.0
6,59.013999938964844,distr,986.0000610351562,Thu Sep 24 2026 16:50:54 GMT-0500 (Central Daylight Time),729005.3000000119,B,sk,I,k,150,2,6280.9000000059605,722724.400000006,8111,WL,C,15.0
6,59.14699983596802,distr,853.0001640319824,Thu Sep 24 2026 16:50:54 GMT-0500 (Central Daylight Time),729138.400000006,B,sky,I,y,119,2,6414.0,722724.400000006,8111,WL,C,15.0
6,60.014999866485596,distr,-14.999866485595703,Thu Sep 24 2026 16:50:54 GMT-0500 (Central Daylight Time),730006.5,B,skyNone,I,None,863,2,7282.0999999940395,722724.400000006,8111,WL,C,15.0
7,2.317000150680542,immed,57682.99984931946,Thu Sep 24 2026 16:50:54 GMT-0500 (Central Daylight Time),744700.7000000179,A,t,I,t,2298,2,2316.300000011921,742384.400000006,8111,WL,C,1.0
7,2.5160000324249268,immed,57483.99996757507,Thu Sep 24 2026 16:50:54 GMT-0500 (Central Daylight Time),744900.3000000119,A,to,I,o,182,2,2515.9000000059605,742384.400000006,8111,WL,C,1.0
7,2.7829999923706055,immed,57217.000007629395,Thu Sep 24 2026 16:50:54 GMT-0500 (Central Daylight Time),745167.099999994,A,tow,I,w,256,2,2782.699999988079,742384.400000006,8111,WL,C,1.0
7,2.9160001277923584,immed,57083.99987220764,Thu Sep 24 2026 16:50:54 GMT-0500 (Central Daylight Time),745300.099999994,A,towe,I,e,125,2,2915.699999988079,742384.400000006,8111,WL,C,1.0
7,3.1500000953674316,immed,56849.99990463257,Thu Sep 24 2026 16:50:54 GMT-0500 (Central Daylight Time),745533.5,A,tower,I,r,216,2,3149.0999999940395,742384.400000006,8111,WL,C,1.0
7,3.884000062942505,immed,56115.999937057495,Thu Sep 24 2026 16:50:54 GMT-0500 (Central Daylight Time),746267.8000000119,A,towerenter,I,enter,719,2,3883.4000000059605,742384.400000006,8111,WL,C,1.0
7,4.166000127792358,immed,55833.99987220764,Thu Sep 24 2026 16:50:54 GMT-0500 (Central Daylight Time),746549.8000000119,A,w,I,w,265,2,281.59999999403954,746268.2000000179,8111,WL,C,2.0
7,4.39900016784668,immed,55600.99983215332,Thu Sep 24 2026 16:50:54 GMT-0500 (Central Daylight Time),746783.2000000179,A,wh,I,h,215,2,515.0,746268.2000000179,8111,WL,C,2.0
7,4.5,immed,55500.0,Thu Sep 24 2026 16:50:54 GMT-0500 (Central Daylight Time),746883.900000006,A,whe,I,e,92,2,615.6999999880791,746268.2000000179,8111,WL,C,2.0
7,5.5320000648498535,immed,54467.99993515015,Thu Sep 24 2026 16:50:54 GMT-0500 (Central Daylight Time),747916.0,A,whea,I,a,1025,2,1647.7999999821186,746268.2000000179,8111,WL,C,2.0
7,5.715000152587891,immed,54284.99984741211,Thu Sep 24 2026 16:50:54 GMT-0500 (Central Daylight Time),748099.5,A,wheat,I,t,168,2,1831.2999999821186,746268.2000000179,8111,WL,C,2.0
7,6.29800009727478,immed,53701.99990272522,Thu Sep 24 2026 16:50:54 GMT-0500 (Central Daylight Time),748682.5,A,wheatenter,I,enter,569,2,2414.2999999821186,746268.2000000179,8111,WL,C,2.0
7,6.432000160217285,immed,53567.999839782715,Thu Sep 24 2026 16:50:54 GMT-0500 (Central Daylight Time),748815.5,A,q,I,q,122,2,132.69999998807907,748682.8000000119,8111,WL,C,3.0
7,6.648000001907349,immed,53351.99999809265,Thu Sep 24 2026 16:50:54 GMT-0500 (Central Daylight Time),749032.3000000119,A,qu,I,u,205,2,349.5,748682.8000000119,8111,WL,C,3.0
7,6.781000137329102,immed,53218.9998626709,Thu Sep 24 2026 16:50:54 GMT-0500 (Central Daylight Time),749165.5,A,que,I,e,124,2,482.69999998807907,748682.8000000119,8111,WL,C,3.0
7,6.983000040054321,immed,53016.99995994568,Thu Sep 24 2026 16:50:54 GMT-0500 (Central Daylight Time),749366.7000000179,A,quee,I,e,191,2,683.9000000059605,748682.8000000119,8111,WL,C,3.0
7,7.197999954223633,immed,52802.00004577637,Thu Sep 24 2026 16:50:54 GMT-0500 (Central Daylight Time),749582.3000000119,A,queen,I,n,206,2,899.5,748682.8000000119,8111,WL,C,3.0
7,7.815000057220459,immed,52184.99994277954,Thu Sep 24 2026 16:50:54 GMT-0500 (Central Daylight Time),750198.7000000179,A,queenenter,I,enter,606,2,1515.9000000059605,748682.8000000119,8111,WL,C,3.0
7,7.980999946594238,immed,52019.00005340576,Thu Sep 24 2026 16:50:54 GMT-0500 (Central Daylight Time),750365.3000000119,A,s,I,s,150,2,166.30000001192093,750199.0,8111,WL,C,4.0
7,8.230999946594238,immed,51769.00005340576,Thu Sep 24 2026 16:50:54 GMT-0500 (Central Daylight Time),750615.3000000119,A,su,I,u,239,2,416.30000001192093,750199.0,8111,WL,C,4.0
7,8.38100004196167,immed,51618.99995803833,Thu Sep 24 2026 16:50:54 GMT-0500 (Central Daylight Time),750765.2000000179,A,sug,I,g,142,2,566.2000000178814,750199.0,8111,WL,C,4.0
7,9.081000089645386,immed,50918.999910354614,Thu Sep 24 2026 16:50:54 GMT-0500 (Central Daylight Time),751464.900000006,A,suga,I,a,679,2,1265.9000000059605,750199.0,8111,WL,C,4.0
7,9.248000144958496,immed,50751.999855041504,Thu Sep 24 2026 16:50:54 GMT-0500 (Central Daylight Time),751631.599999994,A,sugar,I,r,146,2,1432.5999999940395,750199.0,8111,WL,C,4.0
7,10.980000019073486,immed,49019.999980926514,Thu Sep 24 2026 16:50:54 GMT-0500 (Central Daylight Time),753364.400000006,A,sugarenter,I,enter,1726,2,3165.4000000059605,750199.0,8111,WL,C,4.0
7,11.21399998664856,immed,48786.00001335144,Thu Sep 24 2026 16:50:54 GMT-0500 (Central Daylight Time),753597.599999994,A,b,I,b,224,2,232.89999997615814,753364.7000000179,8111,WL,C,5.0
7,11.46399998664856,immed,48536.00001335144,Thu Sep 24 2026 16:50:54 GMT-0500 (Central Daylight Time),753847.5,A,bi,I,i,239,2,482.7999999821186,753364.7000000179,8111,WL,C,5.0
7,11.647000074386597,immed,48352.9999256134,Thu Sep 24 2026 16:50:54 GMT-0500 (Central Daylight Time),754030.900000006,A,biy,I,y,165,2,666.1999999880791,753364.7000000179,8111,WL,C,5.0
7,13.146000146865845,immed,46853.999853134155,Thu Sep 24 2026 16:50:54 GMT-0500 (Central Daylight Time),755530.3000000119,A,bi,I,backspace,1494,2,2165.5999999940395,753364.7000000179,8111,WL,C,5.0
7,13.380000114440918,immed,46619.99988555908,Thu Sep 24 2026 16:50:54 GMT-0500 (Central Daylight Time),755763.599999994,A,b,I,backspace,218,2,2398.899999976158,753364.7000000179,8111,WL,C,5.0
7,14.080000162124634,immed,45919.999837875366,Thu Sep 24 2026 16:50:54 GMT-0500 (Central Daylight Time),756463.7000000179,A,bo,I,o,681,2,3099.0,753364.7000000179,8111,WL,C,5.0
7,15.279000043869019,immed,44720.99995613098,Thu Sep 24 2026 16:50:54 GMT-0500 (Central Daylight Time),757663.099999994,A,boy,I,y,1181,2,4298.399999976158,753364.7000000179,8111,WL,C,5.0
7,15.946000099182129,immed,44053.99990081787,Thu Sep 24 2026 16:50:54 GMT-0500 (Central Daylight Time),758329.599999994,A,boyenter,I,enter,653,2,4964.899999976158,753364.7000000179,8111,WL,C,5.0
7,16.128999948501587,immed,43871.00005149841,Thu Sep 24 2026 16:50:54 GMT-0500 (Central Daylight Time),758512.599999994,A,d,I,d,171,2,182.69999998807907,758329.900000006,8111,WL,C,6.0
7,16.361999988555908,immed,43638.00001144409,Thu Sep 24 2026 16:50:54 GMT-0500 (Central Daylight Time),758745.8000000119,A,do,I,o,229,2,415.90000000596046,758329.900000006,8111,WL,C,6.0
7,16.51200008392334,immed,43487.99991607666,Thu Sep 24 2026 16:50:54 GMT-0500 (Central Daylight Time),758896.099999994,A,doc,I,c,139,2,566.1999999880791,758329.900000006,8111,WL,C,6.0
7,16.729000091552734,immed,43270.999908447266,Thu Sep 24 2026 16:50:54 GMT-0500 (Central Daylight Time),759112.599999994,A,doct,I,t,197,2,782.6999999880791,758329.900000006,8111,WL,C,6.0
7,16.861999988555908,immed,43138.00001144409,Thu Sep 24 2026 16:50:54 GMT-0500 (Central Daylight Time),759245.900000006,A,docto,I,o,116,2,916.0,758329.900000006,8111,WL,C,6.0
7,17.01200008392334,immed,42987.99991607666,Thu Sep 24 2026 16:50:54 GMT-0500 (Central Daylight Time),759395.8000000119,A,doctor,I,r,135,2,1065.9000000059605,758329.900000006,8111,WL,C,6.0
7,17.778000116348267,immed,42221.99988365173,Thu Sep 24 2026 16:50:54 GMT-0500 (Central Daylight Time),760162.3000000119,A,doctorenter,I,enter,753,2,1832.4000000059605,758329.900000006,8111,WL,C,6.0
7,18.111999988555908,immed,41888.00001144409,Thu Sep 24 2026 16:50:54 GMT-0500 (Central Daylight Time),760496.400000006,A,f,I,f,322,2,333.90000000596046,760162.5,8111,WL,C,7.0
7,18.32800006866455,immed,41671.99993133545,Thu Sep 24 2026 16:50:54 GMT-0500 (Central Daylight Time),760712.099999994,A,fl,I,l,204,2,549.5999999940395,760162.5,8111,WL,C,7.0
7,18.42799997329712,immed,41572.00002670288,Thu Sep 24 2026 16:50:54 GMT-0500 (Central Daylight Time),760812.2000000179,A,fla,I,a,84,2,649.7000000178814,760162.5,8111,WL,C,7.0
7,18.627000093460083,immed,41372.99990653992,Thu Sep 24 2026 16:50:54 GMT-0500 (Central Daylight Time),761011.5,A,flag,I,g,191,2,849.0,760162.5,8111,WL,C,7.0
7,19.14400005340576,immed,40855.99994659424,Thu Sep 24 2026 16:50:54 GMT-0500 (Central Daylight Time),761528.0,A,flagenter,I,enter,502,2,1365.5,760162.5,8111,WL,C,7.0
7,19.41100001335144,immed,40588.99998664856,Thu Sep 24 2026 16:50:54 GMT-0500 (Central Daylight Time),761794.8000000119,A,c,I,c,253,2,266.5,761528.3000000119,8111,WL,C,8.0
7,19.511000156402588,immed,40488.99984359741,Thu Sep 24 2026 16:50:54 GMT-0500 (Central Daylight Time),761894.7000000179,A,ca,I,a,82,2,366.40000000596046,761528.3000000119,8111,WL,C,8.0
7,19.710000038146973,immed,40289.99996185303,Thu Sep 24 2026 16:50:54 GMT-0500 (Central Daylight Time),762094.5,A,cam,I,m,188,2,566.1999999880791,761528.3000000119,8111,WL,C,8.0
7,20.044000148773193,immed,39955.99985122681,Thu Sep 24 2026 16:50:54 GMT-0500 (Central Daylight Time),762428.2000000179,A,camp,I,p,326,2,899.9000000059605,761528.3000000119,8111,WL,C,8.0
7,20.594000101089478,immed,39405.99989891052,Thu Sep 24 2026 16:50:54 GMT-0500 (Central Daylight Time),762977.7000000179,A,campenter,I,enter,537,2,1449.4000000059605,761528.3000000119,8111,WL,C,8.0
7,20.927000045776367,immed,39072.99995422363,Thu Sep 24 2026 16:50:54 GMT-0500 (Central Daylight Time),763311.2000000179,A,s,I,s,315,2,333.30000001192093,762977.900000006,8111,WL,C,9.0
7,21.094000101089478,immed,38905.99989891052,Thu Sep 24 2026 16:50:54 GMT-0500 (Central Daylight Time),763477.900000006,A,sh,I,h,149,2,500.0,762977.900000006,8111,WL,C,9.0
7,21.3270001411438,immed,38672.9998588562,Thu Sep 24 2026 16:50:54 GMT-0500 (Central Daylight Time),763711.2000000179,A,sho,I,o,214,2,733.3000000119209,762977.900000006,8111,WL,C,9.0
7,21.47699999809265,immed,38523.00000190735,Thu Sep 24 2026 16:50:54 GMT-0500 (Central Daylight Time),763861.099999994,A,shor,I,r,141,2,883.1999999880791,762977.900000006,8111,WL,C,9.0
7,21.59500002861023,immed,38404.99997138977,Thu Sep 24 2026 16:50:54 GMT-0500 (Central Daylight Time),763978.8000000119,A,shore,I,e,111,2,1000.9000000059605,762977.900000006,8111,WL,C,9.0
7,21.97699999809265,immed,38023.00000190735,Thu Sep 24 2026 16:50:54 GMT-0500 (Central Daylight Time),764360.8000000119,A,shoreenter,I,enter,369,2,1382.9000000059605,762977.900000006,8111,WL,C,9.0
7,22.292999982833862,immed,37707.00001716614,Thu Sep 24 2026 16:50:54 GMT-0500 (Central Daylight Time),764677.400000006,A,b,I,b,300,2,316.30000001192093,764361.099999994,8111,WL,C,10.0
7,22.677000045776367,immed,37322.99995422363,Thu Sep 24 2026 16:50:54 GMT-0500 (Central Daylight Time),765060.7000000179,A,bo,I,o,367,2,699.6000000238419,764361.099999994,8111,WL,C,10.0
7,22.80999994277954,immed,37190.00005722046,Thu Sep 24 2026 16:50:54 GMT-0500 (Central Daylight Time),765193.900000006,A,bod,I,d,120,2,832.8000000119209,764361.099999994,8111,WL,C,10.0
7,23.176000118255615,immed,36823.999881744385,Thu Sep 24 2026 16:50:54 GMT-0500 (Central Daylight Time),765560.400000006,A,body,I,y,346,2,1199.300000011921,764361.099999994,8111,WL,C,10.0
7,23.526999950408936,immed,36473.000049591064,Thu Sep 24 2026 16:50:54 GMT-0500 (Central Daylight Time),765911.2000000179,A,bodyenter,I,enter,332,2,1550.1000000238419,764361.099999994,8111,WL,C,10.0
7,23.644999980926514,immed,36355.000019073486,Thu Sep 24 2026 16:50:54 GMT-0500 (Central Daylight Time),766028.8000000119,A,c,I,c,108,2,117.30000001192093,765911.5,8111,WL,C,11.0
7,23.950999975204468,immed,36049.00002479553,Thu Sep 24 2026 16:50:54 GMT-0500 (Central Daylight Time),766334.7000000179,A,co,I,o,298,2,423.2000000178814,765911.5,8111,WL,C,11.0
7,23.95900011062622,immed,36040.99988937378,Thu Sep 24 2026 16:50:54 GMT-0500 (Central Daylight Time),766343.3000000119,A,cor,I,r,0,2,431.80000001192093,765911.5,8111,WL,C,11.0
7,24.12600016593933,immed,35873.99983406067,Thu Sep 24 2026 16:50:54 GMT-0500 (Central Daylight Time),766510.099999994,A,corn,I,n,157,2,598.5999999940395,765911.5,8111,WL,C,11.0
7,24.743000030517578,immed,35256.99996948242,Thu Sep 24 2026 16:50:54 GMT-0500 (Central Daylight Time),767126.8000000119,A,cornn,I,n,606,2,1215.300000011921,765911.5,8111,WL,C,11.0
7,24.95900011062622,immed,35040.99988937378,Thu Sep 24 2026 16:50:54 GMT-0500 (Central Daylight Time),767343.400000006,A,cornna,I,a,206,2,1431.9000000059605,765911.5,8111,WL,C,11.0
7,25.12600016593933,immed,34873.99983406067,Thu Sep 24 2026 16:50:54 GMT-0500 (Central Daylight Time),767509.8000000119,A,cornnai,I,i,149,2,1598.300000011921,765911.5,8111,WL,C,11.0
7,25.325999975204468,immed,34674.00002479553,Thu Sep 24 2026 16:50:54 GMT-0500 (Central Daylight Time),767710.0,A,cornnail,I,l,183,2,1798.5,765911.5,8111,WL,C,11.0
7,25.70900011062622,immed,34290.99988937378,Thu Sep 24 2026 16:50:54 GMT-0500 (Central Daylight Time),768093.099999994,A,cornnailenter,I,enter,374,2,2181.5999999940395,765911.5,8111,WL,C,11.0
7,26.159000158309937,immed,33840.99984169006,Thu Sep 24 2026 16:50:54 GMT-0500 (Central Daylight Time),768542.900000006,A,l,I,l,432,2,449.5,768093.400000006,8111,WL,C,12.0
7,26.276000022888184,immed,33723.99997711182,Thu Sep 24 2026 16:50:54 GMT-0500 (Central Daylight Time),768659.8000000119,A,le,I,e,102,2,566.4000000059605,768093.400000006,8111,WL,C,12.0
7,26.475000143051147,immed,33524.99985694885,Thu Sep 24 2026 16:50:54 GMT-0500 (Central Daylight Time),768859.5,A,let,I,t,193,2,766.0999999940395,768093.400000006,8111,WL,C,12.0
7,26.625,immed,33375.0,Thu Sep 24 2026 16:50:54 GMT-0500 (Central Daylight Time),769009.400000006,A,lett,I,t,137,2,916.0,768093.400000006,8111,WL,C,12.0
7,26.759000062942505,immed,33240.999937057495,Thu Sep 24 2026 16:50:54 GMT-0500 (Central Daylight Time),769142.599999994,A,lette,I,e,123,2,1049.199999988079,768093.400000006,8111,WL,C,12.0
7,26.842000007629395,immed,33157.999992370605,Thu Sep 24 2026 16:50:54 GMT-0500 (Central Daylight Time),769225.900000006,A,letter,I,r,78,2,1132.5,768093.400000006,8111,WL,C,12.0
7,27.125,immed,32875.0,Thu Sep 24 2026 16:50:54 GMT-0500 (Central Daylight Time),769509.5,A,letterenter,I,enter,267,2,1416.0999999940395,768093.400000006,8111,WL,C,12.0
7,34.706000089645386,immed,25293.999910354614,Thu Sep 24 2026 16:50:54 GMT-0500 (Central Daylight Time),777090.0,A,h,I,h,7575,2,7580.199999988079,769509.8000000119,8111,WL,C,13.0
7,34.92300009727478,immed,25076.99990272522,Thu Sep 24 2026 16:50:54 GMT-0500 (Central Daylight Time),777306.7000000179,A,ho,I,o,210,2,7796.9000000059605,769509.8000000119,8111,WL,C,13.0
7,34.98900008201599,immed,25010.99991798401,Thu Sep 24 2026 16:50:54 GMT-0500 (Central Daylight Time),777373.5,A,hom,I,m,50,2,7863.699999988079,769509.8000000119,8111,WL,C,13.0
7,35.206000089645386,immed,24793.999910354614,Thu Sep 24 2026 16:50:54 GMT-0500 (Central Daylight Time),777590.0,A,home,I,e,207,2,8080.199999988079,769509.8000000119,8111,WL,C,13.0
7,35.9060001373291,immed,24093.9998626709,Thu Sep 24 2026 16:50:54 GMT-0500 (Central Daylight Time),778289.8000000119,A,homeenter,I,enter,680,2,8780.0,769509.8000000119,8111,WL,C,13.0
7,39.48800015449524,immed,20511.99984550476,Thu Sep 24 2026 16:50:54 GMT-0500 (Central Daylight Time),781872.2000000179,A,f,I,f,3563,2,3581.9000000059605,778290.3000000119,8111,WL,C,14.0
7,39.6710000038147,immed,20328.999996185303,Thu Sep 24 2026 16:50:54 GMT-0500 (Central Daylight Time),782055.3000000119,A,fl,I,l,164,2,3765.0,778290.3000000119,8111,WL,C,14.0
7,39.87100005149841,immed,20128.999948501587,Thu Sep 24 2026 16:50:54 GMT-0500 (Central Daylight Time),782255.099999994,A,fla,I,a,190,2,3964.7999999821186,778290.3000000119,8111,WL,C,14.0
7,40.08899998664856,immed,19911.00001335144,Thu Sep 24 2026 16:50:54 GMT-0500 (Central Daylight Time),782472.8000000119,A,flag,I,g,213,2,4182.5,778290.3000000119,8111,WL,C,14.0
7,40.271000146865845,immed,19728.999853134155,Thu Sep 24 2026 16:50:54 GMT-0500 (Central Daylight Time),782655.099999994,A,flagenter,I,enter,172,2,4364.799999982119,778290.3000000119,8111,WL,C,14.0
7,47.151999950408936,immed,12848.000049591064,Thu Sep 24 2026 16:50:54 GMT-0500 (Central Daylight Time),789536.3000000119,A,l,I,l,6863,2,6880.9000000059605,782655.400000006,8111,WL,C,15.0
7,47.44600009918213,immed,12553.999900817871,Thu Sep 24 2026 16:50:54 GMT-0500 (Central Daylight Time),789830.099999994,A,le,I,e,142,2,7174.699999988079,782655.400000006,8111,WL,C,15.0
7,47.4520001411438,immed,12547.999858856201,Thu Sep 24 2026 16:50:54 GMT-0500 (Central Daylight Time),789835.900000006,A,let,I,t,0,2,7180.5,782655.400000006,8111,WL,C,15.0
7,47.58500003814697,immed,12414.999961853027,Thu Sep 24 2026 16:50:54 GMT-0500 (Central Daylight Time),789969.400000006,A,lett,I,t,126,2,7314.0,782655.400000006,8111,WL,C,15.0
7,47.735000133514404,immed,12264.999866485596,Thu Sep 24 2026 16:50:54 GMT-0500 (Central Daylight Time),790119.599999994,A,lette,I,e,140,2,7464.199999988079,782655.400000006,8111,WL,C,15.0
7,47.818000078201294,immed,12181.999921798706,Thu Sep 24 2026 16:50:54 GMT-0500 (Central Daylight Time),790202.5,A,letter,I,r,78,2,7547.0999999940395,782655.400000006,8111,WL,C,15.0
7,47.96900010108948,immed,12030.999898910522,Thu Sep 24 2026 16:50:54 GMT-0500 (Central Daylight Time),790352.900000006,A,letterenter,I,enter,138,2,7697.5,782655.400000006,8111,WL,C,15.0
