block_c,block_dur,condition,countdown,datetime,endtime,list,multichar_response,project,response,response_time,session_number,start_end,starttime,subject_id,task,task_vers,trial
,,,,Wed Sep 23 2026 15:10:16 GMT-0500 (Central Daylight Time),,,,I,space,707,2,,,8130,WL,A,
prac,,0,,Wed Sep 23 2026 15:10:16 GMT-0500 (Central Daylight Time),,NA,b,I,b,2341,2,,,8130,WL,A,1.0
prac,,0,,Wed Sep 23 2026 15:10:16 GMT-0500 (Central Daylight Time),,NA,bo,I,o,179,2,,,8130,WL,A,1.0
prac,,0,,Wed Sep 23 2026 15:10:16 GMT-0500 (Central Daylight Time),,NA,boo,I,o,139,2,,,8130,WL,A,1.0
prac,,0,,Wed Sep 23 2026 15:10:16 GMT-0500 (Central Daylight Time),,NA,boos,I,s,60,2,,,8130,WL,A,1.0
prac,,0,,Wed Sep 23 2026 15:10:16 GMT-0500 (Central Daylight Time),,NA,boost,I,t,178,2,,,8130,WL,A,1.0
prac,,0,,Wed Sep 23 2026 15:10:16 GMT-0500 (Central Daylight Time),,NA,boostenter,I,enter,4322,2,,,8130,WL,A,1.0
1,0.8169999122619629,learn,59183.00008773804,Wed Sep 23 2026 15:10:16 GMT-0500 (Central Daylight Time),380153.09999999404,A,k,I,k,800,2,816.6999999880791,379336.40000000596,8130,WL,A,1.0
1,1.0329999923706055,learn,58967.000007629395,Wed Sep 23 2026 15:10:16 GMT-0500 (Central Daylight Time),380369.1999999881,A,ke,I,e,207,2,1032.7999999821186,379336.40000000596,8130,WL,A,1.0
1,1.2660000324249268,learn,58733.99996757507,Wed Sep 23 2026 15:10:16 GMT-0500 (Central Daylight Time),380602.59999999404,A,key,I,y,215,2,1266.199999988079,379336.40000000596,8130,WL,A,1.0
1,1.6489999294281006,learn,58351.0000705719,Wed Sep 23 2026 15:10:16 GMT-0500 (Central Daylight Time),380985.8000000119,A,keyenter,I,enter,374,2,1649.4000000059605,379336.40000000596,8130,WL,A,1.0
1,1.999000072479248,learn,58000.99992752075,Wed Sep 23 2026 15:10:16 GMT-0500 (Central Daylight Time),381335.8000000119,A,b,I,b,335,2,349.5,380986.3000000119,8130,WL,A,2.0
1,2.1489999294281006,learn,57851.0000705719,Wed Sep 23 2026 15:10:16 GMT-0500 (Central Daylight Time),381485.6999999881,A,bo,I,o,137,2,499.39999997615814,380986.3000000119,8130,WL,A,2.0
1,2.3320000171661377,learn,57667.99998283386,Wed Sep 23 2026 15:10:16 GMT-0500 (Central Daylight Time),381668.6999999881,A,boo,I,o,163,2,682.3999999761581,380986.3000000119,8130,WL,A,2.0
1,2.449000120162964,learn,57550.999879837036,Wed Sep 23 2026 15:10:16 GMT-0500 (Central Daylight Time),381785.5,A,book,I,k,100,2,799.1999999880791,380986.3000000119,8130,WL,A,2.0
1,2.6489999294281006,learn,57351.0000705719,Wed Sep 23 2026 15:10:16 GMT-0500 (Central Daylight Time),381985.59999999404,A,bookenter,I,enter,183,2,999.2999999821186,380986.3000000119,8130,WL,A,2.0
1,2.881999969482422,learn,57118.00003051758,Wed Sep 23 2026 15:10:16 GMT-0500 (Central Daylight Time),382218.59999999404,A,t,I,t,223,2,232.59999999403954,381986.0,8130,WL,A,3.0
1,3.065999984741211,learn,56934.00001525879,Wed Sep 23 2026 15:10:16 GMT-0500 (Central Daylight Time),382402.90000000596,A,tr,I,r,165,2,416.90000000596046,381986.0,8130,WL,A,3.0
1,3.2320001125335693,learn,56767.99988746643,Wed Sep 23 2026 15:10:16 GMT-0500 (Central Daylight Time),382568.59999999404,A,tra,I,a,157,2,582.5999999940395,381986.0,8130,WL,A,3.0
1,3.315000057220459,learn,56684.99994277954,Wed Sep 23 2026 15:10:16 GMT-0500 (Central Daylight Time),382651.6999999881,A,trai,I,i,64,2,665.6999999880791,381986.0,8130,WL,A,3.0
1,3.450000047683716,learn,56549.999952316284,Wed Sep 23 2026 15:10:16 GMT-0500 (Central Daylight Time),382786.40000000596,A,train,I,n,125,2,800.4000000059605,381986.0,8130,WL,A,3.0
1,3.631999969482422,learn,56368.00003051758,Wed Sep 23 2026 15:10:16 GMT-0500 (Central Daylight Time),382968.40000000596,A,trainenter,I,enter,166,2,982.4000000059605,381986.0,8130,WL,A,3.0
1,4.065000057220459,learn,55934.99994277954,Wed Sep 23 2026 15:10:16 GMT-0500 (Central Daylight Time),383401.59999999404,A,h,I,h,424,2,432.69999998807907,382968.90000000596,8130,WL,A,4.0
1,4.148000001907349,learn,55851.99999809265,Wed Sep 23 2026 15:10:16 GMT-0500 (Central Daylight Time),383485.0,A,ha,I,a,71,2,516.0999999940395,382968.90000000596,8130,WL,A,4.0
1,4.348999977111816,learn,55651.00002288818,Wed Sep 23 2026 15:10:16 GMT-0500 (Central Daylight Time),383685.09999999404,A,har,I,r,188,2,716.1999999880791,382968.90000000596,8130,WL,A,4.0
1,4.4649999141693115,learn,55535.00008583069,Wed Sep 23 2026 15:10:16 GMT-0500 (Central Daylight Time),383801.59999999404,A,harp,I,p,100,2,832.6999999880791,382968.90000000596,8130,WL,A,4.0
1,4.697999954223633,learn,55302.00004577637,Wed Sep 23 2026 15:10:16 GMT-0500 (Central Daylight Time),384034.8000000119,A,harpenter,I,enter,223,2,1065.9000000059605,382968.90000000596,8130,WL,A,4.0
1,4.931999921798706,learn,55068.000078201294,Wed Sep 23 2026 15:10:16 GMT-0500 (Central Daylight Time),384268.09999999404,A,m,I,m,214,2,232.7999999821186,384035.3000000119,8130,WL,A,5.0
1,5.0980000495910645,learn,54901.999950408936,Wed Sep 23 2026 15:10:16 GMT-0500 (Central Daylight Time),384434.6999999881,A,me,I,e,157,2,399.39999997615814,384035.3000000119,8130,WL,A,5.0
1,5.247999906539917,learn,54752.00009346008,Wed Sep 23 2026 15:10:16 GMT-0500 (Central Daylight Time),384584.5,A,mea,I,a,143,2,549.1999999880791,384035.3000000119,8130,WL,A,5.0
1,5.447999954223633,learn,54552.00004577637,Wed Sep 23 2026 15:10:16 GMT-0500 (Central Daylight Time),384784.3000000119,A,mead,I,d,184,2,749.0,384035.3000000119,8130,WL,A,5.0
1,5.930999994277954,learn,54069.000005722046,Wed Sep 23 2026 15:10:16 GMT-0500 (Central Daylight Time),385267.90000000596,A,meado,I,o,473,2,1232.5999999940395,384035.3000000119,8130,WL,A,5.0
1,6.081000089645386,learn,53918.999910354614,Wed Sep 23 2026 15:10:16 GMT-0500 (Central Daylight Time),385417.59999999404,A,meadow,I,w,133,2,1382.2999999821186,384035.3000000119,8130,WL,A,5.0
1,6.315000057220459,learn,53684.99994277954,Wed Sep 23 2026 15:10:16 GMT-0500 (Central Daylight Time),385651.09999999404,A,meadowenter,I,enter,215,2,1615.7999999821186,384035.3000000119,8130,WL,A,5.0
1,6.563999891281128,learn,53436.00010871887,Wed Sep 23 2026 15:10:16 GMT-0500 (Central Daylight Time),385900.90000000596,A,s,I,s,235,2,249.30000001192093,385651.59999999404,8130,WL,A,6.0
1,6.730999946594238,learn,53269.00005340576,Wed Sep 23 2026 15:10:16 GMT-0500 (Central Daylight Time),386067.40000000596,A,sa,I,a,148,2,415.80000001192093,385651.59999999404,8130,WL,A,6.0
1,6.8480000495910645,learn,53151.999950408936,Wed Sep 23 2026 15:10:16 GMT-0500 (Central Daylight Time),386184.3000000119,A,sal,I,l,102,2,532.7000000178814,385651.59999999404,8130,WL,A,6.0
1,7.063999891281128,learn,52936.00010871887,Wed Sep 23 2026 15:10:16 GMT-0500 (Central Daylight Time),386400.8000000119,A,salt,I,t,209,2,749.2000000178814,385651.59999999404,8130,WL,A,6.0
1,7.313999891281128,learn,52686.00010871887,Wed Sep 23 2026 15:10:16 GMT-0500 (Central Daylight Time),386650.59999999404,A,saltenter,I,enter,232,2,999.0,385651.59999999404,8130,WL,A,6.0
1,7.996999979019165,learn,52003.000020980835,Wed Sep 23 2026 15:10:16 GMT-0500 (Central Daylight Time),387333.6999999881,A,k,I,k,670,2,682.6999999880791,386651.0,8130,WL,A,7.0
1,8.180999994277954,learn,51819.000005722046,Wed Sep 23 2026 15:10:16 GMT-0500 (Central Daylight Time),387517.8000000119,A,ke,I,e,164,2,866.8000000119209,386651.0,8130,WL,A,7.0
1,8.331000089645386,learn,51668.999910354614,Wed Sep 23 2026 15:10:16 GMT-0500 (Central Daylight Time),387667.90000000596,A,key,I,y,139,2,1016.9000000059605,386651.0,8130,WL,A,7.0
1,8.597000122070312,learn,51402.99987792969,Wed Sep 23 2026 15:10:16 GMT-0500 (Central Daylight Time),387933.5,A,keyenter,I,enter,253,2,1282.5,386651.0,8130,WL,A,7.0
1,8.864000082015991,learn,51135.99991798401,Wed Sep 23 2026 15:10:16 GMT-0500 (Central Daylight Time),388200.09999999404,A,l,I,l,252,2,266.19999998807907,387933.90000000596,8130,WL,A,8.0
1,9.02999997138977,learn,50970.00002861023,Wed Sep 23 2026 15:10:16 GMT-0500 (Central Daylight Time),388366.90000000596,A,lo,I,o,162,2,433.0,387933.90000000596,8130,WL,A,8.0
1,9.246999979019165,learn,50753.000020980835,Wed Sep 23 2026 15:10:16 GMT-0500 (Central Daylight Time),388583.3000000119,A,log,I,g,202,2,649.4000000059605,387933.90000000596,8130,WL,A,8.0
1,9.608999967575073,learn,50391.00003242493,Wed Sep 23 2026 15:10:16 GMT-0500 (Central Daylight Time),388945.1999999881,A,logenter,I,enter,266,2,1011.2999999821186,387933.90000000596,8130,WL,A,8.0
1,9.913000106811523,learn,50086.99989318848,Wed Sep 23 2026 15:10:16 GMT-0500 (Central Daylight Time),389249.8000000119,A,h,I,h,295,2,304.30000001192093,388945.5,8130,WL,A,9.0
1,10.04699993133545,learn,49953.00006866455,Wed Sep 23 2026 15:10:16 GMT-0500 (Central Daylight Time),389383.3000000119,A,ha,I,a,121,2,437.80000001192093,388945.5,8130,WL,A,9.0
1,10.163000106811523,learn,49836.99989318848,Wed Sep 23 2026 15:10:16 GMT-0500 (Central Daylight Time),389500.0,A,har,I,r,98,2,554.5,388945.5,8130,WL,A,9.0
1,10.480000019073486,learn,49519.999980926514,Wed Sep 23 2026 15:10:16 GMT-0500 (Central Daylight Time),389816.09999999404,A,harp,I,p,309,2,870.5999999940395,388945.5,8130,WL,A,9.0
1,10.77999997138977,learn,49220.00002861023,Wed Sep 23 2026 15:10:16 GMT-0500 (Central Daylight Time),390116.1999999881,A,harpenter,I,enter,281,2,1170.699999988079,388945.5,8130,WL,A,9.0
1,12.678999900817871,learn,47321.00009918213,Wed Sep 23 2026 15:10:16 GMT-0500 (Central Daylight Time),392015.5,A,r,I,r,1893,2,1898.9000000059605,390116.59999999404,8130,WL,A,10.0
1,12.86299991607666,learn,47137.00008392334,Wed Sep 23 2026 15:10:16 GMT-0500 (Central Daylight Time),392198.90000000596,A,ra,I,a,170,2,2082.300000011921,390116.59999999404,8130,WL,A,10.0
1,13.079999923706055,learn,46920.000076293945,Wed Sep 23 2026 15:10:16 GMT-0500 (Central Daylight Time),392416.59999999404,A,rat,I,t,210,2,2300.0,390116.59999999404,8130,WL,A,10.0
1,13.211999893188477,learn,46788.00010681152,Wed Sep 23 2026 15:10:16 GMT-0500 (Central Daylight Time),392548.90000000596,A,ratt,I,t,121,2,2432.300000011921,390116.59999999404,8130,WL,A,10.0
1,13.395999908447266,learn,46604.000091552734,Wed Sep 23 2026 15:10:16 GMT-0500 (Central Daylight Time),392732.1999999881,A,rattl,I,l,164,2,2615.5999999940395,390116.59999999404,8130,WL,A,10.0
1,13.529000043869019,learn,46470.99995613098,Wed Sep 23 2026 15:10:16 GMT-0500 (Central Daylight Time),392865.40000000596,A,rattle,I,e,125,2,2748.800000011921,390116.59999999404,8130,WL,A,10.0
1,13.711999893188477,learn,46288.00010681152,Wed Sep 23 2026 15:10:16 GMT-0500 (Central Daylight Time),393048.59999999404,A,rattleenter,I,enter,177,2,2932.0,390116.59999999404,8130,WL,A,10.0
1,23.075999975204468,learn,36924.00002479553,Wed Sep 23 2026 15:10:16 GMT-0500 (Central Daylight Time),402412.40000000596,A,f,I,f,9354,2,9363.40000000596,393049.0,8130,WL,A,11.0
1,23.20900011062622,learn,36790.99988937378,Wed Sep 23 2026 15:10:16 GMT-0500 (Central Daylight Time),402545.6999999881,A,fi,I,i,117,2,9496.699999988079,393049.0,8130,WL,A,11.0
1,23.342000007629395,learn,36657.999992370605,Wed Sep 23 2026 15:10:16 GMT-0500 (Central Daylight Time),402678.8000000119,A,fin,I,n,128,2,9629.800000011921,393049.0,8130,WL,A,11.0
1,23.426000118255615,learn,36573.999881744385,Wed Sep 23 2026 15:10:16 GMT-0500 (Central Daylight Time),402762.1999999881,A,fing,I,g,76,2,9713.199999988079,393049.0,8130,WL,A,11.0
1,23.55900001525879,learn,36440.99998474121,Wed Sep 23 2026 15:10:16 GMT-0500 (Central Daylight Time),402895.40000000596,A,finge,I,e,127,2,9846.40000000596,393049.0,8130,WL,A,11.0
1,23.64199995994568,learn,36358.00004005432,Wed Sep 23 2026 15:10:16 GMT-0500 (Central Daylight Time),402978.90000000596,A,finger,I,r,73,2,9929.90000000596,393049.0,8130,WL,A,11.0
1,23.825999975204468,learn,36174.00002479553,Wed Sep 23 2026 15:10:16 GMT-0500 (Central Daylight Time),403162.3000000119,A,fingerenter,I,enter,167,2,10113.300000011921,393049.0,8130,WL,A,11.0
1,35.57200002670288,learn,24427.99997329712,Wed Sep 23 2026 15:10:16 GMT-0500 (Central Daylight Time),414908.5,A,b,I,b,11727,2,11745.800000011921,403162.6999999881,8130,WL,A,12.0
1,35.73900008201599,learn,24260.99991798401,Wed Sep 23 2026 15:10:16 GMT-0500 (Central Daylight Time),415075.1999999881,A,bo,I,o,156,2,11912.5,403162.6999999881,8130,WL,A,12.0
1,35.888999938964844,learn,24111.000061035156,Wed Sep 23 2026 15:10:16 GMT-0500 (Central Daylight Time),415225.3000000119,A,boo,I,o,134,2,12062.600000023842,403162.6999999881,8130,WL,A,12.0
1,36.03800010681152,learn,23961.999893188477,Wed Sep 23 2026 15:10:16 GMT-0500 (Central Daylight Time),415374.8000000119,A,boos,I,s,144,2,12212.100000023842,403162.6999999881,8130,WL,A,12.0
1,36.204999923706055,learn,23795.000076293945,Wed Sep 23 2026 15:10:16 GMT-0500 (Central Daylight Time),415541.6999999881,A,boost,I,t,154,2,12379.0,403162.6999999881,8130,WL,A,12.0
1,36.40499997138977,learn,23595.00002861023,Wed Sep 23 2026 15:10:16 GMT-0500 (Central Daylight Time),415741.8000000119,A,boostenter,I,enter,179,2,12579.100000023842,403162.6999999881,8130,WL,A,12.0
1,40.520999908447266,learn,19479.000091552734,Wed Sep 23 2026 15:10:16 GMT-0500 (Central Daylight Time),419857.0,A,b,I,b,4099,2,4114.800000011921,415742.1999999881,8130,WL,A,13.0
1,40.687000036239624,learn,19312.999963760376,Wed Sep 23 2026 15:10:16 GMT-0500 (Central Daylight Time),420023.40000000596,A,bo,I,o,153,2,4281.200000017881,415742.1999999881,8130,WL,A,13.0
1,40.83699989318848,learn,19163.000106811523,Wed Sep 23 2026 15:10:16 GMT-0500 (Central Daylight Time),420173.59999999404,A,boo,I,o,138,2,4431.4000000059605,415742.1999999881,8130,WL,A,13.0
1,40.9539999961853,learn,19046.000003814697,Wed Sep 23 2026 15:10:16 GMT-0500 (Central Daylight Time),420290.09999999404,A,book,I,k,107,2,4547.9000000059605,415742.1999999881,8130,WL,A,13.0
1,41.253000020980835,learn,18746.999979019165,Wed Sep 23 2026 15:10:16 GMT-0500 (Central Daylight Time),420590.0,A,bookenter,I,enter,287,2,4847.800000011921,415742.1999999881,8130,WL,A,13.0
1,53.01699995994568,learn,6983.000040054321,Wed Sep 23 2026 15:10:16 GMT-0500 (Central Daylight Time),432353.09999999404,A,enter,I,enter,11755,2,11762.799999982119,420590.3000000119,8130,WL,A,14.0
1,53.549999952316284,learn,6450.000047683716,Wed Sep 23 2026 15:10:16 GMT-0500 (Central Daylight Time),432886.3000000119,A,enter,I,enter,520,2,532.9000000059605,432353.40000000596,8130,WL,A,15.0
2,0.5989999771118164,learn,59401.00002288818,Wed Sep 23 2026 15:10:16 GMT-0500 (Central Daylight Time),521391.6999999881,A,g,I,g,585,2,598.2999999821186,520793.40000000596,8130,WL,A,1.0
2,0.7159998416900635,learn,59284.00015830994,Wed Sep 23 2026 15:10:16 GMT-0500 (Central Daylight Time),521508.40000000596,A,go,I,o,105,2,715.0,520793.40000000596,8130,WL,A,1.0
2,0.9149999618530273,learn,59085.00003814697,Wed Sep 23 2026 15:10:16 GMT-0500 (Central Daylight Time),521708.1999999881,A,gol,I,l,181,2,914.7999999821186,520793.40000000596,8130,WL,A,1.0
2,1.1489999294281006,learn,58851.0000705719,Wed Sep 23 2026 15:10:16 GMT-0500 (Central Daylight Time),521941.5,A,gold,I,d,212,2,1148.0999999940395,520793.40000000596,8130,WL,A,1.0
2,2.197999954223633,learn,57802.00004577637,Wed Sep 23 2026 15:10:16 GMT-0500 (Central Daylight Time),522991.09999999404,A,goldenter,I,enter,1036,2,2197.699999988079,520793.40000000596,8130,WL,A,1.0
2,2.865000009536743,learn,57134.99999046326,Wed Sep 23 2026 15:10:16 GMT-0500 (Central Daylight Time),523657.59999999404,A,b,I,b,650,2,666.0999999940395,522991.5,8130,WL,A,2.0
2,2.9819998741149902,learn,57018.00012588501,Wed Sep 23 2026 15:10:16 GMT-0500 (Central Daylight Time),523774.3000000119,A,bo,I,o,96,2,782.8000000119209,522991.5,8130,WL,A,2.0
2,3.1649999618530273,learn,56835.00003814697,Wed Sep 23 2026 15:10:16 GMT-0500 (Central Daylight Time),523957.6999999881,A,boo,I,o,171,2,966.1999999880791,522991.5,8130,WL,A,2.0
2,3.297999858856201,learn,56702.0001411438,Wed Sep 23 2026 15:10:16 GMT-0500 (Central Daylight Time),524090.6999999881,A,book,I,k,123,2,1099.199999988079,522991.5,8130,WL,A,2.0
2,3.5809998512268066,learn,56419.00014877319,Wed Sep 23 2026 15:10:16 GMT-0500 (Central Daylight Time),524373.900000006,A,bookenter,I,enter,279,2,1382.4000000059605,522991.5,8130,WL,A,2.0
2,3.930999994277954,learn,56069.000005722046,Wed Sep 23 2026 15:10:16 GMT-0500 (Central Daylight Time),524724.0,A,t,I,t,340,2,349.90000000596046,524374.099999994,8130,WL,A,3.0
2,4.130999803543091,learn,55869.00019645691,Wed Sep 23 2026 15:10:16 GMT-0500 (Central Daylight Time),524923.8000000119,A,tr,I,r,189,2,549.7000000178814,524374.099999994,8130,WL,A,3.0
2,4.297999858856201,learn,55702.0001411438,Wed Sep 23 2026 15:10:16 GMT-0500 (Central Daylight Time),525090.599999994,A,tra,I,a,158,2,716.5,524374.099999994,8130,WL,A,3.0
2,4.398000001907349,learn,55601.99999809265,Wed Sep 23 2026 15:10:16 GMT-0500 (Central Daylight Time),525190.6999999881,A,trai,I,i,87,2,816.5999999940395,524374.099999994,8130,WL,A,3.0
2,4.580999851226807,learn,55419.00014877319,Wed Sep 23 2026 15:10:16 GMT-0500 (Central Daylight Time),525373.6999999881,A,train,I,n,171,2,999.5999999940395,524374.099999994,8130,WL,A,3.0
2,4.830999851226807,learn,55169.00014877319,Wed Sep 23 2026 15:10:16 GMT-0500 (Central Daylight Time),525623.5,A,trainenter,I,enter,236,2,1249.4000000059605,524374.099999994,8130,WL,A,3.0
2,5.96399998664856,learn,54036.00001335144,Wed Sep 23 2026 15:10:16 GMT-0500 (Central Daylight Time),526756.6999999881,A,f,I,f,1113,2,1132.8999999761581,525623.8000000119,8130,WL,A,4.0
2,6.113999843597412,learn,53886.00015640259,Wed Sep 23 2026 15:10:16 GMT-0500 (Central Daylight Time),526906.599999994,A,fl,I,l,140,2,1282.7999999821186,525623.8000000119,8130,WL,A,4.0
2,6.297999858856201,learn,53702.0001411438,Wed Sep 23 2026 15:10:16 GMT-0500 (Central Daylight Time),527091.099999994,A,flo,I,o,167,2,1467.2999999821186,525623.8000000119,8130,WL,A,4.0
2,6.414000034332275,learn,53585.999965667725,Wed Sep 23 2026 15:10:16 GMT-0500 (Central Daylight Time),527206.599999994,A,flow,I,w,102,2,1582.7999999821186,525623.8000000119,8130,WL,A,4.0
2,6.5299999713897705,learn,53470.00002861023,Wed Sep 23 2026 15:10:16 GMT-0500 (Central Daylight Time),527323.1999999881,A,flowe,I,e,99,2,1699.3999999761581,525623.8000000119,8130,WL,A,4.0
2,6.646999835968018,learn,53353.00016403198,Wed Sep 23 2026 15:10:16 GMT-0500 (Central Daylight Time),527440.0,A,flower,I,r,102,2,1816.199999988079,525623.8000000119,8130,WL,A,4.0
2,7.179999828338623,learn,52820.00017166138,Wed Sep 23 2026 15:10:16 GMT-0500 (Central Daylight Time),527973.099999994,A,flowerenter,I,enter,522,2,2349.2999999821186,525623.8000000119,8130,WL,A,4.0
2,8.02999997138977,learn,51970.00002861023,Wed Sep 23 2026 15:10:16 GMT-0500 (Central Daylight Time),528822.8000000119,A,r,I,r,830,2,849.3000000119209,527973.5,8130,WL,A,5.0
2,8.179999828338623,learn,51820.00017166138,Wed Sep 23 2026 15:10:16 GMT-0500 (Central Daylight Time),528972.8000000119,A,ru,I,u,139,2,999.3000000119209,527973.5,8130,WL,A,5.0
2,8.36299991607666,learn,51637.00008392334,Wed Sep 23 2026 15:10:16 GMT-0500 (Central Daylight Time),529156.099999994,A,rug,I,g,173,2,1182.5999999940395,527973.5,8130,WL,A,5.0
2,8.629999876022339,learn,51370.00012397766,Wed Sep 23 2026 15:10:16 GMT-0500 (Central Daylight Time),529422.5,A,rugenter,I,enter,253,2,1449.0,527973.5,8130,WL,A,5.0
2,9.569999933242798,learn,50430.0000667572,Wed Sep 23 2026 15:10:16 GMT-0500 (Central Daylight Time),530363.1999999881,A,m,I,m,833,2,940.3999999761581,529422.8000000119,8130,WL,A,6.0
2,9.717999935150146,learn,50282.00006484985,Wed Sep 23 2026 15:10:16 GMT-0500 (Central Daylight Time),530511.099999994,A,me,I,e,143,2,1088.2999999821186,529422.8000000119,8130,WL,A,6.0
2,9.76199984550476,learn,50238.00015449524,Wed Sep 23 2026 15:10:16 GMT-0500 (Central Daylight Time),530555.099999994,A,mea,I,a,28,2,1132.2999999821186,529422.8000000119,8130,WL,A,6.0
2,9.912999868392944,learn,50087.000131607056,Wed Sep 23 2026 15:10:16 GMT-0500 (Central Daylight Time),530705.5,A,mead,I,d,142,2,1282.699999988079,529422.8000000119,8130,WL,A,6.0
2,10.145999908447266,learn,49854.000091552734,Wed Sep 23 2026 15:10:16 GMT-0500 (Central Daylight Time),530938.8000000119,A,meado,I,o,224,2,1516.0,529422.8000000119,8130,WL,A,6.0
2,10.411999940872192,learn,49588.00005912781,Wed Sep 23 2026 15:10:16 GMT-0500 (Central Daylight Time),531205.099999994,A,meadow,I,w,246,2,1782.2999999821186,529422.8000000119,8130,WL,A,6.0
2,10.595999956130981,learn,49404.00004386902,Wed Sep 23 2026 15:10:16 GMT-0500 (Central Daylight Time),531388.6999999881,A,meadowenter,I,enter,172,2,1965.8999999761581,529422.8000000119,8130,WL,A,6.0
2,10.961999893188477,learn,49038.00010681152,Wed Sep 23 2026 15:10:16 GMT-0500 (Central Daylight Time),531755.0,A,h,I,h,349,2,366.0,531389.0,8130,WL,A,7.0
2,11.095999956130981,learn,48904.00004386902,Wed Sep 23 2026 15:10:16 GMT-0500 (Central Daylight Time),531888.400000006,A,ha,I,a,126,2,499.40000000596046,531389.0,8130,WL,A,7.0
2,11.263000011444092,learn,48736.99998855591,Wed Sep 23 2026 15:10:16 GMT-0500 (Central Daylight Time),532056.099999994,A,hap,I,p,161,2,667.0999999940395,531389.0,8130,WL,A,7.0
2,11.411999940872192,learn,48588.00005912781,Wed Sep 23 2026 15:10:16 GMT-0500 (Central Daylight Time),532205.099999994,A,hapr,I,r,129,2,816.0999999940395,531389.0,8130,WL,A,7.0
2,11.562000036239624,learn,48437.999963760376,Wed Sep 23 2026 15:10:16 GMT-0500 (Central Daylight Time),532354.900000006,A,haprenter,I,enter,133,2,965.9000000059605,531389.0,8130,WL,A,7.0
2,11.861999988555908,learn,48138.00001144409,Wed Sep 23 2026 15:10:16 GMT-0500 (Central Daylight Time),532654.900000006,A,c,I,c,286,2,299.7000000178814,532355.1999999881,8130,WL,A,8.0
2,11.994999885559082,learn,48005.00011444092,Wed Sep 23 2026 15:10:16 GMT-0500 (Central Daylight Time),532787.900000006,A,ch,I,h,123,2,432.7000000178814,532355.1999999881,8130,WL,A,8.0
2,12.194999933242798,learn,47805.0000667572,Wed Sep 23 2026 15:10:16 GMT-0500 (Central Daylight Time),532987.900000006,A,chi,I,i,182,2,632.7000000178814,532355.1999999881,8130,WL,A,8.0
2,12.361999988555908,learn,47638.00001144409,Wed Sep 23 2026 15:10:16 GMT-0500 (Central Daylight Time),533154.8000000119,A,chim,I,m,150,2,799.6000000238419,532355.1999999881,8130,WL,A,8.0
2,12.878000020980835,learn,47121.999979019165,Wed Sep 23 2026 15:10:16 GMT-0500 (Central Daylight Time),533670.900000006,A,chimn,I,n,495,2,1315.7000000178814,532355.1999999881,8130,WL,A,8.0
2,13.110999822616577,learn,46889.00017738342,Wed Sep 23 2026 15:10:16 GMT-0500 (Central Daylight Time),533904.099999994,A,chimne,I,e,226,2,1548.9000000059605,532355.1999999881,8130,WL,A,8.0
2,13.210999965667725,learn,46789.000034332275,Wed Sep 23 2026 15:10:16 GMT-0500 (Central Daylight Time),534004.1999999881,A,chimney,I,y,90,2,1649.0,532355.1999999881,8130,WL,A,8.0
2,13.611999988555908,learn,46388.00001144409,Wed Sep 23 2026 15:10:16 GMT-0500 (Central Daylight Time),534404.5,A,chimneyenter,I,enter,389,2,2049.300000011921,532355.1999999881,8130,WL,A,8.0
2,15.27899980545044,learn,44721.00019454956,Wed Sep 23 2026 15:10:16 GMT-0500 (Central Daylight Time),536071.3000000119,A,g,I,g,1645,2,1666.5,534404.8000000119,8130,WL,A,9.0
2,15.379999876022339,learn,44620.00012397766,Wed Sep 23 2026 15:10:16 GMT-0500 (Central Daylight Time),536172.6999999881,A,go,I,o,90,2,1767.8999999761581,534404.8000000119,8130,WL,A,9.0
2,15.543999910354614,learn,44456.000089645386,Wed Sep 23 2026 15:10:16 GMT-0500 (Central Daylight Time),536337.0,A,gol,I,l,157,2,1932.199999988079,534404.8000000119,8130,WL,A,9.0
2,15.694999933242798,learn,44305.0000667572,Wed Sep 23 2026 15:10:16 GMT-0500 (Central Daylight Time),536488.0,A,gold,I,d,144,2,2083.199999988079,534404.8000000119,8130,WL,A,9.0
2,15.860999822616577,learn,44139.00017738342,Wed Sep 23 2026 15:10:16 GMT-0500 (Central Daylight Time),536653.5,A,goldenter,I,enter,145,2,2248.699999988079,534404.8000000119,8130,WL,A,9.0
2,17.444000005722046,learn,42555.999994277954,Wed Sep 23 2026 15:10:16 GMT-0500 (Central Daylight Time),538236.3000000119,A,l,I,l,1564,2,1582.6000000238419,536653.6999999881,8130,WL,A,10.0
2,17.643999814987183,learn,42356.00018501282,Wed Sep 23 2026 15:10:16 GMT-0500 (Central Daylight Time),538436.599999994,A,lo,I,o,181,2,1782.9000000059605,536653.6999999881,8130,WL,A,10.0
2,17.759999990463257,learn,42240.00000953674,Wed Sep 23 2026 15:10:16 GMT-0500 (Central Daylight Time),538553.0,A,log,I,g,100,2,1899.300000011921,536653.6999999881,8130,WL,A,10.0
2,17.90999984741211,learn,42090.00015258789,Wed Sep 23 2026 15:10:16 GMT-0500 (Central Daylight Time),538702.8000000119,A,logenter,I,enter,137,2,2049.100000023842,536653.6999999881,8130,WL,A,10.0
2,18.15999984741211,learn,41840.00015258789,Wed Sep 23 2026 15:10:16 GMT-0500 (Central Daylight Time),538952.6999999881,A,k,I,k,242,2,249.39999997615814,538703.3000000119,8130,WL,A,11.0
2,18.30999994277954,learn,41690.00005722046,Wed Sep 23 2026 15:10:16 GMT-0500 (Central Daylight Time),539102.599999994,A,ke,I,e,145,2,399.2999999821186,538703.3000000119,8130,WL,A,11.0
2,18.442999839782715,learn,41557.000160217285,Wed Sep 23 2026 15:10:16 GMT-0500 (Central Daylight Time),539236.1999999881,A,key,I,y,123,2,532.8999999761581,538703.3000000119,8130,WL,A,11.0
2,18.825999975204468,learn,41174.00002479553,Wed Sep 23 2026 15:10:16 GMT-0500 (Central Daylight Time),539619.1999999881,A,keyenter,I,enter,373,2,915.8999999761581,538703.3000000119,8130,WL,A,11.0
2,23.507999897003174,learn,36492.000102996826,Wed Sep 23 2026 15:10:16 GMT-0500 (Central Daylight Time),544301.0,A,r,I,r,4662,2,4681.5,539619.5,8130,WL,A,12.0
2,23.94099998474121,learn,36059.00001525879,Wed Sep 23 2026 15:10:16 GMT-0500 (Central Daylight Time),544734.3000000119,A,,I,backspace,420,2,5114.800000011921,539619.5,8130,WL,A,12.0
2,24.107999801635742,learn,35892.00019836426,Wed Sep 23 2026 15:10:16 GMT-0500 (Central Daylight Time),544900.8000000119,A,f,I,f,155,2,5281.300000011921,539619.5,8130,WL,A,12.0
2,24.20799994468689,learn,35792.00005531311,Wed Sep 23 2026 15:10:16 GMT-0500 (Central Daylight Time),545000.900000006,A,fi,I,i,93,2,5381.4000000059605,539619.5,8130,WL,A,12.0
2,24.357999801635742,learn,35642.00019836426,Wed Sep 23 2026 15:10:16 GMT-0500 (Central Daylight Time),545150.8000000119,A,fin,I,n,144,2,5531.300000011921,539619.5,8130,WL,A,12.0
2,24.490999937057495,learn,35509.000062942505,Wed Sep 23 2026 15:10:16 GMT-0500 (Central Daylight Time),545284.1999999881,A,fing,I,g,115,2,5664.699999988079,539619.5,8130,WL,A,12.0
2,24.641000032424927,learn,35358.99996757507,Wed Sep 23 2026 15:10:16 GMT-0500 (Central Daylight Time),545434.0,A,finge,I,e,141,2,5814.5,539619.5,8130,WL,A,12.0
2,24.757999897003174,learn,35242.000102996826,Wed Sep 23 2026 15:10:16 GMT-0500 (Central Daylight Time),545550.400000006,A,finger,I,r,111,2,5930.9000000059605,539619.5,8130,WL,A,12.0
2,24.875,learn,35125.0,Wed Sep 23 2026 15:10:16 GMT-0500 (Central Daylight Time),545667.3000000119,A,fingerenter,I,enter,107,2,6047.800000011921,539619.5,8130,WL,A,12.0
2,25.274999856948853,learn,34725.00014305115,Wed Sep 23 2026 15:10:16 GMT-0500 (Central Daylight Time),546067.3000000119,A,b,I,b,390,2,399.60000002384186,545667.6999999881,8130,WL,A,13.0
2,25.358999967575073,learn,34641.00003242493,Wed Sep 23 2026 15:10:16 GMT-0500 (Central Daylight Time),546151.400000006,A,bu,I,u,70,2,483.7000000178814,545667.6999999881,8130,WL,A,13.0
2,25.54199981689453,learn,34458.00018310547,Wed Sep 23 2026 15:10:16 GMT-0500 (Central Daylight Time),546334.900000006,A,but,I,t,170,2,667.2000000178814,545667.6999999881,8130,WL,A,13.0
2,25.69099998474121,learn,34309.00001525879,Wed Sep 23 2026 15:10:16 GMT-0500 (Central Daylight Time),546483.8000000119,A,butt,I,t,139,2,816.1000000238419,545667.6999999881,8130,WL,A,13.0
2,25.806999921798706,learn,34193.000078201294,Wed Sep 23 2026 15:10:16 GMT-0500 (Central Daylight Time),546600.099999994,A,butto,I,o,109,2,932.4000000059605,545667.6999999881,8130,WL,A,13.0
2,25.94099998474121,learn,34059.00001525879,Wed Sep 23 2026 15:10:16 GMT-0500 (Central Daylight Time),546733.900000006,A,button,I,n,113,2,1066.2000000178814,545667.6999999881,8130,WL,A,13.0
2,26.12399983406067,learn,33876.00016593933,Wed Sep 23 2026 15:10:16 GMT-0500 (Central Daylight Time),546916.900000006,A,buttonenter,I,enter,172,2,1249.2000000178814,545667.6999999881,8130,WL,A,13.0
2,35.603999853134155,learn,24396.000146865845,Wed Sep 23 2026 15:10:16 GMT-0500 (Central Daylight Time),556397.1999999881,A,a,I,a,9461,2,9479.899999976158,546917.3000000119,8130,WL,A,14.0
2,35.770999908447266,learn,24229.000091552734,Wed Sep 23 2026 15:10:16 GMT-0500 (Central Daylight Time),556563.8000000119,A,ap,I,p,155,2,9646.5,546917.3000000119,8130,WL,A,14.0
2,35.937000036239624,learn,24062.999963760376,Wed Sep 23 2026 15:10:16 GMT-0500 (Central Daylight Time),556730.400000006,A,app,I,p,150,2,9813.09999999404,546917.3000000119,8130,WL,A,14.0
2,36.121999979019165,learn,23878.000020980835,Wed Sep 23 2026 15:10:16 GMT-0500 (Central Daylight Time),556915.0,A,appl,I,l,175,2,9997.699999988079,546917.3000000119,8130,WL,A,14.0
2,36.75399994850159,learn,23246.000051498413,Wed Sep 23 2026 15:10:16 GMT-0500 (Central Daylight Time),557546.6999999881,A,applenter,I,enter,613,2,10629.399999976158,546917.3000000119,8130,WL,A,14.0
2,60.013999938964844,learn,-13.99993896484375,Wed Sep 23 2026 15:10:16 GMT-0500 (Central Daylight Time),580806.599999994,A,None,I,None,23255,2,23259.5,557547.099999994,8130,WL,A,15.0
3,0.4499998092651367,learn,59550.00019073486,Wed Sep 23 2026 15:10:16 GMT-0500 (Central Daylight Time),645619.3000000119,A,b,I,b,441,2,449.60000002384186,645169.6999999881,8130,WL,A,1.0
3,0.75,learn,59250.0,Wed Sep 23 2026 15:10:16 GMT-0500 (Central Daylight Time),645919.0,A,bo,I,o,293,2,749.3000000119209,645169.6999999881,8130,WL,A,1.0
3,0.9679999351501465,learn,59032.00006484985,Wed Sep 23 2026 15:10:16 GMT-0500 (Central Daylight Time),646136.8000000119,A,boo,I,o,202,2,967.1000000238419,645169.6999999881,8130,WL,A,1.0
3,1.3829998970031738,learn,58617.000102996826,Wed Sep 23 2026 15:10:16 GMT-0500 (Central Daylight Time),646552.099999994,A,book,I,k,400,2,1382.4000000059605,645169.6999999881,8130,WL,A,1.0
3,1.9829998016357422,learn,58017.00019836426,Wed Sep 23 2026 15:10:16 GMT-0500 (Central Daylight Time),647152.099999994,A,bookenter,I,enter,593,2,1982.4000000059605,645169.6999999881,8130,WL,A,1.0
3,2.9159998893737793,learn,57084.00011062622,Wed Sep 23 2026 15:10:16 GMT-0500 (Central Daylight Time),648085.400000006,A,t,I,t,912,2,933.0,647152.400000006,8130,WL,A,2.0
3,3.2699999809265137,learn,56730.000019073486,Wed Sep 23 2026 15:10:16 GMT-0500 (Central Daylight Time),648438.900000006,A,tr,I,r,349,2,1286.5,647152.400000006,8130,WL,A,2.0
3,3.3329999446868896,learn,56667.00005531311,Wed Sep 23 2026 15:10:16 GMT-0500 (Central Daylight Time),648501.6999999881,A,tra,I,a,41,2,1349.2999999821186,647152.400000006,8130,WL,A,2.0
3,3.434000015258789,learn,56565.99998474121,Wed Sep 23 2026 15:10:16 GMT-0500 (Central Daylight Time),648602.8000000119,A,trai,I,i,91,2,1450.4000000059605,647152.400000006,8130,WL,A,2.0
3,3.6669998168945312,learn,56333.00018310547,Wed Sep 23 2026 15:10:16 GMT-0500 (Central Daylight Time),648836.1999999881,A,train,I,n,222,2,1683.7999999821186,647152.400000006,8130,WL,A,2.0
3,4.148999929428101,learn,55851.0000705719,Wed Sep 23 2026 15:10:16 GMT-0500 (Central Daylight Time),649318.400000006,A,trainenter,I,enter,470,2,2166.0,647152.400000006,8130,WL,A,2.0
3,5.098999977111816,learn,54901.00002288818,Wed Sep 23 2026 15:10:16 GMT-0500 (Central Daylight Time),650267.900000006,A,m,I,m,939,2,949.2000000178814,649318.6999999881,8130,WL,A,3.0
3,5.631999969482422,learn,54368.00003051758,Wed Sep 23 2026 15:10:16 GMT-0500 (Central Daylight Time),650800.900000006,A,me,I,e,517,2,1482.2000000178814,649318.6999999881,8130,WL,A,3.0
3,5.81499981880188,learn,54185.00018119812,Wed Sep 23 2026 15:10:16 GMT-0500 (Central Daylight Time),650984.1999999881,A,mea,I,a,177,2,1665.5,649318.6999999881,8130,WL,A,3.0
3,6.014999866485596,learn,53985.000133514404,Wed Sep 23 2026 15:10:16 GMT-0500 (Central Daylight Time),651184.3000000119,A,mead,I,d,193,2,1865.6000000238419,649318.6999999881,8130,WL,A,3.0
3,6.197999954223633,learn,53802.00004577637,Wed Sep 23 2026 15:10:16 GMT-0500 (Central Daylight Time),651367.1999999881,A,meado,I,o,178,2,2048.5,649318.6999999881,8130,WL,A,3.0
3,6.48199987411499,learn,53518.00012588501,Wed Sep 23 2026 15:10:16 GMT-0500 (Central Daylight Time),651650.8000000119,A,meadow,I,w,275,2,2332.100000023842,649318.6999999881,8130,WL,A,3.0
3,7.0309998989105225,learn,52969.00010108948,Wed Sep 23 2026 15:10:16 GMT-0500 (Central Daylight Time),652200.599999994,A,meadowenter,I,enter,534,2,2881.9000000059605,649318.6999999881,8130,WL,A,3.0
3,7.997999906539917,learn,52002.00009346008,Wed Sep 23 2026 15:10:16 GMT-0500 (Central Daylight Time),653167.0,A,r,I,r,953,2,966.0999999940395,652200.900000006,8130,WL,A,4.0
3,8.164999961853027,learn,51835.00003814697,Wed Sep 23 2026 15:10:16 GMT-0500 (Central Daylight Time),653333.599999994,A,ru,I,u,145,2,1132.699999988079,652200.900000006,8130,WL,A,4.0
3,8.38099980354309,learn,51619.00019645691,Wed Sep 23 2026 15:10:16 GMT-0500 (Central Daylight Time),653550.1999999881,A,rug,I,g,196,2,1349.2999999821186,652200.900000006,8130,WL,A,4.0
3,8.547999858856201,learn,51452.0001411438,Wed Sep 23 2026 15:10:16 GMT-0500 (Central Daylight Time),653716.8000000119,A,rugenter,I,enter,155,2,1515.9000000059605,652200.900000006,8130,WL,A,4.0
3,9.197999954223633,learn,50802.00004577637,Wed Sep 23 2026 15:10:16 GMT-0500 (Central Daylight Time),654366.6999999881,A,h,I,h,637,2,649.5999999940395,653717.099999994,8130,WL,A,5.0
3,9.396999835968018,learn,50603.00016403198,Wed Sep 23 2026 15:10:16 GMT-0500 (Central Daylight Time),654566.400000006,A,ha,I,a,186,2,849.3000000119209,653717.099999994,8130,WL,A,5.0
3,9.646999835968018,learn,50353.00016403198,Wed Sep 23 2026 15:10:16 GMT-0500 (Central Daylight Time),654816.599999994,A,har,I,r,235,2,1099.5,653717.099999994,8130,WL,A,5.0
3,9.96399998664856,learn,50036.00001335144,Wed Sep 23 2026 15:10:16 GMT-0500 (Central Daylight Time),655132.900000006,A,harp,I,p,297,2,1415.800000011921,653717.099999994,8130,WL,A,5.0
3,11.079999923706055,learn,48920.000076293945,Wed Sep 23 2026 15:10:16 GMT-0500 (Central Daylight Time),656249.400000006,A,harpenter,I,enter,1100,2,2532.300000011921,653717.099999994,8130,WL,A,5.0
3,11.480000019073486,learn,48519.999980926514,Wed Sep 23 2026 15:10:16 GMT-0500 (Central Daylight Time),656649.3000000119,A,s,I,s,392,2,399.60000002384186,656249.6999999881,8130,WL,A,6.0
3,11.679999828338623,learn,48320.00017166138,Wed Sep 23 2026 15:10:16 GMT-0500 (Central Daylight Time),656849.1999999881,A,sa,I,a,184,2,599.5,656249.6999999881,8130,WL,A,6.0
3,11.863999843597412,learn,48136.00015640259,Wed Sep 23 2026 15:10:16 GMT-0500 (Central Daylight Time),657033.400000006,A,sal,I,l,176,2,783.7000000178814,656249.6999999881,8130,WL,A,6.0
3,12.129999876022339,learn,47870.00012397766,Wed Sep 23 2026 15:10:16 GMT-0500 (Central Daylight Time),657299.0,A,salt,I,t,248,2,1049.300000011921,656249.6999999881,8130,WL,A,6.0
3,12.546000003814697,learn,47453.9999961853,Wed Sep 23 2026 15:10:16 GMT-0500 (Central Daylight Time),657715.400000006,A,saltenter,I,enter,406,2,1465.7000000178814,656249.6999999881,8130,WL,A,6.0
3,15.428999900817871,learn,44571.00009918213,Wed Sep 23 2026 15:10:16 GMT-0500 (Central Daylight Time),660597.900000006,A,m,I,m,2870,2,2882.2000000178814,657715.6999999881,8130,WL,A,7.0
3,15.694999933242798,learn,44305.0000667572,Wed Sep 23 2026 15:10:16 GMT-0500 (Central Daylight Time),660864.1999999881,A,me,I,e,260,2,3148.5,657715.6999999881,8130,WL,A,7.0
3,15.878000020980835,learn,44121.999979019165,Wed Sep 23 2026 15:10:16 GMT-0500 (Central Daylight Time),661047.599999994,A,mea,I,a,168,2,3331.9000000059605,657715.6999999881,8130,WL,A,7.0
3,16.111999988555908,learn,43888.00001144409,Wed Sep 23 2026 15:10:16 GMT-0500 (Central Daylight Time),661280.6999999881,A,mead,I,d,217,2,3565.0,657715.6999999881,8130,WL,A,7.0
3,16.244999885559082,learn,43755.00011444092,Wed Sep 23 2026 15:10:16 GMT-0500 (Central Daylight Time),661414.0,A,meado,I,o,127,2,3698.300000011921,657715.6999999881,8130,WL,A,7.0
3,17.244999885559082,learn,42755.00011444092,Wed Sep 23 2026 15:10:16 GMT-0500 (Central Daylight Time),662413.8000000119,A,meadow,I,w,995,2,4698.100000023842,657715.6999999881,8130,WL,A,7.0
3,18.09500002861023,learn,41904.99997138977,Wed Sep 23 2026 15:10:16 GMT-0500 (Central Daylight Time),663263.900000006,A,meadowenter,I,enter,835,2,5548.200000017881,657715.6999999881,8130,WL,A,7.0
3,19.694999933242798,learn,40305.0000667572,Wed Sep 23 2026 15:10:16 GMT-0500 (Central Daylight Time),664864.1999999881,A,g,I,g,1594,2,1600.0,663264.1999999881,8130,WL,A,8.0
3,20.026999950408936,learn,39973.000049591064,Wed Sep 23 2026 15:10:16 GMT-0500 (Central Daylight Time),665196.3000000119,A,go,I,o,313,2,1932.1000000238419,663264.1999999881,8130,WL,A,8.0
3,20.210999965667725,learn,39789.000034332275,Wed Sep 23 2026 15:10:16 GMT-0500 (Central Daylight Time),665379.900000006,A,gol,I,l,173,2,2115.7000000178814,663264.1999999881,8130,WL,A,8.0
3,20.376999855041504,learn,39623.000144958496,Wed Sep 23 2026 15:10:16 GMT-0500 (Central Daylight Time),665546.5,A,gold,I,d,150,2,2282.300000011921,663264.1999999881,8130,WL,A,8.0
3,20.76099991798401,learn,39239.00008201599,Wed Sep 23 2026 15:10:16 GMT-0500 (Central Daylight Time),665929.8000000119,A,goldenter,I,enter,366,2,2665.600000023842,663264.1999999881,8130,WL,A,8.0
3,21.07699990272522,learn,38923.00009727478,Wed Sep 23 2026 15:10:16 GMT-0500 (Central Daylight Time),666245.8000000119,A,r,I,r,312,2,315.80000001192093,665930.0,8130,WL,A,9.0
3,21.276999950408936,learn,38723.000049591064,Wed Sep 23 2026 15:10:16 GMT-0500 (Central Daylight Time),666446.3000000119,A,ra,I,a,187,2,516.3000000119209,665930.0,8130,WL,A,9.0
3,21.55999994277954,learn,38440.00005722046,Wed Sep 23 2026 15:10:16 GMT-0500 (Central Daylight Time),666729.099999994,A,rat,I,t,275,2,799.0999999940395,665930.0,8130,WL,A,9.0
3,21.759999990463257,learn,38240.00000953674,Wed Sep 23 2026 15:10:16 GMT-0500 (Central Daylight Time),666929.400000006,A,ratt,I,t,192,2,999.4000000059605,665930.0,8130,WL,A,9.0
3,21.97699999809265,learn,38023.00000190735,Wed Sep 23 2026 15:10:16 GMT-0500 (Central Daylight Time),667145.900000006,A,rattl,I,l,208,2,1215.9000000059605,665930.0,8130,WL,A,9.0
3,22.14299988746643,learn,37857.00011253357,Wed Sep 23 2026 15:10:16 GMT-0500 (Central Daylight Time),667312.599999994,A,rattle,I,e,160,2,1382.5999999940395,665930.0,8130,WL,A,9.0
3,22.710000038146973,learn,37289.99996185303,Wed Sep 23 2026 15:10:16 GMT-0500 (Central Daylight Time),667878.900000006,A,rattleenter,I,enter,561,2,1948.9000000059605,665930.0,8130,WL,A,9.0
3,26.358999967575073,learn,33641.00003242493,Wed Sep 23 2026 15:10:16 GMT-0500 (Central Daylight Time),671527.8000000119,A,f,I,f,3634,2,3648.7000000178814,667879.099999994,8130,WL,A,10.0
3,26.575999975204468,learn,33424.00002479553,Wed Sep 23 2026 15:10:16 GMT-0500 (Central Daylight Time),671745.3000000119,A,fi,I,i,213,2,3866.2000000178814,667879.099999994,8130,WL,A,10.0
3,26.723999977111816,learn,33276.00002288818,Wed Sep 23 2026 15:10:16 GMT-0500 (Central Daylight Time),671892.6999999881,A,fin,I,n,143,2,4013.5999999940395,667879.099999994,8130,WL,A,10.0
3,26.744999885559082,learn,33255.00011444092,Wed Sep 23 2026 15:10:16 GMT-0500 (Central Daylight Time),671913.8000000119,A,fing,I,g,12,2,4034.7000000178814,667879.099999994,8130,WL,A,10.0
3,26.924999952316284,learn,33075.000047683716,Wed Sep 23 2026 15:10:16 GMT-0500 (Central Daylight Time),672094.400000006,A,finge,I,e,168,2,4215.300000011921,667879.099999994,8130,WL,A,10.0
3,27.007999897003174,learn,32992.000102996826,Wed Sep 23 2026 15:10:16 GMT-0500 (Central Daylight Time),672177.599999994,A,finger,I,r,67,2,4298.5,667879.099999994,8130,WL,A,10.0
3,27.174999952316284,learn,32825.000047683716,Wed Sep 23 2026 15:10:16 GMT-0500 (Central Daylight Time),672344.1999999881,A,fingerenter,I,enter,152,2,4465.0999999940395,667879.099999994,8130,WL,A,10.0
3,27.39199995994568,learn,32608.00004005432,Wed Sep 23 2026 15:10:16 GMT-0500 (Central Daylight Time),672561.0,A,b,I,b,201,2,216.59999999403954,672344.400000006,8130,WL,A,11.0
3,27.557999849319458,learn,32442.000150680542,Wed Sep 23 2026 15:10:16 GMT-0500 (Central Daylight Time),672727.3000000119,A,bu,I,u,152,2,382.90000000596046,672344.400000006,8130,WL,A,11.0
3,27.72499990463257,learn,32275.00009536743,Wed Sep 23 2026 15:10:16 GMT-0500 (Central Daylight Time),672894.599999994,A,but,I,t,146,2,550.1999999880791,672344.400000006,8130,WL,A,11.0
3,27.875,learn,32125.0,Wed Sep 23 2026 15:10:16 GMT-0500 (Central Daylight Time),673044.099999994,A,butt,I,t,139,2,699.6999999880791,672344.400000006,8130,WL,A,11.0
3,28.04099988937378,learn,31959.00011062622,Wed Sep 23 2026 15:10:16 GMT-0500 (Central Daylight Time),673210.599999994,A,butto,I,o,149,2,866.1999999880791,672344.400000006,8130,WL,A,11.0
3,28.274999856948853,learn,31725.000143051147,Wed Sep 23 2026 15:10:16 GMT-0500 (Central Daylight Time),673443.900000006,A,button,I,n,223,2,1099.5,672344.400000006,8130,WL,A,11.0
3,28.757999897003174,learn,31242.000102996826,Wed Sep 23 2026 15:10:16 GMT-0500 (Central Daylight Time),673926.900000006,A,buttonenter,I,enter,477,2,1582.5,672344.400000006,8130,WL,A,11.0
3,38.770999908447266,learn,21229.000091552734,Wed Sep 23 2026 15:10:16 GMT-0500 (Central Daylight Time),683940.900000006,A,a,I,a,10003,2,10013.90000000596,673927.0,8130,WL,A,12.0
3,38.90399980545044,learn,21096.00019454956,Wed Sep 23 2026 15:10:16 GMT-0500 (Central Daylight Time),684074.0,A,ap,I,p,124,2,10147.0,673927.0,8130,WL,A,12.0
3,39.0699999332428,learn,20930.000066757202,Wed Sep 23 2026 15:10:16 GMT-0500 (Central Daylight Time),684240.5,A,app,I,p,159,2,10313.5,673927.0,8130,WL,A,12.0
3,39.269999980926514,learn,20730.000019073486,Wed Sep 23 2026 15:10:16 GMT-0500 (Central Daylight Time),684440.6999999881,A,appl,I,l,185,2,10513.699999988079,673927.0,8130,WL,A,12.0
3,39.80399990081787,learn,20196.00009918213,Wed Sep 23 2026 15:10:16 GMT-0500 (Central Daylight Time),684973.8000000119,A,apple,I,e,521,2,11046.800000011921,673927.0,8130,WL,A,12.0
3,40.30399990081787,learn,19696.00009918213,Wed Sep 23 2026 15:10:16 GMT-0500 (Central Daylight Time),685474.0,A,appleenter,I,enter,484,2,11547.0,673927.0,8130,WL,A,12.0
3,42.00399994850159,learn,17996.000051498413,Wed Sep 23 2026 15:10:16 GMT-0500 (Central Daylight Time),687174.0,A,l,I,l,1695,2,1699.5999999940395,685474.400000006,8130,WL,A,13.0
3,42.18599987030029,learn,17814.000129699707,Wed Sep 23 2026 15:10:16 GMT-0500 (Central Daylight Time),687356.599999994,A,lo,I,o,170,2,1882.199999988079,685474.400000006,8130,WL,A,13.0
3,42.28600001335144,learn,17713.99998664856,Wed Sep 23 2026 15:10:16 GMT-0500 (Central Daylight Time),687456.3000000119,A,log,I,g,85,2,1981.9000000059605,685474.400000006,8130,WL,A,13.0
3,42.4689998626709,learn,17531.0001373291,Wed Sep 23 2026 15:10:16 GMT-0500 (Central Daylight Time),687639.1999999881,A,logenter,I,enter,169,2,2164.7999999821186,685474.400000006,8130,WL,A,13.0
3,42.93599987030029,learn,17064.000129699707,Wed Sep 23 2026 15:10:16 GMT-0500 (Central Daylight Time),688106.099999994,A,k,I,k,458,2,466.59999999403954,687639.5,8130,WL,A,14.0
3,43.15299987792969,learn,16847.000122070312,Wed Sep 23 2026 15:10:16 GMT-0500 (Central Daylight Time),688322.6999999881,A,ke,I,e,199,2,683.1999999880791,687639.5,8130,WL,A,14.0
3,43.48599982261658,learn,16514.000177383423,Wed Sep 23 2026 15:10:16 GMT-0500 (Central Daylight Time),688655.900000006,A,key,I,y,326,2,1016.4000000059605,687639.5,8130,WL,A,14.0
3,43.835999965667725,learn,16164.000034332275,Wed Sep 23 2026 15:10:16 GMT-0500 (Central Daylight Time),689005.900000006,A,keyenter,I,enter,338,2,1366.4000000059605,687639.5,8130,WL,A,14.0
3,50.01699995994568,learn,9983.000040054321,Wed Sep 23 2026 15:10:16 GMT-0500 (Central Daylight Time),695186.8000000119,A,f,I,f,6164,2,6180.5,689006.3000000119,8130,WL,A,15.0
3,50.23199987411499,learn,9768.00012588501,Wed Sep 23 2026 15:10:16 GMT-0500 (Central Daylight Time),695402.0,A,fl,I,l,206,2,6395.699999988079,689006.3000000119,8130,WL,A,15.0
3,50.37899994850159,learn,9621.000051498413,Wed Sep 23 2026 15:10:16 GMT-0500 (Central Daylight Time),695549.599999994,A,flo,I,o,142,2,6543.299999982119,689006.3000000119,8130,WL,A,15.0
3,50.41599988937378,learn,9584.00011062622,Wed Sep 23 2026 15:10:16 GMT-0500 (Central Daylight Time),695586.8000000119,A,flow,I,w,18,2,6580.5,689006.3000000119,8130,WL,A,15.0
3,50.5,learn,9500.0,Wed Sep 23 2026 15:10:16 GMT-0500 (Central Daylight Time),695670.400000006,A,flowe,I,e,60,2,6664.0999999940395,689006.3000000119,8130,WL,A,15.0
3,50.632999897003174,learn,9367.000102996826,Wed Sep 23 2026 15:10:16 GMT-0500 (Central Daylight Time),695803.5,A,flower,I,r,116,2,6797.199999988079,689006.3000000119,8130,WL,A,15.0
3,51.56699991226196,learn,8433.000087738037,Wed Sep 23 2026 15:10:16 GMT-0500 (Central Daylight Time),696736.900000006,A,flowerenter,I,enter,918,2,7730.5999999940395,689006.3000000119,8130,WL,A,15.0
4,0.5329999923706055,learn,59467.000007629395,Wed Sep 23 2026 15:10:16 GMT-0500 (Central Daylight Time),764015.599999994,A,k,I,k,520,2,533.0,763482.599999994,8130,WL,A,1.0
4,0.75,learn,59250.0,Wed Sep 23 2026 15:10:16 GMT-0500 (Central Daylight Time),764232.3000000119,A,ki,I,i,201,2,749.7000000178814,763482.599999994,8130,WL,A,1.0
4,1.0,learn,59000.0,Wed Sep 23 2026 15:10:16 GMT-0500 (Central Daylight Time),764482.0,A,kig,I,g,241,2,999.4000000059605,763482.599999994,8130,WL,A,1.0
4,3.182000160217285,learn,56817.999839782715,Wed Sep 23 2026 15:10:16 GMT-0500 (Central Daylight Time),766664.599999994,A,ki,I,backspace,2175,2,3182.0,763482.599999994,8130,WL,A,1.0
4,3.432000160217285,learn,56567.999839782715,Wed Sep 23 2026 15:10:16 GMT-0500 (Central Daylight Time),766914.6999999881,A,k,I,backspace,233,2,3432.0999999940395,763482.599999994,8130,WL,A,1.0
4,3.7170000076293945,learn,56282.999992370605,Wed Sep 23 2026 15:10:16 GMT-0500 (Central Daylight Time),767198.900000006,A,,I,backspace,262,2,3716.300000011921,763482.599999994,8130,WL,A,1.0
4,4.332000017166138,learn,55667.99998283386,Wed Sep 23 2026 15:10:16 GMT-0500 (Central Daylight Time),767814.3000000119,A,l,I,l,603,2,4331.700000017881,763482.599999994,8130,WL,A,1.0
4,4.515000104904175,learn,55484.999895095825,Wed Sep 23 2026 15:10:16 GMT-0500 (Central Daylight Time),767997.599999994,A,lo,I,o,171,2,4515.0,763482.599999994,8130,WL,A,1.0
4,4.799000024795532,learn,55200.99997520447,Wed Sep 23 2026 15:10:16 GMT-0500 (Central Daylight Time),768280.8000000119,A,log,I,g,275,2,4798.200000017881,763482.599999994,8130,WL,A,1.0
4,5.265000104904175,learn,54734.999895095825,Wed Sep 23 2026 15:10:16 GMT-0500 (Central Daylight Time),768747.400000006,A,logenter,I,enter,457,2,5264.800000011921,763482.599999994,8130,WL,A,1.0
4,5.815000057220459,learn,54184.99994277954,Wed Sep 23 2026 15:10:16 GMT-0500 (Central Daylight Time),769297.1999999881,A,k,I,k,535,2,549.5,768747.6999999881,8130,WL,A,2.0
4,6.049000024795532,learn,53950.99997520447,Wed Sep 23 2026 15:10:16 GMT-0500 (Central Daylight Time),769531.1999999881,A,ke,I,e,224,2,783.5,768747.6999999881,8130,WL,A,2.0
4,6.281000137329102,learn,53718.9998626709,Wed Sep 23 2026 15:10:16 GMT-0500 (Central Daylight Time),769763.6999999881,A,key,I,y,214,2,1016.0,768747.6999999881,8130,WL,A,2.0
4,6.63100004196167,learn,53368.99995803833,Wed Sep 23 2026 15:10:16 GMT-0500 (Central Daylight Time),770113.599999994,A,keyenter,I,enter,334,2,1365.9000000059605,768747.6999999881,8130,WL,A,2.0
4,6.914999961853027,learn,53085.00003814697,Wed Sep 23 2026 15:10:16 GMT-0500 (Central Daylight Time),770397.8000000119,A,t,I,t,263,2,283.90000000596046,770113.900000006,8130,WL,A,3.0
4,7.398000001907349,learn,52601.99999809265,Wed Sep 23 2026 15:10:16 GMT-0500 (Central Daylight Time),770880.1999999881,A,ta,I,a,467,2,766.2999999821186,770113.900000006,8130,WL,A,3.0
4,7.71399998664856,learn,52286.00001335144,Wed Sep 23 2026 15:10:16 GMT-0500 (Central Daylight Time),771196.6999999881,A,t,I,backspace,305,2,1082.7999999821186,770113.900000006,8130,WL,A,3.0
4,7.947000026702881,learn,52052.99997329712,Wed Sep 23 2026 15:10:16 GMT-0500 (Central Daylight Time),771429.8000000119,A,,I,backspace,212,2,1315.9000000059605,770113.900000006,8130,WL,A,3.0
4,8.081000089645386,learn,51918.999910354614,Wed Sep 23 2026 15:10:16 GMT-0500 (Central Daylight Time),771563.099999994,A,r,I,r,124,2,1449.199999988079,770113.900000006,8130,WL,A,3.0
4,8.282000064849854,learn,51717.99993515015,Wed Sep 23 2026 15:10:16 GMT-0500 (Central Daylight Time),771764.099999994,A,ra,I,a,190,2,1650.199999988079,770113.900000006,8130,WL,A,3.0
4,8.565000057220459,learn,51434.99994277954,Wed Sep 23 2026 15:10:16 GMT-0500 (Central Daylight Time),772047.3000000119,A,rat,I,t,277,2,1933.4000000059605,770113.900000006,8130,WL,A,3.0
4,8.864000082015991,learn,51135.99991798401,Wed Sep 23 2026 15:10:16 GMT-0500 (Central Daylight Time),772346.3000000119,A,ratt,I,t,290,2,2232.4000000059605,770113.900000006,8130,WL,A,3.0
4,9.04699993133545,learn,50953.00006866455,Wed Sep 23 2026 15:10:16 GMT-0500 (Central Daylight Time),772529.400000006,A,rattl,I,l,167,2,2415.5,770113.900000006,8130,WL,A,3.0
4,9.164000034332275,learn,50835.999965667725,Wed Sep 23 2026 15:10:16 GMT-0500 (Central Daylight Time),772646.0,A,rattle,I,e,96,2,2532.0999999940395,770113.900000006,8130,WL,A,3.0
4,9.364000082015991,learn,50635.99991798401,Wed Sep 23 2026 15:10:16 GMT-0500 (Central Daylight Time),772846.599999994,A,rattleenter,I,enter,179,2,2732.699999988079,770113.900000006,8130,WL,A,3.0
4,9.630000114440918,learn,50369.99988555908,Wed Sep 23 2026 15:10:16 GMT-0500 (Central Daylight Time),773112.599999994,A,g,I,g,259,2,265.7999999821186,772846.8000000119,8130,WL,A,4.0
4,9.763999938964844,learn,50236.000061035156,Wed Sep 23 2026 15:10:16 GMT-0500 (Central Daylight Time),773245.900000006,A,go,I,o,113,2,399.09999999403954,772846.8000000119,8130,WL,A,4.0
4,9.963000059127808,learn,50036.99994087219,Wed Sep 23 2026 15:10:16 GMT-0500 (Central Daylight Time),773445.599999994,A,gol,I,l,187,2,598.7999999821186,772846.8000000119,8130,WL,A,4.0
4,10.11300015449524,learn,49886.99984550476,Wed Sep 23 2026 15:10:16 GMT-0500 (Central Daylight Time),773595.8000000119,A,gold,I,d,132,2,749.0,772846.8000000119,8130,WL,A,4.0
4,10.330000162124634,learn,49669.999837875366,Wed Sep 23 2026 15:10:16 GMT-0500 (Central Daylight Time),773812.5,A,goldenter,I,enter,206,2,965.6999999880791,772846.8000000119,8130,WL,A,4.0
4,11.36300015449524,learn,48636.99984550476,Wed Sep 23 2026 15:10:16 GMT-0500 (Central Daylight Time),774845.599999994,A,b,I,b,1013,2,1032.7999999821186,773812.8000000119,8130,WL,A,5.0
4,11.496000051498413,learn,48503.99994850159,Wed Sep 23 2026 15:10:16 GMT-0500 (Central Daylight Time),774978.8000000119,A,bo,I,o,123,2,1166.0,773812.8000000119,8130,WL,A,5.0
4,11.680000066757202,learn,48319.9999332428,Wed Sep 23 2026 15:10:16 GMT-0500 (Central Daylight Time),775162.1999999881,A,boo,I,o,167,2,1349.3999999761581,773812.8000000119,8130,WL,A,5.0
4,11.812999963760376,learn,48187.000036239624,Wed Sep 23 2026 15:10:16 GMT-0500 (Central Daylight Time),775295.400000006,A,book,I,k,120,2,1482.5999999940395,773812.8000000119,8130,WL,A,5.0
4,12.080000162124634,learn,47919.999837875366,Wed Sep 23 2026 15:10:16 GMT-0500 (Central Daylight Time),775562.3000000119,A,bookenter,I,enter,258,2,1749.5,773812.8000000119,8130,WL,A,5.0
4,12.595999956130981,learn,47404.00004386902,Wed Sep 23 2026 15:10:16 GMT-0500 (Central Daylight Time),776078.3000000119,A,f,I,f,503,2,515.7000000178814,775562.599999994,8130,WL,A,6.0
4,12.696000099182129,learn,47303.99990081787,Wed Sep 23 2026 15:10:16 GMT-0500 (Central Daylight Time),776178.5,A,fl,I,l,91,2,615.9000000059605,775562.599999994,8130,WL,A,6.0
4,12.896000146865845,learn,47103.999853134155,Wed Sep 23 2026 15:10:16 GMT-0500 (Central Daylight Time),776378.3000000119,A,flo,I,o,191,2,815.7000000178814,775562.599999994,8130,WL,A,6.0
4,13.062000036239624,learn,46937.999963760376,Wed Sep 23 2026 15:10:16 GMT-0500 (Central Daylight Time),776544.599999994,A,flow,I,w,150,2,982.0,775562.599999994,8130,WL,A,6.0
4,13.146000146865845,learn,46853.999853134155,Wed Sep 23 2026 15:10:16 GMT-0500 (Central Daylight Time),776628.3000000119,A,flowe,I,e,73,2,1065.7000000178814,775562.599999994,8130,WL,A,6.0
4,13.279000043869019,learn,46720.99995613098,Wed Sep 23 2026 15:10:16 GMT-0500 (Central Daylight Time),776761.400000006,A,flower,I,r,125,2,1198.800000011921,775562.599999994,8130,WL,A,6.0
4,13.546000003814697,learn,46453.9999961853,Wed Sep 23 2026 15:10:16 GMT-0500 (Central Daylight Time),777028.099999994,A,flowerenter,I,enter,256,2,1465.5,775562.599999994,8130,WL,A,6.0
4,13.830000162124634,learn,46169.999837875366,Wed Sep 23 2026 15:10:16 GMT-0500 (Central Daylight Time),777312.400000006,A,t,I,t,269,2,284.0,777028.400000006,8130,WL,A,7.0
4,14.01200008392334,learn,45987.99991607666,Wed Sep 23 2026 15:10:16 GMT-0500 (Central Daylight Time),777494.599999994,A,tr,I,r,169,2,466.19999998807907,777028.400000006,8130,WL,A,7.0
4,14.229000091552734,learn,45770.999908447266,Wed Sep 23 2026 15:10:16 GMT-0500 (Central Daylight Time),777711.099999994,A,tra,I,a,203,2,682.6999999880791,777028.400000006,8130,WL,A,7.0
4,14.312000036239624,learn,45687.999963760376,Wed Sep 23 2026 15:10:16 GMT-0500 (Central Daylight Time),777794.5,A,trai,I,i,74,2,766.0999999940395,777028.400000006,8130,WL,A,7.0
4,14.545000076293945,learn,45454.999923706055,Wed Sep 23 2026 15:10:16 GMT-0500 (Central Daylight Time),778027.6999999881,A,train,I,n,215,2,999.2999999821186,777028.400000006,8130,WL,A,7.0
4,14.861999988555908,learn,45138.00001144409,Wed Sep 23 2026 15:10:16 GMT-0500 (Central Daylight Time),778344.3000000119,A,trainenter,I,enter,310,2,1315.9000000059605,777028.400000006,8130,WL,A,7.0
4,15.26200008392334,learn,44737.99991607666,Wed Sep 23 2026 15:10:16 GMT-0500 (Central Daylight Time),778744.099999994,A,m,I,m,393,2,399.40000000596046,778344.6999999881,8130,WL,A,8.0
4,15.411999940872192,learn,44588.00005912781,Wed Sep 23 2026 15:10:16 GMT-0500 (Central Daylight Time),778894.099999994,A,me,I,e,145,2,549.4000000059605,778344.6999999881,8130,WL,A,8.0
4,15.528000116348267,learn,44471.99988365173,Wed Sep 23 2026 15:10:16 GMT-0500 (Central Daylight Time),779010.6999999881,A,mea,I,a,100,2,666.0,778344.6999999881,8130,WL,A,8.0
4,15.729000091552734,learn,44270.999908447266,Wed Sep 23 2026 15:10:16 GMT-0500 (Central Daylight Time),779210.8000000119,A,mead,I,d,183,2,866.1000000238419,778344.6999999881,8130,WL,A,8.0
4,15.878000020980835,learn,44121.999979019165,Wed Sep 23 2026 15:10:16 GMT-0500 (Central Daylight Time),779360.599999994,A,meado,I,o,135,2,1015.9000000059605,778344.6999999881,8130,WL,A,8.0
4,16.045000076293945,learn,43954.999923706055,Wed Sep 23 2026 15:10:16 GMT-0500 (Central Daylight Time),779527.3000000119,A,meadow,I,w,153,2,1182.6000000238419,778344.6999999881,8130,WL,A,8.0
4,16.644999980926514,learn,43355.000019073486,Wed Sep 23 2026 15:10:16 GMT-0500 (Central Daylight Time),780127.0,A,meadowenter,I,enter,594,2,1782.300000011921,778344.6999999881,8130,WL,A,8.0
4,16.962000131607056,learn,43037.999868392944,Wed Sep 23 2026 15:10:16 GMT-0500 (Central Daylight Time),780444.8000000119,A,r,I,r,307,2,317.5,780127.3000000119,8130,WL,A,9.0
4,17.17799997329712,learn,42822.00002670288,Wed Sep 23 2026 15:10:16 GMT-0500 (Central Daylight Time),780660.0,A,ru,I,u,196,2,532.6999999880791,780127.3000000119,8130,WL,A,9.0
4,17.361000061035156,learn,42638.999938964844,Wed Sep 23 2026 15:10:16 GMT-0500 (Central Daylight Time),780843.6999999881,A,rug,I,g,166,2,716.3999999761581,780127.3000000119,8130,WL,A,9.0
4,17.91100001335144,learn,42088.99998664856,Wed Sep 23 2026 15:10:16 GMT-0500 (Central Daylight Time),781393.3000000119,A,rugenter,I,enter,534,2,1266.0,780127.3000000119,8130,WL,A,9.0
4,18.811000108718872,learn,41188.99989128113,Wed Sep 23 2026 15:10:16 GMT-0500 (Central Daylight Time),782293.1999999881,A,b,I,b,887,2,899.5999999940395,781393.599999994,8130,WL,A,10.0
4,18.960999965667725,learn,41039.000034332275,Wed Sep 23 2026 15:10:16 GMT-0500 (Central Daylight Time),782443.0,A,bu,I,u,139,2,1049.4000000059605,781393.599999994,8130,WL,A,10.0
4,19.14400005340576,learn,40855.99994659424,Wed Sep 23 2026 15:10:16 GMT-0500 (Central Daylight Time),782626.1999999881,A,but,I,t,166,2,1232.5999999940395,781393.599999994,8130,WL,A,10.0
4,19.3270001411438,learn,40672.9998588562,Wed Sep 23 2026 15:10:16 GMT-0500 (Central Daylight Time),782809.400000006,A,butt,I,t,167,2,1415.800000011921,781393.599999994,8130,WL,A,10.0
4,19.41100001335144,learn,40588.99998664856,Wed Sep 23 2026 15:10:16 GMT-0500 (Central Daylight Time),782893.0,A,butto,I,o,64,2,1499.4000000059605,781393.599999994,8130,WL,A,10.0
4,19.561000108718872,learn,40438.99989128113,Wed Sep 23 2026 15:10:16 GMT-0500 (Central Daylight Time),783042.900000006,A,button,I,n,140,2,1649.300000011921,781393.599999994,8130,WL,A,10.0
4,19.759999990463257,learn,40240.00000953674,Wed Sep 23 2026 15:10:16 GMT-0500 (Central Daylight Time),783242.5,A,buttonenter,I,enter,190,2,1848.9000000059605,781393.599999994,8130,WL,A,10.0
4,21.993000030517578,learn,38006.99996948242,Wed Sep 23 2026 15:10:16 GMT-0500 (Central Daylight Time),785475.3000000119,A,f,I,f,2223,2,2232.4000000059605,783242.900000006,8130,WL,A,11.0
4,22.14300012588501,learn,37856.99987411499,Wed Sep 23 2026 15:10:16 GMT-0500 (Central Daylight Time),785625.400000006,A,fi,I,i,142,2,2382.5,783242.900000006,8130,WL,A,11.0
4,22.276999950408936,learn,37723.000049591064,Wed Sep 23 2026 15:10:16 GMT-0500 (Central Daylight Time),785759.6999999881,A,fin,I,n,127,2,2516.7999999821186,783242.900000006,8130,WL,A,11.0
4,22.360000133514404,learn,37639.999866485596,Wed Sep 23 2026 15:10:16 GMT-0500 (Central Daylight Time),785841.900000006,A,fing,I,g,74,2,2599.0,783242.900000006,8130,WL,A,11.0
4,22.542999982833862,learn,37457.00001716614,Wed Sep 23 2026 15:10:16 GMT-0500 (Central Daylight Time),786025.1999999881,A,finge,I,e,167,2,2782.2999999821186,783242.900000006,8130,WL,A,11.0
4,22.66000008583069,learn,37339.99991416931,Wed Sep 23 2026 15:10:16 GMT-0500 (Central Daylight Time),786142.1999999881,A,finger,I,r,112,2,2899.2999999821186,783242.900000006,8130,WL,A,11.0
4,23.092999935150146,learn,36907.00006484985,Wed Sep 23 2026 15:10:16 GMT-0500 (Central Daylight Time),786575.1999999881,A,fingerenter,I,enter,418,2,3332.2999999821186,783242.900000006,8130,WL,A,11.0
4,23.409000158309937,learn,36590.99984169006,Wed Sep 23 2026 15:10:16 GMT-0500 (Central Daylight Time),786891.5,A,c,I,c,298,2,316.0,786575.5,8130,WL,A,12.0
4,23.55900001525879,learn,36440.99998474121,Wed Sep 23 2026 15:10:16 GMT-0500 (Central Daylight Time),787041.400000006,A,ch,I,h,142,2,465.90000000596046,786575.5,8130,WL,A,12.0
4,23.70900011062622,learn,36290.99988937378,Wed Sep 23 2026 15:10:16 GMT-0500 (Central Daylight Time),787191.8000000119,A,chi,I,i,136,2,616.3000000119209,786575.5,8130,WL,A,12.0
4,23.89300012588501,learn,36106.99987411499,Wed Sep 23 2026 15:10:16 GMT-0500 (Central Daylight Time),787375.0,A,chim,I,m,170,2,799.5,786575.5,8130,WL,A,12.0
4,24.108999967575073,learn,35891.00003242493,Wed Sep 23 2026 15:10:16 GMT-0500 (Central Daylight Time),787591.400000006,A,chimn,I,n,202,2,1015.9000000059605,786575.5,8130,WL,A,12.0
4,24.29200005531311,learn,35707.99994468689,Wed Sep 23 2026 15:10:16 GMT-0500 (Central Daylight Time),787774.6999999881,A,chimne,I,e,163,2,1199.199999988079,786575.5,8130,WL,A,12.0
4,24.37600016593933,learn,35623.99983406067,Wed Sep 23 2026 15:10:16 GMT-0500 (Central Daylight Time),787858.0,A,chimney,I,y,67,2,1282.5,786575.5,8130,WL,A,12.0
4,24.924999952316284,learn,35075.000047683716,Wed Sep 23 2026 15:10:16 GMT-0500 (Central Daylight Time),788407.8000000119,A,chimneyenter,I,enter,535,2,1832.300000011921,786575.5,8130,WL,A,12.0
4,28.473999977111816,learn,31526.000022888184,Wed Sep 23 2026 15:10:16 GMT-0500 (Central Daylight Time),791956.6999999881,A,s,I,s,3530,2,3548.5,788408.1999999881,8130,WL,A,13.0
4,28.60800004005432,learn,31391.99995994568,Wed Sep 23 2026 15:10:16 GMT-0500 (Central Daylight Time),792090.0,A,sa,I,a,125,2,3681.800000011921,788408.1999999881,8130,WL,A,13.0
4,28.77400016784668,learn,31225.99983215332,Wed Sep 23 2026 15:10:16 GMT-0500 (Central Daylight Time),792256.599999994,A,sal,I,l,151,2,3848.4000000059605,788408.1999999881,8130,WL,A,13.0
4,29.074000120162964,learn,30925.999879837036,Wed Sep 23 2026 15:10:16 GMT-0500 (Central Daylight Time),792556.599999994,A,salt,I,t,289,2,4148.4000000059605,788408.1999999881,8130,WL,A,13.0
4,29.341000080108643,learn,30658.999919891357,Wed Sep 23 2026 15:10:16 GMT-0500 (Central Daylight Time),792823.099999994,A,saltenter,I,enter,261,2,4414.9000000059605,788408.1999999881,8130,WL,A,13.0
4,49.950000047683716,learn,10049.999952316284,Wed Sep 23 2026 15:10:16 GMT-0500 (Central Daylight Time),813433.400000006,A,b,I,b,20603,2,20610.20000001788,792823.1999999881,8130,WL,A,14.0
4,50.15000009536743,learn,9849.999904632568,Wed Sep 23 2026 15:10:16 GMT-0500 (Central Daylight Time),813633.1999999881,A,bu,I,u,183,2,20810.0,792823.1999999881,8130,WL,A,14.0
4,50.40000009536743,learn,9599.999904632568,Wed Sep 23 2026 15:10:16 GMT-0500 (Central Daylight Time),813883.1999999881,A,but,I,t,232,2,21060.0,792823.1999999881,8130,WL,A,14.0
4,50.615999937057495,learn,9384.000062942505,Wed Sep 23 2026 15:10:16 GMT-0500 (Central Daylight Time),814099.900000006,A,butt,I,t,206,2,21276.70000001788,792823.1999999881,8130,WL,A,14.0
4,50.799999952316284,learn,9200.000047683716,Wed Sep 23 2026 15:10:16 GMT-0500 (Central Daylight Time),814283.099999994,A,butto,I,o,166,2,21459.90000000596,792823.1999999881,8130,WL,A,14.0
4,50.93300008773804,learn,9066.999912261963,Wed Sep 23 2026 15:10:16 GMT-0500 (Central Daylight Time),814416.099999994,A,button,I,n,118,2,21592.90000000596,792823.1999999881,8130,WL,A,14.0
4,51.13300013542175,learn,8866.999864578247,Wed Sep 23 2026 15:10:16 GMT-0500 (Central Daylight Time),814616.3000000119,A,buttonenter,I,enter,193,2,21793.100000023842,792823.1999999881,8130,WL,A,14.0
4,60.01300001144409,learn,-13.000011444091797,Wed Sep 23 2026 15:10:16 GMT-0500 (Central Daylight Time),823496.6999999881,A,None,I,None,8875,2,8880.0,814616.6999999881,8130,WL,A,15.0
5,0.4830000400543213,learn,60000.0,Wed Sep 23 2026 15:10:16 GMT-0500 (Central Daylight Time),893708.1999999881,A,b,I,b,465,2,482.89999997615814,893225.3000000119,8130,WL,A,1.0
5,1.3990001678466797,learn,60000.0,Wed Sep 23 2026 15:10:16 GMT-0500 (Central Daylight Time),894624.5,A,bo,I,o,900,2,1399.199999988079,893225.3000000119,8130,WL,A,1.0
5,1.567000150680542,learn,60000.0,Wed Sep 23 2026 15:10:16 GMT-0500 (Central Daylight Time),894792.099999994,A,boo,I,o,160,2,1566.7999999821186,893225.3000000119,8130,WL,A,1.0
5,1.7330000400543213,learn,60000.0,Wed Sep 23 2026 15:10:16 GMT-0500 (Central Daylight Time),894958.099999994,A,book,I,k,145,2,1732.7999999821186,893225.3000000119,8130,WL,A,1.0
5,2.1650002002716064,learn,60000.0,Wed Sep 23 2026 15:10:16 GMT-0500 (Central Daylight Time),895390.8000000119,A,bookenter,I,enter,413,2,2165.5,893225.3000000119,8130,WL,A,1.0
5,3.6650002002716064,learn,60000.0,Wed Sep 23 2026 15:10:16 GMT-0500 (Central Daylight Time),896890.6999999881,A,f,I,f,1483,2,1499.5,895391.1999999881,8130,WL,A,2.0
5,3.8980000019073486,learn,60000.0,Wed Sep 23 2026 15:10:16 GMT-0500 (Central Daylight Time),897123.6999999881,A,fl,I,l,223,2,1732.5,895391.1999999881,8130,WL,A,2.0
5,4.398000001907349,learn,60000.0,Wed Sep 23 2026 15:10:16 GMT-0500 (Central Daylight Time),897623.3000000119,A,flo,I,o,485,2,2232.100000023842,895391.1999999881,8130,WL,A,2.0
5,4.7820000648498535,learn,60000.0,Wed Sep 23 2026 15:10:16 GMT-0500 (Central Daylight Time),898007.6999999881,A,flow,I,w,378,2,2616.5,895391.1999999881,8130,WL,A,2.0
5,4.948000192642212,learn,60000.0,Wed Sep 23 2026 15:10:16 GMT-0500 (Central Daylight Time),898173.599999994,A,flowe,I,e,145,2,2782.4000000059605,895391.1999999881,8130,WL,A,2.0
5,5.081000089645386,learn,60000.0,Wed Sep 23 2026 15:10:16 GMT-0500 (Central Daylight Time),898306.1999999881,A,flower,I,r,124,2,2915.0,895391.1999999881,8130,WL,A,2.0
5,5.398000001907349,learn,60000.0,Wed Sep 23 2026 15:10:16 GMT-0500 (Central Daylight Time),898622.900000006,A,flowerenter,I,enter,311,2,3231.7000000178814,895391.1999999881,8130,WL,A,2.0
5,6.697000026702881,learn,60000.0,Wed Sep 23 2026 15:10:16 GMT-0500 (Central Daylight Time),899922.900000006,A,r,I,r,1283,2,1299.7000000178814,898623.1999999881,8130,WL,A,3.0
5,6.964000225067139,learn,60000.0,Wed Sep 23 2026 15:10:16 GMT-0500 (Central Daylight Time),900189.400000006,A,ru,I,u,246,2,1566.2000000178814,898623.1999999881,8130,WL,A,3.0
5,7.180000066757202,learn,60000.0,Wed Sep 23 2026 15:10:16 GMT-0500 (Central Daylight Time),900405.8000000119,A,rug,I,g,204,2,1782.6000000238419,898623.1999999881,8130,WL,A,3.0
5,7.614000082015991,learn,60000.0,Wed Sep 23 2026 15:10:16 GMT-0500 (Central Daylight Time),900839.1999999881,A,rugenter,I,enter,420,2,2216.0,898623.1999999881,8130,WL,A,3.0
5,8.130000114440918,learn,60000.0,Wed Sep 23 2026 15:10:16 GMT-0500 (Central Daylight Time),901355.8000000119,A,t,I,t,498,2,516.3000000119209,900839.5,8130,WL,A,4.0
5,8.347000122070312,learn,60000.0,Wed Sep 23 2026 15:10:16 GMT-0500 (Central Daylight Time),901572.400000006,A,tr,I,r,197,2,732.9000000059605,900839.5,8130,WL,A,4.0
5,8.547000169754028,learn,60000.0,Wed Sep 23 2026 15:10:16 GMT-0500 (Central Daylight Time),901772.6999999881,A,tra,I,a,188,2,933.1999999880791,900839.5,8130,WL,A,4.0
5,8.69700002670288,learn,60000.0,Wed Sep 23 2026 15:10:16 GMT-0500 (Central Daylight Time),901922.099999994,A,trai,I,i,141,2,1082.5999999940395,900839.5,8130,WL,A,4.0
5,9.080000162124634,learn,60000.0,Wed Sep 23 2026 15:10:16 GMT-0500 (Central Daylight Time),902305.400000006,A,train,I,n,375,2,1465.9000000059605,900839.5,8130,WL,A,4.0
5,9.63100004196167,learn,60000.0,Wed Sep 23 2026 15:10:16 GMT-0500 (Central Daylight Time),902856.3000000119,A,trainenter,I,enter,545,2,2016.800000011921,900839.5,8130,WL,A,4.0
5,10.279000043869019,learn,60000.0,Wed Sep 23 2026 15:10:16 GMT-0500 (Central Daylight Time),903504.900000006,A,h,I,h,641,2,648.3000000119209,902856.599999994,8130,WL,A,5.0
5,10.42900013923645,learn,60000.0,Wed Sep 23 2026 15:10:16 GMT-0500 (Central Daylight Time),903654.900000006,A,ha,I,a,136,2,798.3000000119209,902856.599999994,8130,WL,A,5.0
5,10.646000146865845,learn,60000.0,Wed Sep 23 2026 15:10:16 GMT-0500 (Central Daylight Time),903871.5,A,har,I,r,203,2,1014.9000000059605,902856.599999994,8130,WL,A,5.0
5,10.896000146865845,learn,60000.0,Wed Sep 23 2026 15:10:16 GMT-0500 (Central Daylight Time),904121.5,A,harp,I,p,234,2,1264.9000000059605,902856.599999994,8130,WL,A,5.0
5,11.246000051498413,learn,60000.0,Wed Sep 23 2026 15:10:16 GMT-0500 (Central Daylight Time),904471.3000000119,A,harpenter,I,enter,344,2,1614.7000000178814,902856.599999994,8130,WL,A,5.0
5,11.529000043869019,learn,60000.0,Wed Sep 23 2026 15:10:16 GMT-0500 (Central Daylight Time),904754.599999994,A,s,I,s,274,2,283.0,904471.599999994,8130,WL,A,6.0
5,11.812000036239624,learn,60000.0,Wed Sep 23 2026 15:10:16 GMT-0500 (Central Daylight Time),905037.900000006,A,sa,I,a,263,2,566.3000000119209,904471.599999994,8130,WL,A,6.0
5,12.229000091552734,learn,60000.0,Wed Sep 23 2026 15:10:16 GMT-0500 (Central Daylight Time),905454.099999994,A,sal,I,l,410,2,982.5,904471.599999994,8130,WL,A,6.0
5,12.42900013923645,learn,60000.0,Wed Sep 23 2026 15:10:16 GMT-0500 (Central Daylight Time),905654.400000006,A,salt,I,t,179,2,1182.800000011921,904471.599999994,8130,WL,A,6.0
5,12.645000219345093,learn,60000.0,Wed Sep 23 2026 15:10:16 GMT-0500 (Central Daylight Time),905870.400000006,A,saltenter,I,enter,211,2,1398.800000011921,904471.599999994,8130,WL,A,6.0
5,13.245000123977661,learn,60000.0,Wed Sep 23 2026 15:10:16 GMT-0500 (Central Daylight Time),906470.6999999881,A,l,I,l,587,2,600.0,905870.6999999881,8130,WL,A,7.0
5,13.545000076293945,learn,60000.0,Wed Sep 23 2026 15:10:16 GMT-0500 (Central Daylight Time),906770.6999999881,A,lo,I,o,290,2,900.0,905870.6999999881,8130,WL,A,7.0
5,13.778000116348267,learn,60000.0,Wed Sep 23 2026 15:10:16 GMT-0500 (Central Daylight Time),907003.6999999881,A,log,I,g,214,2,1133.0,905870.6999999881,8130,WL,A,7.0
5,13.978000164031982,learn,60000.0,Wed Sep 23 2026 15:10:16 GMT-0500 (Central Daylight Time),907203.8000000119,A,logenter,I,enter,190,2,1333.1000000238419,905870.6999999881,8130,WL,A,7.0
5,14.59500002861023,learn,60000.0,Wed Sep 23 2026 15:10:16 GMT-0500 (Central Daylight Time),907820.3000000119,A,k,I,k,606,2,616.2000000178814,907204.099999994,8130,WL,A,8.0
5,14.878000020980835,learn,60000.0,Wed Sep 23 2026 15:10:16 GMT-0500 (Central Daylight Time),908103.3000000119,A,ke,I,e,277,2,899.2000000178814,907204.099999994,8130,WL,A,8.0
5,15.16100001335144,learn,60000.0,Wed Sep 23 2026 15:10:16 GMT-0500 (Central Daylight Time),908386.8000000119,A,key,I,y,274,2,1182.7000000178814,907204.099999994,8130,WL,A,8.0
5,15.612000226974487,learn,60000.0,Wed Sep 23 2026 15:10:16 GMT-0500 (Central Daylight Time),908837.6999999881,A,keyenter,I,enter,431,2,1633.5999999940395,907204.099999994,8130,WL,A,8.0
5,16.028000116348267,learn,60000.0,Wed Sep 23 2026 15:10:16 GMT-0500 (Central Daylight Time),909253.400000006,A,r,I,r,394,2,415.30000001192093,908838.099999994,8130,WL,A,9.0
5,16.194000005722046,learn,60000.0,Wed Sep 23 2026 15:10:16 GMT-0500 (Central Daylight Time),909419.8000000119,A,ra,I,a,156,2,581.7000000178814,908838.099999994,8130,WL,A,9.0
5,16.461000204086304,learn,60000.0,Wed Sep 23 2026 15:10:16 GMT-0500 (Central Daylight Time),909686.400000006,A,rat,I,t,262,2,848.3000000119209,908838.099999994,8130,WL,A,9.0
5,16.629000186920166,learn,60000.0,Wed Sep 23 2026 15:10:16 GMT-0500 (Central Daylight Time),909854.099999994,A,ratt,I,t,146,2,1016.0,908838.099999994,8130,WL,A,9.0
5,16.844000101089478,learn,60000.0,Wed Sep 23 2026 15:10:16 GMT-0500 (Central Daylight Time),910069.6999999881,A,rattl,I,l,194,2,1231.5999999940395,908838.099999994,8130,WL,A,9.0
5,17.028000116348267,learn,60000.0,Wed Sep 23 2026 15:10:16 GMT-0500 (Central Daylight Time),910253.099999994,A,rattle,I,e,164,2,1415.0,908838.099999994,8130,WL,A,9.0
5,17.361000061035156,learn,60000.0,Wed Sep 23 2026 15:10:16 GMT-0500 (Central Daylight Time),910586.8000000119,A,rattleenter,I,enter,324,2,1748.7000000178814,908838.099999994,8130,WL,A,9.0
5,18.31000018119812,learn,60000.0,Wed Sep 23 2026 15:10:16 GMT-0500 (Central Daylight Time),911535.900000006,A,g,I,g,935,2,948.8000000119209,910587.099999994,8130,WL,A,10.0
5,18.49400019645691,learn,60000.0,Wed Sep 23 2026 15:10:16 GMT-0500 (Central Daylight Time),911719.099999994,A,go,I,o,170,2,1132.0,910587.099999994,8130,WL,A,10.0
5,18.74400019645691,learn,60000.0,Wed Sep 23 2026 15:10:16 GMT-0500 (Central Daylight Time),911969.0,A,gol,I,l,234,2,1381.9000000059605,910587.099999994,8130,WL,A,10.0
5,18.927000045776367,learn,60000.0,Wed Sep 23 2026 15:10:16 GMT-0500 (Central Daylight Time),912152.6999999881,A,gold,I,d,169,2,1565.5999999940395,910587.099999994,8130,WL,A,10.0
5,19.66000008583069,learn,60000.0,Wed Sep 23 2026 15:10:16 GMT-0500 (Central Daylight Time),912885.400000006,A,goldenter,I,enter,721,2,2298.300000011921,910587.099999994,8130,WL,A,10.0
5,20.111000061035156,learn,60000.0,Wed Sep 23 2026 15:10:16 GMT-0500 (Central Daylight Time),913336.3000000119,A,b,I,b,444,2,450.60000002384186,912885.6999999881,8130,WL,A,11.0
5,20.29300022125244,learn,60000.0,Wed Sep 23 2026 15:10:16 GMT-0500 (Central Daylight Time),913518.400000006,A,bu,I,u,177,2,632.7000000178814,912885.6999999881,8130,WL,A,11.0
5,20.510000228881836,learn,60000.0,Wed Sep 23 2026 15:10:16 GMT-0500 (Central Daylight Time),913735.3000000119,A,but,I,t,203,2,849.6000000238419,912885.6999999881,8130,WL,A,11.0
5,20.693000078201294,learn,60000.0,Wed Sep 23 2026 15:10:16 GMT-0500 (Central Daylight Time),913918.1999999881,A,butt,I,t,162,2,1032.5,912885.6999999881,8130,WL,A,11.0
5,20.79300022125244,learn,60000.0,Wed Sep 23 2026 15:10:16 GMT-0500 (Central Daylight Time),914018.400000006,A,butto,I,o,83,2,1132.7000000178814,912885.6999999881,8130,WL,A,11.0
5,20.9760000705719,learn,60000.0,Wed Sep 23 2026 15:10:16 GMT-0500 (Central Daylight Time),914201.400000006,A,button,I,n,167,2,1315.7000000178814,912885.6999999881,8130,WL,A,11.0
5,21.193000078201294,learn,60000.0,Wed Sep 23 2026 15:10:16 GMT-0500 (Central Daylight Time),914418.099999994,A,buttonenter,I,enter,209,2,1532.4000000059605,912885.6999999881,8130,WL,A,11.0
5,21.776000022888184,learn,60000.0,Wed Sep 23 2026 15:10:16 GMT-0500 (Central Daylight Time),915001.400000006,A,f,I,f,575,2,582.9000000059605,914418.5,8130,WL,A,12.0
5,21.942000150680542,learn,60000.0,Wed Sep 23 2026 15:10:16 GMT-0500 (Central Daylight Time),915167.599999994,A,fi,I,i,151,2,749.0999999940395,914418.5,8130,WL,A,12.0
5,22.075000047683716,learn,60000.0,Wed Sep 23 2026 15:10:16 GMT-0500 (Central Daylight Time),915300.900000006,A,fin,I,n,121,2,882.4000000059605,914418.5,8130,WL,A,12.0
5,22.259000062942505,learn,60000.0,Wed Sep 23 2026 15:10:16 GMT-0500 (Central Daylight Time),915484.6999999881,A,fing,I,g,165,2,1066.199999988079,914418.5,8130,WL,A,12.0
5,22.45900011062622,learn,60000.0,Wed Sep 23 2026 15:10:16 GMT-0500 (Central Daylight Time),915684.6999999881,A,finge,I,e,189,2,1266.199999988079,914418.5,8130,WL,A,12.0
5,22.575000047683716,learn,60000.0,Wed Sep 23 2026 15:10:16 GMT-0500 (Central Daylight Time),915801.1999999881,A,finger,I,r,109,2,1382.699999988079,914418.5,8130,WL,A,12.0
5,24.29100012779236,learn,60000.0,Wed Sep 23 2026 15:10:16 GMT-0500 (Central Daylight Time),917517.3000000119,A,fingerenter,I,enter,1704,2,3098.800000011921,914418.5,8130,WL,A,12.0
5,24.991000175476074,learn,60000.0,Wed Sep 23 2026 15:10:16 GMT-0500 (Central Daylight Time),918217.099999994,A,a,I,a,684,2,699.5,917517.599999994,8130,WL,A,13.0
5,25.158000230789185,learn,60000.0,Wed Sep 23 2026 15:10:16 GMT-0500 (Central Daylight Time),918383.6999999881,A,ap,I,p,153,2,866.0999999940395,917517.599999994,8130,WL,A,13.0
5,25.341000080108643,learn,60000.0,Wed Sep 23 2026 15:10:16 GMT-0500 (Central Daylight Time),918566.599999994,A,app,I,p,178,2,1049.0,917517.599999994,8130,WL,A,13.0
5,25.77400016784668,learn,60000.0,Wed Sep 23 2026 15:10:16 GMT-0500 (Central Daylight Time),918999.900000006,A,appl,I,l,419,2,1482.300000011921,917517.599999994,8130,WL,A,13.0
5,26.057000160217285,learn,60000.0,Wed Sep 23 2026 15:10:16 GMT-0500 (Central Daylight Time),919283.1999999881,A,apple,I,e,266,2,1765.5999999940395,917517.599999994,8130,WL,A,13.0
5,26.77400016784668,learn,60000.0,Wed Sep 23 2026 15:10:16 GMT-0500 (Central Daylight Time),919999.900000006,A,appleenter,I,enter,702,2,2482.300000011921,917517.599999994,8130,WL,A,13.0
5,40.70300006866455,learn,60000.0,Wed Sep 23 2026 15:10:16 GMT-0500 (Central Daylight Time),933928.6999999881,A,m,I,m,13922,2,13928.5,920000.1999999881,8130,WL,A,14.0
5,40.836000204086304,learn,60000.0,Wed Sep 23 2026 15:10:16 GMT-0500 (Central Daylight Time),934062.0,A,me,I,e,119,2,14061.800000011921,920000.1999999881,8130,WL,A,14.0
5,41.003000020980835,learn,60000.0,Wed Sep 23 2026 15:10:16 GMT-0500 (Central Daylight Time),934228.400000006,A,mea,I,a,148,2,14228.200000017881,920000.1999999881,8130,WL,A,14.0
5,41.12000012397766,learn,60000.0,Wed Sep 23 2026 15:10:16 GMT-0500 (Central Daylight Time),934345.400000006,A,mead,I,d,109,2,14345.200000017881,920000.1999999881,8130,WL,A,14.0
5,41.25200009346008,learn,60000.0,Wed Sep 23 2026 15:10:16 GMT-0500 (Central Daylight Time),934478.3000000119,A,meado,I,o,127,2,14478.100000023842,920000.1999999881,8130,WL,A,14.0
5,41.43600010871887,learn,60000.0,Wed Sep 23 2026 15:10:16 GMT-0500 (Central Daylight Time),934662.099999994,A,meadow,I,w,179,2,14661.90000000596,920000.1999999881,8130,WL,A,14.0
5,42.069000005722046,learn,60000.0,Wed Sep 23 2026 15:10:16 GMT-0500 (Central Daylight Time),935295.0,A,meadowenter,I,enter,620,2,15294.800000011921,920000.1999999881,8130,WL,A,14.0
5,44.08500003814697,learn,60000.0,Wed Sep 23 2026 15:10:16 GMT-0500 (Central Daylight Time),937311.0,A,h,I,h,2010,2,2015.5,935295.5,8130,WL,A,15.0
5,44.16800022125244,learn,60000.0,Wed Sep 23 2026 15:10:16 GMT-0500 (Central Daylight Time),937394.3000000119,A,ha,I,a,66,2,2098.800000011921,935295.5,8130,WL,A,15.0
5,44.468000173568726,learn,60000.0,Wed Sep 23 2026 15:10:16 GMT-0500 (Central Daylight Time),937694.400000006,A,har,I,r,279,2,2398.9000000059605,935295.5,8130,WL,A,15.0
5,44.652000188827515,learn,60000.0,Wed Sep 23 2026 15:10:16 GMT-0500 (Central Daylight Time),937877.5,A,harp,I,p,171,2,2582.0,935295.5,8130,WL,A,15.0
5,44.885000228881836,learn,60000.0,Wed Sep 23 2026 15:10:16 GMT-0500 (Central Daylight Time),938110.8000000119,A,harpenter,I,enter,220,2,2815.300000011921,935295.5,8130,WL,A,15.0
6,1.1660001277923584,distr,58833.99987220764,Wed Sep 23 2026 15:10:16 GMT-0500 (Central Daylight Time),1020135.0,B,b,I,b,1159,2,1164.9000000059605,1018970.099999994,8130,WL,A,1.0
6,1.3330001831054688,distr,58666.99981689453,Wed Sep 23 2026 15:10:16 GMT-0500 (Central Daylight Time),1020301.8000000119,B,bo,I,o,153,2,1331.7000000178814,1018970.099999994,8130,WL,A,1.0
6,1.499000072479248,distr,58500.99992752075,Wed Sep 23 2026 15:10:16 GMT-0500 (Central Daylight Time),1020468.1999999881,B,bot,I,t,156,2,1498.0999999940395,1018970.099999994,8130,WL,A,1.0
6,1.6820001602172852,distr,58317.999839782715,Wed Sep 23 2026 15:10:16 GMT-0500 (Central Daylight Time),1020651.599999994,B,bott,I,t,165,2,1681.5,1018970.099999994,8130,WL,A,1.0
6,1.815999984741211,distr,58184.00001525879,Wed Sep 23 2026 15:10:16 GMT-0500 (Central Daylight Time),1020785.0,B,bottl,I,l,126,2,1814.9000000059605,1018970.099999994,8130,WL,A,1.0
6,1.9490001201629639,distr,58050.999879837036,Wed Sep 23 2026 15:10:16 GMT-0500 (Central Daylight Time),1020918.099999994,B,bottle,I,e,112,2,1948.0,1018970.099999994,8130,WL,A,1.0
6,2.198000192642212,distr,57801.99980735779,Wed Sep 23 2026 15:10:16 GMT-0500 (Central Daylight Time),1021167.900000006,B,bottleenter,I,enter,236,2,2197.800000011921,1018970.099999994,8130,WL,A,1.0
6,2.7820000648498535,distr,57217.99993515015,Wed Sep 23 2026 15:10:16 GMT-0500 (Central Daylight Time),1021751.400000006,B,p,I,p,570,2,583.2000000178814,1021168.1999999881,8130,WL,A,2.0
6,2.8990001678466797,distr,57100.99983215332,Wed Sep 23 2026 15:10:16 GMT-0500 (Central Daylight Time),1021867.900000006,B,pe,I,e,97,2,699.7000000178814,1021168.1999999881,8130,WL,A,2.0
6,3.0320000648498535,distr,56967.99993515015,Wed Sep 23 2026 15:10:16 GMT-0500 (Central Daylight Time),1022001.099999994,B,pea,I,a,124,2,832.9000000059605,1021168.1999999881,8130,WL,A,2.0
6,3.1650002002716064,distr,56834.99979972839,Wed Sep 23 2026 15:10:16 GMT-0500 (Central Daylight Time),1022134.3000000119,B,peac,I,c,120,2,966.1000000238419,1021168.1999999881,8130,WL,A,2.0
6,3.2980000972747803,distr,56701.99990272522,Wed Sep 23 2026 15:10:16 GMT-0500 (Central Daylight Time),1022267.599999994,B,peach,I,h,123,2,1099.4000000059605,1021168.1999999881,8130,WL,A,2.0
6,3.5480000972747803,distr,56451.99990272522,Wed Sep 23 2026 15:10:16 GMT-0500 (Central Daylight Time),1022517.8000000119,B,peachenter,I,enter,238,2,1349.6000000238419,1021168.1999999881,8130,WL,A,2.0
6,3.7980000972747803,distr,56201.99990272522,Wed Sep 23 2026 15:10:16 GMT-0500 (Central Daylight Time),1022767.3000000119,B,c,I,c,236,2,249.2000000178814,1022518.099999994,8130,WL,A,3.0
6,3.9650001525878906,distr,56034.99984741211,Wed Sep 23 2026 15:10:16 GMT-0500 (Central Daylight Time),1022934.1999999881,B,ch,I,h,146,2,416.09999999403954,1022518.099999994,8130,WL,A,3.0
6,4.115000009536743,distr,55884.99999046326,Wed Sep 23 2026 15:10:16 GMT-0500 (Central Daylight Time),1023084.099999994,B,cha,I,a,131,2,566.0,1022518.099999994,8130,WL,A,3.0
6,4.215000152587891,distr,55784.99984741211,Wed Sep 23 2026 15:10:16 GMT-0500 (Central Daylight Time),1023184.099999994,B,chai,I,i,93,2,666.0,1022518.099999994,8130,WL,A,3.0
6,4.398000001907349,distr,55601.99999809265,Wed Sep 23 2026 15:10:16 GMT-0500 (Central Daylight Time),1023367.1999999881,B,chair,I,r,169,2,849.0999999940395,1022518.099999994,8130,WL,A,3.0
6,4.54800009727478,distr,55451.99990272522,Wed Sep 23 2026 15:10:16 GMT-0500 (Central Daylight Time),1023517.5,B,chairenter,I,enter,129,2,999.4000000059605,1022518.099999994,8130,WL,A,3.0
6,4.7820000648498535,distr,55217.99993515015,Wed Sep 23 2026 15:10:16 GMT-0500 (Central Daylight Time),1023751.599999994,B,p,I,p,228,2,233.7999999821186,1023517.8000000119,8130,WL,A,4.0
6,4.998000144958496,distr,55001.999855041504,Wed Sep 23 2026 15:10:16 GMT-0500 (Central Daylight Time),1023967.099999994,B,po,I,o,202,2,449.2999999821186,1023517.8000000119,8130,WL,A,4.0
6,5.164000034332275,distr,54835.999965667725,Wed Sep 23 2026 15:10:16 GMT-0500 (Central Daylight Time),1024133.5,B,poo,I,o,154,2,615.6999999880791,1023517.8000000119,8130,WL,A,4.0
6,5.3480000495910645,distr,54651.999950408936,Wed Sep 23 2026 15:10:16 GMT-0500 (Central Daylight Time),1024317.3000000119,B,pool,I,l,172,2,799.5,1023517.8000000119,8130,WL,A,4.0
6,5.531000137329102,distr,54468.9998626709,Wed Sep 23 2026 15:10:16 GMT-0500 (Central Daylight Time),1024500.400000006,B,poolenter,I,enter,164,2,982.5999999940395,1023517.8000000119,8130,WL,A,4.0
6,5.71399998664856,distr,54286.00001335144,Wed Sep 23 2026 15:10:16 GMT-0500 (Central Daylight Time),1024683.5,B,b,I,b,172,2,182.69999998807907,1024500.8000000119,8130,WL,A,5.0
6,5.831000089645386,distr,54168.999910354614,Wed Sep 23 2026 15:10:16 GMT-0500 (Central Daylight Time),1024800.1999999881,B,bo,I,o,102,2,299.39999997615814,1024500.8000000119,8130,WL,A,5.0
6,5.996999979019165,distr,54003.000020980835,Wed Sep 23 2026 15:10:16 GMT-0500 (Central Daylight Time),1024966.8000000119,B,bow,I,w,161,2,466.0,1024500.8000000119,8130,WL,A,5.0
6,6.25600004196167,distr,53743.99995803833,Wed Sep 23 2026 15:10:16 GMT-0500 (Central Daylight Time),1025225.6999999881,B,bowl,I,l,146,2,724.8999999761581,1024500.8000000119,8130,WL,A,5.0
6,6.4040000438690186,distr,53595.99995613098,Wed Sep 23 2026 15:10:16 GMT-0500 (Central Daylight Time),1025373.3000000119,B,bowlenter,I,enter,118,2,872.5,1024500.8000000119,8130,WL,A,5.0
6,6.930999994277954,distr,53069.000005722046,Wed Sep 23 2026 15:10:16 GMT-0500 (Central Daylight Time),1025900.099999994,B,j,I,j,507,2,526.5,1025373.599999994,8130,WL,A,6.0
6,7.114000082015991,distr,52885.99991798401,Wed Sep 23 2026 15:10:16 GMT-0500 (Central Daylight Time),1026083.3000000119,B,ju,I,u,165,2,709.7000000178814,1025373.599999994,8130,WL,A,6.0
6,7.230000019073486,distr,52769.999980926514,Wed Sep 23 2026 15:10:16 GMT-0500 (Central Daylight Time),1026199.8000000119,B,jud,I,d,102,2,826.2000000178814,1025373.599999994,8130,WL,A,6.0
6,7.397000074386597,distr,52602.9999256134,Wed Sep 23 2026 15:10:16 GMT-0500 (Central Daylight Time),1026366.099999994,B,judg,I,g,153,2,992.5,1025373.599999994,8130,WL,A,6.0
6,7.564000129699707,distr,52435.99987030029,Wed Sep 23 2026 15:10:16 GMT-0500 (Central Daylight Time),1026533.0,B,judge,I,e,145,2,1159.4000000059605,1025373.599999994,8130,WL,A,6.0
6,7.8470001220703125,distr,52152.99987792969,Wed Sep 23 2026 15:10:16 GMT-0500 (Central Daylight Time),1026815.900000006,B,judgeenter,I,enter,276,2,1442.300000011921,1025373.599999994,8130,WL,A,6.0
6,9.663000106811523,distr,50336.99989318848,Wed Sep 23 2026 15:10:16 GMT-0500 (Central Daylight Time),1028632.3000000119,B,d,I,d,1802,2,1816.2000000178814,1026816.099999994,8130,WL,A,7.0
6,9.84600019454956,distr,50153.99980545044,Wed Sep 23 2026 15:10:16 GMT-0500 (Central Daylight Time),1028815.599999994,B,da,I,a,169,2,1999.5,1026816.099999994,8130,WL,A,7.0
6,9.946000099182129,distr,50053.99990081787,Wed Sep 23 2026 15:10:16 GMT-0500 (Central Daylight Time),1028915.599999994,B,daw,I,w,90,2,2099.5,1026816.099999994,8130,WL,A,7.0
6,10.180000066757202,distr,49819.9999332428,Wed Sep 23 2026 15:10:16 GMT-0500 (Central Daylight Time),1029148.900000006,B,dawn,I,n,222,2,2332.800000011921,1026816.099999994,8130,WL,A,7.0
6,10.562999963760376,distr,49437.000036239624,Wed Sep 23 2026 15:10:16 GMT-0500 (Central Daylight Time),1029532.599999994,B,dawnenter,I,enter,372,2,2716.5,1026816.099999994,8130,WL,A,7.0
6,11.796000003814697,distr,48203.9999961853,Wed Sep 23 2026 15:10:16 GMT-0500 (Central Daylight Time),1030764.8000000119,B,b,I,b,1212,2,1232.0,1029532.8000000119,8130,WL,A,8.0
6,11.912000179290771,distr,48087.99982070923,Wed Sep 23 2026 15:10:16 GMT-0500 (Central Daylight Time),1030881.599999994,B,bo,I,o,107,2,1348.7999999821186,1029532.8000000119,8130,WL,A,8.0
6,12.062000036239624,distr,47937.999963760376,Wed Sep 23 2026 15:10:16 GMT-0500 (Central Daylight Time),1031031.5,B,bow,I,w,143,2,1498.699999988079,1029532.8000000119,8130,WL,A,8.0
6,12.196000099182129,distr,47803.99990081787,Wed Sep 23 2026 15:10:16 GMT-0500 (Central Daylight Time),1031164.8000000119,B,bowl,I,l,112,2,1632.0,1029532.8000000119,8130,WL,A,8.0
6,12.42900013923645,distr,47570.99986076355,Wed Sep 23 2026 15:10:16 GMT-0500 (Central Daylight Time),1031398.099999994,B,bowlenter,I,enter,213,2,1865.2999999821186,1029532.8000000119,8130,WL,A,8.0
6,14.061000108718872,distr,45938.99989128113,Wed Sep 23 2026 15:10:16 GMT-0500 (Central Daylight Time),1033030.6999999881,B,s,I,s,1627,2,1632.2999999821186,1031398.400000006,8130,WL,A,9.0
6,14.195000171661377,distr,45804.99982833862,Wed Sep 23 2026 15:10:16 GMT-0500 (Central Daylight Time),1033164.0,B,sh,I,h,123,2,1765.5999999940395,1031398.400000006,8130,WL,A,9.0
6,14.296000003814697,distr,45703.9999961853,Wed Sep 23 2026 15:10:16 GMT-0500 (Central Daylight Time),1033265.1999999881,B,she,I,e,94,2,1866.7999999821186,1031398.400000006,8130,WL,A,9.0
6,14.462000131607056,distr,45537.999868392944,Wed Sep 23 2026 15:10:16 GMT-0500 (Central Daylight Time),1033431.5,B,shee,I,e,159,2,2033.0999999940395,1031398.400000006,8130,WL,A,9.0
6,14.59500002861023,distr,45404.99997138977,Wed Sep 23 2026 15:10:16 GMT-0500 (Central Daylight Time),1033564.1999999881,B,sheep,I,p,114,2,2165.7999999821186,1031398.400000006,8130,WL,A,9.0
6,14.811000108718872,distr,45188.99989128113,Wed Sep 23 2026 15:10:16 GMT-0500 (Central Daylight Time),1033780.6999999881,B,sheepenter,I,enter,198,2,2382.2999999821186,1031398.400000006,8130,WL,A,9.0
6,37.13700008392334,distr,22862.99991607666,Wed Sep 23 2026 15:10:16 GMT-0500 (Central Daylight Time),1056107.199999988,B,m,I,m,22317,2,22326.19999998808,1033781.0,8130,WL,A,10.0
6,37.23699998855591,distr,22763.00001144409,Wed Sep 23 2026 15:10:16 GMT-0500 (Central Daylight Time),1056206.900000006,B,me,I,e,85,2,22425.90000000596,1033781.0,8130,WL,A,10.0
6,37.38700008392334,distr,22612.99991607666,Wed Sep 23 2026 15:10:16 GMT-0500 (Central Daylight Time),1056357.0,B,mea,I,a,129,2,22576.0,1033781.0,8130,WL,A,10.0
6,37.48699998855591,distr,22513.00001144409,Wed Sep 23 2026 15:10:16 GMT-0500 (Central Daylight Time),1056457.099999994,B,meal,I,l,92,2,22676.09999999404,1033781.0,8130,WL,A,10.0
6,37.72000002861023,distr,22279.99997138977,Wed Sep 23 2026 15:10:16 GMT-0500 (Central Daylight Time),1056690.0,B,mealenter,I,enter,224,2,22909.0,1033781.0,8130,WL,A,10.0
6,51.10000014305115,distr,8899.999856948853,Wed Sep 23 2026 15:10:16 GMT-0500 (Central Daylight Time),1070069.599999994,B,enter,I,enter,13360,2,13379.299999982119,1056690.300000012,8130,WL,A,11.0
6,51.71600008010864,distr,8283.999919891357,Wed Sep 23 2026 15:10:16 GMT-0500 (Central Daylight Time),1070685.800000012,B,enter,I,enter,594,2,615.8000000119209,1070070.0,8130,WL,A,12.0
6,52.16600012779236,distr,7833.999872207642,Wed Sep 23 2026 15:10:16 GMT-0500 (Central Daylight Time),1071135.800000012,B,enter,I,enter,436,2,449.60000002384186,1070686.199999988,8130,WL,A,13.0
6,52.54900002479553,distr,7450.999975204468,Wed Sep 23 2026 15:10:16 GMT-0500 (Central Daylight Time),1071518.800000012,B,enter,I,enter,370,2,382.7000000178814,1071136.099999994,8130,WL,A,14.0
6,52.967000007629395,distr,7032.9999923706055,Wed Sep 23 2026 15:10:16 GMT-0500 (Central Daylight Time),1071936.5,B,enter,I,enter,403,2,417.19999998807907,1071519.300000012,8130,WL,A,15.0
7,8.030999898910522,immed,51969.00010108948,Wed Sep 23 2026 15:10:16 GMT-0500 (Central Daylight Time),1081499.300000012,A,b,I,b,8014,2,8030.700000017881,1073468.599999994,8130,WL,A,1.0
7,8.313999891281128,immed,51686.00010871887,Wed Sep 23 2026 15:10:16 GMT-0500 (Central Daylight Time),1081782.599999994,A,bo,I,o,270,2,8314.0,1073468.599999994,8130,WL,A,1.0
7,8.513999938964844,immed,51486.000061035156,Wed Sep 23 2026 15:10:16 GMT-0500 (Central Daylight Time),1081982.5,A,bot,I,t,179,2,8513.90000000596,1073468.599999994,8130,WL,A,1.0
7,8.664000034332275,immed,51335.999965667725,Wed Sep 23 2026 15:10:16 GMT-0500 (Central Daylight Time),1082132.400000006,A,bott,I,t,131,2,8663.800000011921,1073468.599999994,8130,WL,A,1.0
7,8.812999963760376,immed,51187.000036239624,Wed Sep 23 2026 15:10:16 GMT-0500 (Central Daylight Time),1082282.0,A,bottl,I,l,141,2,8813.40000000596,1073468.599999994,8130,WL,A,1.0
7,8.946000099182129,immed,51053.99990081787,Wed Sep 23 2026 15:10:16 GMT-0500 (Central Daylight Time),1082415.199999988,A,bottle,I,e,119,2,8946.59999999404,1073468.599999994,8130,WL,A,1.0
7,10.046000003814697,immed,49953.9999961853,Wed Sep 23 2026 15:10:16 GMT-0500 (Central Daylight Time),1083515.099999994,A,bottl,I,backspace,1082,2,10046.5,1073468.599999994,8130,WL,A,1.0
7,11.378999948501587,immed,48621.00005149841,Wed Sep 23 2026 15:10:16 GMT-0500 (Central Daylight Time),1084847.800000012,A,bott,I,backspace,1325,2,11379.200000017881,1073468.599999994,8130,WL,A,1.0
7,11.595999956130981,immed,48404.00004386902,Wed Sep 23 2026 15:10:16 GMT-0500 (Central Daylight Time),1085064.699999988,A,bot,I,backspace,209,2,11596.09999999404,1073468.599999994,8130,WL,A,1.0
7,11.779000043869019,immed,48220.99995613098,Wed Sep 23 2026 15:10:16 GMT-0500 (Central Daylight Time),1085247.900000006,A,bo,I,backspace,169,2,11779.300000011921,1073468.599999994,8130,WL,A,1.0
7,11.928999900817871,immed,48071.00009918213,Wed Sep 23 2026 15:10:16 GMT-0500 (Central Daylight Time),1085398.099999994,A,b,I,backspace,137,2,11929.5,1073468.599999994,8130,WL,A,1.0
7,12.078999996185303,immed,47921.0000038147,Wed Sep 23 2026 15:10:16 GMT-0500 (Central Daylight Time),1085547.699999988,A,,I,backspace,139,2,12079.09999999404,1073468.599999994,8130,WL,A,1.0
7,12.229000091552734,immed,47770.999908447266,Wed Sep 23 2026 15:10:16 GMT-0500 (Central Daylight Time),1085697.599999994,A,,I,backspace,141,2,12229.0,1073468.599999994,8130,WL,A,1.0
7,12.428999900817871,immed,47571.00009918213,Wed Sep 23 2026 15:10:16 GMT-0500 (Central Daylight Time),1085897.900000006,A,,I,backspace,184,2,12429.300000011921,1073468.599999994,8130,WL,A,1.0
7,15.161999940872192,immed,44838.00005912781,Wed Sep 23 2026 15:10:16 GMT-0500 (Central Daylight Time),1088630.400000006,A,t,I,t,2712,2,15161.800000011921,1073468.599999994,8130,WL,A,1.0
7,15.295000076293945,immed,44704.999923706055,Wed Sep 23 2026 15:10:16 GMT-0500 (Central Daylight Time),1088763.599999994,A,tr,I,r,123,2,15295.0,1073468.599999994,8130,WL,A,1.0
7,15.477999925613403,immed,44522.0000743866,Wed Sep 23 2026 15:10:16 GMT-0500 (Central Daylight Time),1088946.800000012,A,tra,I,a,174,2,15478.200000017881,1073468.599999994,8130,WL,A,1.0
7,15.510999917984009,immed,44489.00008201599,Wed Sep 23 2026 15:10:16 GMT-0500 (Central Daylight Time),1088980.099999994,A,trai,I,i,15,2,15511.5,1073468.599999994,8130,WL,A,1.0
7,15.644999980926514,immed,44355.000019073486,Wed Sep 23 2026 15:10:16 GMT-0500 (Central Daylight Time),1089113.5,A,train,I,n,126,2,15644.90000000596,1073468.599999994,8130,WL,A,1.0
7,15.861000061035156,immed,44138.999938964844,Wed Sep 23 2026 15:10:16 GMT-0500 (Central Daylight Time),1089329.900000006,A,trainenter,I,enter,208,2,15861.300000011921,1073468.599999994,8130,WL,A,1.0
7,16.76099991798401,immed,43239.00008201599,Wed Sep 23 2026 15:10:16 GMT-0500 (Central Daylight Time),1090229.599999994,A,f,I,f,880,2,899.4000000059605,1089330.199999988,8130,WL,A,2.0
7,16.82699990272522,immed,43173.00009727478,Wed Sep 23 2026 15:10:16 GMT-0500 (Central Daylight Time),1090296.199999988,A,fl,I,l,58,2,966.0,1089330.199999988,8130,WL,A,2.0
7,17.01099991798401,immed,42989.00008201599,Wed Sep 23 2026 15:10:16 GMT-0500 (Central Daylight Time),1090480.0,A,flo,I,o,169,2,1149.800000011921,1089330.199999988,8130,WL,A,2.0
7,17.09500002861023,immed,42904.99997138977,Wed Sep 23 2026 15:10:16 GMT-0500 (Central Daylight Time),1090563.900000006,A,flow,I,w,66,2,1233.7000000178814,1089330.199999988,8130,WL,A,2.0
7,17.17799997329712,immed,42822.00002670288,Wed Sep 23 2026 15:10:16 GMT-0500 (Central Daylight Time),1090646.400000006,A,flowe,I,e,69,2,1316.2000000178814,1089330.199999988,8130,WL,A,2.0
7,17.311000108718872,immed,42688.99989128113,Wed Sep 23 2026 15:10:16 GMT-0500 (Central Daylight Time),1090779.699999988,A,flower,I,r,113,2,1449.5,1089330.199999988,8130,WL,A,2.0
7,17.543999910354614,immed,42456.000089645386,Wed Sep 23 2026 15:10:16 GMT-0500 (Central Daylight Time),1091012.800000012,A,flowerenter,I,enter,221,2,1682.6000000238419,1089330.199999988,8130,WL,A,2.0
7,17.877000093460083,immed,42122.99990653992,Wed Sep 23 2026 15:10:16 GMT-0500 (Central Daylight Time),1091346.099999994,A,r,I,r,324,2,333.0,1091013.099999994,8130,WL,A,3.0
7,18.05999994277954,immed,41940.00005722046,Wed Sep 23 2026 15:10:16 GMT-0500 (Central Daylight Time),1091529.300000012,A,ru,I,u,175,2,516.2000000178814,1091013.099999994,8130,WL,A,3.0
7,18.193000078201294,immed,41806.999921798706,Wed Sep 23 2026 15:10:16 GMT-0500 (Central Daylight Time),1091662.199999988,A,rug,I,g,128,2,649.0999999940395,1091013.099999994,8130,WL,A,3.0
7,18.39400005340576,immed,41605.99994659424,Wed Sep 23 2026 15:10:16 GMT-0500 (Central Daylight Time),1091862.5,A,rugenter,I,enter,186,2,849.4000000059605,1091013.099999994,8130,WL,A,3.0
7,19.97699999809265,immed,40023.00000190735,Wed Sep 23 2026 15:10:16 GMT-0500 (Central Daylight Time),1093446.0,A,l,I,l,1562,2,1583.199999988079,1091862.800000012,8130,WL,A,4.0
7,20.177000045776367,immed,39822.99995422363,Wed Sep 23 2026 15:10:16 GMT-0500 (Central Daylight Time),1093645.400000006,A,lo,I,o,179,2,1782.5999999940395,1091862.800000012,8130,WL,A,4.0
7,20.30999994277954,immed,39690.00005722046,Wed Sep 23 2026 15:10:16 GMT-0500 (Central Daylight Time),1093778.699999988,A,log,I,g,116,2,1915.8999999761581,1091862.800000012,8130,WL,A,4.0
7,20.426000118255615,immed,39573.999881744385,Wed Sep 23 2026 15:10:16 GMT-0500 (Central Daylight Time),1093894.900000006,A,logenter,I,enter,111,2,2032.0999999940395,1091862.800000012,8130,WL,A,4.0
7,20.693000078201294,immed,39306.999921798706,Wed Sep 23 2026 15:10:16 GMT-0500 (Central Daylight Time),1094161.800000012,A,k,I,k,259,2,266.7000000178814,1093895.099999994,8130,WL,A,5.0
7,20.80999994277954,immed,39190.00005722046,Wed Sep 23 2026 15:10:16 GMT-0500 (Central Daylight Time),1094278.599999994,A,ke,I,e,104,2,383.5,1093895.099999994,8130,WL,A,5.0
7,20.9760000705719,immed,39023.9999294281,Wed Sep 23 2026 15:10:16 GMT-0500 (Central Daylight Time),1094445.199999988,A,key,I,y,155,2,550.0999999940395,1093895.099999994,8130,WL,A,5.0
7,21.358999967575073,immed,38641.00003242493,Wed Sep 23 2026 15:10:16 GMT-0500 (Central Daylight Time),1094828.300000012,A,keyenter,I,enter,364,2,933.2000000178814,1093895.099999994,8130,WL,A,5.0
7,21.89199995994568,immed,38108.00004005432,Wed Sep 23 2026 15:10:16 GMT-0500 (Central Daylight Time),1095361.400000006,A,b,I,b,525,2,532.8000000119209,1094828.599999994,8130,WL,A,6.0
7,22.04200005531311,immed,37957.99994468689,Wed Sep 23 2026 15:10:16 GMT-0500 (Central Daylight Time),1095511.300000012,A,bu,I,u,136,2,682.7000000178814,1094828.599999994,8130,WL,A,6.0
7,22.191999912261963,immed,37808.00008773804,Wed Sep 23 2026 15:10:16 GMT-0500 (Central Daylight Time),1095661.300000012,A,but,I,t,137,2,832.7000000178814,1094828.599999994,8130,WL,A,6.0
7,22.42300009727478,immed,37576.99990272522,Wed Sep 23 2026 15:10:16 GMT-0500 (Central Daylight Time),1095892.0,A,butt,I,t,131,2,1063.4000000059605,1094828.599999994,8130,WL,A,6.0
7,22.42799997329712,immed,37572.00002670288,Wed Sep 23 2026 15:10:16 GMT-0500 (Central Daylight Time),1095897.800000012,A,butto,I,o,0,2,1069.2000000178814,1094828.599999994,8130,WL,A,6.0
7,22.569999933242798,immed,37430.0000667572,Wed Sep 23 2026 15:10:16 GMT-0500 (Central Daylight Time),1096039.800000012,A,button,I,n,111,2,1211.2000000178814,1094828.599999994,8130,WL,A,6.0
7,22.693000078201294,immed,37306.999921798706,Wed Sep 23 2026 15:10:16 GMT-0500 (Central Daylight Time),1096161.800000012,A,buttonenter,I,enter,105,2,1333.2000000178814,1094828.599999994,8130,WL,A,6.0
7,22.875,immed,37125.0,Wed Sep 23 2026 15:10:16 GMT-0500 (Central Daylight Time),1096344.5,A,f,I,f,167,2,182.40000000596046,1096162.099999994,8130,WL,A,7.0
7,22.95900011062622,immed,37040.99988937378,Wed Sep 23 2026 15:10:16 GMT-0500 (Central Daylight Time),1096428.0,A,fi,I,i,73,2,265.90000000596046,1096162.099999994,8130,WL,A,7.0
7,23.092000007629395,immed,36907.999992370605,Wed Sep 23 2026 15:10:16 GMT-0500 (Central Daylight Time),1096561.0,A,fin,I,n,117,2,398.90000000596046,1096162.099999994,8130,WL,A,7.0
7,23.125,immed,36875.0,Wed Sep 23 2026 15:10:16 GMT-0500 (Central Daylight Time),1096594.699999988,A,fing,I,g,16,2,432.59999999403954,1096162.099999994,8130,WL,A,7.0
7,23.27500009536743,immed,36724.99990463257,Wed Sep 23 2026 15:10:16 GMT-0500 (Central Daylight Time),1096744.199999988,A,finge,I,e,143,2,582.0999999940395,1096162.099999994,8130,WL,A,7.0
7,23.375,immed,36625.0,Wed Sep 23 2026 15:10:16 GMT-0500 (Central Daylight Time),1096844.5,A,finger,I,r,89,2,682.4000000059605,1096162.099999994,8130,WL,A,7.0
7,23.77500009536743,immed,36224.99990463257,Wed Sep 23 2026 15:10:16 GMT-0500 (Central Daylight Time),1097244.099999994,A,fingerenter,I,enter,389,2,1082.0,1096162.099999994,8130,WL,A,7.0
7,25.391000032424927,immed,34608.99996757507,Wed Sep 23 2026 15:10:16 GMT-0500 (Central Daylight Time),1098860.300000012,A,g,I,g,1596,2,1615.9000000059605,1097244.400000006,8130,WL,A,8.0
7,25.47499990463257,immed,34525.00009536743,Wed Sep 23 2026 15:10:16 GMT-0500 (Central Daylight Time),1098943.800000012,A,go,I,o,76,2,1699.4000000059605,1097244.400000006,8130,WL,A,8.0
7,25.657000064849854,immed,34342.99993515015,Wed Sep 23 2026 15:10:16 GMT-0500 (Central Daylight Time),1099126.699999988,A,gol,I,l,178,2,1882.2999999821186,1097244.400000006,8130,WL,A,8.0
7,25.907999992370605,immed,34092.000007629395,Wed Sep 23 2026 15:10:16 GMT-0500 (Central Daylight Time),1099376.699999988,A,gold,I,d,243,2,2132.2999999821186,1097244.400000006,8130,WL,A,8.0
7,26.074000120162964,immed,33925.999879837036,Wed Sep 23 2026 15:10:16 GMT-0500 (Central Daylight Time),1099543.400000006,A,goldenter,I,enter,153,2,2299.0,1097244.400000006,8130,WL,A,8.0
7,26.27500009536743,immed,33724.99990463257,Wed Sep 23 2026 15:10:16 GMT-0500 (Central Daylight Time),1099744.5,A,r,I,r,194,2,200.80000001192093,1099543.699999988,8130,WL,A,9.0
7,26.424000024795532,immed,33575.99997520447,Wed Sep 23 2026 15:10:16 GMT-0500 (Central Daylight Time),1099893.400000006,A,ra,I,a,129,2,349.7000000178814,1099543.699999988,8130,WL,A,9.0
7,26.624000072479248,immed,33375.99992752075,Wed Sep 23 2026 15:10:16 GMT-0500 (Central Daylight Time),1100093.199999988,A,rat,I,t,180,2,549.5,1099543.699999988,8130,WL,A,9.0
7,26.756999969482422,immed,33243.00003051758,Wed Sep 23 2026 15:10:16 GMT-0500 (Central Daylight Time),1100226.5,A,ratt,I,t,115,2,682.8000000119209,1099543.699999988,8130,WL,A,9.0
7,26.957000017166138,immed,33042.99998283386,Wed Sep 23 2026 15:10:16 GMT-0500 (Central Daylight Time),1100426.400000006,A,rattl,I,l,183,2,882.7000000178814,1099543.699999988,8130,WL,A,9.0
7,27.124000072479248,immed,32875.99992752075,Wed Sep 23 2026 15:10:16 GMT-0500 (Central Daylight Time),1100593.099999994,A,rattle,I,e,151,2,1049.4000000059605,1099543.699999988,8130,WL,A,9.0
7,27.325000047683716,immed,32674.999952316284,Wed Sep 23 2026 15:10:16 GMT-0500 (Central Daylight Time),1100794.099999994,A,rattleenter,I,enter,192,2,1250.4000000059605,1099543.699999988,8130,WL,A,9.0
7,31.188999891281128,immed,28811.000108718872,Wed Sep 23 2026 15:10:16 GMT-0500 (Central Daylight Time),1104658.300000012,A,f,I,f,3847,2,3864.0,1100794.300000012,8130,WL,A,10.0
7,31.33899998664856,immed,28661.00001335144,Wed Sep 23 2026 15:10:16 GMT-0500 (Central Daylight Time),1104808.400000006,A,fl,I,l,135,2,4014.0999999940395,1100794.300000012,8130,WL,A,10.0
7,31.50600004196167,immed,28493.99995803833,Wed Sep 23 2026 15:10:16 GMT-0500 (Central Daylight Time),1104975.0,A,flo,I,o,153,2,4180.699999988079,1100794.300000012,8130,WL,A,10.0
7,31.622999906539917,immed,28377.000093460083,Wed Sep 23 2026 15:10:16 GMT-0500 (Central Daylight Time),1105091.699999988,A,flow,I,w,107,2,4297.399999976158,1100794.300000012,8130,WL,A,10.0
7,31.789000034332275,immed,28210.999965667725,Wed Sep 23 2026 15:10:16 GMT-0500 (Central Daylight Time),1105258.199999988,A,flowe,I,e,158,2,4463.899999976158,1100794.300000012,8130,WL,A,10.0
7,31.972000122070312,immed,28027.999877929688,Wed Sep 23 2026 15:10:16 GMT-0500 (Central Daylight Time),1105441.5,A,flower,I,r,175,2,4647.199999988079,1100794.300000012,8130,WL,A,10.0
7,32.289000034332275,immed,27710.999965667725,Wed Sep 23 2026 15:10:16 GMT-0500 (Central Daylight Time),1105758.0,A,flowerenter,I,enter,304,2,4963.699999988079,1100794.300000012,8130,WL,A,10.0
7,32.5550000667572,immed,27444.999933242798,Wed Sep 23 2026 15:10:16 GMT-0500 (Central Daylight Time),1106024.599999994,A,m,I,m,260,2,266.2999999821186,1105758.300000012,8130,WL,A,11.0
7,32.72200012207031,immed,27277.999877929688,Wed Sep 23 2026 15:10:16 GMT-0500 (Central Daylight Time),1106191.099999994,A,me,I,e,153,2,432.7999999821186,1105758.300000012,8130,WL,A,11.0
7,32.98900008201599,immed,27010.99991798401,Wed Sep 23 2026 15:10:16 GMT-0500 (Central Daylight Time),1106458.0,A,mea,I,a,258,2,699.6999999880791,1105758.300000012,8130,WL,A,11.0
7,33.138999938964844,immed,26861.000061035156,Wed Sep 23 2026 15:10:16 GMT-0500 (Central Daylight Time),1106608.099999994,A,mead,I,d,135,2,849.7999999821186,1105758.300000012,8130,WL,A,11.0
7,33.289000034332275,immed,26710.999965667725,Wed Sep 23 2026 15:10:16 GMT-0500 (Central Daylight Time),1106757.800000012,A,meado,I,o,145,2,999.5,1105758.300000012,8130,WL,A,11.0
7,33.454999923706055,immed,26545.000076293945,Wed Sep 23 2026 15:10:16 GMT-0500 (Central Daylight Time),1106924.400000006,A,meadow,I,w,156,2,1166.0999999940395,1105758.300000012,8130,WL,A,11.0
7,33.88800001144409,immed,26111.99998855591,Wed Sep 23 2026 15:10:16 GMT-0500 (Central Daylight Time),1107357.599999994,A,meadowenter,I,enter,412,2,1599.2999999821186,1105758.300000012,8130,WL,A,11.0
7,34.355000019073486,immed,25644.999980926514,Wed Sep 23 2026 15:10:16 GMT-0500 (Central Daylight Time),1107824.199999988,A,h,I,h,460,2,466.19999998807907,1107358.0,8130,WL,A,12.0
7,34.48799991607666,immed,25512.00008392334,Wed Sep 23 2026 15:10:16 GMT-0500 (Central Daylight Time),1107957.599999994,A,ha,I,a,112,2,599.5999999940395,1107358.0,8130,WL,A,12.0
7,34.65499997138977,immed,25345.00002861023,Wed Sep 23 2026 15:10:16 GMT-0500 (Central Daylight Time),1108124.099999994,A,har,I,r,156,2,766.0999999940395,1107358.0,8130,WL,A,12.0
7,34.8050000667572,immed,25194.999933242798,Wed Sep 23 2026 15:10:16 GMT-0500 (Central Daylight Time),1108274.0,A,harp,I,p,132,2,916.0,1107358.0,8130,WL,A,12.0
7,35.020999908447266,immed,24979.000091552734,Wed Sep 23 2026 15:10:16 GMT-0500 (Central Daylight Time),1108490.699999988,A,harpenter,I,enter,200,2,1132.699999988079,1107358.0,8130,WL,A,12.0
7,35.270999908447266,immed,24729.000091552734,Wed Sep 23 2026 15:10:16 GMT-0500 (Central Daylight Time),1108740.699999988,A,c,I,c,231,2,249.69999998807907,1108491.0,8130,WL,A,13.0
7,35.4210000038147,immed,24578.999996185303,Wed Sep 23 2026 15:10:16 GMT-0500 (Central Daylight Time),1108890.599999994,A,ch,I,h,141,2,399.59999999403954,1108491.0,8130,WL,A,13.0
7,35.5550000667572,immed,24444.999933242798,Wed Sep 23 2026 15:10:16 GMT-0500 (Central Daylight Time),1109023.900000006,A,chi,I,i,127,2,532.9000000059605,1108491.0,8130,WL,A,13.0
7,35.75500011444092,immed,24244.999885559082,Wed Sep 23 2026 15:10:16 GMT-0500 (Central Daylight Time),1109223.800000012,A,chim,I,m,185,2,732.8000000119209,1108491.0,8130,WL,A,13.0
7,35.92199993133545,immed,24078.00006866455,Wed Sep 23 2026 15:10:16 GMT-0500 (Central Daylight Time),1109391.400000006,A,chimn,I,n,146,2,900.4000000059605,1108491.0,8130,WL,A,13.0
7,36.03699994087219,immed,23963.000059127808,Wed Sep 23 2026 15:10:16 GMT-0500 (Central Daylight Time),1109506.699999988,A,chimne,I,e,106,2,1015.6999999880791,1108491.0,8130,WL,A,13.0
7,36.1710000038147,immed,23828.999996185303,Wed Sep 23 2026 15:10:16 GMT-0500 (Central Daylight Time),1109640.099999994,A,chimney,I,y,119,2,1149.0999999940395,1108491.0,8130,WL,A,13.0
7,36.72099995613098,immed,23279.00004386902,Wed Sep 23 2026 15:10:16 GMT-0500 (Central Daylight Time),1110190.0,A,chimneyenter,I,enter,545,2,1699.0,1108491.0,8130,WL,A,13.0
7,37.03699994087219,immed,22963.000059127808,Wed Sep 23 2026 15:10:16 GMT-0500 (Central Daylight Time),1110506.599999994,A,s,I,s,299,2,316.2999999821186,1110190.300000012,8130,WL,A,14.0
7,37.1710000038147,immed,22828.999996185303,Wed Sep 23 2026 15:10:16 GMT-0500 (Central Daylight Time),1110639.900000006,A,sa,I,a,119,2,449.59999999403954,1110190.300000012,8130,WL,A,14.0
7,37.28699994087219,immed,22713.000059127808,Wed Sep 23 2026 15:10:16 GMT-0500 (Central Daylight Time),1110756.5,A,sal,I,l,105,2,566.1999999880791,1110190.300000012,8130,WL,A,14.0
7,37.520999908447266,immed,22479.000091552734,Wed Sep 23 2026 15:10:16 GMT-0500 (Central Daylight Time),1110989.800000012,A,salt,I,t,228,2,799.5,1110190.300000012,8130,WL,A,14.0
7,37.83699989318848,immed,22163.000106811523,Wed Sep 23 2026 15:10:16 GMT-0500 (Central Daylight Time),1111306.400000006,A,saltenter,I,enter,300,2,1116.0999999940395,1110190.300000012,8130,WL,A,14.0
7,41.70300006866455,immed,18296.99993133545,Wed Sep 23 2026 15:10:16 GMT-0500 (Central Daylight Time),1115171.900000006,A,a,I,a,3855,2,3865.2000000178814,1111306.699999988,8130,WL,A,15.0
7,41.80200004577637,immed,18197.999954223633,Wed Sep 23 2026 15:10:16 GMT-0500 (Central Daylight Time),1115271.5,A,ap,I,p,93,2,3964.800000011921,1111306.699999988,8130,WL,A,15.0
7,41.95300006866455,immed,18046.99993133545,Wed Sep 23 2026 15:10:16 GMT-0500 (Central Daylight Time),1115421.900000006,A,app,I,p,146,2,4115.200000017881,1111306.699999988,8130,WL,A,15.0
7,42.13599991798401,immed,17864.00008201599,Wed Sep 23 2026 15:10:16 GMT-0500 (Central Daylight Time),1115605.300000012,A,appl,I,l,172,2,4298.600000023842,1111306.699999988,8130,WL,A,15.0
7,42.25200009346008,immed,17747.999906539917,Wed Sep 23 2026 15:10:16 GMT-0500 (Central Daylight Time),1115721.599999994,A,apple,I,e,101,2,4414.9000000059605,1111306.699999988,8130,WL,A,15.0
7,42.37000012397766,immed,17629.99987602234,Wed Sep 23 2026 15:10:16 GMT-0500 (Central Daylight Time),1115839.400000006,A,appleenter,I,enter,104,2,4532.700000017881,1111306.699999988,8130,WL,A,15.0
