block_c,block_dur,condition,countdown,datetime,endtime,list,multichar_response,project,response,response_time,session_number,start_end,starttime,subject_id,task,task_vers,trial
,,,,Fri Oct 09 2026 14:22:19 GMT-0500 (Central Daylight Time),,,,I,space,654,3,,,8100,WL,C,
prac,,0,,Fri Oct 09 2026 14:22:19 GMT-0500 (Central Daylight Time),,NA,b,I,b,10361,3,,,8100,WL,C,1.0
prac,,0,,Fri Oct 09 2026 14:22:19 GMT-0500 (Central Daylight Time),,NA,bo,I,o,241,3,,,8100,WL,C,1.0
prac,,0,,Fri Oct 09 2026 14:22:19 GMT-0500 (Central Daylight Time),,NA,boo,I,o,407,3,,,8100,WL,C,1.0
prac,,0,,Fri Oct 09 2026 14:22:19 GMT-0500 (Central Daylight Time),,NA,boos,I,s,160,3,,,8100,WL,C,1.0
prac,,0,,Fri Oct 09 2026 14:22:19 GMT-0500 (Central Daylight Time),,NA,boost,I,t,96,3,,,8100,WL,C,1.0
prac,,0,,Fri Oct 09 2026 14:22:19 GMT-0500 (Central Daylight Time),,NA,boostenter,I,enter,196,3,,,8100,WL,C,1.0
1,2.932000160217285,learn,57067.999839782715,Fri Oct 09 2026 14:22:19 GMT-0500 (Central Daylight Time),98989.5,A,w,I,w,2915,3,2932.5999999046326,96056.90000009537,8100,WL,C,1.0
1,3.448000192642212,learn,56551.99980735779,Fri Oct 09 2026 14:22:19 GMT-0500 (Central Daylight Time),99505.5,A,wh,I,h,499,3,3448.5999999046326,96056.90000009537,8100,WL,C,1.0
1,3.632000207901001,learn,56367.999792099,Fri Oct 09 2026 14:22:19 GMT-0500 (Central Daylight Time),99689.0,A,whe,I,e,162,3,3632.0999999046326,96056.90000009537,8100,WL,C,1.0
1,4.331000089645386,learn,55668.999910354614,Fri Oct 09 2026 14:22:19 GMT-0500 (Central Daylight Time),100388.60000014305,A,whea,I,a,689,3,4331.700000047684,96056.90000009537,8100,WL,C,1.0
1,4.448000192642212,learn,55551.99980735779,Fri Oct 09 2026 14:22:19 GMT-0500 (Central Daylight Time),100505.0,A,wheat,I,t,110,3,4448.099999904633,96056.90000009537,8100,WL,C,1.0
1,4.833000183105469,learn,55166.99981689453,Fri Oct 09 2026 14:22:19 GMT-0500 (Central Daylight Time),100889.80000019073,A,wheatenter,I,enter,370,3,4832.900000095367,96056.90000009537,8100,WL,C,1.0
1,5.198000192642212,learn,54801.99980735779,Fri Oct 09 2026 14:22:19 GMT-0500 (Central Daylight Time),101255.40000009537,A,t,I,t,346,3,365.0,100890.40000009537,8100,WL,C,2.0
1,5.29800009727478,learn,54701.99990272522,Fri Oct 09 2026 14:22:19 GMT-0500 (Central Daylight Time),101355.30000019073,A,to,I,o,84,3,464.90000009536743,100890.40000009537,8100,WL,C,2.0
1,5.481000185012817,learn,54518.99981498718,Fri Oct 09 2026 14:22:19 GMT-0500 (Central Daylight Time),101538.20000004768,A,tow,I,w,177,3,647.7999999523163,100890.40000009537,8100,WL,C,2.0
1,5.614000082015991,learn,54385.99991798401,Fri Oct 09 2026 14:22:19 GMT-0500 (Central Daylight Time),101671.60000014305,A,towe,I,e,112,3,781.2000000476837,100890.40000009537,8100,WL,C,2.0
1,5.664000034332275,learn,54335.999965667725,Fri Oct 09 2026 14:22:19 GMT-0500 (Central Daylight Time),101721.40000009537,A,tower,I,r,44,3,831.0,100890.40000009537,8100,WL,C,2.0
1,6.064000129699707,learn,53935.99987030029,Fri Oct 09 2026 14:22:19 GMT-0500 (Central Daylight Time),102121.60000014305,A,towerenter,I,enter,394,3,1231.2000000476837,100890.40000009537,8100,WL,C,2.0
1,6.382000207901001,learn,53617.999792099,Fri Oct 09 2026 14:22:19 GMT-0500 (Central Daylight Time),102439.20000004768,A,q,I,q,305,3,317.2000000476837,102122.0,8100,WL,C,3.0
1,6.565000057220459,learn,53434.99994277954,Fri Oct 09 2026 14:22:19 GMT-0500 (Central Daylight Time),102621.70000004768,A,qu,I,u,164,3,499.7000000476837,102122.0,8100,WL,C,3.0
1,6.748000144958496,learn,53251.999855041504,Fri Oct 09 2026 14:22:19 GMT-0500 (Central Daylight Time),102804.60000014305,A,que,I,e,174,3,682.6000001430511,102122.0,8100,WL,C,3.0
1,7.0980000495910645,learn,52901.999950408936,Fri Oct 09 2026 14:22:19 GMT-0500 (Central Daylight Time),103155.20000004768,A,quee,I,e,335,3,1033.2000000476837,102122.0,8100,WL,C,3.0
1,7.28000020980835,learn,52719.99979019165,Fri Oct 09 2026 14:22:19 GMT-0500 (Central Daylight Time),103337.5,A,queen,I,n,176,3,1215.5,102122.0,8100,WL,C,3.0
1,8.11300015449524,learn,51886.99984550476,Fri Oct 09 2026 14:22:19 GMT-0500 (Central Daylight Time),104170.5,A,queenenter,I,enter,818,3,2048.5,102122.0,8100,WL,C,3.0
1,8.463000059127808,learn,51536.99994087219,Fri Oct 09 2026 14:22:19 GMT-0500 (Central Daylight Time),104520.60000014305,A,h,I,h,337,3,349.7999999523163,104170.80000019073,8100,WL,C,4.0
1,8.664000034332275,learn,51335.999965667725,Fri Oct 09 2026 14:22:19 GMT-0500 (Central Daylight Time),104720.90000009537,A,ho,I,o,187,3,550.0999999046326,104170.80000019073,8100,WL,C,4.0
1,8.897000074386597,learn,51102.9999256134,Fri Oct 09 2026 14:22:19 GMT-0500 (Central Daylight Time),104954.0,A,hom,I,m,211,3,783.1999998092651,104170.80000019073,8100,WL,C,4.0
1,8.997000217437744,learn,51002.999782562256,Fri Oct 09 2026 14:22:19 GMT-0500 (Central Daylight Time),105053.90000009537,A,home,I,e,82,3,883.0999999046326,104170.80000019073,8100,WL,C,4.0
1,9.763000011444092,learn,50236.99998855591,Fri Oct 09 2026 14:22:19 GMT-0500 (Central Daylight Time),105820.10000014305,A,homeenter,I,enter,758,3,1649.2999999523163,104170.80000019073,8100,WL,C,4.0
1,10.097000122070312,learn,49902.99987792969,Fri Oct 09 2026 14:22:19 GMT-0500 (Central Daylight Time),106153.60000014305,A,b,I,b,312,3,333.10000014305115,105820.5,8100,WL,C,5.0
1,10.196000099182129,learn,49803.99990081787,Fri Oct 09 2026 14:22:19 GMT-0500 (Central Daylight Time),106253.60000014305,A,bo,I,o,82,3,433.10000014305115,105820.5,8100,WL,C,5.0
1,10.480000019073486,learn,49519.999980926514,Fri Oct 09 2026 14:22:19 GMT-0500 (Central Daylight Time),106536.80000019073,A,boy,I,y,262,3,716.3000001907349,105820.5,8100,WL,C,5.0
1,11.2260000705719,learn,48773.9999294281,Fri Oct 09 2026 14:22:19 GMT-0500 (Central Daylight Time),107283.0,A,boyenter,I,enter,741,3,1462.5,105820.5,8100,WL,C,5.0
1,11.479000091552734,learn,48520.999908447266,Fri Oct 09 2026 14:22:19 GMT-0500 (Central Daylight Time),107536.5,A,b,I,b,231,3,253.19999980926514,107283.30000019073,8100,WL,C,6.0
1,11.61300015449524,learn,48386.99984550476,Fri Oct 09 2026 14:22:19 GMT-0500 (Central Daylight Time),107669.80000019073,A,bo,I,o,114,3,386.5,107283.30000019073,8100,WL,C,6.0
1,11.813000202178955,learn,48186.999797821045,Fri Oct 09 2026 14:22:19 GMT-0500 (Central Daylight Time),107869.5,A,bod,I,d,189,3,586.1999998092651,107283.30000019073,8100,WL,C,6.0
1,11.92900013923645,learn,48070.99986076355,Fri Oct 09 2026 14:22:19 GMT-0500 (Central Daylight Time),107985.90000009537,A,body,I,y,111,3,702.5999999046326,107283.30000019073,8100,WL,C,6.0
1,12.995000123977661,learn,47004.99987602234,Fri Oct 09 2026 14:22:19 GMT-0500 (Central Daylight Time),109052.20000004768,A,bodyenter,I,enter,1057,3,1768.8999998569489,107283.30000019073,8100,WL,C,6.0
1,17.261000156402588,learn,42738.99984359741,Fri Oct 09 2026 14:22:19 GMT-0500 (Central Daylight Time),113317.80000019073,A,c,I,c,4247,3,4265.400000095367,109052.40000009537,8100,WL,C,7.0
1,17.511000156402588,learn,42488.99984359741,Fri Oct 09 2026 14:22:19 GMT-0500 (Central Daylight Time),113568.0,A,ca,I,a,229,3,4515.599999904633,109052.40000009537,8100,WL,C,7.0
1,17.627000093460083,learn,42372.99990653992,Fri Oct 09 2026 14:22:19 GMT-0500 (Central Daylight Time),113684.40000009537,A,cat,I,t,99,3,4632.0,109052.40000009537,8100,WL,C,7.0
1,17.844000101089478,learn,42155.99989891052,Fri Oct 09 2026 14:22:19 GMT-0500 (Central Daylight Time),113901.20000004768,A,catt,I,t,206,3,4848.799999952316,109052.40000009537,8100,WL,C,7.0
1,18.027000188827515,learn,41972.999811172485,Fri Oct 09 2026 14:22:19 GMT-0500 (Central Daylight Time),114084.20000004768,A,cattl,I,l,174,3,5031.799999952316,109052.40000009537,8100,WL,C,7.0
1,18.16100001335144,learn,41838.99998664856,Fri Oct 09 2026 14:22:19 GMT-0500 (Central Daylight Time),114218.40000009537,A,cattle,I,e,118,3,5166.0,109052.40000009537,8100,WL,C,7.0
1,18.694000005722046,learn,41305.999994277954,Fri Oct 09 2026 14:22:19 GMT-0500 (Central Daylight Time),114751.10000014305,A,cattleenter,I,enter,514,3,5698.700000047684,109052.40000009537,8100,WL,C,7.0
1,43.13499999046326,learn,16865.000009536743,Fri Oct 09 2026 14:22:19 GMT-0500 (Central Daylight Time),139193.30000019073,A,h,I,h,24430,3,24441.800000190735,114751.5,8100,WL,C,8.0
1,43.55200004577637,learn,16447.999954223633,Fri Oct 09 2026 14:22:19 GMT-0500 (Central Daylight Time),139609.90000009537,A,ho,I,o,402,3,24858.400000095367,114751.5,8100,WL,C,8.0
1,43.753000020980835,learn,16246.999979019165,Fri Oct 09 2026 14:22:19 GMT-0500 (Central Daylight Time),139810.60000014305,A,hom,I,m,192,3,25059.10000014305,114751.5,8100,WL,C,8.0
1,43.8510000705719,learn,16148.9999294281,Fri Oct 09 2026 14:22:19 GMT-0500 (Central Daylight Time),139909.30000019073,A,home,I,e,81,3,25157.800000190735,114751.5,8100,WL,C,8.0
1,44.318000078201294,learn,15681.999921798706,Fri Oct 09 2026 14:22:19 GMT-0500 (Central Daylight Time),140375.90000009537,A,homeenter,I,enter,455,3,25624.400000095367,114751.5,8100,WL,C,8.0
1,57.63100004196167,learn,2368.99995803833,Fri Oct 09 2026 14:22:19 GMT-0500 (Central Daylight Time),153688.70000004768,A,d,I,d,13292,3,13312.5,140376.20000004768,8100,WL,C,9.0
1,57.7810001373291,learn,2218.9998626708984,Fri Oct 09 2026 14:22:19 GMT-0500 (Central Daylight Time),153838.60000014305,A,do,I,o,129,3,13462.400000095367,140376.20000004768,8100,WL,C,9.0
1,57.8970000743866,learn,2102.9999256134033,Fri Oct 09 2026 14:22:19 GMT-0500 (Central Daylight Time),153955.0,A,doc,I,c,110,3,13578.799999952316,140376.20000004768,8100,WL,C,9.0
1,58.12700009346008,learn,1872.999906539917,Fri Oct 09 2026 14:22:19 GMT-0500 (Central Daylight Time),154185.10000014305,A,doct,I,t,225,3,13808.900000095367,140376.20000004768,8100,WL,C,9.0
1,58.27400016784668,learn,1725.9998321533203,Fri Oct 09 2026 14:22:19 GMT-0500 (Central Daylight Time),154332.10000014305,A,docto,I,o,142,3,13955.900000095367,140376.20000004768,8100,WL,C,9.0
1,58.3970000743866,learn,1602.9999256134033,Fri Oct 09 2026 14:22:19 GMT-0500 (Central Daylight Time),154454.90000009537,A,doctor,I,r,104,3,14078.700000047684,140376.20000004768,8100,WL,C,9.0
1,58.79700016975403,learn,1202.9998302459717,Fri Oct 09 2026 14:22:19 GMT-0500 (Central Daylight Time),154855.0,A,doctorenter,I,enter,390,3,14478.799999952316,140376.20000004768,8100,WL,C,9.0
1,60.01300001144409,learn,-13.000011444091797,Fri Oct 09 2026 14:22:19 GMT-0500 (Central Daylight Time),156071.5,A,None,I,None,1211,3,1216.0999999046326,154855.40000009537,8100,WL,C,10.0
2,0.8659999370574951,learn,59134.000062942505,Fri Oct 09 2026 14:22:19 GMT-0500 (Central Daylight Time),221534.20000004768,A,n,I,n,857,3,866.3999998569489,220667.80000019073,8100,WL,C,1.0
2,1.1509997844696045,learn,58849.000215530396,Fri Oct 09 2026 14:22:19 GMT-0500 (Central Daylight Time),221818.40000009537,A,na,I,a,262,3,1150.5999999046326,220667.80000019073,8100,WL,C,1.0
2,1.2159998416900635,learn,58784.00015830994,Fri Oct 09 2026 14:22:19 GMT-0500 (Central Daylight Time),221883.90000009537,A,nai,I,i,57,3,1216.0999999046326,220667.80000019073,8100,WL,C,1.0
2,1.4829998016357422,learn,58517.00019836426,Fri Oct 09 2026 14:22:19 GMT-0500 (Central Daylight Time),222150.40000009537,A,nail,I,l,256,3,1482.5999999046326,220667.80000019073,8100,WL,C,1.0
2,1.7819998264312744,learn,58218.000173568726,Fri Oct 09 2026 14:22:19 GMT-0500 (Central Daylight Time),222450.30000019073,A,nailenter,I,enter,285,3,1782.5,220667.80000019073,8100,WL,C,1.0
2,2.131999969482422,learn,57868.00003051758,Fri Oct 09 2026 14:22:19 GMT-0500 (Central Daylight Time),222800.30000019073,A,f,I,f,338,3,349.60000014305115,222450.70000004768,8100,WL,C,2.0
2,2.248999834060669,learn,57751.00016593933,Fri Oct 09 2026 14:22:19 GMT-0500 (Central Daylight Time),222916.90000009537,A,fl,I,l,107,3,466.2000000476837,222450.70000004768,8100,WL,C,2.0
2,2.4159998893737793,learn,57584.00011062622,Fri Oct 09 2026 14:22:19 GMT-0500 (Central Daylight Time),223083.5,A,fla,I,a,152,3,632.7999999523163,222450.70000004768,8100,WL,C,2.0
2,2.6989998817443848,learn,57301.000118255615,Fri Oct 09 2026 14:22:19 GMT-0500 (Central Daylight Time),223366.60000014305,A,flag,I,g,265,3,915.9000000953674,222450.70000004768,8100,WL,C,2.0
2,2.9159998893737793,learn,57084.00011062622,Fri Oct 09 2026 14:22:19 GMT-0500 (Central Daylight Time),223583.60000014305,A,flagenter,I,enter,206,3,1132.9000000953674,222450.70000004768,8100,WL,C,2.0
2,4.414999961853027,learn,55585.00003814697,Fri Oct 09 2026 14:22:19 GMT-0500 (Central Daylight Time),225083.30000019073,A,t,I,t,1485,3,1499.4000000953674,223583.90000009537,8100,WL,C,3.0
2,4.497999906539917,learn,55502.00009346008,Fri Oct 09 2026 14:22:19 GMT-0500 (Central Daylight Time),225166.20000004768,A,to,I,o,65,3,1582.2999999523163,223583.90000009537,8100,WL,C,3.0
2,4.697999954223633,learn,55302.00004577637,Fri Oct 09 2026 14:22:19 GMT-0500 (Central Daylight Time),225366.20000004768,A,tow,I,w,181,3,1782.2999999523163,223583.90000009537,8100,WL,C,3.0
2,4.747999906539917,learn,55252.00009346008,Fri Oct 09 2026 14:22:19 GMT-0500 (Central Daylight Time),225416.20000004768,A,towe,I,e,30,3,1832.2999999523163,223583.90000009537,8100,WL,C,3.0
2,4.832000017166138,learn,55167.99998283386,Fri Oct 09 2026 14:22:19 GMT-0500 (Central Daylight Time),225499.60000014305,A,tower,I,r,77,3,1915.7000000476837,223583.90000009537,8100,WL,C,3.0
2,5.164999961853027,learn,54835.00003814697,Fri Oct 09 2026 14:22:19 GMT-0500 (Central Daylight Time),225832.70000004768,A,towerenter,I,enter,312,3,2248.7999999523163,223583.90000009537,8100,WL,C,3.0
2,5.430999994277954,learn,54569.000005722046,Fri Oct 09 2026 14:22:19 GMT-0500 (Central Daylight Time),226099.20000004768,A,s,I,s,252,3,266.2000000476837,225833.0,8100,WL,C,4.0
2,5.597999811172485,learn,54402.000188827515,Fri Oct 09 2026 14:22:19 GMT-0500 (Central Daylight Time),226266.0,A,sh,I,h,145,3,433.0,225833.0,8100,WL,C,4.0
2,5.630999803543091,learn,54369.00019645691,Fri Oct 09 2026 14:22:19 GMT-0500 (Central Daylight Time),226299.0,A,sho,I,o,26,3,466.0,225833.0,8100,WL,C,4.0
2,5.747999906539917,learn,54252.00009346008,Fri Oct 09 2026 14:22:19 GMT-0500 (Central Daylight Time),226416.0,A,shor,I,r,105,3,583.0,225833.0,8100,WL,C,4.0
2,5.847999811172485,learn,54152.000188827515,Fri Oct 09 2026 14:22:19 GMT-0500 (Central Daylight Time),226515.90000009537,A,shore,I,e,85,3,682.9000000953674,225833.0,8100,WL,C,4.0
2,6.148999929428101,learn,53851.0000705719,Fri Oct 09 2026 14:22:19 GMT-0500 (Central Daylight Time),226816.60000014305,A,shoreenter,I,enter,296,3,983.6000001430511,225833.0,8100,WL,C,4.0
2,6.430999994277954,learn,53569.000005722046,Fri Oct 09 2026 14:22:19 GMT-0500 (Central Daylight Time),227099.0,A,b,I,b,268,3,282.09999990463257,226816.90000009537,8100,WL,C,5.0
2,6.563999891281128,learn,53436.00010871887,Fri Oct 09 2026 14:22:19 GMT-0500 (Central Daylight Time),227232.20000004768,A,bo,I,o,121,3,415.2999999523163,226816.90000009537,8100,WL,C,5.0
2,6.797999858856201,learn,53202.0001411438,Fri Oct 09 2026 14:22:19 GMT-0500 (Central Daylight Time),227465.5,A,bod,I,d,228,3,648.5999999046326,226816.90000009537,8100,WL,C,5.0
2,6.880999803543091,learn,53119.00019645691,Fri Oct 09 2026 14:22:19 GMT-0500 (Central Daylight Time),227548.90000009537,A,body,I,y,67,3,732.0,226816.90000009537,8100,WL,C,5.0
2,7.2149999141693115,learn,52785.00008583069,Fri Oct 09 2026 14:22:19 GMT-0500 (Central Daylight Time),227883.0,A,bodyenter,I,enter,328,3,1066.0999999046326,226816.90000009537,8100,WL,C,5.0
2,7.46399998664856,learn,52536.00001335144,Fri Oct 09 2026 14:22:19 GMT-0500 (Central Daylight Time),228131.80000019073,A,d,I,d,233,3,248.5,227883.30000019073,8100,WL,C,6.0
2,7.546999931335449,learn,52453.00006866455,Fri Oct 09 2026 14:22:19 GMT-0500 (Central Daylight Time),228215.30000019073,A,do,I,o,64,3,332.0,227883.30000019073,8100,WL,C,6.0
2,7.730999946594238,learn,52269.00005340576,Fri Oct 09 2026 14:22:19 GMT-0500 (Central Daylight Time),228398.70000004768,A,doc,I,c,165,3,515.3999998569489,227883.30000019073,8100,WL,C,6.0
2,7.980999946594238,learn,52019.00005340576,Fri Oct 09 2026 14:22:19 GMT-0500 (Central Daylight Time),228648.5,A,doct,I,t,229,3,765.1999998092651,227883.30000019073,8100,WL,C,6.0
2,8.247999906539917,learn,51752.00009346008,Fri Oct 09 2026 14:22:19 GMT-0500 (Central Daylight Time),228915.80000019073,A,docto,I,o,260,3,1032.5,227883.30000019073,8100,WL,C,6.0
2,8.396999835968018,learn,51603.00016403198,Fri Oct 09 2026 14:22:19 GMT-0500 (Central Daylight Time),229065.0,A,doctor,I,r,137,3,1181.6999998092651,227883.30000019073,8100,WL,C,6.0
2,8.846999883651733,learn,51153.00011634827,Fri Oct 09 2026 14:22:19 GMT-0500 (Central Daylight Time),229515.0,A,doctorenter,I,enter,435,3,1631.6999998092651,227883.30000019073,8100,WL,C,6.0
2,10.77999997138977,learn,49220.00002861023,Fri Oct 09 2026 14:22:19 GMT-0500 (Central Daylight Time),231447.60000014305,A,w,I,w,1913,3,1932.2999999523163,229515.30000019073,8100,WL,C,7.0
2,10.912999868392944,learn,49087.000131607056,Fri Oct 09 2026 14:22:19 GMT-0500 (Central Daylight Time),231580.80000019073,A,wh,I,h,116,3,2065.5,229515.30000019073,8100,WL,C,7.0
2,10.962999820709229,learn,49037.00017929077,Fri Oct 09 2026 14:22:19 GMT-0500 (Central Daylight Time),231630.70000004768,A,whe,I,e,31,3,2115.399999856949,229515.30000019073,8100,WL,C,7.0
2,11.212999820709229,learn,48787.00017929077,Fri Oct 09 2026 14:22:19 GMT-0500 (Central Daylight Time),231880.80000019073,A,whea,I,a,229,3,2365.5,229515.30000019073,8100,WL,C,7.0
2,11.329999923706055,learn,48670.000076293945,Fri Oct 09 2026 14:22:19 GMT-0500 (Central Daylight Time),231997.30000019073,A,wheat,I,t,99,3,2482.0,229515.30000019073,8100,WL,C,7.0
2,11.69599986076355,learn,48304.00013923645,Fri Oct 09 2026 14:22:19 GMT-0500 (Central Daylight Time),232363.90000009537,A,wheatenter,I,enter,351,3,2848.5999999046326,229515.30000019073,8100,WL,C,7.0
2,12.013000011444092,learn,47986.99998855591,Fri Oct 09 2026 14:22:19 GMT-0500 (Central Daylight Time),232680.60000014305,A,c,I,c,305,3,316.40000009536743,232364.20000004768,8100,WL,C,8.0
2,12.078999996185303,learn,47921.0000038147,Fri Oct 09 2026 14:22:19 GMT-0500 (Central Daylight Time),232746.90000009537,A,co,I,o,51,3,382.7000000476837,232364.20000004768,8100,WL,C,8.0
2,12.263000011444092,learn,47736.99998855591,Fri Oct 09 2026 14:22:19 GMT-0500 (Central Daylight Time),232930.5,A,cor,I,r,177,3,566.2999999523163,232364.20000004768,8100,WL,C,8.0
2,12.44599986076355,learn,47554.00013923645,Fri Oct 09 2026 14:22:19 GMT-0500 (Central Daylight Time),233113.90000009537,A,corn,I,n,162,3,749.7000000476837,232364.20000004768,8100,WL,C,8.0
2,12.995999813079834,learn,47004.000186920166,Fri Oct 09 2026 14:22:19 GMT-0500 (Central Daylight Time),233663.90000009537,A,cornenter,I,enter,538,3,1299.7000000476837,232364.20000004768,8100,WL,C,8.0
2,13.978999853134155,learn,46021.000146865845,Fri Oct 09 2026 14:22:19 GMT-0500 (Central Daylight Time),234646.60000014305,A,t,I,t,973,3,982.4000000953674,233664.20000004768,8100,WL,C,9.0
2,14.061999797821045,learn,45938.000202178955,Fri Oct 09 2026 14:22:19 GMT-0500 (Central Daylight Time),234729.60000014305,A,to,I,o,77,3,1065.4000000953674,233664.20000004768,8100,WL,C,9.0
2,14.178999900817871,learn,45821.00009918213,Fri Oct 09 2026 14:22:19 GMT-0500 (Central Daylight Time),234846.40000009537,A,tow,I,w,107,3,1182.2000000476837,233664.20000004768,8100,WL,C,9.0
2,14.228999853134155,learn,45771.000146865845,Fri Oct 09 2026 14:22:19 GMT-0500 (Central Daylight Time),234896.5,A,towe,I,e,38,3,1232.2999999523163,233664.20000004768,8100,WL,C,9.0
2,14.27899980545044,learn,45721.00019454956,Fri Oct 09 2026 14:22:19 GMT-0500 (Central Daylight Time),234946.5,A,tower,I,r,44,3,1282.2999999523163,233664.20000004768,8100,WL,C,9.0
2,14.644999980926514,learn,45355.000019073486,Fri Oct 09 2026 14:22:19 GMT-0500 (Central Daylight Time),235312.90000009537,A,towerenter,I,enter,353,3,1648.7000000476837,233664.20000004768,8100,WL,C,9.0
2,14.977999925613403,learn,45022.0000743866,Fri Oct 09 2026 14:22:19 GMT-0500 (Central Daylight Time),235646.20000004768,A,q,I,q,324,3,333.09999990463257,235313.10000014305,8100,WL,C,10.0
2,15.127999782562256,learn,44872.000217437744,Fri Oct 09 2026 14:22:19 GMT-0500 (Central Daylight Time),235796.10000014305,A,qu,I,u,134,3,483.0,235313.10000014305,8100,WL,C,10.0
2,15.26199984550476,learn,44738.00015449524,Fri Oct 09 2026 14:22:19 GMT-0500 (Central Daylight Time),235929.40000009537,A,que,I,e,112,3,616.2999999523163,235313.10000014305,8100,WL,C,10.0
2,15.411999940872192,learn,44588.00005912781,Fri Oct 09 2026 14:22:19 GMT-0500 (Central Daylight Time),236079.70000004768,A,quee,I,e,139,3,766.5999999046326,235313.10000014305,8100,WL,C,10.0
2,15.577999830245972,learn,44422.00016975403,Fri Oct 09 2026 14:22:19 GMT-0500 (Central Daylight Time),236246.0,A,queen,I,n,149,3,932.8999998569489,235313.10000014305,8100,WL,C,10.0
2,15.894999980926514,learn,44105.000019073486,Fri Oct 09 2026 14:22:19 GMT-0500 (Central Daylight Time),236562.70000004768,A,queenenter,I,enter,310,3,1249.5999999046326,235313.10000014305,8100,WL,C,10.0
2,16.227999925613403,learn,43772.0000743866,Fri Oct 09 2026 14:22:19 GMT-0500 (Central Daylight Time),236895.70000004768,A,b,I,b,322,3,332.7000000476837,236563.0,8100,WL,C,11.0
2,16.34499979019165,learn,43655.00020980835,Fri Oct 09 2026 14:22:19 GMT-0500 (Central Daylight Time),237012.60000014305,A,bo,I,o,109,3,449.60000014305115,236563.0,8100,WL,C,11.0
2,16.560999870300293,learn,43439.00012969971,Fri Oct 09 2026 14:22:19 GMT-0500 (Central Daylight Time),237229.20000004768,A,bod,I,d,208,3,666.2000000476837,236563.0,8100,WL,C,11.0
2,16.694000005722046,learn,43305.999994277954,Fri Oct 09 2026 14:22:19 GMT-0500 (Central Daylight Time),237362.0,A,body,I,y,127,3,799.0,236563.0,8100,WL,C,11.0
2,17.194000005722046,learn,42805.999994277954,Fri Oct 09 2026 14:22:19 GMT-0500 (Central Daylight Time),237862.20000004768,A,bodyenter,I,enter,490,3,1299.2000000476837,236563.0,8100,WL,C,11.0
2,17.5939998626709,learn,42406.0001373291,Fri Oct 09 2026 14:22:19 GMT-0500 (Central Daylight Time),238262.20000004768,A,b,I,b,390,3,399.7000000476837,237862.5,8100,WL,C,12.0
2,17.74399995803833,learn,42256.00004196167,Fri Oct 09 2026 14:22:19 GMT-0500 (Central Daylight Time),238412.10000014305,A,bo,I,o,134,3,549.6000001430511,237862.5,8100,WL,C,12.0
2,18.24399995803833,learn,41756.00004196167,Fri Oct 09 2026 14:22:19 GMT-0500 (Central Daylight Time),238912.0,A,boy,I,y,488,3,1049.5,237862.5,8100,WL,C,12.0
2,19.15999984741211,learn,40840.00015258789,Fri Oct 09 2026 14:22:19 GMT-0500 (Central Daylight Time),239828.20000004768,A,boyenter,I,enter,900,3,1965.7000000476837,237862.5,8100,WL,C,12.0
2,24.757999897003174,learn,35242.000102996826,Fri Oct 09 2026 14:22:19 GMT-0500 (Central Daylight Time),245426.5,A,s,I,s,5592,3,5597.899999856949,239828.60000014305,8100,WL,C,13.0
2,24.89199995994568,learn,35108.00004005432,Fri Oct 09 2026 14:22:19 GMT-0500 (Central Daylight Time),245559.80000019073,A,su,I,u,113,3,5731.200000047684,239828.60000014305,8100,WL,C,13.0
2,25.092999935150146,learn,34907.00006484985,Fri Oct 09 2026 14:22:19 GMT-0500 (Central Daylight Time),245761.10000014305,A,sug,I,g,188,3,5932.5,239828.60000014305,8100,WL,C,13.0
2,25.507999897003174,learn,34492.000102996826,Fri Oct 09 2026 14:22:19 GMT-0500 (Central Daylight Time),246176.30000019073,A,suga,I,a,394,3,6347.700000047684,239828.60000014305,8100,WL,C,13.0
2,25.607999801635742,learn,34392.00019836426,Fri Oct 09 2026 14:22:19 GMT-0500 (Central Daylight Time),246276.10000014305,A,sugar,I,r,84,3,6447.5,239828.60000014305,8100,WL,C,13.0
2,26.057999849319458,learn,33942.00015068054,Fri Oct 09 2026 14:22:19 GMT-0500 (Central Daylight Time),246726.20000004768,A,sugarenter,I,enter,440,3,6897.599999904633,239828.60000014305,8100,WL,C,13.0
2,26.423999786376953,learn,33576.00021362305,Fri Oct 09 2026 14:22:19 GMT-0500 (Central Daylight Time),247092.5,A,h,I,h,350,3,366.0,246726.5,8100,WL,C,14.0
2,26.556999921798706,learn,33443.000078201294,Fri Oct 09 2026 14:22:19 GMT-0500 (Central Daylight Time),247225.5,A,ho,I,o,128,3,499.0,246726.5,8100,WL,C,14.0
2,26.87399983406067,learn,33126.00016593933,Fri Oct 09 2026 14:22:19 GMT-0500 (Central Daylight Time),247542.60000014305,A,hom,I,m,299,3,816.1000001430511,246726.5,8100,WL,C,14.0
2,26.973999977111816,learn,33026.00002288818,Fri Oct 09 2026 14:22:19 GMT-0500 (Central Daylight Time),247642.5,A,home,I,e,86,3,916.0,246726.5,8100,WL,C,14.0
2,27.656999826431274,learn,32343.000173568726,Fri Oct 09 2026 14:22:19 GMT-0500 (Central Daylight Time),248325.60000014305,A,homeenter,I,enter,666,3,1599.1000001430511,246726.5,8100,WL,C,14.0
2,29.35699987411499,learn,30643.00012588501,Fri Oct 09 2026 14:22:19 GMT-0500 (Central Daylight Time),250025.30000019073,A,b,I,b,1679,3,1699.3000001907349,248326.0,8100,WL,C,15.0
2,29.406999826431274,learn,30593.000173568726,Fri Oct 09 2026 14:22:19 GMT-0500 (Central Daylight Time),250074.90000009537,A,bo,I,o,42,3,1748.9000000953674,248326.0,8100,WL,C,15.0
2,29.58999991416931,learn,30410.00008583069,Fri Oct 09 2026 14:22:19 GMT-0500 (Central Daylight Time),250258.30000019073,A,boy,I,y,177,3,1932.3000001907349,248326.0,8100,WL,C,15.0
2,30.057999849319458,learn,29942.000150680542,Fri Oct 09 2026 14:22:19 GMT-0500 (Central Daylight Time),250726.10000014305,A,boyenter,I,enter,450,3,2400.100000143051,248326.0,8100,WL,C,15.0
3,0.7670001983642578,learn,59232.99980163574,Fri Oct 09 2026 14:22:19 GMT-0500 (Central Daylight Time),316954.2000000477,A,b,I,b,754,3,766.7000000476837,316187.5,8100,WL,C,1.0
3,0.9330000877380371,learn,59066.99991226196,Fri Oct 09 2026 14:22:19 GMT-0500 (Central Daylight Time),317120.5,A,bo,I,o,152,3,933.0,316187.5,8100,WL,C,1.0
3,1.1660001277923584,learn,58833.99987220764,Fri Oct 09 2026 14:22:19 GMT-0500 (Central Daylight Time),317354.10000014305,A,boy,I,y,220,3,1166.6000001430511,316187.5,8100,WL,C,1.0
3,1.5,learn,58500.0,Fri Oct 09 2026 14:22:19 GMT-0500 (Central Daylight Time),317687.30000019073,A,boyenter,I,enter,322,3,1499.8000001907349,316187.5,8100,WL,C,1.0
3,1.7660000324249268,learn,58233.99996757507,Fri Oct 09 2026 14:22:19 GMT-0500 (Central Daylight Time),317953.90000009537,A,b,I,b,245,3,266.2000000476837,317687.7000000477,8100,WL,C,2.0
3,1.9000000953674316,learn,58099.99990463257,Fri Oct 09 2026 14:22:19 GMT-0500 (Central Daylight Time),318087.2000000477,A,bo,I,o,122,3,399.5,317687.7000000477,8100,WL,C,2.0
3,2.2260000705718994,learn,57773.9999294281,Fri Oct 09 2026 14:22:19 GMT-0500 (Central Daylight Time),318413.2000000477,A,bod,I,d,181,3,725.5,317687.7000000477,8100,WL,C,2.0
3,2.2330000400543213,learn,57766.99995994568,Fri Oct 09 2026 14:22:19 GMT-0500 (Central Daylight Time),318420.80000019073,A,body,I,y,0,3,733.1000001430511,317687.7000000477,8100,WL,C,2.0
3,2.616000175476074,learn,57383.999824523926,Fri Oct 09 2026 14:22:19 GMT-0500 (Central Daylight Time),318803.5,A,bodyenter,I,enter,366,3,1115.7999999523163,317687.7000000477,8100,WL,C,2.0
3,2.9160001277923584,learn,57083.99987220764,Fri Oct 09 2026 14:22:19 GMT-0500 (Central Daylight Time),319103.30000019073,A,d,I,d,288,3,299.40000009536743,318803.90000009537,8100,WL,C,3.0
3,2.999000072479248,learn,57000.99992752075,Fri Oct 09 2026 14:22:19 GMT-0500 (Central Daylight Time),319186.60000014305,A,do,I,o,77,3,382.7000000476837,318803.90000009537,8100,WL,C,3.0
3,3.200000047683716,learn,56799.999952316284,Fri Oct 09 2026 14:22:19 GMT-0500 (Central Daylight Time),319387.40000009537,A,doc,I,c,186,3,583.5,318803.90000009537,8100,WL,C,3.0
3,3.432000160217285,learn,56567.999839782715,Fri Oct 09 2026 14:22:19 GMT-0500 (Central Daylight Time),319619.90000009537,A,doct,I,t,216,3,816.0,318803.90000009537,8100,WL,C,3.0
3,3.5820000171661377,learn,56417.99998283386,Fri Oct 09 2026 14:22:19 GMT-0500 (Central Daylight Time),319769.90000009537,A,docto,I,o,137,3,966.0,318803.90000009537,8100,WL,C,3.0
3,3.7320001125335693,learn,56267.99988746643,Fri Oct 09 2026 14:22:19 GMT-0500 (Central Daylight Time),319919.90000009537,A,doctor,I,r,138,3,1116.0,318803.90000009537,8100,WL,C,3.0
3,4.266000032424927,learn,55733.99996757507,Fri Oct 09 2026 14:22:19 GMT-0500 (Central Daylight Time),320453.10000014305,A,doctorenter,I,enter,524,3,1649.2000000476837,318803.90000009537,8100,WL,C,3.0
3,4.815000057220459,learn,55184.99994277954,Fri Oct 09 2026 14:22:19 GMT-0500 (Central Daylight Time),321002.80000019073,A,c,I,c,542,3,549.2000000476837,320453.60000014305,8100,WL,C,4.0
3,4.881999969482422,learn,55118.00003051758,Fri Oct 09 2026 14:22:19 GMT-0500 (Central Daylight Time),321069.40000009537,A,co,I,o,58,3,615.7999999523163,320453.60000014305,8100,WL,C,4.0
3,5.083000183105469,learn,54916.99981689453,Fri Oct 09 2026 14:22:19 GMT-0500 (Central Daylight Time),321270.40000009537,A,cor,I,r,183,3,816.7999999523163,320453.60000014305,8100,WL,C,4.0
3,5.232000112533569,learn,54767.99988746643,Fri Oct 09 2026 14:22:19 GMT-0500 (Central Daylight Time),321419.30000019073,A,core,I,e,134,3,965.7000000476837,320453.60000014305,8100,WL,C,4.0
3,5.299000024795532,learn,54700.99997520447,Fri Oct 09 2026 14:22:19 GMT-0500 (Central Daylight Time),321486.2000000477,A,coren,I,n,49,3,1032.5999999046326,320453.60000014305,8100,WL,C,4.0
3,5.898000001907349,learn,54101.99999809265,Fri Oct 09 2026 14:22:19 GMT-0500 (Central Daylight Time),322085.90000009537,A,core,I,backspace,582,3,1632.2999999523163,320453.60000014305,8100,WL,C,4.0
3,6.04800009727478,learn,53951.99990272522,Fri Oct 09 2026 14:22:19 GMT-0500 (Central Daylight Time),322235.80000019073,A,cor,I,backspace,135,3,1782.2000000476837,320453.60000014305,8100,WL,C,4.0
3,6.332000017166138,learn,53667.99998283386,Fri Oct 09 2026 14:22:19 GMT-0500 (Central Daylight Time),322519.2000000477,A,corn,I,n,273,3,2065.5999999046326,320453.60000014305,8100,WL,C,4.0
3,6.6650002002716064,learn,53334.99979972839,Fri Oct 09 2026 14:22:19 GMT-0500 (Central Daylight Time),322852.40000009537,A,cornenter,I,enter,317,3,2398.7999999523163,320453.60000014305,8100,WL,C,4.0
3,6.998000144958496,learn,53001.999855041504,Fri Oct 09 2026 14:22:19 GMT-0500 (Central Daylight Time),323185.5,A,q,I,q,320,3,332.7999999523163,322852.7000000477,8100,WL,C,5.0
3,7.148000001907349,learn,52851.99999809265,Fri Oct 09 2026 14:22:19 GMT-0500 (Central Daylight Time),323335.30000019073,A,qu,I,u,131,3,482.60000014305115,322852.7000000477,8100,WL,C,5.0
3,7.38100004196167,learn,52618.99995803833,Fri Oct 09 2026 14:22:19 GMT-0500 (Central Daylight Time),323568.7000000477,A,que,I,e,211,3,716.0,322852.7000000477,8100,WL,C,5.0
3,7.598999977111816,learn,52401.00002288818,Fri Oct 09 2026 14:22:19 GMT-0500 (Central Daylight Time),323786.40000009537,A,quee,I,e,195,3,933.7000000476837,322852.7000000477,8100,WL,C,5.0
3,7.781000137329102,learn,52218.9998626709,Fri Oct 09 2026 14:22:19 GMT-0500 (Central Daylight Time),323968.5,A,queen,I,n,169,3,1115.7999999523163,322852.7000000477,8100,WL,C,5.0
3,8.46399998664856,learn,51536.00001335144,Fri Oct 09 2026 14:22:19 GMT-0500 (Central Daylight Time),324651.7000000477,A,queenenter,I,enter,676,3,1799.0,322852.7000000477,8100,WL,C,5.0
3,10.180000066757202,learn,49819.9999332428,Fri Oct 09 2026 14:22:19 GMT-0500 (Central Daylight Time),326367.80000019073,A,c,I,c,1696,3,1715.9000000953674,324651.90000009537,8100,WL,C,6.0
3,10.513000011444092,learn,49486.99998855591,Fri Oct 09 2026 14:22:19 GMT-0500 (Central Daylight Time),326701.0,A,ct,I,t,317,3,2049.0999999046326,324651.90000009537,8100,WL,C,6.0
3,10.897000074386597,learn,49102.9999256134,Fri Oct 09 2026 14:22:19 GMT-0500 (Central Daylight Time),327084.2000000477,A,c,I,backspace,375,3,2432.2999999523163,324651.90000009537,8100,WL,C,6.0
3,10.980000019073486,learn,49019.999980926514,Fri Oct 09 2026 14:22:19 GMT-0500 (Central Daylight Time),327167.7000000477,A,ca,I,a,64,3,2515.7999999523163,324651.90000009537,8100,WL,C,6.0
3,11.130000114440918,learn,48869.99988555908,Fri Oct 09 2026 14:22:19 GMT-0500 (Central Daylight Time),327317.7000000477,A,cat,I,t,133,3,2665.7999999523163,324651.90000009537,8100,WL,C,6.0
3,11.380000114440918,learn,48619.99988555908,Fri Oct 09 2026 14:22:19 GMT-0500 (Central Daylight Time),327567.40000009537,A,catl,I,l,229,3,2915.5,324651.90000009537,8100,WL,C,6.0
3,11.763000011444092,learn,48236.99998855591,Fri Oct 09 2026 14:22:19 GMT-0500 (Central Daylight Time),327950.7000000477,A,cat,I,backspace,365,3,3298.7999999523163,324651.90000009537,8100,WL,C,6.0
3,11.831000089645386,learn,48168.999910354614,Fri Oct 09 2026 14:22:19 GMT-0500 (Central Daylight Time),328018.30000019073,A,catt,I,t,62,3,3366.4000000953674,324651.90000009537,8100,WL,C,6.0
3,12.046000003814697,learn,47953.9999961853,Fri Oct 09 2026 14:22:19 GMT-0500 (Central Daylight Time),328233.90000009537,A,cattl,I,l,194,3,3582.0,324651.90000009537,8100,WL,C,6.0
3,12.146000146865845,learn,47853.999853134155,Fri Oct 09 2026 14:22:19 GMT-0500 (Central Daylight Time),328333.80000019073,A,cattle,I,e,90,3,3681.9000000953674,324651.90000009537,8100,WL,C,6.0
3,12.34600019454956,learn,47653.99980545044,Fri Oct 09 2026 14:22:19 GMT-0500 (Central Daylight Time),328534.0,A,cattleenter,I,enter,191,3,3882.0999999046326,324651.90000009537,8100,WL,C,6.0
3,12.979000091552734,learn,47020.999908447266,Fri Oct 09 2026 14:22:19 GMT-0500 (Central Daylight Time),329166.7000000477,A,c,I,c,623,3,632.3999998569489,328534.30000019073,8100,WL,C,7.0
3,13.279000043869019,learn,46720.99995613098,Fri Oct 09 2026 14:22:19 GMT-0500 (Central Daylight Time),329466.80000019073,A,cm,I,m,293,3,932.5,328534.30000019073,8100,WL,C,7.0
3,13.629000186920166,learn,46370.999813079834,Fri Oct 09 2026 14:22:19 GMT-0500 (Central Daylight Time),329816.90000009537,A,cmp,I,p,336,3,1282.5999999046326,328534.30000019073,8100,WL,C,7.0
3,13.996000051498413,learn,46003.99994850159,Fri Oct 09 2026 14:22:19 GMT-0500 (Central Daylight Time),330183.2000000477,A,cm,I,backspace,353,3,1648.8999998569489,328534.30000019073,8100,WL,C,7.0
3,14.59600019454956,learn,45403.99980545044,Fri Oct 09 2026 14:22:19 GMT-0500 (Central Daylight Time),330784.10000014305,A,c,I,backspace,589,3,2249.7999999523163,328534.30000019073,8100,WL,C,7.0
3,14.995000123977661,learn,45004.99987602234,Fri Oct 09 2026 14:22:19 GMT-0500 (Central Daylight Time),331183.0,A,cm,I,m,380,3,2648.699999809265,328534.30000019073,8100,WL,C,7.0
3,15.412000179290771,learn,44587.99982070923,Fri Oct 09 2026 14:22:19 GMT-0500 (Central Daylight Time),331599.40000009537,A,c,I,backspace,397,3,3065.0999999046326,328534.30000019073,8100,WL,C,7.0
3,15.51200008392334,learn,44487.99991607666,Fri Oct 09 2026 14:22:19 GMT-0500 (Central Daylight Time),331699.60000014305,A,ca,I,a,86,3,3165.2999999523163,328534.30000019073,8100,WL,C,7.0
3,15.67900013923645,learn,44320.99986076355,Fri Oct 09 2026 14:22:19 GMT-0500 (Central Daylight Time),331866.2000000477,A,cam,I,m,152,3,3331.899999856949,328534.30000019073,8100,WL,C,7.0
3,15.861000061035156,learn,44138.999938964844,Fri Oct 09 2026 14:22:19 GMT-0500 (Central Daylight Time),332049.10000014305,A,camp,I,p,162,3,3514.7999999523163,328534.30000019073,8100,WL,C,7.0
3,16.195000171661377,learn,43804.99982833862,Fri Oct 09 2026 14:22:19 GMT-0500 (Central Daylight Time),332382.60000014305,A,campenter,I,enter,324,3,3848.2999999523163,328534.30000019073,8100,WL,C,7.0
3,16.66200017929077,learn,43337.99982070923,Fri Oct 09 2026 14:22:19 GMT-0500 (Central Daylight Time),332849.2000000477,A,f,I,f,454,3,466.2999999523163,332382.90000009537,8100,WL,C,8.0
3,16.94600009918213,learn,43053.99990081787,Fri Oct 09 2026 14:22:19 GMT-0500 (Central Daylight Time),333133.7000000477,A,fl,I,l,275,3,750.7999999523163,332382.90000009537,8100,WL,C,8.0
3,17.111999988555908,learn,42888.00001144409,Fri Oct 09 2026 14:22:19 GMT-0500 (Central Daylight Time),333299.90000009537,A,fla,I,a,158,3,917.0,332382.90000009537,8100,WL,C,8.0
3,17.445000171661377,learn,42554.99982833862,Fri Oct 09 2026 14:22:19 GMT-0500 (Central Daylight Time),333632.40000009537,A,flag,I,g,311,3,1249.5,332382.90000009537,8100,WL,C,8.0
3,17.67799997329712,learn,42322.00002670288,Fri Oct 09 2026 14:22:19 GMT-0500 (Central Daylight Time),333865.80000019073,A,flagenter,I,enter,227,3,1482.9000000953674,332382.90000009537,8100,WL,C,8.0
3,17.99500012397766,learn,42004.99987602234,Fri Oct 09 2026 14:22:19 GMT-0500 (Central Daylight Time),334182.2000000477,A,n,I,n,299,3,316.2999999523163,333865.90000009537,8100,WL,C,9.0
3,18.111000061035156,learn,41888.999938964844,Fri Oct 09 2026 14:22:19 GMT-0500 (Central Daylight Time),334298.7000000477,A,na,I,a,102,3,432.7999999523163,333865.90000009537,8100,WL,C,9.0
3,18.49500012397766,learn,41504.99987602234,Fri Oct 09 2026 14:22:19 GMT-0500 (Central Daylight Time),334682.80000019073,A,nai,I,i,378,3,816.9000000953674,333865.90000009537,8100,WL,C,9.0
3,18.844000101089478,learn,41155.99989891052,Fri Oct 09 2026 14:22:19 GMT-0500 (Central Daylight Time),335031.80000019073,A,nail,I,l,337,3,1165.9000000953674,333865.90000009537,8100,WL,C,9.0
3,19.278000116348267,learn,40721.99988365173,Fri Oct 09 2026 14:22:19 GMT-0500 (Central Daylight Time),335466.0,A,nailenter,I,enter,421,3,1600.0999999046326,333865.90000009537,8100,WL,C,9.0
3,20.794000148773193,learn,39205.99985122681,Fri Oct 09 2026 14:22:19 GMT-0500 (Central Daylight Time),336981.30000019073,A,w,I,w,1505,3,1514.9000000953674,335466.40000009537,8100,WL,C,10.0
3,20.894999980926514,learn,39105.000019073486,Fri Oct 09 2026 14:22:19 GMT-0500 (Central Daylight Time),337082.2000000477,A,wh,I,h,79,3,1615.7999999523163,335466.40000009537,8100,WL,C,10.0
3,20.99400019645691,learn,39005.99980354309,Fri Oct 09 2026 14:22:19 GMT-0500 (Central Daylight Time),337181.2000000477,A,whe,I,e,90,3,1714.7999999523163,335466.40000009537,8100,WL,C,10.0
3,21.528000116348267,learn,38471.99988365173,Fri Oct 09 2026 14:22:19 GMT-0500 (Central Daylight Time),337715.2000000477,A,whea,I,a,519,3,2248.7999999523163,335466.40000009537,8100,WL,C,10.0
3,21.594000101089478,learn,38405.99989891052,Fri Oct 09 2026 14:22:19 GMT-0500 (Central Daylight Time),337781.5,A,wheat,I,t,49,3,2315.0999999046326,335466.40000009537,8100,WL,C,10.0
3,21.97699999809265,learn,38023.00000190735,Fri Oct 09 2026 14:22:19 GMT-0500 (Central Daylight Time),338164.2000000477,A,wheatenter,I,enter,373,3,2697.7999999523163,335466.40000009537,8100,WL,C,10.0
3,22.276000022888184,learn,37723.99997711182,Fri Oct 09 2026 14:22:19 GMT-0500 (Central Daylight Time),338463.90000009537,A,t,I,t,288,3,299.40000009536743,338164.5,8100,WL,C,11.0
3,22.377000093460083,learn,37622.99990653992,Fri Oct 09 2026 14:22:19 GMT-0500 (Central Daylight Time),338564.2000000477,A,to,I,o,84,3,399.7000000476837,338164.5,8100,WL,C,11.0
3,22.81000018119812,learn,37189.99981880188,Fri Oct 09 2026 14:22:19 GMT-0500 (Central Daylight Time),338997.30000019073,A,tow,I,w,424,3,832.8000001907349,338164.5,8100,WL,C,11.0
3,22.87600016593933,learn,37123.99983406067,Fri Oct 09 2026 14:22:19 GMT-0500 (Central Daylight Time),339064.0,A,towe,I,e,46,3,899.5,338164.5,8100,WL,C,11.0
3,22.993000030517578,learn,37006.99996948242,Fri Oct 09 2026 14:22:19 GMT-0500 (Central Daylight Time),339180.5,A,tower,I,r,100,3,1016.0,338164.5,8100,WL,C,11.0
3,23.542999982833862,learn,36457.00001716614,Fri Oct 09 2026 14:22:19 GMT-0500 (Central Daylight Time),339730.40000009537,A,towerenter,I,enter,536,3,1565.9000000953674,338164.5,8100,WL,C,11.0
3,24.193000078201294,learn,35806.999921798706,Fri Oct 09 2026 14:22:19 GMT-0500 (Central Daylight Time),340380.10000014305,A,q,I,q,642,3,649.4000000953674,339730.7000000477,8100,WL,C,12.0
3,24.358999967575073,learn,35641.00003242493,Fri Oct 09 2026 14:22:19 GMT-0500 (Central Daylight Time),340546.5,A,qu,I,u,152,3,815.7999999523163,339730.7000000477,8100,WL,C,12.0
3,24.4760000705719,learn,35523.9999294281,Fri Oct 09 2026 14:22:19 GMT-0500 (Central Daylight Time),340663.2000000477,A,que,I,e,106,3,932.5,339730.7000000477,8100,WL,C,12.0
3,24.659000158309937,learn,35340.99984169006,Fri Oct 09 2026 14:22:19 GMT-0500 (Central Daylight Time),340846.40000009537,A,quee,I,e,173,3,1115.7000000476837,339730.7000000477,8100,WL,C,12.0
3,24.858999967575073,learn,35141.00003242493,Fri Oct 09 2026 14:22:19 GMT-0500 (Central Daylight Time),341046.60000014305,A,queen,I,n,190,3,1315.9000000953674,339730.7000000477,8100,WL,C,12.0
3,25.192000150680542,learn,34807.99984931946,Fri Oct 09 2026 14:22:19 GMT-0500 (Central Daylight Time),341379.80000019073,A,queenenter,I,enter,325,3,1649.1000001430511,339730.7000000477,8100,WL,C,12.0
3,25.552000045776367,learn,34447.99995422363,Fri Oct 09 2026 14:22:19 GMT-0500 (Central Daylight Time),341739.10000014305,A,h,I,h,304,3,359.0,341380.10000014305,8100,WL,C,13.0
3,25.70800018310547,learn,34291.99981689453,Fri Oct 09 2026 14:22:19 GMT-0500 (Central Daylight Time),341895.90000009537,A,ho,I,o,142,3,515.7999999523163,341380.10000014305,8100,WL,C,13.0
3,25.95900011062622,learn,34040.99988937378,Fri Oct 09 2026 14:22:19 GMT-0500 (Central Daylight Time),342146.30000019073,A,hom,I,m,237,3,766.2000000476837,341380.10000014305,8100,WL,C,13.0
3,26.125,learn,33875.0,Fri Oct 09 2026 14:22:19 GMT-0500 (Central Daylight Time),342313.0,A,home,I,e,162,3,932.8999998569489,341380.10000014305,8100,WL,C,13.0
3,28.491000175476074,learn,31508.999824523926,Fri Oct 09 2026 14:22:19 GMT-0500 (Central Daylight Time),344678.7000000477,A,homeenter,I,enter,2348,3,3298.5999999046326,341380.10000014305,8100,WL,C,13.0
3,33.6560001373291,learn,26343.9998626709,Fri Oct 09 2026 14:22:19 GMT-0500 (Central Daylight Time),349843.90000009537,A,c,I,c,5150,3,5164.900000095367,344679.0,8100,WL,C,14.0
3,33.9060001373291,learn,26093.9998626709,Fri Oct 09 2026 14:22:19 GMT-0500 (Central Daylight Time),350093.7000000477,A,ca,I,a,240,3,5414.700000047684,344679.0,8100,WL,C,14.0
3,33.973000049591064,learn,26026.999950408936,Fri Oct 09 2026 14:22:19 GMT-0500 (Central Daylight Time),350160.80000019073,A,cam,I,m,47,3,5481.800000190735,344679.0,8100,WL,C,14.0
3,34.23900008201599,learn,25760.99991798401,Fri Oct 09 2026 14:22:19 GMT-0500 (Central Daylight Time),350427.0,A,camp,I,p,260,3,5748.0,344679.0,8100,WL,C,14.0
3,34.9060001373291,learn,25093.9998626709,Fri Oct 09 2026 14:22:19 GMT-0500 (Central Daylight Time),351093.5,A,campenter,I,enter,657,3,6414.5,344679.0,8100,WL,C,14.0
3,42.63600015640259,learn,17363.999843597412,Fri Oct 09 2026 14:22:19 GMT-0500 (Central Daylight Time),358824.30000019073,A,c,I,c,7710,3,7730.400000095367,351093.90000009537,8100,WL,C,15.0
3,42.68600010871887,learn,17313.999891281128,Fri Oct 09 2026 14:22:19 GMT-0500 (Central Daylight Time),358874.30000019073,A,co,I,o,36,3,7780.400000095367,351093.90000009537,8100,WL,C,15.0
3,42.93600010871887,learn,17063.999891281128,Fri Oct 09 2026 14:22:19 GMT-0500 (Central Daylight Time),359124.2000000477,A,con,I,n,234,3,8030.299999952316,351093.90000009537,8100,WL,C,15.0
3,43.319000005722046,learn,16680.999994277954,Fri Oct 09 2026 14:22:19 GMT-0500 (Central Daylight Time),359507.5,A,co,I,backspace,375,3,8413.599999904633,351093.90000009537,8100,WL,C,15.0
3,43.40300011634827,learn,16596.999883651733,Fri Oct 09 2026 14:22:19 GMT-0500 (Central Daylight Time),359590.80000019073,A,coe,I,e,64,3,8496.900000095367,351093.90000009537,8100,WL,C,15.0
3,43.569000005722046,learn,16430.999994277954,Fri Oct 09 2026 14:22:19 GMT-0500 (Central Daylight Time),359757.40000009537,A,coen,I,n,158,3,8663.5,351093.90000009537,8100,WL,C,15.0
3,44.10300016403198,learn,15896.999835968018,Fri Oct 09 2026 14:22:19 GMT-0500 (Central Daylight Time),360290.60000014305,A,coe,I,backspace,519,3,9196.700000047684,351093.90000009537,8100,WL,C,15.0
3,44.60199999809265,learn,15398.000001907349,Fri Oct 09 2026 14:22:19 GMT-0500 (Central Daylight Time),360790.40000009537,A,co,I,backspace,482,3,9696.5,351093.90000009537,8100,WL,C,15.0
3,44.76900005340576,learn,15230.999946594238,Fri Oct 09 2026 14:22:19 GMT-0500 (Central Daylight Time),360956.90000009537,A,c,I,backspace,158,3,9863.0,351093.90000009537,8100,WL,C,15.0
3,44.9520001411438,learn,15047.999858856201,Fri Oct 09 2026 14:22:19 GMT-0500 (Central Daylight Time),361140.5,A,,I,backspace,168,3,10046.599999904633,351093.90000009537,8100,WL,C,15.0
3,56.348000049591064,learn,3651.9999504089355,Fri Oct 09 2026 14:22:19 GMT-0500 (Central Daylight Time),372536.5,A,f,I,f,11376,3,21442.599999904633,351093.90000009537,8100,WL,C,15.0
3,56.44800019264221,learn,3551.999807357788,Fri Oct 09 2026 14:22:19 GMT-0500 (Central Daylight Time),372636.40000009537,A,fl,I,l,92,3,21542.5,351093.90000009537,8100,WL,C,15.0
3,57.165000200271606,learn,2834.9997997283936,Fri Oct 09 2026 14:22:19 GMT-0500 (Central Daylight Time),373353.10000014305,A,f,I,backspace,696,3,22259.200000047684,351093.90000009537,8100,WL,C,15.0
3,57.71500015258789,learn,2284.9998474121094,Fri Oct 09 2026 14:22:19 GMT-0500 (Central Daylight Time),373902.90000009537,A,,I,backspace,530,3,22809.0,351093.90000009537,8100,WL,C,15.0
3,60.01400017738342,learn,-14.000177383422852,Fri Oct 09 2026 14:22:19 GMT-0500 (Central Daylight Time),376202.30000019073,A,None,I,None,2295,3,25108.400000095367,351093.90000009537,8100,WL,C,15.0
4,0.8159999847412109,learn,59184.00001525879,Fri Oct 09 2026 14:22:19 GMT-0500 (Central Daylight Time),441398.30000019073,A,s,I,s,798,3,816.1000001430511,440582.2000000477,8100,WL,C,1.0
4,1.0160000324249268,learn,58983.99996757507,Fri Oct 09 2026 14:22:19 GMT-0500 (Central Daylight Time),441598.2000000477,A,su,I,u,182,3,1016.0,440582.2000000477,8100,WL,C,1.0
4,2.3489999771118164,learn,57651.00002288818,Fri Oct 09 2026 14:22:19 GMT-0500 (Central Daylight Time),442931.2000000477,A,sug,I,g,1326,3,2349.0,440582.2000000477,8100,WL,C,1.0
4,2.700000047683716,learn,57299.999952316284,Fri Oct 09 2026 14:22:19 GMT-0500 (Central Daylight Time),443282.5,A,sugr,I,r,329,3,2700.2999999523163,440582.2000000477,8100,WL,C,1.0
4,3.4649999141693115,learn,56535.00008583069,Fri Oct 09 2026 14:22:19 GMT-0500 (Central Daylight Time),444047.7000000477,A,sug,I,backspace,745,3,3465.5,440582.2000000477,8100,WL,C,1.0
4,3.699000120162964,learn,56300.999879837036,Fri Oct 09 2026 14:22:19 GMT-0500 (Central Daylight Time),444281.0,A,suga,I,a,228,3,3698.7999999523163,440582.2000000477,8100,WL,C,1.0
4,3.865000009536743,learn,56134.99999046326,Fri Oct 09 2026 14:22:19 GMT-0500 (Central Daylight Time),444447.30000019073,A,sugar,I,r,148,3,3865.100000143051,440582.2000000477,8100,WL,C,1.0
4,4.148000001907349,learn,55851.99999809265,Fri Oct 09 2026 14:22:19 GMT-0500 (Central Daylight Time),444730.80000019073,A,sugarenter,I,enter,277,3,4148.600000143051,440582.2000000477,8100,WL,C,1.0
4,4.447999954223633,learn,55552.00004577637,Fri Oct 09 2026 14:22:19 GMT-0500 (Central Daylight Time),445030.80000019073,A,w,I,w,290,3,299.7000000476837,444731.10000014305,8100,WL,C,2.0
4,4.581000089645386,learn,55418.999910354614,Fri Oct 09 2026 14:22:19 GMT-0500 (Central Daylight Time),445163.80000019073,A,wh,I,h,118,3,432.7000000476837,444731.10000014305,8100,WL,C,2.0
4,4.947999954223633,learn,55052.00004577637,Fri Oct 09 2026 14:22:19 GMT-0500 (Central Daylight Time),445530.60000014305,A,wha,I,a,353,3,799.5,444731.10000014305,8100,WL,C,2.0
4,5.081000089645386,learn,54918.999910354614,Fri Oct 09 2026 14:22:19 GMT-0500 (Central Daylight Time),445663.60000014305,A,what,I,t,112,3,932.5,444731.10000014305,8100,WL,C,2.0
4,5.498000144958496,learn,54501.999855041504,Fri Oct 09 2026 14:22:19 GMT-0500 (Central Daylight Time),446080.30000019073,A,wha,I,backspace,405,3,1349.2000000476837,444731.10000014305,8100,WL,C,2.0
4,5.930999994277954,learn,54069.000005722046,Fri Oct 09 2026 14:22:19 GMT-0500 (Central Daylight Time),446513.40000009537,A,wh,I,backspace,426,3,1782.2999999523163,444731.10000014305,8100,WL,C,2.0
4,6.13100004196167,learn,53868.99995803833,Fri Oct 09 2026 14:22:19 GMT-0500 (Central Daylight Time),446713.40000009537,A,whe,I,e,179,3,1982.2999999523163,444731.10000014305,8100,WL,C,2.0
4,6.331000089645386,learn,53668.999910354614,Fri Oct 09 2026 14:22:19 GMT-0500 (Central Daylight Time),446913.5,A,whea,I,a,187,3,2182.399999856949,444731.10000014305,8100,WL,C,2.0
4,6.46399998664856,learn,53536.00001335144,Fri Oct 09 2026 14:22:19 GMT-0500 (Central Daylight Time),447046.7000000477,A,wheat,I,t,123,3,2315.5999999046326,444731.10000014305,8100,WL,C,2.0
4,6.796999931335449,learn,53203.00006866455,Fri Oct 09 2026 14:22:19 GMT-0500 (Central Daylight Time),447379.7000000477,A,wheatenter,I,enter,326,3,2648.5999999046326,444731.10000014305,8100,WL,C,2.0
4,7.164000034332275,learn,52835.999965667725,Fri Oct 09 2026 14:22:19 GMT-0500 (Central Daylight Time),447746.80000019073,A,c,I,c,352,3,366.7000000476837,447380.10000014305,8100,WL,C,3.0
4,7.230999946594238,learn,52769.00005340576,Fri Oct 09 2026 14:22:19 GMT-0500 (Central Daylight Time),447813.10000014305,A,co,I,o,58,3,433.0,447380.10000014305,8100,WL,C,3.0
4,7.414000034332275,learn,52585.999965667725,Fri Oct 09 2026 14:22:19 GMT-0500 (Central Daylight Time),447996.40000009537,A,cor,I,r,175,3,616.2999999523163,447380.10000014305,8100,WL,C,3.0
4,7.647000074386597,learn,52352.9999256134,Fri Oct 09 2026 14:22:19 GMT-0500 (Central Daylight Time),448229.60000014305,A,corn,I,n,216,3,849.5,447380.10000014305,8100,WL,C,3.0
4,8.347000122070312,learn,51652.99987792969,Fri Oct 09 2026 14:22:19 GMT-0500 (Central Daylight Time),448929.5,A,cornenter,I,enter,679,3,1549.3999998569489,447380.10000014305,8100,WL,C,3.0
4,9.04699993133545,learn,50953.00006866455,Fri Oct 09 2026 14:22:19 GMT-0500 (Central Daylight Time),449629.40000009537,A,h,I,h,683,3,699.5999999046326,448929.80000019073,8100,WL,C,4.0
4,9.148000001907349,learn,50851.99999809265,Fri Oct 09 2026 14:22:19 GMT-0500 (Central Daylight Time),449730.2000000477,A,ho,I,o,79,3,800.3999998569489,448929.80000019073,8100,WL,C,4.0
4,9.397000074386597,learn,50602.9999256134,Fri Oct 09 2026 14:22:19 GMT-0500 (Central Daylight Time),449979.40000009537,A,hom,I,m,233,3,1049.5999999046326,448929.80000019073,8100,WL,C,4.0
4,9.496999979019165,learn,50503.000020980835,Fri Oct 09 2026 14:22:19 GMT-0500 (Central Daylight Time),450079.0,A,home,I,e,89,3,1149.1999998092651,448929.80000019073,8100,WL,C,4.0
4,9.845999956130981,learn,50154.00004386902,Fri Oct 09 2026 14:22:19 GMT-0500 (Central Daylight Time),450428.7000000477,A,homeenter,I,enter,342,3,1498.8999998569489,448929.80000019073,8100,WL,C,4.0
4,10.081000089645386,learn,49918.999910354614,Fri Oct 09 2026 14:22:19 GMT-0500 (Central Daylight Time),450663.10000014305,A,b,I,b,224,3,234.10000014305115,450429.0,8100,WL,C,5.0
4,10.213000059127808,learn,49786.99994087219,Fri Oct 09 2026 14:22:19 GMT-0500 (Central Daylight Time),450795.5,A,bo,I,o,124,3,366.5,450429.0,8100,WL,C,5.0
4,10.380000114440918,learn,49619.99988555908,Fri Oct 09 2026 14:22:19 GMT-0500 (Central Daylight Time),450962.0,A,boy,I,y,153,3,533.0,450429.0,8100,WL,C,5.0
4,11.463000059127808,learn,48536.99994087219,Fri Oct 09 2026 14:22:19 GMT-0500 (Central Daylight Time),452045.2000000477,A,boyenter,I,enter,1074,3,1616.2000000476837,450429.0,8100,WL,C,5.0
4,11.828999996185303,learn,48171.0000038147,Fri Oct 09 2026 14:22:19 GMT-0500 (Central Daylight Time),452411.7000000477,A,d,I,d,351,3,366.2000000476837,452045.5,8100,WL,C,6.0
4,11.92900013923645,learn,48070.99986076355,Fri Oct 09 2026 14:22:19 GMT-0500 (Central Daylight Time),452511.90000009537,A,do,I,o,80,3,466.40000009536743,452045.5,8100,WL,C,6.0
4,12.078999996185303,learn,47921.0000038147,Fri Oct 09 2026 14:22:19 GMT-0500 (Central Daylight Time),452661.60000014305,A,doc,I,c,140,3,616.1000001430511,452045.5,8100,WL,C,6.0
4,12.328999996185303,learn,47671.0000038147,Fri Oct 09 2026 14:22:19 GMT-0500 (Central Daylight Time),452911.5,A,doct,I,t,231,3,866.0,452045.5,8100,WL,C,6.0
4,12.562000036239624,learn,47437.999963760376,Fri Oct 09 2026 14:22:19 GMT-0500 (Central Daylight Time),453144.80000019073,A,docto,I,o,222,3,1099.3000001907349,452045.5,8100,WL,C,6.0
4,12.962000131607056,learn,47037.999868392944,Fri Oct 09 2026 14:22:19 GMT-0500 (Central Daylight Time),453544.80000019073,A,doctor,I,r,395,3,1499.3000001907349,452045.5,8100,WL,C,6.0
4,13.296000003814697,learn,46703.9999961853,Fri Oct 09 2026 14:22:19 GMT-0500 (Central Daylight Time),453878.10000014305,A,doctorenter,I,enter,316,3,1832.6000001430511,452045.5,8100,WL,C,6.0
4,13.479000091552734,learn,46520.999908447266,Fri Oct 09 2026 14:22:19 GMT-0500 (Central Daylight Time),454061.10000014305,A,t,I,t,167,3,182.70000004768372,453878.40000009537,8100,WL,C,7.0
4,13.628999948501587,learn,46371.00005149841,Fri Oct 09 2026 14:22:19 GMT-0500 (Central Daylight Time),454211.0,A,to,I,o,135,3,332.59999990463257,453878.40000009537,8100,WL,C,7.0
4,13.76200008392334,learn,46237.99991607666,Fri Oct 09 2026 14:22:19 GMT-0500 (Central Daylight Time),454344.40000009537,A,tow,I,w,121,3,466.0,453878.40000009537,8100,WL,C,7.0
4,13.828999996185303,learn,46171.0000038147,Fri Oct 09 2026 14:22:19 GMT-0500 (Central Daylight Time),454411.0,A,towe,I,e,60,3,532.5999999046326,453878.40000009537,8100,WL,C,7.0
4,13.944999933242798,learn,46055.0000667572,Fri Oct 09 2026 14:22:19 GMT-0500 (Central Daylight Time),454527.7000000477,A,tower,I,r,104,3,649.2999999523163,453878.40000009537,8100,WL,C,7.0
4,14.361999988555908,learn,45638.00001144409,Fri Oct 09 2026 14:22:19 GMT-0500 (Central Daylight Time),454944.2000000477,A,towerenter,I,enter,404,3,1065.7999999523163,453878.40000009537,8100,WL,C,7.0
4,14.628000020980835,learn,45371.999979019165,Fri Oct 09 2026 14:22:19 GMT-0500 (Central Daylight Time),455210.7000000477,A,c,I,c,251,3,266.2000000476837,454944.5,8100,WL,C,8.0
4,14.82800006866455,learn,45171.99993133545,Fri Oct 09 2026 14:22:19 GMT-0500 (Central Daylight Time),455410.60000014305,A,ca,I,a,186,3,466.10000014305115,454944.5,8100,WL,C,8.0
4,14.911999940872192,learn,45088.00005912781,Fri Oct 09 2026 14:22:19 GMT-0500 (Central Daylight Time),455493.90000009537,A,cam,I,m,66,3,549.4000000953674,454944.5,8100,WL,C,8.0
4,15.095999956130981,learn,44904.00004386902,Fri Oct 09 2026 14:22:19 GMT-0500 (Central Daylight Time),455678.40000009537,A,camp,I,p,166,3,733.9000000953674,454944.5,8100,WL,C,8.0
4,15.611000061035156,learn,44388.999938964844,Fri Oct 09 2026 14:22:19 GMT-0500 (Central Daylight Time),456193.40000009537,A,campenter,I,enter,510,3,1248.9000000953674,454944.5,8100,WL,C,8.0
4,15.828999996185303,learn,44171.0000038147,Fri Oct 09 2026 14:22:19 GMT-0500 (Central Daylight Time),456411.40000009537,A,c,I,c,211,3,217.79999995231628,456193.60000014305,8100,WL,C,9.0
4,16.41100001335144,learn,43588.99998664856,Fri Oct 09 2026 14:22:19 GMT-0500 (Central Daylight Time),456993.30000019073,A,ca,I,a,577,3,799.7000000476837,456193.60000014305,8100,WL,C,9.0
4,16.64400005340576,learn,43355.99994659424,Fri Oct 09 2026 14:22:19 GMT-0500 (Central Daylight Time),457226.7000000477,A,cat,I,t,219,3,1033.0999999046326,456193.60000014305,8100,WL,C,9.0
4,16.82800006866455,learn,43171.99993133545,Fri Oct 09 2026 14:22:19 GMT-0500 (Central Daylight Time),457410.10000014305,A,catt,I,t,170,3,1216.5,456193.60000014305,8100,WL,C,9.0
4,16.944000005722046,learn,43055.999994277954,Fri Oct 09 2026 14:22:19 GMT-0500 (Central Daylight Time),457526.60000014305,A,cattl,I,l,98,3,1333.0,456193.60000014305,8100,WL,C,9.0
4,17.044000148773193,learn,42955.99985122681,Fri Oct 09 2026 14:22:19 GMT-0500 (Central Daylight Time),457626.5,A,cattle,I,e,93,3,1432.8999998569489,456193.60000014305,8100,WL,C,9.0
4,17.24399995803833,learn,42756.00004196167,Fri Oct 09 2026 14:22:19 GMT-0500 (Central Daylight Time),457826.7000000477,A,cattleenter,I,enter,193,3,1633.0999999046326,456193.60000014305,8100,WL,C,9.0
4,17.526999950408936,learn,42473.000049591064,Fri Oct 09 2026 14:22:19 GMT-0500 (Central Daylight Time),458109.90000009537,A,n,I,n,274,3,282.7000000476837,457827.2000000477,8100,WL,C,10.0
4,17.66100001335144,learn,42338.99998664856,Fri Oct 09 2026 14:22:19 GMT-0500 (Central Daylight Time),458243.10000014305,A,na,I,a,127,3,415.90000009536743,457827.2000000477,8100,WL,C,10.0
4,18.45300006866455,learn,41546.99993133545,Fri Oct 09 2026 14:22:19 GMT-0500 (Central Daylight Time),459035.80000019073,A,nai,I,i,760,3,1208.6000001430511,457827.2000000477,8100,WL,C,10.0
4,18.694000005722046,learn,41305.999994277954,Fri Oct 09 2026 14:22:19 GMT-0500 (Central Daylight Time),459276.2000000477,A,nail,I,l,225,3,1449.0,457827.2000000477,8100,WL,C,10.0
4,19.07800006866455,learn,40921.99993133545,Fri Oct 09 2026 14:22:19 GMT-0500 (Central Daylight Time),459660.40000009537,A,nailenter,I,enter,368,3,1833.2000000476837,457827.2000000477,8100,WL,C,10.0
4,19.460000038146973,learn,40539.99996185303,Fri Oct 09 2026 14:22:19 GMT-0500 (Central Daylight Time),460042.5,A,f,I,f,375,3,381.7999999523163,459660.7000000477,8100,WL,C,11.0
4,19.64300012588501,learn,40356.99987411499,Fri Oct 09 2026 14:22:19 GMT-0500 (Central Daylight Time),460225.7000000477,A,fl,I,l,177,3,565.0,459660.7000000477,8100,WL,C,11.0
4,19.8270001411438,learn,40172.9998588562,Fri Oct 09 2026 14:22:19 GMT-0500 (Central Daylight Time),460409.0,A,fla,I,a,171,3,748.2999999523163,459660.7000000477,8100,WL,C,11.0
4,20.16000008583069,learn,39839.99991416931,Fri Oct 09 2026 14:22:19 GMT-0500 (Central Daylight Time),460742.30000019073,A,flag,I,g,316,3,1081.6000001430511,459660.7000000477,8100,WL,C,11.0
4,21.176000118255615,learn,38823.999881744385,Fri Oct 09 2026 14:22:19 GMT-0500 (Central Daylight Time),461758.80000019073,A,flagenter,I,enter,998,3,2098.100000143051,459660.7000000477,8100,WL,C,11.0
4,22.80900001525879,learn,37190.99998474121,Fri Oct 09 2026 14:22:19 GMT-0500 (Central Daylight Time),463391.5,A,l,I,l,1613,3,1632.3999998569489,461759.10000014305,8100,WL,C,12.0
4,22.858999967575073,learn,37141.00003242493,Fri Oct 09 2026 14:22:19 GMT-0500 (Central Daylight Time),463441.5,A,le,I,e,37,3,1682.3999998569489,461759.10000014305,8100,WL,C,12.0
4,23.05900001525879,learn,36940.99998474121,Fri Oct 09 2026 14:22:19 GMT-0500 (Central Daylight Time),463641.5,A,let,I,t,187,3,1882.3999998569489,461759.10000014305,8100,WL,C,12.0
4,23.276000022888184,learn,36723.99997711182,Fri Oct 09 2026 14:22:19 GMT-0500 (Central Daylight Time),463858.10000014305,A,lett,I,t,204,3,2099.0,461759.10000014305,8100,WL,C,12.0
4,23.625,learn,36375.0,Fri Oct 09 2026 14:22:19 GMT-0500 (Central Daylight Time),464207.80000019073,A,lette,I,e,338,3,2448.7000000476837,461759.10000014305,8100,WL,C,12.0
4,23.941999912261963,learn,36058.00008773804,Fri Oct 09 2026 14:22:19 GMT-0500 (Central Daylight Time),464524.5,A,letteenter,I,enter,301,3,2765.399999856949,461759.10000014305,8100,WL,C,12.0
4,24.89199995994568,learn,35108.00004005432,Fri Oct 09 2026 14:22:19 GMT-0500 (Central Daylight Time),465474.30000019073,A,l,I,l,936,3,949.5,464524.80000019073,8100,WL,C,13.0
4,25.009000062942505,learn,34990.999937057495,Fri Oct 09 2026 14:22:19 GMT-0500 (Central Daylight Time),465591.0,A,le,I,e,96,3,1066.1999998092651,464524.80000019073,8100,WL,C,13.0
4,25.20799994468689,learn,34792.00005531311,Fri Oct 09 2026 14:22:19 GMT-0500 (Central Daylight Time),465790.80000019073,A,let,I,t,190,3,1266.0,464524.80000019073,8100,WL,C,13.0
4,25.39199995994568,learn,34608.00004005432,Fri Oct 09 2026 14:22:19 GMT-0500 (Central Daylight Time),465974.0,A,lett,I,t,173,3,1449.1999998092651,464524.80000019073,8100,WL,C,13.0
4,25.558000087738037,learn,34441.99991226196,Fri Oct 09 2026 14:22:19 GMT-0500 (Central Daylight Time),466140.5,A,lette,I,e,158,3,1615.6999998092651,464524.80000019073,8100,WL,C,13.0
4,25.60800004005432,learn,34391.99995994568,Fri Oct 09 2026 14:22:19 GMT-0500 (Central Daylight Time),466190.90000009537,A,letter,I,r,32,3,1666.0999999046326,464524.80000019073,8100,WL,C,13.0
4,25.907999992370605,learn,34092.000007629395,Fri Oct 09 2026 14:22:19 GMT-0500 (Central Daylight Time),466490.40000009537,A,letterenter,I,enter,286,3,1965.5999999046326,464524.80000019073,8100,WL,C,13.0
4,26.35800004005432,learn,33641.99995994568,Fri Oct 09 2026 14:22:19 GMT-0500 (Central Daylight Time),466940.5,A,c,I,c,434,3,449.7999999523163,466490.7000000477,8100,WL,C,14.0
4,26.591000080108643,learn,33408.99991989136,Fri Oct 09 2026 14:22:19 GMT-0500 (Central Daylight Time),467173.60000014305,A,ca,I,a,224,3,682.9000000953674,466490.7000000477,8100,WL,C,14.0
4,26.77500009536743,learn,33224.99990463257,Fri Oct 09 2026 14:22:19 GMT-0500 (Central Daylight Time),467357.10000014305,A,cam,I,m,174,3,866.4000000953674,466490.7000000477,8100,WL,C,14.0
4,26.973999977111816,learn,33026.00002288818,Fri Oct 09 2026 14:22:19 GMT-0500 (Central Daylight Time),467556.80000019073,A,camp,I,p,184,3,1066.1000001430511,466490.7000000477,8100,WL,C,14.0
4,28.407000064849854,learn,31592.999935150146,Fri Oct 09 2026 14:22:19 GMT-0500 (Central Daylight Time),468989.90000009537,A,campenter,I,enter,1425,3,2499.2000000476837,466490.7000000477,8100,WL,C,14.0
4,29.306999921798706,learn,30693.000078201294,Fri Oct 09 2026 14:22:19 GMT-0500 (Central Daylight Time),469889.40000009537,A,f,I,f,885,3,899.2999999523163,468990.10000014305,8100,WL,C,15.0
4,29.44000005722046,learn,30559.99994277954,Fri Oct 09 2026 14:22:19 GMT-0500 (Central Daylight Time),470022.7000000477,A,fl,I,l,115,3,1032.5999999046326,468990.10000014305,8100,WL,C,15.0
4,29.574000120162964,learn,30425.999879837036,Fri Oct 09 2026 14:22:19 GMT-0500 (Central Daylight Time),470156.30000019073,A,fla,I,a,126,3,1166.2000000476837,468990.10000014305,8100,WL,C,15.0
4,29.907999992370605,learn,30092.000007629395,Fri Oct 09 2026 14:22:19 GMT-0500 (Central Daylight Time),470490.40000009537,A,flag,I,g,326,3,1500.2999999523163,468990.10000014305,8100,WL,C,15.0
4,30.44000005722046,learn,29559.99994277954,Fri Oct 09 2026 14:22:19 GMT-0500 (Central Daylight Time),471022.5,A,flagenter,I,enter,522,3,2032.3999998569489,468990.10000014305,8100,WL,C,15.0
5,0.5499999523162842,learn,60000.0,Fri Oct 09 2026 14:22:19 GMT-0500 (Central Daylight Time),535835.600000143,A,h,I,h,536,3,550.0,535285.600000143,8100,WL,C,1.0
5,0.7660000324249268,learn,60000.0,Fri Oct 09 2026 14:22:19 GMT-0500 (Central Daylight Time),536052.100000143,A,ho,I,o,200,3,766.5,535285.600000143,8100,WL,C,1.0
5,1.0329999923706055,learn,60000.0,Fri Oct 09 2026 14:22:19 GMT-0500 (Central Daylight Time),536318.5,A,hom,I,m,256,3,1032.8999998569489,535285.600000143,8100,WL,C,1.0
5,1.1329998970031738,learn,60000.0,Fri Oct 09 2026 14:22:19 GMT-0500 (Central Daylight Time),536418.3000001907,A,home,I,e,94,3,1132.7000000476837,535285.600000143,8100,WL,C,1.0
5,2.7829999923706055,learn,60000.0,Fri Oct 09 2026 14:22:19 GMT-0500 (Central Daylight Time),538068.3000001907,A,homeenter,I,enter,1643,3,2782.7000000476837,535285.600000143,8100,WL,C,1.0
5,3.2149999141693115,learn,60000.0,Fri Oct 09 2026 14:22:19 GMT-0500 (Central Daylight Time),538501.3000001907,A,c,I,c,416,3,432.7000000476837,538068.600000143,8100,WL,C,2.0
5,3.4489998817443848,learn,60000.0,Fri Oct 09 2026 14:22:19 GMT-0500 (Central Daylight Time),538734.7000000477,A,ca,I,a,215,3,666.0999999046326,538068.600000143,8100,WL,C,2.0
5,3.5490000247955322,learn,60000.0,Fri Oct 09 2026 14:22:19 GMT-0500 (Central Daylight Time),538834.7000000477,A,cam,I,m,85,3,766.0999999046326,538068.600000143,8100,WL,C,2.0
5,3.7160000801086426,learn,60000.0,Fri Oct 09 2026 14:22:19 GMT-0500 (Central Daylight Time),539002.100000143,A,camp,I,p,146,3,933.5,538068.600000143,8100,WL,C,2.0
5,4.08299994468689,learn,60000.0,Fri Oct 09 2026 14:22:19 GMT-0500 (Central Daylight Time),539368.7000000477,A,campenter,I,enter,345,3,1300.0999999046326,538068.600000143,8100,WL,C,2.0
5,4.349999904632568,learn,60000.0,Fri Oct 09 2026 14:22:19 GMT-0500 (Central Daylight Time),539635.600000143,A,b,I,b,252,3,266.5,539369.100000143,8100,WL,C,3.0
5,4.4649999141693115,learn,60000.0,Fri Oct 09 2026 14:22:19 GMT-0500 (Central Daylight Time),539751.0,A,bo,I,o,106,3,381.89999985694885,539369.100000143,8100,WL,C,3.0
5,4.631999969482422,learn,60000.0,Fri Oct 09 2026 14:22:19 GMT-0500 (Central Daylight Time),539917.600000143,A,boy,I,y,149,3,548.5,539369.100000143,8100,WL,C,3.0
5,5.247999906539917,learn,60000.0,Fri Oct 09 2026 14:22:19 GMT-0500 (Central Daylight Time),540533.9000000954,A,boyenter,I,enter,599,3,1164.7999999523163,539369.100000143,8100,WL,C,3.0
5,5.432999849319458,learn,60000.0,Fri Oct 09 2026 14:22:19 GMT-0500 (Central Daylight Time),540718.600000143,A,d,I,d,174,3,184.29999995231628,540534.3000001907,8100,WL,C,4.0
5,5.563999891281128,learn,60000.0,Fri Oct 09 2026 14:22:19 GMT-0500 (Central Daylight Time),540850.4000000954,A,do,I,o,118,3,316.09999990463257,540534.3000001907,8100,WL,C,4.0
5,5.716000080108643,learn,60000.0,Fri Oct 09 2026 14:22:19 GMT-0500 (Central Daylight Time),541001.600000143,A,doc,I,c,129,3,467.2999999523163,540534.3000001907,8100,WL,C,4.0
5,5.930999994277954,learn,60000.0,Fri Oct 09 2026 14:22:19 GMT-0500 (Central Daylight Time),541216.7000000477,A,doct,I,t,210,3,682.3999998569489,540534.3000001907,8100,WL,C,4.0
5,6.115000009536743,learn,60000.0,Fri Oct 09 2026 14:22:19 GMT-0500 (Central Daylight Time),541400.600000143,A,docto,I,o,172,3,866.2999999523163,540534.3000001907,8100,WL,C,4.0
5,6.230999946594238,learn,60000.0,Fri Oct 09 2026 14:22:19 GMT-0500 (Central Daylight Time),541517.0,A,doctor,I,r,107,3,982.6999998092651,540534.3000001907,8100,WL,C,4.0
5,6.647000074386597,learn,60000.0,Fri Oct 09 2026 14:22:19 GMT-0500 (Central Daylight Time),541933.5,A,doctorenter,I,enter,408,3,1399.1999998092651,540534.3000001907,8100,WL,C,4.0
5,6.863999843597412,learn,60000.0,Fri Oct 09 2026 14:22:19 GMT-0500 (Central Daylight Time),542150.0,A,b,I,b,207,3,216.19999980926514,541933.8000001907,8100,WL,C,5.0
5,6.997999906539917,learn,60000.0,Fri Oct 09 2026 14:22:19 GMT-0500 (Central Daylight Time),542284.5,A,bo,I,o,126,3,350.69999980926514,541933.8000001907,8100,WL,C,5.0
5,7.230999946594238,learn,60000.0,Fri Oct 09 2026 14:22:19 GMT-0500 (Central Daylight Time),542516.5,A,bod,I,d,215,3,582.6999998092651,541933.8000001907,8100,WL,C,5.0
5,7.363999843597412,learn,60000.0,Fri Oct 09 2026 14:22:19 GMT-0500 (Central Daylight Time),542649.7000000477,A,body,I,y,128,3,715.8999998569489,541933.8000001907,8100,WL,C,5.0
5,7.796999931335449,learn,60000.0,Fri Oct 09 2026 14:22:19 GMT-0500 (Central Daylight Time),543083.2000000477,A,bodyenter,I,enter,427,3,1149.3999998569489,541933.8000001907,8100,WL,C,5.0
5,8.397000074386597,learn,60000.0,Fri Oct 09 2026 14:22:19 GMT-0500 (Central Daylight Time),543683.100000143,A,c,I,c,585,3,599.5,543083.600000143,8100,WL,C,6.0
5,8.44700002670288,learn,60000.0,Fri Oct 09 2026 14:22:19 GMT-0500 (Central Daylight Time),543733.4000000954,A,co,I,o,42,3,649.7999999523163,543083.600000143,8100,WL,C,6.0
5,8.647000074386597,learn,60000.0,Fri Oct 09 2026 14:22:19 GMT-0500 (Central Daylight Time),543933.0,A,cor,I,r,191,3,849.3999998569489,543083.600000143,8100,WL,C,6.0
5,8.77999997138977,learn,60000.0,Fri Oct 09 2026 14:22:19 GMT-0500 (Central Daylight Time),544065.9000000954,A,corn,I,n,128,3,982.2999999523163,543083.600000143,8100,WL,C,6.0
5,9.096999883651733,learn,60000.0,Fri Oct 09 2026 14:22:19 GMT-0500 (Central Daylight Time),544382.9000000954,A,cornenter,I,enter,299,3,1299.2999999523163,543083.600000143,8100,WL,C,6.0
5,9.29699993133545,learn,60000.0,Fri Oct 09 2026 14:22:19 GMT-0500 (Central Daylight Time),544582.7000000477,A,w,I,w,189,3,199.39999985694885,544383.3000001907,8100,WL,C,7.0
5,9.430000066757202,learn,60000.0,Fri Oct 09 2026 14:22:19 GMT-0500 (Central Daylight Time),544716.0,A,wh,I,h,126,3,332.69999980926514,544383.3000001907,8100,WL,C,7.0
5,9.846999883651733,learn,60000.0,Fri Oct 09 2026 14:22:19 GMT-0500 (Central Daylight Time),545132.7000000477,A,whe,I,e,408,3,749.3999998569489,544383.3000001907,8100,WL,C,7.0
5,10.19700002670288,learn,60000.0,Fri Oct 09 2026 14:22:19 GMT-0500 (Central Daylight Time),545482.7000000477,A,whea,I,a,336,3,1099.3999998569489,544383.3000001907,8100,WL,C,7.0
5,10.246000051498413,learn,60000.0,Fri Oct 09 2026 14:22:19 GMT-0500 (Central Daylight Time),545532.100000143,A,wheat,I,t,33,3,1148.7999999523163,544383.3000001907,8100,WL,C,7.0
5,10.746000051498413,learn,60000.0,Fri Oct 09 2026 14:22:19 GMT-0500 (Central Daylight Time),546032.3000001907,A,wheatenter,I,enter,479,3,1649.0,544383.3000001907,8100,WL,C,7.0
5,11.029000043869019,learn,60000.0,Fri Oct 09 2026 14:22:19 GMT-0500 (Central Daylight Time),546315.4000000954,A,s,I,s,268,3,282.7999999523163,546032.600000143,8100,WL,C,8.0
5,11.145999908447266,learn,60000.0,Fri Oct 09 2026 14:22:19 GMT-0500 (Central Daylight Time),546432.100000143,A,su,I,u,104,3,399.5,546032.600000143,8100,WL,C,8.0
5,11.395999908447266,learn,60000.0,Fri Oct 09 2026 14:22:19 GMT-0500 (Central Daylight Time),546682.0,A,sua,I,a,236,3,649.3999998569489,546032.600000143,8100,WL,C,8.0
5,11.86299991607666,learn,60000.0,Fri Oct 09 2026 14:22:19 GMT-0500 (Central Daylight Time),547148.8000001907,A,su,I,backspace,451,3,1116.2000000476837,546032.600000143,8100,WL,C,8.0
5,11.928999900817871,learn,60000.0,Fri Oct 09 2026 14:22:19 GMT-0500 (Central Daylight Time),547215.3000001907,A,sug,I,g,47,3,1182.7000000476837,546032.600000143,8100,WL,C,8.0
5,12.145999908447266,learn,60000.0,Fri Oct 09 2026 14:22:19 GMT-0500 (Central Daylight Time),547431.8000001907,A,suga,I,a,205,3,1399.2000000476837,546032.600000143,8100,WL,C,8.0
5,12.228999853134155,learn,60000.0,Fri Oct 09 2026 14:22:19 GMT-0500 (Central Daylight Time),547515.2000000477,A,sugar,I,r,77,3,1482.5999999046326,546032.600000143,8100,WL,C,8.0
5,12.562000036239624,learn,60000.0,Fri Oct 09 2026 14:22:19 GMT-0500 (Central Daylight Time),547848.4000000954,A,sugarenter,I,enter,312,3,1815.7999999523163,546032.600000143,8100,WL,C,8.0
5,12.76199984550476,learn,60000.0,Fri Oct 09 2026 14:22:19 GMT-0500 (Central Daylight Time),548048.2000000477,A,f,I,f,180,3,199.5,547848.7000000477,8100,WL,C,9.0
5,12.928999900817871,learn,60000.0,Fri Oct 09 2026 14:22:19 GMT-0500 (Central Daylight Time),548215.0,A,fl,I,l,157,3,366.2999999523163,547848.7000000477,8100,WL,C,9.0
5,13.11299991607666,learn,60000.0,Fri Oct 09 2026 14:22:19 GMT-0500 (Central Daylight Time),548399.2000000477,A,fla,I,a,173,3,550.5,547848.7000000477,8100,WL,C,9.0
5,13.329999923706055,learn,60000.0,Fri Oct 09 2026 14:22:19 GMT-0500 (Central Daylight Time),548616.0,A,flag,I,g,197,3,767.2999999523163,547848.7000000477,8100,WL,C,9.0
5,13.595999956130981,learn,60000.0,Fri Oct 09 2026 14:22:19 GMT-0500 (Central Daylight Time),548881.5,A,flagenter,I,enter,252,3,1032.7999999523163,547848.7000000477,8100,WL,C,9.0
5,14.062000036239624,learn,60000.0,Fri Oct 09 2026 14:22:19 GMT-0500 (Central Daylight Time),549347.9000000954,A,n,I,n,459,3,466.09999990463257,548881.8000001907,8100,WL,C,10.0
5,14.17799997329712,learn,60000.0,Fri Oct 09 2026 14:22:19 GMT-0500 (Central Daylight Time),549464.4000000954,A,na,I,a,105,3,582.5999999046326,548881.8000001907,8100,WL,C,10.0
5,14.34500002861023,learn,60000.0,Fri Oct 09 2026 14:22:19 GMT-0500 (Central Daylight Time),549631.2000000477,A,nai,I,i,156,3,749.3999998569489,548881.8000001907,8100,WL,C,10.0
5,14.57800006866455,learn,60000.0,Fri Oct 09 2026 14:22:19 GMT-0500 (Central Daylight Time),549864.4000000954,A,nail,I,l,221,3,982.5999999046326,548881.8000001907,8100,WL,C,10.0
5,14.84500002861023,learn,60000.0,Fri Oct 09 2026 14:22:19 GMT-0500 (Central Daylight Time),550130.9000000954,A,nailenter,I,enter,259,3,1249.0999999046326,548881.8000001907,8100,WL,C,10.0
5,15.128000020980835,learn,60000.0,Fri Oct 09 2026 14:22:19 GMT-0500 (Central Daylight Time),550413.9000000954,A,l,I,l,264,3,282.59999990463257,550131.3000001907,8100,WL,C,11.0
5,15.194999933242798,learn,60000.0,Fri Oct 09 2026 14:22:19 GMT-0500 (Central Daylight Time),550480.600000143,A,le,I,e,53,3,349.2999999523163,550131.3000001907,8100,WL,C,11.0
5,15.394999980926514,learn,60000.0,Fri Oct 09 2026 14:22:19 GMT-0500 (Central Daylight Time),550680.9000000954,A,let,I,t,179,3,549.5999999046326,550131.3000001907,8100,WL,C,11.0
5,15.57800006866455,learn,60000.0,Fri Oct 09 2026 14:22:19 GMT-0500 (Central Daylight Time),550863.600000143,A,lett,I,t,171,3,732.2999999523163,550131.3000001907,8100,WL,C,11.0
5,15.728999853134155,learn,60000.0,Fri Oct 09 2026 14:22:19 GMT-0500 (Central Daylight Time),551014.600000143,A,lette,I,e,131,3,883.2999999523163,550131.3000001907,8100,WL,C,11.0
5,15.793999910354614,learn,60000.0,Fri Oct 09 2026 14:22:19 GMT-0500 (Central Daylight Time),551080.4000000954,A,letter,I,r,53,3,949.0999999046326,550131.3000001907,8100,WL,C,11.0
5,15.960999965667725,learn,60000.0,Fri Oct 09 2026 14:22:19 GMT-0500 (Central Daylight Time),551247.4000000954,A,letterenter,I,enter,148,3,1116.0999999046326,550131.3000001907,8100,WL,C,11.0
5,16.144999980926514,learn,60000.0,Fri Oct 09 2026 14:22:19 GMT-0500 (Central Daylight Time),551430.5,A,q,I,q,173,3,182.79999995231628,551247.7000000477,8100,WL,C,12.0
5,16.277999877929688,learn,60000.0,Fri Oct 09 2026 14:22:19 GMT-0500 (Central Daylight Time),551563.8000001907,A,qu,I,u,126,3,316.10000014305115,551247.7000000477,8100,WL,C,12.0
5,16.394999980926514,learn,60000.0,Fri Oct 09 2026 14:22:19 GMT-0500 (Central Daylight Time),551681.0,A,que,I,e,113,3,433.2999999523163,551247.7000000477,8100,WL,C,12.0
5,16.66100001335144,learn,60000.0,Fri Oct 09 2026 14:22:19 GMT-0500 (Central Daylight Time),551947.2000000477,A,quee,I,e,252,3,699.5,551247.7000000477,8100,WL,C,12.0
5,16.89400005340576,learn,60000.0,Fri Oct 09 2026 14:22:19 GMT-0500 (Central Daylight Time),552180.3000001907,A,queen,I,n,218,3,932.6000001430511,551247.7000000477,8100,WL,C,12.0
5,17.378000020980835,learn,60000.0,Fri Oct 09 2026 14:22:19 GMT-0500 (Central Daylight Time),552663.5,A,queenenter,I,enter,464,3,1415.7999999523163,551247.7000000477,8100,WL,C,12.0
5,17.70300006866455,learn,60000.0,Fri Oct 09 2026 14:22:19 GMT-0500 (Central Daylight Time),552989.5,A,t,I,t,276,3,325.7999999523163,552663.7000000477,8100,WL,C,13.0
5,17.810999870300293,learn,60000.0,Fri Oct 09 2026 14:22:19 GMT-0500 (Central Daylight Time),553096.600000143,A,to,I,o,102,3,432.90000009536743,552663.7000000477,8100,WL,C,13.0
5,17.92799997329712,learn,60000.0,Fri Oct 09 2026 14:22:19 GMT-0500 (Central Daylight Time),553213.5,A,tow,I,w,100,3,549.7999999523163,552663.7000000477,8100,WL,C,13.0
5,18.07699990272522,learn,60000.0,Fri Oct 09 2026 14:22:19 GMT-0500 (Central Daylight Time),553363.4000000954,A,towr,I,r,143,3,699.7000000476837,552663.7000000477,8100,WL,C,13.0
5,18.694000005722046,learn,60000.0,Fri Oct 09 2026 14:22:19 GMT-0500 (Central Daylight Time),553979.600000143,A,tow,I,backspace,608,3,1315.9000000953674,552663.7000000477,8100,WL,C,13.0
5,18.810999870300293,learn,60000.0,Fri Oct 09 2026 14:22:19 GMT-0500 (Central Daylight Time),554096.600000143,A,towe,I,e,105,3,1432.9000000953674,552663.7000000477,8100,WL,C,13.0
5,18.89400005340576,learn,60000.0,Fri Oct 09 2026 14:22:19 GMT-0500 (Central Daylight Time),554179.8000001907,A,tower,I,r,75,3,1516.1000001430511,552663.7000000477,8100,WL,C,13.0
5,19.943000078201294,learn,60000.0,Fri Oct 09 2026 14:22:19 GMT-0500 (Central Daylight Time),555229.4000000954,A,towerenter,I,enter,1040,3,2565.7000000476837,552663.7000000477,8100,WL,C,13.0
5,24.191999912261963,learn,60000.0,Fri Oct 09 2026 14:22:19 GMT-0500 (Central Daylight Time),559478.2000000477,A,c,I,c,4239,3,4248.399999856949,555229.8000001907,8100,WL,C,14.0
5,24.375,learn,60000.0,Fri Oct 09 2026 14:22:19 GMT-0500 (Central Daylight Time),559661.0,A,cm,I,m,166,3,4431.199999809265,555229.8000001907,8100,WL,C,14.0
5,24.524999856948853,learn,60000.0,Fri Oct 09 2026 14:22:19 GMT-0500 (Central Daylight Time),559811.3000001907,A,cma,I,a,136,3,4581.5,555229.8000001907,8100,WL,C,14.0
5,25.007999897003174,learn,60000.0,Fri Oct 09 2026 14:22:19 GMT-0500 (Central Daylight Time),560294.3000001907,A,cm,I,backspace,473,3,5064.5,555229.8000001907,8100,WL,C,14.0
5,25.35800004005432,learn,60000.0,Fri Oct 09 2026 14:22:19 GMT-0500 (Central Daylight Time),560644.100000143,A,cma,I,a,342,3,5414.299999952316,555229.8000001907,8100,WL,C,14.0
5,25.625,learn,60000.0,Fri Oct 09 2026 14:22:19 GMT-0500 (Central Daylight Time),560911.0,A,cm,I,backspace,248,3,5681.199999809265,555229.8000001907,8100,WL,C,14.0
5,25.757999897003174,learn,60000.0,Fri Oct 09 2026 14:22:19 GMT-0500 (Central Daylight Time),561044.2000000477,A,c,I,backspace,125,3,5814.399999856949,555229.8000001907,8100,WL,C,14.0
5,26.04200005531311,learn,60000.0,Fri Oct 09 2026 14:22:19 GMT-0500 (Central Daylight Time),561327.7000000477,A,ca,I,a,272,3,6097.899999856949,555229.8000001907,8100,WL,C,14.0
5,26.14199995994568,learn,60000.0,Fri Oct 09 2026 14:22:19 GMT-0500 (Central Daylight Time),561427.5,A,cam,I,m,93,3,6197.699999809265,555229.8000001907,8100,WL,C,14.0
5,26.307999849319458,learn,60000.0,Fri Oct 09 2026 14:22:19 GMT-0500 (Central Daylight Time),561594.0,A,camp,I,p,161,3,6364.199999809265,555229.8000001907,8100,WL,C,14.0
5,26.674999952316284,learn,60000.0,Fri Oct 09 2026 14:22:19 GMT-0500 (Central Daylight Time),561960.7000000477,A,campenter,I,enter,354,3,6730.899999856949,555229.8000001907,8100,WL,C,14.0
5,26.85800004005432,learn,60000.0,Fri Oct 09 2026 14:22:19 GMT-0500 (Central Daylight Time),562144.0,A,c,I,c,172,3,182.89999985694885,561961.100000143,8100,WL,C,15.0
5,27.073999881744385,learn,60000.0,Fri Oct 09 2026 14:22:19 GMT-0500 (Central Daylight Time),562360.3000001907,A,ca,I,a,205,3,399.2000000476837,561961.100000143,8100,WL,C,15.0
5,27.29200005531311,learn,60000.0,Fri Oct 09 2026 14:22:19 GMT-0500 (Central Daylight Time),562578.3000001907,A,cat,I,t,211,3,617.2000000476837,561961.100000143,8100,WL,C,15.0
5,27.5239999294281,learn,60000.0,Fri Oct 09 2026 14:22:19 GMT-0500 (Central Daylight Time),562810.2000000477,A,catt,I,t,218,3,849.0999999046326,561961.100000143,8100,WL,C,15.0
5,27.757999897003174,learn,60000.0,Fri Oct 09 2026 14:22:19 GMT-0500 (Central Daylight Time),563043.600000143,A,cattl,I,l,226,3,1082.5,561961.100000143,8100,WL,C,15.0
5,27.874000072479248,learn,60000.0,Fri Oct 09 2026 14:22:19 GMT-0500 (Central Daylight Time),563160.4000000954,A,cattle,I,e,105,3,1199.2999999523163,561961.100000143,8100,WL,C,15.0
5,28.60699987411499,learn,60000.0,Fri Oct 09 2026 14:22:19 GMT-0500 (Central Daylight Time),563893.100000143,A,cattleenter,I,enter,724,3,1932.0,561961.100000143,8100,WL,C,15.0
6,1.7330000400543213,distr,58266.99995994568,Fri Oct 09 2026 14:22:19 GMT-0500 (Central Daylight Time),630339.100000143,B,s,I,s,1727,3,1732.2999999523163,628606.8000001907,8100,WL,C,1.0
6,1.883000135421753,distr,58116.99986457825,Fri Oct 09 2026 14:22:19 GMT-0500 (Central Daylight Time),630489.4000000954,B,sk,I,k,137,3,1882.5999999046326,628606.8000001907,8100,WL,C,1.0
6,2.200000047683716,distr,57799.999952316284,Fri Oct 09 2026 14:22:19 GMT-0500 (Central Daylight Time),630805.7000000477,B,sky,I,y,299,3,2198.899999856949,628606.8000001907,8100,WL,C,1.0
6,2.565999984741211,distr,57434.00001525879,Fri Oct 09 2026 14:22:19 GMT-0500 (Central Daylight Time),631172.2000000477,B,skyenter,I,enter,359,3,2565.399999856949,628606.8000001907,8100,WL,C,1.0
6,2.8489999771118164,distr,57151.00002288818,Fri Oct 09 2026 14:22:19 GMT-0500 (Central Daylight Time),631455.5,B,b,I,b,265,3,283.0,631172.5,8100,WL,C,2.0
6,3.0160000324249268,distr,56983.99996757507,Fri Oct 09 2026 14:22:19 GMT-0500 (Central Daylight Time),631622.2000000477,B,bu,I,u,149,3,449.7000000476837,631172.5,8100,WL,C,2.0
6,3.199000120162964,distr,56800.999879837036,Fri Oct 09 2026 14:22:19 GMT-0500 (Central Daylight Time),631805.4000000954,B,but,I,t,174,3,632.9000000953674,631172.5,8100,WL,C,2.0
6,3.365999937057495,distr,56634.000062942505,Fri Oct 09 2026 14:22:19 GMT-0500 (Central Daylight Time),631971.9000000954,B,butt,I,t,158,3,799.4000000953674,631172.5,8100,WL,C,2.0
6,3.5829999446868896,distr,56417.00005531311,Fri Oct 09 2026 14:22:19 GMT-0500 (Central Daylight Time),632188.600000143,B,butte,I,e,200,3,1016.1000001430511,631172.5,8100,WL,C,2.0
6,3.6489999294281006,distr,56351.0000705719,Fri Oct 09 2026 14:22:19 GMT-0500 (Central Daylight Time),632255.2000000477,B,butter,I,r,46,3,1082.7000000476837,631172.5,8100,WL,C,2.0
6,4.348999977111816,distr,55651.00002288818,Fri Oct 09 2026 14:22:19 GMT-0500 (Central Daylight Time),632955.0,B,butterenter,I,enter,693,3,1782.5,631172.5,8100,WL,C,2.0
6,4.732000112533569,distr,55267.99988746643,Fri Oct 09 2026 14:22:19 GMT-0500 (Central Daylight Time),633338.2000000477,B,m,I,m,377,3,382.89999985694885,632955.3000001907,8100,WL,C,3.0
6,4.898999929428101,distr,55101.0000705719,Fri Oct 09 2026 14:22:19 GMT-0500 (Central Daylight Time),633504.9000000954,B,mo,I,o,154,3,549.5999999046326,632955.3000001907,8100,WL,C,3.0
6,5.065000057220459,distr,54934.99994277954,Fri Oct 09 2026 14:22:19 GMT-0500 (Central Daylight Time),633671.5,B,moe,I,e,155,3,716.1999998092651,632955.3000001907,8100,WL,C,3.0
6,5.29800009727478,distr,54701.99990272522,Fri Oct 09 2026 14:22:19 GMT-0500 (Central Daylight Time),633904.4000000954,B,moeh,I,h,212,3,949.0999999046326,632955.3000001907,8100,WL,C,3.0
6,5.431999921798706,distr,54568.000078201294,Fri Oct 09 2026 14:22:19 GMT-0500 (Central Daylight Time),634037.9000000954,B,moeht,I,t,124,3,1082.5999999046326,632955.3000001907,8100,WL,C,3.0
6,5.749000072479248,distr,54250.99992752075,Fri Oct 09 2026 14:22:19 GMT-0500 (Central Daylight Time),634355.600000143,B,moeh,I,backspace,310,3,1400.2999999523163,632955.3000001907,8100,WL,C,3.0
6,5.914999961853027,distr,54085.00003814697,Fri Oct 09 2026 14:22:19 GMT-0500 (Central Daylight Time),634521.0,B,moe,I,backspace,152,3,1565.6999998092651,632955.3000001907,8100,WL,C,3.0
6,6.115000009536743,distr,53884.99999046326,Fri Oct 09 2026 14:22:19 GMT-0500 (Central Daylight Time),634721.100000143,B,mo,I,backspace,179,3,1765.7999999523163,632955.3000001907,8100,WL,C,3.0
6,6.515000104904175,distr,53484.999895095825,Fri Oct 09 2026 14:22:19 GMT-0500 (Central Daylight Time),635121.100000143,B,mot,I,t,386,3,2165.7999999523163,632955.3000001907,8100,WL,C,3.0
6,6.5980000495910645,distr,53401.999950408936,Fri Oct 09 2026 14:22:19 GMT-0500 (Central Daylight Time),635204.3000001907,B,moth,I,h,75,3,2249.0,632955.3000001907,8100,WL,C,3.0
6,6.730999946594238,distr,53269.00005340576,Fri Oct 09 2026 14:22:19 GMT-0500 (Central Daylight Time),635337.5,B,mothe,I,e,128,3,2382.199999809265,632955.3000001907,8100,WL,C,3.0
6,6.815000057220459,distr,53184.99994277954,Fri Oct 09 2026 14:22:19 GMT-0500 (Central Daylight Time),635420.8000001907,B,mother,I,r,67,3,2465.5,632955.3000001907,8100,WL,C,3.0
6,7.115000009536743,distr,52884.99999046326,Fri Oct 09 2026 14:22:19 GMT-0500 (Central Daylight Time),635720.8000001907,B,motherenter,I,enter,287,3,2765.5,632955.3000001907,8100,WL,C,3.0
6,7.414999961853027,distr,52585.00003814697,Fri Oct 09 2026 14:22:19 GMT-0500 (Central Daylight Time),636020.7000000477,B,h,I,h,283,3,299.5,635721.2000000477,8100,WL,C,4.0
6,7.63100004196167,distr,52368.99995803833,Fri Oct 09 2026 14:22:19 GMT-0500 (Central Daylight Time),636236.9000000954,B,ha,I,a,199,3,515.7000000476837,635721.2000000477,8100,WL,C,4.0
6,7.763999938964844,distr,52236.000061035156,Fri Oct 09 2026 14:22:19 GMT-0500 (Central Daylight Time),636370.2000000477,B,hal,I,l,125,3,649.0,635721.2000000477,8100,WL,C,4.0
6,7.930999994277954,distr,52069.000005722046,Fri Oct 09 2026 14:22:19 GMT-0500 (Central Daylight Time),636536.7000000477,B,hall,I,l,145,3,815.5,635721.2000000477,8100,WL,C,4.0
6,8.21399998664856,distr,51786.00001335144,Fri Oct 09 2026 14:22:19 GMT-0500 (Central Daylight Time),636820.0,B,hallenter,I,enter,267,3,1098.7999999523163,635721.2000000477,8100,WL,C,4.0
6,8.579999923706055,distr,51420.000076293945,Fri Oct 09 2026 14:22:19 GMT-0500 (Central Daylight Time),637186.7000000477,B,b,I,b,359,3,366.5,636820.2000000477,8100,WL,C,5.0
6,8.71399998664856,distr,51286.00001335144,Fri Oct 09 2026 14:22:19 GMT-0500 (Central Daylight Time),637319.9000000954,B,bu,I,u,121,3,499.7000000476837,636820.2000000477,8100,WL,C,5.0
6,9.19700002670288,distr,50802.99997329712,Fri Oct 09 2026 14:22:19 GMT-0500 (Central Daylight Time),637803.100000143,B,b,I,backspace,468,3,982.9000000953674,636820.2000000477,8100,WL,C,5.0
6,9.347000122070312,distr,50652.99987792969,Fri Oct 09 2026 14:22:19 GMT-0500 (Central Daylight Time),637952.9000000954,B,,I,backspace,144,3,1132.7000000476837,636820.2000000477,8100,WL,C,5.0
6,9.847000122070312,distr,50152.99987792969,Fri Oct 09 2026 14:22:19 GMT-0500 (Central Daylight Time),638452.8000001907,B,m,I,m,491,3,1632.6000001430511,636820.2000000477,8100,WL,C,5.0
6,9.963000059127808,distr,50036.99994087219,Fri Oct 09 2026 14:22:19 GMT-0500 (Central Daylight Time),638569.600000143,B,mo,I,o,103,3,1749.4000000953674,636820.2000000477,8100,WL,C,5.0
6,10.147000074386597,distr,49852.9999256134,Fri Oct 09 2026 14:22:19 GMT-0500 (Central Daylight Time),638752.7000000477,B,mon,I,n,162,3,1932.5,636820.2000000477,8100,WL,C,5.0
6,10.246000051498413,distr,49753.99994850159,Fri Oct 09 2026 14:22:19 GMT-0500 (Central Daylight Time),638852.600000143,B,mone,I,e,91,3,2032.4000000953674,636820.2000000477,8100,WL,C,5.0
6,10.396000146865845,distr,49603.999853134155,Fri Oct 09 2026 14:22:19 GMT-0500 (Central Daylight Time),639002.600000143,B,money,I,y,143,3,2182.4000000953674,636820.2000000477,8100,WL,C,5.0
6,10.746000051498413,distr,49253.99994850159,Fri Oct 09 2026 14:22:19 GMT-0500 (Central Daylight Time),639352.600000143,B,moneyenter,I,enter,329,3,2532.4000000953674,636820.2000000477,8100,WL,C,5.0
6,11.013000011444092,distr,48986.99998855591,Fri Oct 09 2026 14:22:19 GMT-0500 (Central Daylight Time),639619.2000000477,B,c,I,c,259,3,266.39999985694885,639352.8000001907,8100,WL,C,6.0
6,11.146000146865845,distr,48853.999853134155,Fri Oct 09 2026 14:22:19 GMT-0500 (Central Daylight Time),639752.3000001907,B,ch,I,h,112,3,399.5,639352.8000001907,8100,WL,C,6.0
6,11.345999956130981,distr,48654.00004386902,Fri Oct 09 2026 14:22:19 GMT-0500 (Central Daylight Time),639952.4000000954,B,chi,I,i,179,3,599.5999999046326,639352.8000001907,8100,WL,C,6.0
6,11.529000043869019,distr,48470.99995613098,Fri Oct 09 2026 14:22:19 GMT-0500 (Central Daylight Time),640135.5,B,chir,I,r,171,3,782.6999998092651,639352.8000001907,8100,WL,C,6.0
6,11.963000059127808,distr,48036.99994087219,Fri Oct 09 2026 14:22:19 GMT-0500 (Central Daylight Time),640568.9000000954,B,chi,I,backspace,420,3,1216.0999999046326,639352.8000001907,8100,WL,C,6.0
6,12.146000146865845,distr,47853.999853134155,Fri Oct 09 2026 14:22:19 GMT-0500 (Central Daylight Time),640752.2000000477,B,ch,I,backspace,162,3,1399.3999998569489,639352.8000001907,8100,WL,C,6.0
6,12.17900013923645,distr,47820.99986076355,Fri Oct 09 2026 14:22:19 GMT-0500 (Central Daylight Time),640785.4000000954,B,chr,I,r,28,3,1432.5999999046326,639352.8000001907,8100,WL,C,6.0
6,12.345999956130981,distr,47654.00004386902,Fri Oct 09 2026 14:22:19 GMT-0500 (Central Daylight Time),640952.0,B,chri,I,i,154,3,1599.1999998092651,639352.8000001907,8100,WL,C,6.0
6,12.479000091552734,distr,47520.999908447266,Fri Oct 09 2026 14:22:19 GMT-0500 (Central Daylight Time),641085.3000001907,B,chris,I,s,124,3,1732.5,639352.8000001907,8100,WL,C,6.0
6,12.661999940872192,distr,47338.00005912781,Fri Oct 09 2026 14:22:19 GMT-0500 (Central Daylight Time),641268.5,B,christ,I,t,166,3,1915.6999998092651,639352.8000001907,8100,WL,C,6.0
6,12.896000146865845,distr,47103.999853134155,Fri Oct 09 2026 14:22:19 GMT-0500 (Central Daylight Time),641501.8000001907,B,christm,I,m,215,3,2149.0,639352.8000001907,8100,WL,C,6.0
6,13.595999956130981,distr,46404.00004386902,Fri Oct 09 2026 14:22:19 GMT-0500 (Central Daylight Time),642201.7000000477,B,christms,I,s,686,3,2848.899999856949,639352.8000001907,8100,WL,C,6.0
6,14.128999948501587,distr,45871.00005149841,Fri Oct 09 2026 14:22:19 GMT-0500 (Central Daylight Time),642734.9000000954,B,christm,I,backspace,513,3,3382.0999999046326,639352.8000001907,8100,WL,C,6.0
6,14.26200008392334,distr,45737.99991607666,Fri Oct 09 2026 14:22:19 GMT-0500 (Central Daylight Time),642868.100000143,B,christma,I,a,125,3,3515.2999999523163,639352.8000001907,8100,WL,C,6.0
6,14.328999996185303,distr,45671.0000038147,Fri Oct 09 2026 14:22:19 GMT-0500 (Central Daylight Time),642934.9000000954,B,christmas,I,s,47,3,3582.0999999046326,639352.8000001907,8100,WL,C,6.0
6,15.295000076293945,distr,44704.999923706055,Fri Oct 09 2026 14:22:19 GMT-0500 (Central Daylight Time),643901.3000001907,B,christmasenter,I,enter,948,3,4548.5,639352.8000001907,8100,WL,C,6.0
6,15.528000116348267,distr,44471.99988365173,Fri Oct 09 2026 14:22:19 GMT-0500 (Central Daylight Time),644134.4000000954,B,t,I,t,222,3,232.90000009536743,643901.5,8100,WL,C,7.0
6,15.628000020980835,distr,44371.999979019165,Fri Oct 09 2026 14:22:19 GMT-0500 (Central Daylight Time),644234.4000000954,B,to,I,o,93,3,332.90000009536743,643901.5,8100,WL,C,7.0
6,15.812000036239624,distr,44187.999963760376,Fri Oct 09 2026 14:22:19 GMT-0500 (Central Daylight Time),644417.7000000477,B,too,I,o,177,3,516.2000000476837,643901.5,8100,WL,C,7.0
6,16.34500002861023,distr,43654.99997138977,Fri Oct 09 2026 14:22:19 GMT-0500 (Central Daylight Time),644950.9000000954,B,tool,I,l,522,3,1049.4000000953674,643901.5,8100,WL,C,7.0
6,17.72699999809265,distr,42273.00000190735,Fri Oct 09 2026 14:22:19 GMT-0500 (Central Daylight Time),646333.7000000477,B,toolenter,I,enter,1364,3,2432.2000000476837,643901.5,8100,WL,C,7.0
6,46.569000005722046,distr,13430.999994277954,Fri Oct 09 2026 14:22:19 GMT-0500 (Central Daylight Time),675175.2000000477,B,v,I,v,28822,3,28841.200000047684,646334.0,8100,WL,C,8.0
6,47.58500003814697,distr,12414.999961853027,Fri Oct 09 2026 14:22:19 GMT-0500 (Central Daylight Time),676191.600000143,B,va,I,a,996,3,29857.60000014305,646334.0,8100,WL,C,8.0
6,47.71799993515015,distr,12282.000064849854,Fri Oct 09 2026 14:22:19 GMT-0500 (Central Daylight Time),676324.8000001907,B,val,I,l,124,3,29990.800000190735,646334.0,8100,WL,C,8.0
6,47.88499999046326,distr,12115.000009536743,Fri Oct 09 2026 14:22:19 GMT-0500 (Central Daylight Time),676491.5,B,vall,I,l,151,3,30157.5,646334.0,8100,WL,C,8.0
6,47.96900010108948,distr,12030.999898910522,Fri Oct 09 2026 14:22:19 GMT-0500 (Central Daylight Time),676575.8000001907,B,valle,I,e,65,3,30241.800000190735,646334.0,8100,WL,C,8.0
6,48.18499994277954,distr,11815.000057220459,Fri Oct 09 2026 14:22:19 GMT-0500 (Central Daylight Time),676791.2000000477,B,valley,I,y,196,3,30457.200000047684,646334.0,8100,WL,C,8.0
6,48.51900005340576,distr,11480.999946594238,Fri Oct 09 2026 14:22:19 GMT-0500 (Central Daylight Time),677125.7000000477,B,valleyenter,I,enter,317,3,30791.700000047684,646334.0,8100,WL,C,8.0
6,60.015000104904175,distr,-15.000104904174805,Fri Oct 09 2026 14:22:19 GMT-0500 (Central Daylight Time),688621.100000143,B,None,I,None,11490,3,11495.100000143051,677126.0,8100,WL,C,9.0
7,10.398000001907349,immed,49601.99999809265,Fri Oct 09 2026 14:22:19 GMT-0500 (Central Daylight Time),699852.2000000477,A,q,I,q,10384,3,10397.700000047684,689454.5,8100,WL,C,1.0
7,10.513000011444092,immed,49486.99998855591,Fri Oct 09 2026 14:22:19 GMT-0500 (Central Daylight Time),699967.3000001907,A,qu,I,u,96,3,10512.800000190735,689454.5,8100,WL,C,1.0
7,10.763000011444092,immed,49236.99998855591,Fri Oct 09 2026 14:22:19 GMT-0500 (Central Daylight Time),700217.2000000477,A,que,I,e,237,3,10762.700000047684,689454.5,8100,WL,C,1.0
7,10.996000051498413,immed,49003.99994850159,Fri Oct 09 2026 14:22:19 GMT-0500 (Central Daylight Time),700450.2000000477,A,quee,I,e,227,3,10995.700000047684,689454.5,8100,WL,C,1.0
7,11.19599986076355,immed,48804.00013923645,Fri Oct 09 2026 14:22:19 GMT-0500 (Central Daylight Time),700650.3000001907,A,queen,I,n,186,3,11195.800000190735,689454.5,8100,WL,C,1.0
7,12.013000011444092,immed,47986.99998855591,Fri Oct 09 2026 14:22:19 GMT-0500 (Central Daylight Time),701467.0,A,queenenter,I,enter,803,3,12012.5,689454.5,8100,WL,C,1.0
7,15.027999877929688,immed,44972.00012207031,Fri Oct 09 2026 14:22:19 GMT-0500 (Central Daylight Time),704482.4000000954,A,g,I,g,3001,3,3015.0999999046326,701467.3000001907,8100,WL,C,2.0
7,15.161999940872192,immed,44838.00005912781,Fri Oct 09 2026 14:22:19 GMT-0500 (Central Daylight Time),704616.0,A,go,I,o,112,3,3148.699999809265,701467.3000001907,8100,WL,C,2.0
7,15.545000076293945,immed,44454.999923706055,Fri Oct 09 2026 14:22:19 GMT-0500 (Central Daylight Time),704999.7000000477,A,g,I,backspace,364,3,3532.399999856949,701467.3000001907,8100,WL,C,2.0
7,15.67799997329712,immed,44322.00002670288,Fri Oct 09 2026 14:22:19 GMT-0500 (Central Daylight Time),705132.3000001907,A,,I,backspace,125,3,3665.0,701467.3000001907,8100,WL,C,2.0
7,15.84500002861023,immed,44154.99997138977,Fri Oct 09 2026 14:22:19 GMT-0500 (Central Daylight Time),705299.0,A,b,I,b,152,3,3831.699999809265,701467.3000001907,8100,WL,C,2.0
7,15.977999925613403,immed,44022.0000743866,Fri Oct 09 2026 14:22:19 GMT-0500 (Central Daylight Time),705432.0,A,bo,I,o,120,3,3964.699999809265,701467.3000001907,8100,WL,C,2.0
7,16.16100001335144,immed,43838.99998664856,Fri Oct 09 2026 14:22:19 GMT-0500 (Central Daylight Time),705615.7000000477,A,bod,I,d,164,3,4148.399999856949,701467.3000001907,8100,WL,C,2.0
7,16.295000076293945,immed,43704.999923706055,Fri Oct 09 2026 14:22:19 GMT-0500 (Central Daylight Time),705748.9000000954,A,body,I,y,116,3,4281.599999904633,701467.3000001907,8100,WL,C,2.0
7,17.361000061035156,immed,42638.999938964844,Fri Oct 09 2026 14:22:19 GMT-0500 (Central Daylight Time),706815.0,A,bodyenter,I,enter,1055,3,5347.699999809265,701467.3000001907,8100,WL,C,2.0
7,17.64400005340576,immed,42355.99994659424,Fri Oct 09 2026 14:22:19 GMT-0500 (Central Daylight Time),707098.600000143,A,d,I,d,270,3,283.2000000476837,706815.4000000954,8100,WL,C,3.0
7,17.74399995803833,immed,42256.00004196167,Fri Oct 09 2026 14:22:19 GMT-0500 (Central Daylight Time),707198.3000001907,A,do,I,o,89,3,382.90000009536743,706815.4000000954,8100,WL,C,3.0
7,17.91100001335144,immed,42088.99998664856,Fri Oct 09 2026 14:22:19 GMT-0500 (Central Daylight Time),707365.2000000477,A,doc,I,c,150,3,549.7999999523163,706815.4000000954,8100,WL,C,3.0
7,18.109999895095825,immed,41890.000104904175,Fri Oct 09 2026 14:22:19 GMT-0500 (Central Daylight Time),707564.8000001907,A,doct,I,t,183,3,749.4000000953674,706815.4000000954,8100,WL,C,3.0
7,18.293999910354614,immed,41706.000089645386,Fri Oct 09 2026 14:22:19 GMT-0500 (Central Daylight Time),707748.2000000477,A,docto,I,o,167,3,932.7999999523163,706815.4000000954,8100,WL,C,3.0
7,18.377000093460083,immed,41622.99990653992,Fri Oct 09 2026 14:22:19 GMT-0500 (Central Daylight Time),707831.600000143,A,doctor,I,r,72,3,1016.2000000476837,706815.4000000954,8100,WL,C,3.0
7,18.776999950408936,immed,41223.000049591064,Fri Oct 09 2026 14:22:19 GMT-0500 (Central Daylight Time),708231.5,A,doctorenter,I,enter,389,3,1416.0999999046326,706815.4000000954,8100,WL,C,3.0
7,19.111000061035156,immed,40888.999938964844,Fri Oct 09 2026 14:22:19 GMT-0500 (Central Daylight Time),708565.2000000477,A,b,I,b,324,3,333.5,708231.7000000477,8100,WL,C,4.0
7,19.22699999809265,immed,40773.00000190735,Fri Oct 09 2026 14:22:19 GMT-0500 (Central Daylight Time),708681.4000000954,A,bo,I,o,103,3,449.7000000476837,708231.7000000477,8100,WL,C,4.0
7,19.444000005722046,immed,40555.999994277954,Fri Oct 09 2026 14:22:19 GMT-0500 (Central Daylight Time),708897.9000000954,A,boy,I,y,210,3,666.2000000476837,708231.7000000477,8100,WL,C,4.0
7,20.627000093460083,immed,39372.99990653992,Fri Oct 09 2026 14:22:19 GMT-0500 (Central Daylight Time),710081.0,A,boyenter,I,enter,1171,3,1849.2999999523163,708231.7000000477,8100,WL,C,4.0
7,21.325999975204468,immed,38674.00002479553,Fri Oct 09 2026 14:22:19 GMT-0500 (Central Daylight Time),710780.600000143,A,w,I,w,691,3,699.4000000953674,710081.2000000477,8100,WL,C,5.0
7,21.45899987220764,immed,38541.00012779236,Fri Oct 09 2026 14:22:19 GMT-0500 (Central Daylight Time),710913.8000001907,A,wh,I,h,120,3,832.6000001430511,710081.2000000477,8100,WL,C,5.0
7,21.542999982833862,immed,38457.00001716614,Fri Oct 09 2026 14:22:19 GMT-0500 (Central Daylight Time),710997.3000001907,A,whe,I,e,75,3,916.1000001430511,710081.2000000477,8100,WL,C,5.0
7,22.158999919891357,immed,37841.00008010864,Fri Oct 09 2026 14:22:19 GMT-0500 (Central Daylight Time),711613.7000000477,A,whea,I,a,599,3,1532.5,710081.2000000477,8100,WL,C,5.0
7,22.693000078201294,immed,37306.999921798706,Fri Oct 09 2026 14:22:19 GMT-0500 (Central Daylight Time),712147.2000000477,A,wheat,I,t,518,3,2066.0,710081.2000000477,8100,WL,C,5.0
7,22.875999927520752,immed,37124.00007247925,Fri Oct 09 2026 14:22:19 GMT-0500 (Central Daylight Time),712330.2000000477,A,wheatenter,I,enter,169,3,2249.0,710081.2000000477,8100,WL,C,5.0
7,23.175999879837036,immed,36824.000120162964,Fri Oct 09 2026 14:22:19 GMT-0500 (Central Daylight Time),712630.100000143,A,c,I,c,282,3,299.60000014305115,712330.5,8100,WL,C,6.0
7,23.29200005531311,immed,36707.99994468689,Fri Oct 09 2026 14:22:19 GMT-0500 (Central Daylight Time),712746.4000000954,A,co,I,o,110,3,415.90000009536743,712330.5,8100,WL,C,6.0
7,23.64199995994568,immed,36358.00004005432,Fri Oct 09 2026 14:22:19 GMT-0500 (Central Daylight Time),713096.5,A,cor,I,r,338,3,766.0,712330.5,8100,WL,C,6.0
7,24.191999912261963,immed,35808.00008773804,Fri Oct 09 2026 14:22:19 GMT-0500 (Central Daylight Time),713646.100000143,A,corn,I,n,531,3,1315.6000001430511,712330.5,8100,WL,C,6.0
7,24.72499990463257,immed,35275.00009536743,Fri Oct 09 2026 14:22:19 GMT-0500 (Central Daylight Time),714179.5,A,cornenter,I,enter,526,3,1849.0,712330.5,8100,WL,C,6.0
7,25.35800004005432,immed,34641.99995994568,Fri Oct 09 2026 14:22:19 GMT-0500 (Central Daylight Time),714812.600000143,A,c,I,c,625,3,632.7000000476837,714179.9000000954,8100,WL,C,7.0
7,25.657999992370605,immed,34342.000007629395,Fri Oct 09 2026 14:22:19 GMT-0500 (Central Daylight Time),715112.7000000477,A,ca,I,a,279,3,932.7999999523163,714179.9000000954,8100,WL,C,7.0
7,25.757999897003174,immed,34242.000102996826,Fri Oct 09 2026 14:22:19 GMT-0500 (Central Daylight Time),715212.2000000477,A,cam,I,m,91,3,1032.2999999523163,714179.9000000954,8100,WL,C,7.0
7,25.941999912261963,immed,34058.00008773804,Fri Oct 09 2026 14:22:19 GMT-0500 (Central Daylight Time),715396.0,A,camp,I,p,168,3,1216.0999999046326,714179.9000000954,8100,WL,C,7.0
7,26.641000032424927,immed,33358.99996757507,Fri Oct 09 2026 14:22:19 GMT-0500 (Central Daylight Time),716095.600000143,A,campenter,I,enter,679,3,1915.7000000476837,714179.9000000954,8100,WL,C,7.0
7,26.77500009536743,immed,33224.99990463257,Fri Oct 09 2026 14:22:19 GMT-0500 (Central Daylight Time),716228.9000000954,A,c,I,c,117,3,133.09999990463257,716095.8000001907,8100,WL,C,8.0
7,27.007999897003174,immed,32992.000102996826,Fri Oct 09 2026 14:22:19 GMT-0500 (Central Daylight Time),716462.2000000477,A,ca,I,a,223,3,366.39999985694885,716095.8000001907,8100,WL,C,8.0
7,27.308000087738037,immed,32691.999912261963,Fri Oct 09 2026 14:22:19 GMT-0500 (Central Daylight Time),716762.0,A,cat,I,t,278,3,666.1999998092651,716095.8000001907,8100,WL,C,8.0
7,27.457000017166138,immed,32542.999982833862,Fri Oct 09 2026 14:22:19 GMT-0500 (Central Daylight Time),716911.8000001907,A,catt,I,t,139,3,816.0,716095.8000001907,8100,WL,C,8.0
7,27.625999927520752,immed,32374.000072479248,Fri Oct 09 2026 14:22:19 GMT-0500 (Central Daylight Time),717080.2000000477,A,cattl,I,l,164,3,984.3999998569489,716095.8000001907,8100,WL,C,8.0
7,27.77300000190735,immed,32226.99999809265,Fri Oct 09 2026 14:22:19 GMT-0500 (Central Daylight Time),717227.7000000477,A,cattle,I,e,142,3,1131.8999998569489,716095.8000001907,8100,WL,C,8.0
7,28.056999921798706,immed,31943.000078201294,Fri Oct 09 2026 14:22:19 GMT-0500 (Central Daylight Time),717511.600000143,A,cattleenter,I,enter,263,3,1415.7999999523163,716095.8000001907,8100,WL,C,8.0
7,30.822999954223633,immed,29177.000045776367,Fri Oct 09 2026 14:22:19 GMT-0500 (Central Daylight Time),720277.5,A,f,I,f,2749,3,2765.5999999046326,717511.9000000954,8100,WL,C,9.0
7,31.006999969482422,immed,28993.000030517578,Fri Oct 09 2026 14:22:19 GMT-0500 (Central Daylight Time),720461.0,A,fl,I,l,175,3,2949.0999999046326,717511.9000000954,8100,WL,C,9.0
7,31.08999991416931,immed,28910.00008583069,Fri Oct 09 2026 14:22:19 GMT-0500 (Central Daylight Time),720544.5,A,fla,I,a,78,3,3032.5999999046326,717511.9000000954,8100,WL,C,9.0
7,31.389999866485596,immed,28610.000133514404,Fri Oct 09 2026 14:22:19 GMT-0500 (Central Daylight Time),720844.100000143,A,flag,I,g,284,3,3332.2000000476837,717511.9000000954,8100,WL,C,9.0
7,31.572999954223633,immed,28427.000045776367,Fri Oct 09 2026 14:22:19 GMT-0500 (Central Daylight Time),721027.2000000477,A,flagenter,I,enter,168,3,3515.2999999523163,717511.9000000954,8100,WL,C,9.0
7,31.822999954223633,immed,28177.000045776367,Fri Oct 09 2026 14:22:19 GMT-0500 (Central Daylight Time),721277.3000001907,A,n,I,n,241,3,249.80000019073486,721027.5,8100,WL,C,10.0
7,31.907000064849854,immed,28092.999935150146,Fri Oct 09 2026 14:22:19 GMT-0500 (Central Daylight Time),721361.100000143,A,na,I,a,71,3,333.60000014305115,721027.5,8100,WL,C,10.0
7,32.00600004196167,immed,27993.99995803833,Fri Oct 09 2026 14:22:19 GMT-0500 (Central Daylight Time),721460.5,A,nai,I,i,91,3,433.0,721027.5,8100,WL,C,10.0
7,32.27300000190735,immed,27726.99999809265,Fri Oct 09 2026 14:22:19 GMT-0500 (Central Daylight Time),721727.2000000477,A,nail,I,l,256,3,699.7000000476837,721027.5,8100,WL,C,10.0
7,32.67300009727478,immed,27326.99990272522,Fri Oct 09 2026 14:22:19 GMT-0500 (Central Daylight Time),722127.100000143,A,nailenter,I,enter,389,3,1099.6000001430511,721027.5,8100,WL,C,10.0
7,32.98900008201599,immed,27010.99991798401,Fri Oct 09 2026 14:22:19 GMT-0500 (Central Daylight Time),722443.7000000477,A,e,I,e,308,3,316.2000000476837,722127.5,8100,WL,C,11.0
7,33.40599989891052,immed,26594.000101089478,Fri Oct 09 2026 14:22:19 GMT-0500 (Central Daylight Time),722860.100000143,A,,I,backspace,408,3,732.6000001430511,722127.5,8100,WL,C,11.0
7,33.638999938964844,immed,26361.000061035156,Fri Oct 09 2026 14:22:19 GMT-0500 (Central Daylight Time),723093.5,A,l,I,l,217,3,966.0,722127.5,8100,WL,C,11.0
7,33.73900008201599,immed,26260.99991798401,Fri Oct 09 2026 14:22:19 GMT-0500 (Central Daylight Time),723193.2000000477,A,le,I,e,86,3,1065.7000000476837,722127.5,8100,WL,C,11.0
7,33.98900008201599,immed,26010.99991798401,Fri Oct 09 2026 14:22:19 GMT-0500 (Central Daylight Time),723443.3000001907,A,let,I,t,243,3,1315.8000001907349,722127.5,8100,WL,C,11.0
7,34.18899989128113,immed,25811.000108718872,Fri Oct 09 2026 14:22:19 GMT-0500 (Central Daylight Time),723643.0,A,lett,I,t,185,3,1515.5,722127.5,8100,WL,C,11.0
7,34.388999938964844,immed,25611.000061035156,Fri Oct 09 2026 14:22:19 GMT-0500 (Central Daylight Time),723843.2000000477,A,lette,I,e,185,3,1715.7000000476837,722127.5,8100,WL,C,11.0
7,34.456000089645386,immed,25543.999910354614,Fri Oct 09 2026 14:22:19 GMT-0500 (Central Daylight Time),723910.9000000954,A,letter,I,r,49,3,1783.4000000953674,722127.5,8100,WL,C,11.0
7,35.25499987602234,immed,24745.00012397766,Fri Oct 09 2026 14:22:19 GMT-0500 (Central Daylight Time),724709.7000000477,A,letterenter,I,enter,782,3,2582.2000000476837,722127.5,8100,WL,C,11.0
7,39.28699994087219,immed,20713.000059127808,Fri Oct 09 2026 14:22:19 GMT-0500 (Central Daylight Time),728741.7000000477,A,s,I,s,4023,3,4031.7000000476837,724710.0,8100,WL,C,12.0
7,39.5699999332428,immed,20430.000066757202,Fri Oct 09 2026 14:22:19 GMT-0500 (Central Daylight Time),729025.0,A,su,I,u,262,3,4315.0,724710.0,8100,WL,C,12.0
7,39.90299987792969,immed,20097.000122070312,Fri Oct 09 2026 14:22:19 GMT-0500 (Central Daylight Time),729357.9000000954,A,sug,I,g,323,3,4647.900000095367,724710.0,8100,WL,C,12.0
7,40.28699994087219,immed,19713.000059127808,Fri Oct 09 2026 14:22:19 GMT-0500 (Central Daylight Time),729741.2000000477,A,sugr,I,r,366,3,5031.200000047684,724710.0,8100,WL,C,12.0
7,40.73799991607666,immed,19262.00008392334,Fri Oct 09 2026 14:22:19 GMT-0500 (Central Daylight Time),730192.2000000477,A,sug,I,backspace,439,3,5482.200000047684,724710.0,8100,WL,C,12.0
7,40.8199999332428,immed,19180.000066757202,Fri Oct 09 2026 14:22:19 GMT-0500 (Central Daylight Time),730274.5,A,suga,I,a,69,3,5564.5,724710.0,8100,WL,C,12.0
7,40.8529999256134,immed,19147.000074386597,Fri Oct 09 2026 14:22:19 GMT-0500 (Central Daylight Time),730307.7000000477,A,sugar,I,r,17,3,5597.700000047684,724710.0,8100,WL,C,12.0
7,42.335999965667725,immed,17664.000034332275,Fri Oct 09 2026 14:22:19 GMT-0500 (Central Daylight Time),731790.600000143,A,sugarenter,I,enter,1465,3,7080.600000143051,724710.0,8100,WL,C,12.0
7,43.03600001335144,immed,16963.99998664856,Fri Oct 09 2026 14:22:19 GMT-0500 (Central Daylight Time),732490.9000000954,A,c,I,c,694,3,700.0,731790.9000000954,8100,WL,C,13.0
7,43.11899995803833,immed,16881.00004196167,Fri Oct 09 2026 14:22:19 GMT-0500 (Central Daylight Time),732573.9000000954,A,co,I,o,74,3,783.0,731790.9000000954,8100,WL,C,13.0
7,43.30299997329712,immed,16697.00002670288,Fri Oct 09 2026 14:22:19 GMT-0500 (Central Daylight Time),732757.100000143,A,cor,I,r,174,3,966.2000000476837,731790.9000000954,8100,WL,C,13.0
7,43.4689998626709,immed,16531.0001373291,Fri Oct 09 2026 14:22:19 GMT-0500 (Central Daylight Time),732923.600000143,A,corn,I,n,151,3,1132.7000000476837,731790.9000000954,8100,WL,C,13.0
7,43.86899995803833,immed,16131.00004196167,Fri Oct 09 2026 14:22:19 GMT-0500 (Central Daylight Time),733323.600000143,A,cornenter,I,enter,385,3,1532.7000000476837,731790.9000000954,8100,WL,C,13.0
7,44.05200004577637,immed,15947.999954223633,Fri Oct 09 2026 14:22:19 GMT-0500 (Central Daylight Time),733506.8000001907,A,w,I,w,176,3,182.90000009536743,733323.9000000954,8100,WL,C,14.0
7,44.2189998626709,immed,15781.000137329102,Fri Oct 09 2026 14:22:19 GMT-0500 (Central Daylight Time),733673.5,A,wh,I,h,162,3,349.59999990463257,733323.9000000954,8100,WL,C,14.0
7,44.5699999332428,immed,15430.000066757202,Fri Oct 09 2026 14:22:19 GMT-0500 (Central Daylight Time),734024.4000000954,A,whe,I,e,331,3,700.5,733323.9000000954,8100,WL,C,14.0
7,44.83500003814697,immed,15164.999961853027,Fri Oct 09 2026 14:22:19 GMT-0500 (Central Daylight Time),734289.7000000477,A,whea,I,a,259,3,965.7999999523163,733323.9000000954,8100,WL,C,14.0
7,44.9689998626709,immed,15031.000137329102,Fri Oct 09 2026 14:22:19 GMT-0500 (Central Daylight Time),734423.100000143,A,wheat,I,t,115,3,1099.2000000476837,733323.9000000954,8100,WL,C,14.0
7,45.46799993515015,immed,14532.000064849854,Fri Oct 09 2026 14:22:19 GMT-0500 (Central Daylight Time),734923.0,A,wheatenter,I,enter,485,3,1599.0999999046326,733323.9000000954,8100,WL,C,14.0
7,57.348999977111816,immed,2651.0000228881836,Fri Oct 09 2026 14:22:19 GMT-0500 (Central Daylight Time),746803.3000001907,A,s,I,s,11874,3,11880.0,734923.3000001907,8100,WL,C,15.0
7,57.514999866485596,immed,2485.0001335144043,Fri Oct 09 2026 14:22:19 GMT-0500 (Central Daylight Time),746969.2000000477,A,sh,I,h,161,3,12045.899999856949,734923.3000001907,8100,WL,C,15.0
7,57.64800000190735,immed,2351.9999980926514,Fri Oct 09 2026 14:22:19 GMT-0500 (Central Daylight Time),747102.7000000477,A,sho,I,o,115,3,12179.399999856949,734923.3000001907,8100,WL,C,15.0
7,57.848000049591064,immed,2151.9999504089355,Fri Oct 09 2026 14:22:19 GMT-0500 (Central Daylight Time),747302.2000000477,A,shor,I,r,189,3,12378.899999856949,734923.3000001907,8100,WL,C,15.0
7,57.94799995422363,immed,2052.000045776367,Fri Oct 09 2026 14:22:19 GMT-0500 (Central Daylight Time),747402.3000001907,A,shore,I,e,86,3,12479.0,734923.3000001907,8100,WL,C,15.0
7,58.513999938964844,immed,1486.0000610351562,Fri Oct 09 2026 14:22:19 GMT-0500 (Central Daylight Time),747969.0,A,shoreenter,I,enter,546,3,13045.699999809265,734923.3000001907,8100,WL,C,15.0
