block_c,block_dur,condition,countdown,datetime,endtime,list,multichar_response,project,response,response_time,session_number,start_end,starttime,subject_id,task,task_vers,trial
,,,,Tue Sep 01 2026 17:41:25 GMT-0500 (Central Daylight Time),,,,I,space,589,1,,,8135,WL,B,
prac,,0,,Tue Sep 01 2026 17:41:25 GMT-0500 (Central Daylight Time),,NA,b,I,b,3829,1,,,8135,WL,B,1.0
prac,,0,,Tue Sep 01 2026 17:41:25 GMT-0500 (Central Daylight Time),,NA,bo,I,o,260,1,,,8135,WL,B,1.0
prac,,0,,Tue Sep 01 2026 17:41:25 GMT-0500 (Central Daylight Time),,NA,boo,I,o,132,1,,,8135,WL,B,1.0
prac,,0,,Tue Sep 01 2026 17:41:25 GMT-0500 (Central Daylight Time),,NA,boos,I,s,414,1,,,8135,WL,B,1.0
prac,,0,,Tue Sep 01 2026 17:41:25 GMT-0500 (Central Daylight Time),,NA,boost,I,t,222,1,,,8135,WL,B,1.0
prac,,0,,Tue Sep 01 2026 17:41:25 GMT-0500 (Central Daylight Time),,NA,boostenter,I,enter,2268,1,,,8135,WL,B,1.0
1,1.8500001430511475,learn,58149.99985694885,Tue Sep 01 2026 17:41:25 GMT-0500 (Central Daylight Time),127984.10000002384,A,s,I,s,1841,1,1849.3000000715256,126134.79999995232,8135,WL,B,1.0
1,2.199000120162964,learn,57800.999879837036,Tue Sep 01 2026 17:41:25 GMT-0500 (Central Daylight Time),128333.5,A,st,I,t,335,1,2198.7000000476837,126134.79999995232,8135,WL,B,1.0
1,2.499000072479248,learn,57500.99992752075,Tue Sep 01 2026 17:41:25 GMT-0500 (Central Daylight Time),128633.70000004768,A,str,I,r,283,1,2498.9000000953674,126134.79999995232,8135,WL,B,1.0
1,2.7660000324249268,learn,57233.99996757507,Tue Sep 01 2026 17:41:25 GMT-0500 (Central Daylight Time),128900.29999995232,A,stre,I,e,247,1,2765.5,126134.79999995232,8135,WL,B,1.0
1,2.8990001678466797,learn,57100.99983215332,Tue Sep 01 2026 17:41:25 GMT-0500 (Central Daylight Time),129033.79999995232,A,stree,I,e,123,1,2899.0,126134.79999995232,8135,WL,B,1.0
1,3.367000102996826,learn,56632.999897003174,Tue Sep 01 2026 17:41:25 GMT-0500 (Central Daylight Time),129501.5,A,street,I,t,455,1,3366.7000000476837,126134.79999995232,8135,WL,B,1.0
1,4.016000032424927,learn,55983.99996757507,Tue Sep 01 2026 17:41:25 GMT-0500 (Central Daylight Time),130149.79999995232,A,streetenter,I,enter,642,1,4015.0,126134.79999995232,8135,WL,B,1.0
1,5.2829999923706055,learn,54717.000007629395,Tue Sep 01 2026 17:41:25 GMT-0500 (Central Daylight Time),131417.20000004768,A,g,I,g,1258,1,1267.0,130150.20000004768,8135,WL,B,2.0
1,5.515000104904175,learn,54484.999895095825,Tue Sep 01 2026 17:41:25 GMT-0500 (Central Daylight Time),131649.29999995232,A,gr,I,r,223,1,1499.0999999046326,130150.20000004768,8135,WL,B,2.0
1,5.732000112533569,learn,54267.99988746643,Tue Sep 01 2026 17:41:25 GMT-0500 (Central Daylight Time),131866.20000004768,A,gra,I,a,207,1,1716.0,130150.20000004768,8135,WL,B,2.0
1,6.0320000648498535,learn,53967.99993515015,Tue Sep 01 2026 17:41:25 GMT-0500 (Central Daylight Time),132165.79999995232,A,gras,I,s,278,1,2015.5999999046326,130150.20000004768,8135,WL,B,2.0
1,6.182000160217285,learn,53817.999839782715,Tue Sep 01 2026 17:41:25 GMT-0500 (Central Daylight Time),132316.0,A,grass,I,s,131,1,2165.7999999523163,130150.20000004768,8135,WL,B,2.0
1,6.432000160217285,learn,53567.999839782715,Tue Sep 01 2026 17:41:25 GMT-0500 (Central Daylight Time),132565.89999997616,A,grassenter,I,enter,236,1,2415.6999999284744,130150.20000004768,8135,WL,B,2.0
1,8.29800009727478,learn,51701.99990272522,Tue Sep 01 2026 17:41:25 GMT-0500 (Central Daylight Time),134432.0,A,a,I,a,1851,1,1865.3999999761581,132566.60000002384,8135,WL,B,3.0
1,8.581000089645386,learn,51418.999910354614,Tue Sep 01 2026 17:41:25 GMT-0500 (Central Daylight Time),134715.10000002384,A,ar,I,r,264,1,2148.5,132566.60000002384,8135,WL,B,3.0
1,9.064000129699707,learn,50935.99987030029,Tue Sep 01 2026 17:41:25 GMT-0500 (Central Daylight Time),135198.5,A,arm,I,m,478,1,2631.899999976158,132566.60000002384,8135,WL,B,3.0
1,9.664999961853027,learn,50335.00003814697,Tue Sep 01 2026 17:41:25 GMT-0500 (Central Daylight Time),135799.20000004768,A,armenter,I,enter,594,1,3232.600000023842,132566.60000002384,8135,WL,B,3.0
1,10.597000122070312,learn,49402.99987792969,Tue Sep 01 2026 17:41:25 GMT-0500 (Central Daylight Time),136731.0,A,d,I,d,912,1,931.3999999761581,135799.60000002384,8135,WL,B,4.0
1,10.814000129699707,learn,49185.99987030029,Tue Sep 01 2026 17:41:25 GMT-0500 (Central Daylight Time),136948.60000002384,A,do,I,o,204,1,1149.0,135799.60000002384,8135,WL,B,4.0
1,11.174000024795532,learn,48825.99997520447,Tue Sep 01 2026 17:41:25 GMT-0500 (Central Daylight Time),137307.89999997616,A,doo,I,o,206,1,1508.2999999523163,135799.60000002384,8135,WL,B,4.0
1,11.180999994277954,learn,48819.000005722046,Tue Sep 01 2026 17:41:25 GMT-0500 (Central Daylight Time),137315.10000002384,A,door,I,r,1,1,1515.5,135799.60000002384,8135,WL,B,4.0
1,11.831000089645386,learn,48168.999910354614,Tue Sep 01 2026 17:41:25 GMT-0500 (Central Daylight Time),137965.60000002384,A,doorenter,I,enter,627,1,2166.0,135799.60000002384,8135,WL,B,4.0
1,16.17900013923645,learn,43820.99986076355,Tue Sep 01 2026 17:41:25 GMT-0500 (Central Daylight Time),142313.5,A,w,I,w,4331,1,4347.399999976158,137966.10000002384,8135,WL,B,5.0
1,16.34500002861023,learn,43654.99997138977,Tue Sep 01 2026 17:41:25 GMT-0500 (Central Daylight Time),142479.60000002384,A,wi,I,i,151,1,4513.5,137966.10000002384,8135,WL,B,5.0
1,16.49500012397766,learn,43504.99987602234,Tue Sep 01 2026 17:41:25 GMT-0500 (Central Daylight Time),142629.29999995232,A,wif,I,f,138,1,4663.199999928474,137966.10000002384,8135,WL,B,5.0
1,16.59500002861023,learn,43404.99997138977,Tue Sep 01 2026 17:41:25 GMT-0500 (Central Daylight Time),142729.20000004768,A,wife,I,e,91,1,4763.100000023842,137966.10000002384,8135,WL,B,5.0
1,16.878000020980835,learn,43121.999979019165,Tue Sep 01 2026 17:41:25 GMT-0500 (Central Daylight Time),143012.70000004768,A,wifeenter,I,enter,262,1,5046.600000023842,137966.10000002384,8135,WL,B,5.0
1,17.444000005722046,learn,42555.999994277954,Tue Sep 01 2026 17:41:25 GMT-0500 (Central Daylight Time),143578.70000004768,A,w,I,w,556,1,565.6000000238419,143013.10000002384,8135,WL,B,6.0
1,17.545000076293945,learn,42454.999923706055,Tue Sep 01 2026 17:41:25 GMT-0500 (Central Daylight Time),143679.10000002384,A,wi,I,i,84,1,666.0,143013.10000002384,8135,WL,B,6.0
1,17.66100001335144,learn,42338.99998664856,Tue Sep 01 2026 17:41:25 GMT-0500 (Central Daylight Time),143795.70000004768,A,win,I,n,106,1,782.6000000238419,143013.10000002384,8135,WL,B,6.0
1,17.82800006866455,learn,42171.99993133545,Tue Sep 01 2026 17:41:25 GMT-0500 (Central Daylight Time),143962.20000004768,A,wind,I,d,157,1,949.1000000238419,143013.10000002384,8135,WL,B,6.0
1,17.99500012397766,learn,42004.99987602234,Tue Sep 01 2026 17:41:25 GMT-0500 (Central Daylight Time),144128.89999997616,A,windo,I,o,157,1,1115.7999999523163,143013.10000002384,8135,WL,B,6.0
1,18.144999980926514,learn,41855.000019073486,Tue Sep 01 2026 17:41:25 GMT-0500 (Central Daylight Time),144279.0,A,window,I,w,136,1,1265.8999999761581,143013.10000002384,8135,WL,B,6.0
1,18.49399995803833,learn,41506.00004196167,Tue Sep 01 2026 17:41:25 GMT-0500 (Central Daylight Time),144628.70000004768,A,windowenter,I,enter,338,1,1615.6000000238419,143013.10000002384,8135,WL,B,6.0
1,19.81000018119812,learn,40189.99981880188,Tue Sep 01 2026 17:41:25 GMT-0500 (Central Daylight Time),145944.79999995232,A,c,I,c,1299,1,1315.6999999284744,144629.10000002384,8135,WL,B,7.0
1,19.84500002861023,learn,40154.99997138977,Tue Sep 01 2026 17:41:25 GMT-0500 (Central Daylight Time),145979.5,A,ca,I,a,24,1,1350.3999999761581,144629.10000002384,8135,WL,B,7.0
1,20.544000148773193,learn,39455.99985122681,Tue Sep 01 2026 17:41:25 GMT-0500 (Central Daylight Time),146678.10000002384,A,cab,I,b,677,1,2049.0,144629.10000002384,8135,WL,B,7.0
1,20.74399995803833,learn,39256.00004196167,Tue Sep 01 2026 17:41:25 GMT-0500 (Central Daylight Time),146878.10000002384,A,cabi,I,i,195,1,2249.0,144629.10000002384,8135,WL,B,7.0
1,20.89400005340576,learn,39105.99994659424,Tue Sep 01 2026 17:41:25 GMT-0500 (Central Daylight Time),147028.10000002384,A,cabin,I,n,131,1,2399.0,144629.10000002384,8135,WL,B,7.0
1,21.31000018119812,learn,38689.99981880188,Tue Sep 01 2026 17:41:25 GMT-0500 (Central Daylight Time),147444.70000004768,A,cabinenter,I,enter,403,1,2815.600000023842,144629.10000002384,8135,WL,B,7.0
1,22.210000038146973,learn,37789.99996185303,Tue Sep 01 2026 17:41:25 GMT-0500 (Central Daylight Time),148344.20000004768,A,l,I,l,892,1,899.1000000238419,147445.10000002384,8135,WL,B,8.0
1,22.31000018119812,learn,37689.99981880188,Tue Sep 01 2026 17:41:25 GMT-0500 (Central Daylight Time),148444.29999995232,A,la,I,a,89,1,999.1999999284744,147445.10000002384,8135,WL,B,8.0
1,22.87600016593933,learn,37123.99983406067,Tue Sep 01 2026 17:41:25 GMT-0500 (Central Daylight Time),149010.5,A,lak,I,k,556,1,1565.3999999761581,147445.10000002384,8135,WL,B,8.0
1,23.075999975204468,learn,36924.00002479553,Tue Sep 01 2026 17:41:25 GMT-0500 (Central Daylight Time),149210.39999997616,A,lake,I,e,182,1,1765.2999999523163,147445.10000002384,8135,WL,B,8.0
1,23.509999990463257,learn,36490.00000953674,Tue Sep 01 2026 17:41:25 GMT-0500 (Central Daylight Time),149643.89999997616,A,lakeenter,I,enter,423,1,2198.7999999523163,147445.10000002384,8135,WL,B,8.0
1,25.54200005531311,learn,34457.99994468689,Tue Sep 01 2026 17:41:25 GMT-0500 (Central Daylight Time),151676.79999995232,A,,I,backspace,2020,1,2032.3999999761581,149644.39999997616,8135,WL,B,9.0
1,26.259000062942505,learn,33740.999937057495,Tue Sep 01 2026 17:41:25 GMT-0500 (Central Daylight Time),152392.89999997616,A,p,I,p,701,1,2748.5,149644.39999997616,8135,WL,B,9.0
1,26.45900011062622,learn,33540.99988937378,Tue Sep 01 2026 17:41:25 GMT-0500 (Central Daylight Time),152592.89999997616,A,pi,I,i,191,1,2948.5,149644.39999997616,8135,WL,B,9.0
1,26.625,learn,33375.0,Tue Sep 01 2026 17:41:25 GMT-0500 (Central Daylight Time),152759.5,A,pip,I,p,161,1,3115.100000023842,149644.39999997616,8135,WL,B,9.0
1,26.79200005531311,learn,33207.99994468689,Tue Sep 01 2026 17:41:25 GMT-0500 (Central Daylight Time),152925.89999997616,A,pipe,I,e,146,1,3281.5,149644.39999997616,8135,WL,B,9.0
1,27.258000135421753,learn,32741.999864578247,Tue Sep 01 2026 17:41:25 GMT-0500 (Central Daylight Time),153392.5,A,pipeenter,I,enter,450,1,3748.100000023842,149644.39999997616,8135,WL,B,9.0
1,36.456000089645386,learn,23543.999910354614,Tue Sep 01 2026 17:41:25 GMT-0500 (Central Daylight Time),162589.89999997616,A,d,I,d,9184,1,9197.199999928474,153392.70000004768,8135,WL,B,10.0
1,36.75500011444092,learn,23244.999885559082,Tue Sep 01 2026 17:41:25 GMT-0500 (Central Daylight Time),162889.79999995232,A,do,I,o,291,1,9497.099999904633,153392.70000004768,8135,WL,B,10.0
1,36.871999979019165,learn,23128.000020980835,Tue Sep 01 2026 17:41:25 GMT-0500 (Central Daylight Time),163006.29999995232,A,doo,I,o,111,1,9613.599999904633,153392.70000004768,8135,WL,B,10.0
1,37.039000034332275,learn,22960.999965667725,Tue Sep 01 2026 17:41:25 GMT-0500 (Central Daylight Time),163173.20000004768,A,door,I,r,155,1,9780.5,153392.70000004768,8135,WL,B,10.0
1,37.355000019073486,learn,22644.999980926514,Tue Sep 01 2026 17:41:25 GMT-0500 (Central Daylight Time),163489.39999997616,A,doorenter,I,enter,300,1,10096.699999928474,153392.70000004768,8135,WL,B,10.0
1,43.90300011634827,learn,16096.999883651733,Tue Sep 01 2026 17:41:25 GMT-0500 (Central Daylight Time),170037.39999997616,A,w,I,w,6526,1,6547.5,163489.89999997616,8135,WL,B,11.0
1,44.26900005340576,learn,15730.999946594238,Tue Sep 01 2026 17:41:25 GMT-0500 (Central Daylight Time),170403.79999995232,A,wi,I,i,356,1,6913.899999976158,163489.89999997616,8135,WL,B,11.0
1,44.41900014877319,learn,15580.999851226807,Tue Sep 01 2026 17:41:25 GMT-0500 (Central Daylight Time),170553.89999997616,A,win,I,n,142,1,7064.0,163489.89999997616,8135,WL,B,11.0
1,44.60300016403198,learn,15396.999835968018,Tue Sep 01 2026 17:41:25 GMT-0500 (Central Daylight Time),170737.29999995232,A,wind,I,d,175,1,7247.399999976158,163489.89999997616,8135,WL,B,11.0
1,44.736000061035156,learn,15263.999938964844,Tue Sep 01 2026 17:41:25 GMT-0500 (Central Daylight Time),170870.29999995232,A,windo,I,o,128,1,7380.399999976158,163489.89999997616,8135,WL,B,11.0
1,44.901999950408936,learn,15098.000049591064,Tue Sep 01 2026 17:41:25 GMT-0500 (Central Daylight Time),171036.89999997616,A,window,I,w,155,1,7547.0,163489.89999997616,8135,WL,B,11.0
1,45.2020001411438,learn,14797.999858856201,Tue Sep 01 2026 17:41:25 GMT-0500 (Central Daylight Time),171337.10000002384,A,windowenter,I,enter,292,1,7847.200000047684,163489.89999997616,8135,WL,B,11.0
1,60.01400017738342,learn,-14.000177383422852,Tue Sep 01 2026 17:41:25 GMT-0500 (Central Daylight Time),186149.29999995232,A,None,I,None,14806,1,14811.799999952316,171337.5,8135,WL,B,12.0
2,1.633000135421753,learn,58366.99986457825,Tue Sep 01 2026 17:41:25 GMT-0500 (Central Daylight Time),254544.10000002384,A,s,I,s,1627,1,1632.5,252911.60000002384,8135,WL,B,1.0
2,1.8500001430511475,learn,58149.99985694885,Tue Sep 01 2026 17:41:25 GMT-0500 (Central Daylight Time),254761.0,A,sk,I,k,201,1,1849.3999999761581,252911.60000002384,8135,WL,B,1.0
2,2.13100004196167,learn,57868.99995803833,Tue Sep 01 2026 17:41:25 GMT-0500 (Central Daylight Time),255041.89999997616,A,ski,I,i,247,1,2130.2999999523163,252911.60000002384,8135,WL,B,1.0
2,2.2790000438690186,learn,57720.99995613098,Tue Sep 01 2026 17:41:25 GMT-0500 (Central Daylight Time),255190.20000004768,A,skin,I,n,144,1,2278.600000023842,252911.60000002384,8135,WL,B,1.0
2,3.7330000400543213,learn,56266.99995994568,Tue Sep 01 2026 17:41:25 GMT-0500 (Central Daylight Time),256643.89999997616,A,skinenter,I,enter,1434,1,3732.2999999523163,252911.60000002384,8135,WL,B,1.0
2,4.565999984741211,learn,55434.00001525879,Tue Sep 01 2026 17:41:25 GMT-0500 (Central Daylight Time),257476.70000004768,A,f,I,f,812,1,832.1000000238419,256644.60000002384,8135,WL,B,2.0
2,4.749000072479248,learn,55250.99992752075,Tue Sep 01 2026 17:41:25 GMT-0500 (Central Daylight Time),257659.89999997616,A,fi,I,i,164,1,1015.2999999523163,256644.60000002384,8135,WL,B,2.0
2,4.898999929428101,learn,55101.0000705719,Tue Sep 01 2026 17:41:25 GMT-0500 (Central Daylight Time),257809.89999997616,A,fir,I,r,141,1,1165.2999999523163,256644.60000002384,8135,WL,B,2.0
2,5.0,learn,55000.0,Tue Sep 01 2026 17:41:25 GMT-0500 (Central Daylight Time),257910.70000004768,A,fire,I,e,79,1,1266.1000000238419,256644.60000002384,8135,WL,B,2.0
2,5.381999969482422,learn,54618.00003051758,Tue Sep 01 2026 17:41:25 GMT-0500 (Central Daylight Time),258293.10000002384,A,fireenter,I,enter,370,1,1648.5,256644.60000002384,8135,WL,B,2.0
2,6.031000137329102,learn,53968.9998626709,Tue Sep 01 2026 17:41:25 GMT-0500 (Central Daylight Time),258942.60000002384,A,c,I,c,645,1,649.2000000476837,258293.39999997616,8135,WL,B,3.0
2,6.265000104904175,learn,53734.999895095825,Tue Sep 01 2026 17:41:25 GMT-0500 (Central Daylight Time),259176.20000004768,A,cl,I,l,219,1,882.8000000715256,258293.39999997616,8135,WL,B,3.0
2,6.498000144958496,learn,53501.999855041504,Tue Sep 01 2026 17:41:25 GMT-0500 (Central Daylight Time),259409.29999995232,A,clo,I,o,216,1,1115.8999999761581,258293.39999997616,8135,WL,B,3.0
2,6.697999954223633,learn,53302.00004577637,Tue Sep 01 2026 17:41:25 GMT-0500 (Central Daylight Time),259609.39999997616,A,cloc,I,c,184,1,1316.0,258293.39999997616,8135,WL,B,3.0
2,6.88100004196167,learn,53118.99995803833,Tue Sep 01 2026 17:41:25 GMT-0500 (Central Daylight Time),259792.5,A,clock,I,k,175,1,1499.1000000238419,258293.39999997616,8135,WL,B,3.0
2,7.515000104904175,learn,52484.999895095825,Tue Sep 01 2026 17:41:25 GMT-0500 (Central Daylight Time),260425.79999995232,A,clockenter,I,enter,625,1,2132.399999976158,258293.39999997616,8135,WL,B,3.0
2,9.164000034332275,learn,50835.999965667725,Tue Sep 01 2026 17:41:25 GMT-0500 (Central Daylight Time),262075.5,A,p,I,p,1639,1,1649.2999999523163,260426.20000004768,8135,WL,B,4.0
2,9.630000114440918,learn,50369.99988555908,Tue Sep 01 2026 17:41:25 GMT-0500 (Central Daylight Time),262541.60000002384,A,pu,I,u,445,1,2115.399999976158,260426.20000004768,8135,WL,B,4.0
2,9.897000074386597,learn,50102.9999256134,Tue Sep 01 2026 17:41:25 GMT-0500 (Central Daylight Time),262808.39999997616,A,pup,I,p,260,1,2382.1999999284744,260426.20000004768,8135,WL,B,4.0
2,10.27999997138977,learn,49720.00002861023,Tue Sep 01 2026 17:41:25 GMT-0500 (Central Daylight Time),263191.5,A,pupi,I,i,369,1,2765.2999999523163,260426.20000004768,8135,WL,B,4.0
2,10.513999938964844,learn,49486.000061035156,Tue Sep 01 2026 17:41:25 GMT-0500 (Central Daylight Time),263424.89999997616,A,pupil,I,l,218,1,2998.6999999284744,260426.20000004768,8135,WL,B,4.0
2,11.097000122070312,learn,48902.99987792969,Tue Sep 01 2026 17:41:25 GMT-0500 (Central Daylight Time),264007.7000000477,A,pupilenter,I,enter,569,1,3581.5,260426.20000004768,8135,WL,B,4.0
2,11.847000122070312,learn,48152.99987792969,Tue Sep 01 2026 17:41:25 GMT-0500 (Central Daylight Time),264757.7999999523,A,c,I,c,738,1,749.6999999284744,264008.10000002384,8135,WL,B,5.0
2,11.946000099182129,learn,48053.99990081787,Tue Sep 01 2026 17:41:25 GMT-0500 (Central Daylight Time),264857.7000000477,A,ca,I,a,83,1,849.6000000238419,264008.10000002384,8135,WL,B,5.0
2,12.380000114440918,learn,47619.99988555908,Tue Sep 01 2026 17:41:25 GMT-0500 (Central Daylight Time),265290.7999999523,A,cai,I,i,424,1,1282.6999999284744,264008.10000002384,8135,WL,B,5.0
2,12.578999996185303,learn,47421.0000038147,Tue Sep 01 2026 17:41:25 GMT-0500 (Central Daylight Time),265490.7000000477,A,caib,I,b,189,1,1482.6000000238419,264008.10000002384,8135,WL,B,5.0
2,13.062999963760376,learn,46937.000036239624,Tue Sep 01 2026 17:41:25 GMT-0500 (Central Daylight Time),265974.2000000477,A,cai,I,backspace,479,1,1966.1000000238419,264008.10000002384,8135,WL,B,5.0
2,13.263000011444092,learn,46736.99998855591,Tue Sep 01 2026 17:41:25 GMT-0500 (Central Daylight Time),266174.10000002384,A,ca,I,backspace,187,1,2166.0,264008.10000002384,8135,WL,B,5.0
2,13.546000003814697,learn,46453.9999961853,Tue Sep 01 2026 17:41:25 GMT-0500 (Central Daylight Time),266457.0,A,cab,I,b,274,1,2448.899999976158,264008.10000002384,8135,WL,B,5.0
2,13.796000003814697,learn,46203.9999961853,Tue Sep 01 2026 17:41:25 GMT-0500 (Central Daylight Time),266707.0,A,cabi,I,i,233,1,2698.899999976158,264008.10000002384,8135,WL,B,5.0
2,13.861999988555908,learn,46138.00001144409,Tue Sep 01 2026 17:41:25 GMT-0500 (Central Daylight Time),266773.60000002384,A,cabin,I,n,55,1,2765.5,264008.10000002384,8135,WL,B,5.0
2,14.161999940872192,learn,45838.00005912781,Tue Sep 01 2026 17:41:25 GMT-0500 (Central Daylight Time),267073.5,A,cabinenter,I,enter,283,1,3065.399999976158,264008.10000002384,8135,WL,B,5.0
2,14.446000099182129,learn,45553.99990081787,Tue Sep 01 2026 17:41:25 GMT-0500 (Central Daylight Time),267356.7000000477,A,l,I,l,263,1,283.0,267073.7000000477,8135,WL,B,6.0
2,15.229000091552734,learn,44770.999908447266,Tue Sep 01 2026 17:41:25 GMT-0500 (Central Daylight Time),268140.0,A,,I,backspace,765,1,1066.2999999523163,267073.7000000477,8135,WL,B,6.0
2,15.913000106811523,learn,44086.99989318848,Tue Sep 01 2026 17:41:25 GMT-0500 (Central Daylight Time),268824.2000000477,A,l,I,l,677,1,1750.5,267073.7000000477,8135,WL,B,6.0
2,16.128999948501587,learn,43871.00005149841,Tue Sep 01 2026 17:41:25 GMT-0500 (Central Daylight Time),269039.7000000477,A,la,I,a,209,1,1966.0,267073.7000000477,8135,WL,B,6.0
2,16.545000076293945,learn,43454.999923706055,Tue Sep 01 2026 17:41:25 GMT-0500 (Central Daylight Time),269456.39999997616,A,lak,I,k,402,1,2382.6999999284744,267073.7000000477,8135,WL,B,6.0
2,16.611999988555908,learn,43388.00001144409,Tue Sep 01 2026 17:41:25 GMT-0500 (Central Daylight Time),269522.7999999523,A,lake,I,e,57,1,2449.0999999046326,267073.7000000477,8135,WL,B,6.0
2,17.278000116348267,learn,42721.99988365173,Tue Sep 01 2026 17:41:25 GMT-0500 (Central Daylight Time),270189.2000000477,A,lakeenter,I,enter,654,1,3115.5,267073.7000000477,8135,WL,B,6.0
2,19.594000101089478,learn,40405.99989891052,Tue Sep 01 2026 17:41:25 GMT-0500 (Central Daylight Time),272505.2000000477,A,s,I,s,2300,1,2315.9000000953674,270189.2999999523,8135,WL,B,7.0
2,19.89400005340576,learn,40105.99994659424,Tue Sep 01 2026 17:41:25 GMT-0500 (Central Daylight Time),272805.2000000477,A,st,I,t,288,1,2615.9000000953674,270189.2999999523,8135,WL,B,7.0
2,20.294000148773193,learn,39705.99985122681,Tue Sep 01 2026 17:41:25 GMT-0500 (Central Daylight Time),273205.10000002384,A,str,I,r,388,1,3015.8000000715256,270189.2999999523,8135,WL,B,7.0
2,20.627000093460083,learn,39372.99990653992,Tue Sep 01 2026 17:41:25 GMT-0500 (Central Daylight Time),273538.5,A,stre,I,e,315,1,3349.2000000476837,270189.2999999523,8135,WL,B,7.0
2,20.776999950408936,learn,39223.000049591064,Tue Sep 01 2026 17:41:25 GMT-0500 (Central Daylight Time),273688.2999999523,A,stree,I,e,143,1,3499.0,270189.2999999523,8135,WL,B,7.0
2,20.960000038146973,learn,39039.99996185303,Tue Sep 01 2026 17:41:25 GMT-0500 (Central Daylight Time),273871.5,A,street,I,t,177,1,3682.2000000476837,270189.2999999523,8135,WL,B,7.0
2,21.22699999809265,learn,38773.00000190735,Tue Sep 01 2026 17:41:25 GMT-0500 (Central Daylight Time),274138.2000000477,A,streetenter,I,enter,258,1,3948.9000000953674,270189.2999999523,8135,WL,B,7.0
2,21.694000005722046,learn,38305.999994277954,Tue Sep 01 2026 17:41:25 GMT-0500 (Central Daylight Time),274604.7999999523,A,g,I,g,455,1,466.1999999284744,274138.60000002384,8135,WL,B,8.0
2,21.89300012588501,learn,38106.99987411499,Tue Sep 01 2026 17:41:25 GMT-0500 (Central Daylight Time),274804.60000002384,A,gr,I,r,189,1,666.0,274138.60000002384,8135,WL,B,8.0
2,21.97699999809265,learn,38023.00000190735,Tue Sep 01 2026 17:41:25 GMT-0500 (Central Daylight Time),274887.7999999523,A,gra,I,a,76,1,749.1999999284744,274138.60000002384,8135,WL,B,8.0
2,22.2260000705719,learn,37773.9999294281,Tue Sep 01 2026 17:41:25 GMT-0500 (Central Daylight Time),275137.60000002384,A,gras,I,s,234,1,999.0,274138.60000002384,8135,WL,B,8.0
2,22.360000133514404,learn,37639.999866485596,Tue Sep 01 2026 17:41:25 GMT-0500 (Central Daylight Time),275270.89999997616,A,grass,I,s,127,1,1132.2999999523163,274138.60000002384,8135,WL,B,8.0
2,22.677000045776367,learn,37322.99995422363,Tue Sep 01 2026 17:41:25 GMT-0500 (Central Daylight Time),275587.89999997616,A,grassenter,I,enter,298,1,1449.2999999523163,274138.60000002384,8135,WL,B,8.0
2,23.526999950408936,learn,36473.000049591064,Tue Sep 01 2026 17:41:25 GMT-0500 (Central Daylight Time),276438.5,A,a,I,a,828,1,850.2999999523163,275588.2000000477,8135,WL,B,9.0
2,23.743000030517578,learn,36256.99996948242,Tue Sep 01 2026 17:41:25 GMT-0500 (Central Daylight Time),276654.0,A,ar,I,r,202,1,1065.7999999523163,275588.2000000477,8135,WL,B,9.0
2,23.91000008583069,learn,36089.99991416931,Tue Sep 01 2026 17:41:25 GMT-0500 (Central Daylight Time),276820.7999999523,A,arm,I,m,155,1,1232.5999999046326,275588.2000000477,8135,WL,B,9.0
2,25.259000062942505,learn,34740.999937057495,Tue Sep 01 2026 17:41:25 GMT-0500 (Central Daylight Time),278170.2000000477,A,armenter,I,enter,1333,1,2582.0,275588.2000000477,8135,WL,B,9.0
2,25.854000091552734,learn,34145.999908447266,Tue Sep 01 2026 17:41:25 GMT-0500 (Central Daylight Time),278765.0,A,s,I,s,590,1,594.5,278170.5,8135,WL,B,10.0
2,26.075000047683716,learn,33924.999952316284,Tue Sep 01 2026 17:41:25 GMT-0500 (Central Daylight Time),278986.60000002384,A,st,I,t,212,1,816.1000000238419,278170.5,8135,WL,B,10.0
2,26.342000007629395,learn,33657.999992370605,Tue Sep 01 2026 17:41:25 GMT-0500 (Central Daylight Time),279253.0,A,sta,I,a,246,1,1082.5,278170.5,8135,WL,B,10.0
2,26.442000150680542,learn,33557.99984931946,Tue Sep 01 2026 17:41:25 GMT-0500 (Central Daylight Time),279353.2999999523,A,star,I,r,84,1,1182.7999999523163,278170.5,8135,WL,B,10.0
2,26.875,learn,33125.0,Tue Sep 01 2026 17:41:25 GMT-0500 (Central Daylight Time),279786.5,A,starenter,I,enter,416,1,1616.0,278170.5,8135,WL,B,10.0
2,27.19099998474121,learn,32809.00001525879,Tue Sep 01 2026 17:41:25 GMT-0500 (Central Daylight Time),280102.60000002384,A,w,I,w,311,1,315.7000000476837,279786.89999997616,8135,WL,B,11.0
2,27.575000047683716,learn,32424.999952316284,Tue Sep 01 2026 17:41:25 GMT-0500 (Central Daylight Time),280486.10000002384,A,wi,I,i,363,1,699.2000000476837,279786.89999997616,8135,WL,B,11.0
2,27.77500009536743,learn,32224.99990463257,Tue Sep 01 2026 17:41:25 GMT-0500 (Central Daylight Time),280686.0,A,wif,I,f,178,1,899.1000000238419,279786.89999997616,8135,WL,B,11.0
2,27.85800004005432,learn,32141.99995994568,Tue Sep 01 2026 17:41:25 GMT-0500 (Central Daylight Time),280769.39999997616,A,wife,I,e,75,1,982.5,279786.89999997616,8135,WL,B,11.0
2,28.641000032424927,learn,31358.999967575073,Tue Sep 01 2026 17:41:25 GMT-0500 (Central Daylight Time),281552.5,A,wifew,I,w,776,1,1765.6000000238419,279786.89999997616,8135,WL,B,11.0
2,29.10800004005432,learn,30891.99995994568,Tue Sep 01 2026 17:41:25 GMT-0500 (Central Daylight Time),282019.0,A,wifewenter,I,enter,457,1,2232.100000023842,279786.89999997616,8135,WL,B,11.0
2,30.341000080108643,learn,29658.999919891357,Tue Sep 01 2026 17:41:25 GMT-0500 (Central Daylight Time),283251.7999999523,A,w,I,w,1215,1,1232.5999999046326,282019.2000000477,8135,WL,B,12.0
2,30.574000120162964,learn,29425.999879837036,Tue Sep 01 2026 17:41:25 GMT-0500 (Central Daylight Time),283484.7000000477,A,wi,I,i,212,1,1465.5,282019.2000000477,8135,WL,B,12.0
2,30.67300009727478,learn,29326.99990272522,Tue Sep 01 2026 17:41:25 GMT-0500 (Central Daylight Time),283584.7000000477,A,win,I,n,91,1,1565.5,282019.2000000477,8135,WL,B,12.0
2,30.789999961853027,learn,29210.000038146973,Tue Sep 01 2026 17:41:25 GMT-0500 (Central Daylight Time),283701.2000000477,A,wind,I,d,112,1,1682.0,282019.2000000477,8135,WL,B,12.0
2,31.223000049591064,learn,28776.999950408936,Tue Sep 01 2026 17:41:25 GMT-0500 (Central Daylight Time),284134.39999997616,A,windw,I,w,427,1,2115.1999999284744,282019.2000000477,8135,WL,B,12.0
2,31.6560001373291,learn,28343.9998626709,Tue Sep 01 2026 17:41:25 GMT-0500 (Central Daylight Time),284567.60000002384,A,wind,I,backspace,426,1,2548.399999976158,282019.2000000477,8135,WL,B,12.0
2,32.02300000190735,learn,27976.99999809265,Tue Sep 01 2026 17:41:25 GMT-0500 (Central Daylight Time),284934.2000000477,A,windp,I,p,361,1,2915.0,282019.2000000477,8135,WL,B,12.0
2,32.9060001373291,learn,27093.9998626709,Tue Sep 01 2026 17:41:25 GMT-0500 (Central Daylight Time),285817.2999999523,A,wind,I,backspace,874,1,3798.0999999046326,282019.2000000477,8135,WL,B,12.0
2,33.206000089645386,learn,26793.999910354614,Tue Sep 01 2026 17:41:25 GMT-0500 (Central Daylight Time),286117.39999997616,A,windo,I,o,295,1,4098.199999928474,282019.2000000477,8135,WL,B,12.0
2,33.4060001373291,learn,26593.9998626709,Tue Sep 01 2026 17:41:25 GMT-0500 (Central Daylight Time),286317.10000002384,A,window,I,w,187,1,4297.899999976158,282019.2000000477,8135,WL,B,12.0
2,34.5550000667572,learn,25444.999933242798,Tue Sep 01 2026 17:41:25 GMT-0500 (Central Daylight Time),287466.7000000477,A,windowenter,I,enter,1131,1,5447.5,282019.2000000477,8135,WL,B,12.0
2,35.53800010681152,learn,24461.999893188477,Tue Sep 01 2026 17:41:25 GMT-0500 (Central Daylight Time),288450.10000002384,A,p,I,p,967,1,983.1000000238419,287467.0,8135,WL,B,13.0
2,35.8050000667572,learn,24194.999933242798,Tue Sep 01 2026 17:41:25 GMT-0500 (Central Daylight Time),288716.7999999523,A,pi,I,i,247,1,1249.7999999523163,287467.0,8135,WL,B,13.0
2,35.98800015449524,learn,24011.99984550476,Tue Sep 01 2026 17:41:25 GMT-0500 (Central Daylight Time),288900.10000002384,A,pip,I,p,163,1,1433.1000000238419,287467.0,8135,WL,B,13.0
2,36.15499997138977,learn,23845.00002861023,Tue Sep 01 2026 17:41:25 GMT-0500 (Central Daylight Time),289066.7999999523,A,pipe,I,e,148,1,1599.7999999523163,287467.0,8135,WL,B,13.0
2,36.5220000743866,learn,23477.999925613403,Tue Sep 01 2026 17:41:25 GMT-0500 (Central Daylight Time),289433.2999999523,A,pipeenter,I,enter,359,1,1966.2999999523163,287467.0,8135,WL,B,13.0
2,37.6710000038147,learn,22328.999996185303,Tue Sep 01 2026 17:41:25 GMT-0500 (Central Daylight Time),290583.10000002384,A,c,I,c,1136,1,1149.3999999761581,289433.7000000477,8135,WL,B,14.0
2,37.82100009918213,learn,22178.99990081787,Tue Sep 01 2026 17:41:25 GMT-0500 (Central Daylight Time),290733.0,A,ci,I,i,129,1,1299.2999999523163,289433.7000000477,8135,WL,B,14.0
2,38.05400013923645,learn,21945.99986076355,Tue Sep 01 2026 17:41:25 GMT-0500 (Central Daylight Time),290965.7000000477,A,cit,I,t,227,1,1532.0,289433.7000000477,8135,WL,B,14.0
2,38.25399994850159,learn,21746.000051498413,Tue Sep 01 2026 17:41:25 GMT-0500 (Central Daylight Time),291165.89999997616,A,city,I,y,196,1,1732.1999999284744,289433.7000000477,8135,WL,B,14.0
2,39.22099995613098,learn,20779.00004386902,Tue Sep 01 2026 17:41:25 GMT-0500 (Central Daylight Time),292132.2999999523,A,cityenter,I,enter,956,1,2698.5999999046326,289433.7000000477,8135,WL,B,14.0
2,60.013999938964844,learn,-13.99993896484375,Tue Sep 01 2026 17:41:25 GMT-0500 (Central Daylight Time),312925.7999999523,A,None,I,None,20788,1,20793.099999904633,292132.7000000477,8135,WL,B,15.0
3,1.1670000553131104,learn,58832.99994468689,Tue Sep 01 2026 17:41:25 GMT-0500 (Central Daylight Time),381621.10000002384,A,s,I,s,1146,1,1166.3999999761581,380454.7000000477,8135,WL,B,1.0
3,1.5,learn,58500.0,Tue Sep 01 2026 17:41:25 GMT-0500 (Central Daylight Time),381954.2999999523,A,st,I,t,323,1,1499.5999999046326,380454.7000000477,8135,WL,B,1.0
3,1.75,learn,58250.0,Tue Sep 01 2026 17:41:25 GMT-0500 (Central Daylight Time),382204.0,A,str,I,r,239,1,1749.2999999523163,380454.7000000477,8135,WL,B,1.0
3,1.933000087738037,learn,58066.99991226196,Tue Sep 01 2026 17:41:25 GMT-0500 (Central Daylight Time),382387.39999997616,A,stre,I,e,165,1,1932.6999999284744,380454.7000000477,8135,WL,B,1.0
3,2.0839998722076416,learn,57916.00012779236,Tue Sep 01 2026 17:41:25 GMT-0500 (Central Daylight Time),382537.7000000477,A,stree,I,e,134,1,2083.0,380454.7000000477,8135,WL,B,1.0
3,2.2829999923706055,learn,57717.000007629395,Tue Sep 01 2026 17:41:25 GMT-0500 (Central Daylight Time),382737.39999997616,A,street,I,t,191,1,2282.6999999284744,380454.7000000477,8135,WL,B,1.0
3,3.565999984741211,learn,56434.00001525879,Tue Sep 01 2026 17:41:25 GMT-0500 (Central Daylight Time),384020.39999997616,A,streetenter,I,enter,1264,1,3565.6999999284744,380454.7000000477,8135,WL,B,1.0
3,4.315999984741211,learn,55684.00001525879,Tue Sep 01 2026 17:41:25 GMT-0500 (Central Daylight Time),384770.0,A,g,I,g,733,1,749.2999999523163,384020.7000000477,8135,WL,B,2.0
3,4.549000024795532,learn,55450.99997520447,Tue Sep 01 2026 17:41:25 GMT-0500 (Central Daylight Time),385003.39999997616,A,gr,I,r,215,1,982.6999999284744,384020.7000000477,8135,WL,B,2.0
3,4.933000087738037,learn,55066.99991226196,Tue Sep 01 2026 17:41:25 GMT-0500 (Central Daylight Time),385386.7000000477,A,gra,I,a,374,1,1366.0,384020.7000000477,8135,WL,B,2.0
3,4.948999881744385,learn,55051.000118255615,Tue Sep 01 2026 17:41:25 GMT-0500 (Central Daylight Time),385402.89999997616,A,graq,I,q,1,1,1382.1999999284744,384020.7000000477,8135,WL,B,2.0
3,5.266000032424927,learn,54733.99996757507,Tue Sep 01 2026 17:41:25 GMT-0500 (Central Daylight Time),385719.7999999523,A,graqs,I,s,302,1,1699.0999999046326,384020.7000000477,8135,WL,B,2.0
3,5.415999889373779,learn,54584.00011062622,Tue Sep 01 2026 17:41:25 GMT-0500 (Central Daylight Time),385870.2000000477,A,graqss,I,s,130,1,1849.5,384020.7000000477,8135,WL,B,2.0
3,5.898999929428101,learn,54101.0000705719,Tue Sep 01 2026 17:41:25 GMT-0500 (Central Daylight Time),386352.7999999523,A,graqs,I,backspace,475,1,2332.0999999046326,384020.7000000477,8135,WL,B,2.0
3,6.065000057220459,learn,53934.99994277954,Tue Sep 01 2026 17:41:25 GMT-0500 (Central Daylight Time),386519.39999997616,A,graq,I,backspace,152,1,2498.6999999284744,384020.7000000477,8135,WL,B,2.0
3,6.2149999141693115,learn,53785.00008583069,Tue Sep 01 2026 17:41:25 GMT-0500 (Central Daylight Time),386669.5,A,gra,I,backspace,138,1,2648.7999999523163,384020.7000000477,8135,WL,B,2.0
3,6.414999961853027,learn,53585.00003814697,Tue Sep 01 2026 17:41:25 GMT-0500 (Central Daylight Time),386869.5,A,gras,I,s,187,1,2848.7999999523163,384020.7000000477,8135,WL,B,2.0
3,6.549000024795532,learn,53450.99997520447,Tue Sep 01 2026 17:41:25 GMT-0500 (Central Daylight Time),387002.89999997616,A,grass,I,s,116,1,2982.1999999284744,384020.7000000477,8135,WL,B,2.0
3,7.131999969482422,learn,52868.00003051758,Tue Sep 01 2026 17:41:25 GMT-0500 (Central Daylight Time),387585.89999997616,A,grassenter,I,enter,567,1,3565.1999999284744,384020.7000000477,8135,WL,B,2.0
3,9.197999954223633,learn,50802.00004577637,Tue Sep 01 2026 17:41:25 GMT-0500 (Central Daylight Time),389651.7999999523,A,a,I,a,2048,1,2065.5999999046326,387586.2000000477,8135,WL,B,3.0
3,9.480999946594238,learn,50519.00005340576,Tue Sep 01 2026 17:41:25 GMT-0500 (Central Daylight Time),389935.2999999523,A,ar,I,r,269,1,2349.0999999046326,387586.2000000477,8135,WL,B,3.0
3,9.930999994277954,learn,50069.000005722046,Tue Sep 01 2026 17:41:25 GMT-0500 (Central Daylight Time),390385.2000000477,A,arm,I,m,434,1,2799.0,387586.2000000477,8135,WL,B,3.0
3,10.680999994277954,learn,49319.000005722046,Tue Sep 01 2026 17:41:25 GMT-0500 (Central Daylight Time),391134.7999999523,A,armenter,I,enter,736,1,3548.5999999046326,387586.2000000477,8135,WL,B,3.0
3,11.614000082015991,learn,48385.99991798401,Tue Sep 01 2026 17:41:25 GMT-0500 (Central Daylight Time),392067.7999999523,A,w,I,w,922,1,932.5999999046326,391135.2000000477,8135,WL,B,4.0
3,11.996999979019165,learn,48003.000020980835,Tue Sep 01 2026 17:41:25 GMT-0500 (Central Daylight Time),392451.0,A,wi,I,i,373,1,1315.7999999523163,391135.2000000477,8135,WL,B,4.0
3,12.164000034332275,learn,47835.999965667725,Tue Sep 01 2026 17:41:25 GMT-0500 (Central Daylight Time),392617.7000000477,A,wif,I,f,158,1,1482.5,391135.2000000477,8135,WL,B,4.0
3,12.296000003814697,learn,47703.9999961853,Tue Sep 01 2026 17:41:25 GMT-0500 (Central Daylight Time),392750.60000002384,A,wife,I,e,128,1,1615.3999999761581,391135.2000000477,8135,WL,B,4.0
3,12.86299991607666,learn,47137.00008392334,Tue Sep 01 2026 17:41:25 GMT-0500 (Central Daylight Time),393317.2000000477,A,wifeenter,I,enter,546,1,2182.0,391135.2000000477,8135,WL,B,4.0
3,13.180000066757202,learn,46819.9999332428,Tue Sep 01 2026 17:41:25 GMT-0500 (Central Daylight Time),393633.7999999523,A,s,I,s,308,1,316.39999997615814,393317.39999997616,8135,WL,B,5.0
3,13.496000051498413,learn,46503.99994850159,Tue Sep 01 2026 17:41:25 GMT-0500 (Central Daylight Time),393950.2999999523,A,st,I,t,295,1,632.8999999761581,393317.39999997616,8135,WL,B,5.0
3,13.763000011444092,learn,46236.99998855591,Tue Sep 01 2026 17:41:25 GMT-0500 (Central Daylight Time),394216.89999997616,A,sta,I,a,251,1,899.5,393317.39999997616,8135,WL,B,5.0
3,13.946000099182129,learn,46053.99990081787,Tue Sep 01 2026 17:41:25 GMT-0500 (Central Daylight Time),394400.2999999523,A,star,I,r,177,1,1082.8999999761581,393317.39999997616,8135,WL,B,5.0
3,15.079999923706055,learn,44920.000076293945,Tue Sep 01 2026 17:41:25 GMT-0500 (Central Daylight Time),395533.7999999523,A,starw,I,w,1128,1,2216.399999976158,393317.39999997616,8135,WL,B,5.0
3,15.26200008392334,learn,44737.99991607666,Tue Sep 01 2026 17:41:25 GMT-0500 (Central Daylight Time),395716.5,A,starwi,I,i,163,1,2399.100000023842,393317.39999997616,8135,WL,B,5.0
3,15.361999988555908,learn,44638.00001144409,Tue Sep 01 2026 17:41:25 GMT-0500 (Central Daylight Time),395816.60000002384,A,starwin,I,n,85,1,2499.2000000476837,393317.39999997616,8135,WL,B,5.0
3,15.496999979019165,learn,44503.000020980835,Tue Sep 01 2026 17:41:25 GMT-0500 (Central Daylight Time),395951.0,A,starwind,I,d,128,1,2633.600000023842,393317.39999997616,8135,WL,B,5.0
3,15.61299991607666,learn,44387.00008392334,Tue Sep 01 2026 17:41:25 GMT-0500 (Central Daylight Time),396066.60000002384,A,starwindo,I,o,106,1,2749.2000000476837,393317.39999997616,8135,WL,B,5.0
3,15.796000003814697,learn,44203.9999961853,Tue Sep 01 2026 17:41:25 GMT-0500 (Central Daylight Time),396249.7000000477,A,starwindow,I,w,174,1,2932.3000000715256,393317.39999997616,8135,WL,B,5.0
3,16.394999980926514,learn,43605.000019073486,Tue Sep 01 2026 17:41:25 GMT-0500 (Central Daylight Time),396849.60000002384,A,starwindo,I,backspace,583,1,3532.2000000476837,393317.39999997616,8135,WL,B,5.0
3,16.578999996185303,learn,43421.0000038147,Tue Sep 01 2026 17:41:25 GMT-0500 (Central Daylight Time),397032.89999997616,A,starwind,I,backspace,176,1,3715.5,393317.39999997616,8135,WL,B,5.0
3,16.744999885559082,learn,43255.00011444092,Tue Sep 01 2026 17:41:25 GMT-0500 (Central Daylight Time),397199.60000002384,A,starwin,I,backspace,153,1,3882.2000000476837,393317.39999997616,8135,WL,B,5.0
3,16.894999980926514,learn,43105.000019073486,Tue Sep 01 2026 17:41:25 GMT-0500 (Central Daylight Time),397349.39999997616,A,starwi,I,backspace,138,1,4032.0,393317.39999997616,8135,WL,B,5.0
3,17.02900004386902,learn,42970.99995613098,Tue Sep 01 2026 17:41:25 GMT-0500 (Central Daylight Time),397482.7999999523,A,starw,I,backspace,115,1,4165.399999976158,393317.39999997616,8135,WL,B,5.0
3,17.17899990081787,learn,42821.00009918213,Tue Sep 01 2026 17:41:25 GMT-0500 (Central Daylight Time),397632.89999997616,A,star,I,backspace,135,1,4315.5,393317.39999997616,8135,WL,B,5.0
3,17.611999988555908,learn,42388.00001144409,Tue Sep 01 2026 17:41:25 GMT-0500 (Central Daylight Time),398066.10000002384,A,starenter,I,enter,415,1,4748.700000047684,393317.39999997616,8135,WL,B,5.0
3,18.57800006866455,learn,41421.99993133545,Tue Sep 01 2026 17:41:25 GMT-0500 (Central Daylight Time),399032.39999997616,A,w,I,w,952,1,966.0,398066.39999997616,8135,WL,B,6.0
3,18.894999980926514,learn,41105.000019073486,Tue Sep 01 2026 17:41:25 GMT-0500 (Central Daylight Time),399349.2999999523,A,wi,I,i,311,1,1282.8999999761581,398066.39999997616,8135,WL,B,6.0
3,19.027999877929688,learn,40972.00012207031,Tue Sep 01 2026 17:41:25 GMT-0500 (Central Daylight Time),399482.2000000477,A,win,I,n,116,1,1415.8000000715256,398066.39999997616,8135,WL,B,6.0
3,19.128000020980835,learn,40871.999979019165,Tue Sep 01 2026 17:41:25 GMT-0500 (Central Daylight Time),399582.2000000477,A,wind,I,d,87,1,1515.8000000715256,398066.39999997616,8135,WL,B,6.0
3,19.244999885559082,learn,40755.00011444092,Tue Sep 01 2026 17:41:25 GMT-0500 (Central Daylight Time),399698.7999999523,A,windo,I,o,99,1,1632.3999999761581,398066.39999997616,8135,WL,B,6.0
3,19.41100001335144,learn,40588.99998664856,Tue Sep 01 2026 17:41:25 GMT-0500 (Central Daylight Time),399865.39999997616,A,window,I,w,158,1,1799.0,398066.39999997616,8135,WL,B,6.0
3,19.92799997329712,learn,40072.00002670288,Tue Sep 01 2026 17:41:25 GMT-0500 (Central Daylight Time),400381.89999997616,A,windowenter,I,enter,496,1,2315.5,398066.39999997616,8135,WL,B,6.0
3,26.2260000705719,learn,33773.9999294281,Tue Sep 01 2026 17:41:25 GMT-0500 (Central Daylight Time),406680.0,A,c,I,c,6283,1,6297.799999952316,400382.2000000477,8135,WL,B,7.0
3,26.39199995994568,learn,33608.00004005432,Tue Sep 01 2026 17:41:25 GMT-0500 (Central Daylight Time),406846.7000000477,A,ci,I,i,153,1,6464.5,400382.2000000477,8135,WL,B,7.0
3,26.592000007629395,learn,33407.999992370605,Tue Sep 01 2026 17:41:25 GMT-0500 (Central Daylight Time),407046.39999997616,A,cit,I,t,194,1,6664.199999928474,400382.2000000477,8135,WL,B,7.0
3,26.825000047683716,learn,33174.999952316284,Tue Sep 01 2026 17:41:25 GMT-0500 (Central Daylight Time),407279.60000002384,A,city,I,y,226,1,6897.399999976158,400382.2000000477,8135,WL,B,7.0
3,27.191999912261963,learn,32808.00008773804,Tue Sep 01 2026 17:41:25 GMT-0500 (Central Daylight Time),407646.2999999523,A,cityenter,I,enter,354,1,7264.099999904633,400382.2000000477,8135,WL,B,7.0
3,28.240999937057495,learn,31759.000062942505,Tue Sep 01 2026 17:41:25 GMT-0500 (Central Daylight Time),408695.7999999523,A,p,I,p,1042,1,1049.1999999284744,407646.60000002384,8135,WL,B,8.0
3,28.558000087738037,learn,31441.999912261963,Tue Sep 01 2026 17:41:25 GMT-0500 (Central Daylight Time),409012.5,A,pu,I,u,297,1,1365.8999999761581,407646.60000002384,8135,WL,B,8.0
3,28.77500009536743,learn,31224.99990463257,Tue Sep 01 2026 17:41:25 GMT-0500 (Central Daylight Time),409229.0,A,pup,I,p,205,1,1582.3999999761581,407646.60000002384,8135,WL,B,8.0
3,29.007999897003174,learn,30992.000102996826,Tue Sep 01 2026 17:41:25 GMT-0500 (Central Daylight Time),409462.2999999523,A,pupi,I,i,221,1,1815.6999999284744,407646.60000002384,8135,WL,B,8.0
3,29.22499990463257,learn,30775.00009536743,Tue Sep 01 2026 17:41:25 GMT-0500 (Central Daylight Time),409678.89999997616,A,pupil,I,l,203,1,2032.2999999523163,407646.60000002384,8135,WL,B,8.0
3,29.757999897003174,learn,30242.000102996826,Tue Sep 01 2026 17:41:25 GMT-0500 (Central Daylight Time),410212.2000000477,A,pupilenter,I,enter,522,1,2565.600000023842,407646.60000002384,8135,WL,B,8.0
3,32.74000000953674,learn,27259.999990463257,Tue Sep 01 2026 17:41:25 GMT-0500 (Central Daylight Time),413194.39999997616,A,c,I,c,2964,1,2981.7999999523163,410212.60000002384,8135,WL,B,9.0
3,32.83999991416931,learn,27160.00008583069,Tue Sep 01 2026 17:41:25 GMT-0500 (Central Daylight Time),413294.2999999523,A,ca,I,a,95,1,3081.6999999284744,410212.60000002384,8135,WL,B,9.0
3,33.17300009727478,learn,26826.99990272522,Tue Sep 01 2026 17:41:25 GMT-0500 (Central Daylight Time),413627.7000000477,A,cab,I,b,323,1,3415.100000023842,410212.60000002384,8135,WL,B,9.0
3,33.37299990653992,learn,26627.000093460083,Tue Sep 01 2026 17:41:25 GMT-0500 (Central Daylight Time),413827.7999999523,A,cabi,I,i,190,1,3615.1999999284744,410212.60000002384,8135,WL,B,9.0
3,33.456000089645386,learn,26543.999910354614,Tue Sep 01 2026 17:41:25 GMT-0500 (Central Daylight Time),413910.7999999523,A,cabin,I,n,78,1,3698.1999999284744,410212.60000002384,8135,WL,B,9.0
3,33.956000089645386,learn,26043.999910354614,Tue Sep 01 2026 17:41:25 GMT-0500 (Central Daylight Time),414410.7999999523,A,cabinenter,I,enter,490,1,4198.199999928474,410212.60000002384,8135,WL,B,9.0
3,34.555999994277954,learn,25444.000005722046,Tue Sep 01 2026 17:41:25 GMT-0500 (Central Daylight Time),415010.60000002384,A,l,I,l,582,1,599.6000000238419,414411.0,8135,WL,B,10.0
3,34.67300009727478,learn,25326.99990272522,Tue Sep 01 2026 17:41:25 GMT-0500 (Central Daylight Time),415127.2000000477,A,la,I,a,102,1,716.2000000476837,414411.0,8135,WL,B,10.0
3,34.87299990653992,learn,25127.000093460083,Tue Sep 01 2026 17:41:25 GMT-0500 (Central Daylight Time),415326.7999999523,A,lak,I,k,194,1,915.7999999523163,414411.0,8135,WL,B,10.0
3,35.07299995422363,learn,24927.000045776367,Tue Sep 01 2026 17:41:25 GMT-0500 (Central Daylight Time),415527.0,A,lake,I,e,195,1,1116.0,414411.0,8135,WL,B,10.0
3,35.43899989128113,learn,24561.000108718872,Tue Sep 01 2026 17:41:25 GMT-0500 (Central Daylight Time),415893.7000000477,A,lakeenter,I,enter,354,1,1482.7000000476837,414411.0,8135,WL,B,10.0
3,36.121999979019165,learn,23878.000020980835,Tue Sep 01 2026 17:41:25 GMT-0500 (Central Daylight Time),416576.7999999523,A,p,I,p,668,1,682.6999999284744,415894.10000002384,8135,WL,B,11.0
3,36.43899989128113,learn,23561.000108718872,Tue Sep 01 2026 17:41:25 GMT-0500 (Central Daylight Time),416893.2999999523,A,pi,I,i,305,1,999.1999999284744,415894.10000002384,8135,WL,B,11.0
3,36.621999979019165,learn,23378.000020980835,Tue Sep 01 2026 17:41:25 GMT-0500 (Central Daylight Time),417076.5,A,pip,I,p,162,1,1182.3999999761581,415894.10000002384,8135,WL,B,11.0
3,36.805999994277954,learn,23194.000005722046,Tue Sep 01 2026 17:41:25 GMT-0500 (Central Daylight Time),417259.89999997616,A,pipe,I,e,173,1,1365.7999999523163,415894.10000002384,8135,WL,B,11.0
3,37.456000089645386,learn,22543.999910354614,Tue Sep 01 2026 17:41:25 GMT-0500 (Central Daylight Time),417909.7999999523,A,pipeenter,I,enter,637,1,2015.6999999284744,415894.10000002384,8135,WL,B,11.0
3,38.687999963760376,learn,21312.000036239624,Tue Sep 01 2026 17:41:25 GMT-0500 (Central Daylight Time),419142.60000002384,A,s,I,s,1219,1,1232.3999999761581,417910.2000000477,8135,WL,B,12.0
3,38.871999979019165,learn,21128.000020980835,Tue Sep 01 2026 17:41:25 GMT-0500 (Central Daylight Time),419326.0,A,sk,I,k,163,1,1415.7999999523163,417910.2000000477,8135,WL,B,12.0
3,39.105000019073486,learn,20894.999980926514,Tue Sep 01 2026 17:41:25 GMT-0500 (Central Daylight Time),419559.10000002384,A,ski,I,i,219,1,1648.8999999761581,417910.2000000477,8135,WL,B,12.0
3,39.28800010681152,learn,20711.999893188477,Tue Sep 01 2026 17:41:25 GMT-0500 (Central Daylight Time),419742.5,A,skin,I,n,162,1,1832.2999999523163,417910.2000000477,8135,WL,B,12.0
3,39.75,learn,20250.0,Tue Sep 01 2026 17:41:25 GMT-0500 (Central Daylight Time),420204.2999999523,A,skinenter,I,enter,457,1,2294.0999999046326,417910.2000000477,8135,WL,B,12.0
3,40.47099995613098,learn,19529.00004386902,Tue Sep 01 2026 17:41:25 GMT-0500 (Central Daylight Time),420925.10000002384,A,c,I,c,700,1,720.5,420204.60000002384,8135,WL,B,13.0
3,40.6710000038147,learn,19328.999996185303,Tue Sep 01 2026 17:41:25 GMT-0500 (Central Daylight Time),421125.0,A,cl,I,l,179,1,920.3999999761581,420204.60000002384,8135,WL,B,13.0
3,40.854000091552734,learn,19145.999908447266,Tue Sep 01 2026 17:41:25 GMT-0500 (Central Daylight Time),421308.5,A,clo,I,o,163,1,1103.8999999761581,420204.60000002384,8135,WL,B,13.0
3,41.08699989318848,learn,18913.000106811523,Tue Sep 01 2026 17:41:25 GMT-0500 (Central Daylight Time),421541.7999999523,A,cloc,I,c,220,1,1337.1999999284744,420204.60000002384,8135,WL,B,13.0
3,41.25399994850159,learn,18746.000051498413,Tue Sep 01 2026 17:41:25 GMT-0500 (Central Daylight Time),421708.60000002384,A,clock,I,k,147,1,1504.0,420204.60000002384,8135,WL,B,13.0
3,41.6710000038147,learn,18328.999996185303,Tue Sep 01 2026 17:41:25 GMT-0500 (Central Daylight Time),422125.10000002384,A,clockenter,I,enter,396,1,1920.5,420204.60000002384,8135,WL,B,13.0
3,42.30399990081787,learn,17696.00009918213,Tue Sep 01 2026 17:41:25 GMT-0500 (Central Daylight Time),422758.0,A,f,I,f,612,1,632.5,422125.5,8135,WL,B,14.0
3,42.5699999332428,learn,17430.000066757202,Tue Sep 01 2026 17:41:25 GMT-0500 (Central Daylight Time),423024.7000000477,A,fr,I,r,251,1,899.2000000476837,422125.5,8135,WL,B,14.0
3,43.503000020980835,learn,16496.999979019165,Tue Sep 01 2026 17:41:25 GMT-0500 (Central Daylight Time),423957.7999999523,A,f,I,backspace,920,1,1832.2999999523163,422125.5,8135,WL,B,14.0
3,43.937000036239624,learn,16062.999963760376,Tue Sep 01 2026 17:41:25 GMT-0500 (Central Daylight Time),424390.7999999523,A,fi,I,i,427,1,2265.2999999523163,422125.5,8135,WL,B,14.0
3,44.085999965667725,learn,15914.000034332275,Tue Sep 01 2026 17:41:25 GMT-0500 (Central Daylight Time),424540.7000000477,A,fir,I,r,130,1,2415.2000000476837,422125.5,8135,WL,B,14.0
3,44.15299987792969,learn,15847.000122070312,Tue Sep 01 2026 17:41:25 GMT-0500 (Central Daylight Time),424607.60000002384,A,fire,I,e,61,1,2482.100000023842,422125.5,8135,WL,B,14.0
3,44.63599991798401,learn,15364.000082015991,Tue Sep 01 2026 17:41:25 GMT-0500 (Central Daylight Time),425090.7000000477,A,fireenter,I,enter,465,1,2965.2000000476837,422125.5,8135,WL,B,14.0
3,60.015000104904175,learn,-15.000104904174805,Tue Sep 01 2026 17:41:25 GMT-0500 (Central Daylight Time),440469.2999999523,A,None,I,None,15374,1,15378.299999952316,425091.0,8135,WL,B,15.0
4,0.9160001277923584,learn,59083.99987220764,Tue Sep 01 2026 17:41:25 GMT-0500 (Central Daylight Time),508114.7000000477,A,c,I,c,900,1,916.1000000238419,507198.60000002384,8135,WL,B,1.0
4,1.0829999446868896,learn,58917.00005531311,Tue Sep 01 2026 17:41:25 GMT-0500 (Central Daylight Time),508281.2000000477,A,ci,I,i,150,1,1082.6000000238419,507198.60000002384,8135,WL,B,1.0
4,1.3489999771118164,learn,58651.00002288818,Tue Sep 01 2026 17:41:25 GMT-0500 (Central Daylight Time),508548.0,A,cit,I,t,247,1,1349.3999999761581,507198.60000002384,8135,WL,B,1.0
4,1.8989999294281006,learn,58101.0000705719,Tue Sep 01 2026 17:41:25 GMT-0500 (Central Daylight Time),509097.7000000477,A,city,I,y,541,1,1899.1000000238419,507198.60000002384,8135,WL,B,1.0
4,3.815000057220459,learn,56184.99994277954,Tue Sep 01 2026 17:41:25 GMT-0500 (Central Daylight Time),511013.60000002384,A,cityenter,I,enter,1911,1,3815.0,507198.60000002384,8135,WL,B,1.0
4,4.582000017166138,learn,55417.99998283386,Tue Sep 01 2026 17:41:25 GMT-0500 (Central Daylight Time),511780.10000002384,A,p,I,p,748,1,766.3000000715256,511013.7999999523,8135,WL,B,2.0
4,4.8480000495910645,learn,55151.999950408936,Tue Sep 01 2026 17:41:25 GMT-0500 (Central Daylight Time),512046.7999999523,A,pu,I,u,253,1,1033.0,511013.7999999523,8135,WL,B,2.0
4,5.164999961853027,learn,54835.00003814697,Tue Sep 01 2026 17:41:25 GMT-0500 (Central Daylight Time),512363.2999999523,A,pup,I,p,298,1,1349.5,511013.7999999523,8135,WL,B,2.0
4,5.4649999141693115,learn,54535.00008583069,Tue Sep 01 2026 17:41:25 GMT-0500 (Central Daylight Time),512663.5,A,pupi,I,i,286,1,1649.7000000476837,511013.7999999523,8135,WL,B,2.0
4,6.2820000648498535,learn,53717.99993515015,Tue Sep 01 2026 17:41:25 GMT-0500 (Central Daylight Time),513480.60000002384,A,pupil,I,l,810,1,2466.8000000715256,511013.7999999523,8135,WL,B,2.0
4,6.930999994277954,learn,53069.000005722046,Tue Sep 01 2026 17:41:25 GMT-0500 (Central Daylight Time),514129.5,A,pupilenter,I,enter,641,1,3115.7000000476837,511013.7999999523,8135,WL,B,2.0
4,7.39300012588501,learn,52606.99987411499,Tue Sep 01 2026 17:41:25 GMT-0500 (Central Daylight Time),514591.10000002384,A,a,I,a,440,1,461.2000000476837,514129.89999997616,8135,WL,B,3.0
4,7.581000089645386,learn,52418.999910354614,Tue Sep 01 2026 17:41:25 GMT-0500 (Central Daylight Time),514779.2999999523,A,ab,I,b,178,1,649.3999999761581,514129.89999997616,8135,WL,B,3.0
4,7.8470001220703125,learn,52152.99987792969,Tue Sep 01 2026 17:41:25 GMT-0500 (Central Daylight Time),515045.60000002384,A,abi,I,i,246,1,915.7000000476837,514129.89999997616,8135,WL,B,3.0
4,8.02999997138977,learn,51970.00002861023,Tue Sep 01 2026 17:41:25 GMT-0500 (Central Daylight Time),515229.0,A,abin,I,n,172,1,1099.1000000238419,514129.89999997616,8135,WL,B,3.0
4,8.397000074386597,learn,51602.9999256134,Tue Sep 01 2026 17:41:25 GMT-0500 (Central Daylight Time),515595.7999999523,A,abi,I,backspace,356,1,1465.8999999761581,514129.89999997616,8135,WL,B,3.0
4,8.52999997138977,learn,51470.00002861023,Tue Sep 01 2026 17:41:25 GMT-0500 (Central Daylight Time),515729.0,A,ab,I,backspace,118,1,1599.1000000238419,514129.89999997616,8135,WL,B,3.0
4,8.680000066757202,learn,51319.9999332428,Tue Sep 01 2026 17:41:25 GMT-0500 (Central Daylight Time),515878.7000000477,A,a,I,backspace,144,1,1748.8000000715256,514129.89999997616,8135,WL,B,3.0
4,8.829999923706055,learn,51170.000076293945,Tue Sep 01 2026 17:41:25 GMT-0500 (Central Daylight Time),516028.7000000477,A,,I,backspace,139,1,1898.8000000715256,514129.89999997616,8135,WL,B,3.0
4,9.263999938964844,learn,50736.000061035156,Tue Sep 01 2026 17:41:25 GMT-0500 (Central Daylight Time),516462.10000002384,A,c,I,c,413,1,2332.2000000476837,514129.89999997616,8135,WL,B,3.0
4,9.347000122070312,learn,50652.99987792969,Tue Sep 01 2026 17:41:25 GMT-0500 (Central Daylight Time),516545.5,A,ca,I,a,74,1,2415.600000023842,514129.89999997616,8135,WL,B,3.0
4,9.597000122070312,learn,50402.99987792969,Tue Sep 01 2026 17:41:25 GMT-0500 (Central Daylight Time),516795.2000000477,A,cab,I,b,232,1,2665.3000000715256,514129.89999997616,8135,WL,B,3.0
4,9.829999923706055,learn,50170.000076293945,Tue Sep 01 2026 17:41:25 GMT-0500 (Central Daylight Time),517028.60000002384,A,cabi,I,i,221,1,2898.7000000476837,514129.89999997616,8135,WL,B,3.0
4,9.996999979019165,learn,50003.000020980835,Tue Sep 01 2026 17:41:25 GMT-0500 (Central Daylight Time),517195.10000002384,A,cabin,I,n,148,1,3065.2000000476837,514129.89999997616,8135,WL,B,3.0
4,10.680000066757202,learn,49319.9999332428,Tue Sep 01 2026 17:41:25 GMT-0500 (Central Daylight Time),517878.0,A,cabinenter,I,enter,679,1,3748.100000023842,514129.89999997616,8135,WL,B,3.0
4,11.296000003814697,learn,48703.9999961853,Tue Sep 01 2026 17:41:25 GMT-0500 (Central Daylight Time),518494.5,A,l,I,l,604,1,616.2000000476837,517878.2999999523,8135,WL,B,4.0
4,11.463000059127808,learn,48536.99994087219,Tue Sep 01 2026 17:41:25 GMT-0500 (Central Daylight Time),518661.39999997616,A,la,I,a,145,1,783.1000000238419,517878.2999999523,8135,WL,B,4.0
4,11.578999996185303,learn,48421.0000038147,Tue Sep 01 2026 17:41:25 GMT-0500 (Central Daylight Time),518777.89999997616,A,lak,I,k,107,1,899.6000000238419,517878.2999999523,8135,WL,B,4.0
4,11.729000091552734,learn,48270.999908447266,Tue Sep 01 2026 17:41:25 GMT-0500 (Central Daylight Time),518928.0,A,lake,I,e,143,1,1049.7000000476837,517878.2999999523,8135,WL,B,4.0
4,12.42900013923645,learn,47570.99986076355,Tue Sep 01 2026 17:41:25 GMT-0500 (Central Daylight Time),519627.5,A,lakeenter,I,enter,681,1,1749.2000000476837,517878.2999999523,8135,WL,B,4.0
4,14.212000131607056,learn,45787.999868392944,Tue Sep 01 2026 17:41:25 GMT-0500 (Central Daylight Time),521410.7000000477,A,p,I,p,1774,1,1782.8000000715256,519627.89999997616,8135,WL,B,5.0
4,14.661999940872192,learn,45338.00005912781,Tue Sep 01 2026 17:41:25 GMT-0500 (Central Daylight Time),521860.2999999523,A,pi,I,i,439,1,2232.399999976158,519627.89999997616,8135,WL,B,5.0
4,14.82800006866455,learn,45171.99993133545,Tue Sep 01 2026 17:41:25 GMT-0500 (Central Daylight Time),522027.0,A,pip,I,p,157,1,2399.100000023842,519627.89999997616,8135,WL,B,5.0
4,14.995000123977661,learn,45004.99987602234,Tue Sep 01 2026 17:41:25 GMT-0500 (Central Daylight Time),522193.60000002384,A,pipe,I,e,149,1,2565.7000000476837,519627.89999997616,8135,WL,B,5.0
4,15.661999940872192,learn,44338.00005912781,Tue Sep 01 2026 17:41:25 GMT-0500 (Central Daylight Time),522860.2000000477,A,pipeenter,I,enter,656,1,3232.3000000715256,519627.89999997616,8135,WL,B,5.0
4,16.746000051498413,learn,43253.99994850159,Tue Sep 01 2026 17:41:25 GMT-0500 (Central Daylight Time),523944.10000002384,A,s,I,s,1077,1,1083.5,522860.60000002384,8135,WL,B,6.0
4,16.878000020980835,learn,43121.999979019165,Tue Sep 01 2026 17:41:25 GMT-0500 (Central Daylight Time),524076.39999997616,A,sk,I,k,121,1,1215.7999999523163,522860.60000002384,8135,WL,B,6.0
4,17.07800006866455,learn,42921.99993133545,Tue Sep 01 2026 17:41:25 GMT-0500 (Central Daylight Time),524276.2999999523,A,ski,I,i,189,1,1415.6999999284744,522860.60000002384,8135,WL,B,6.0
4,17.26099991798401,learn,42739.00008201599,Tue Sep 01 2026 17:41:25 GMT-0500 (Central Daylight Time),524459.6000000238,A,skin,I,n,165,1,1599.0,522860.60000002384,8135,WL,B,6.0
4,17.960999965667725,learn,42039.000034332275,Tue Sep 01 2026 17:41:25 GMT-0500 (Central Daylight Time),525159.3999999762,A,skinenter,I,enter,693,1,2298.7999999523163,522860.60000002384,8135,WL,B,6.0
4,18.544000148773193,learn,41455.99985122681,Tue Sep 01 2026 17:41:25 GMT-0500 (Central Daylight Time),525742.2999999523,A,f,I,f,578,1,582.5999999046326,525159.7000000477,8135,WL,B,7.0
4,18.677000045776367,learn,41322.99995422363,Tue Sep 01 2026 17:41:25 GMT-0500 (Central Daylight Time),525875.8999999762,A,fi,I,i,123,1,716.1999999284744,525159.7000000477,8135,WL,B,7.0
4,18.844000101089478,learn,41155.99989891052,Tue Sep 01 2026 17:41:25 GMT-0500 (Central Daylight Time),526042.3999999762,A,fir,I,r,158,1,882.6999999284744,525159.7000000477,8135,WL,B,7.0
4,18.944000005722046,learn,41055.999994277954,Tue Sep 01 2026 17:41:25 GMT-0500 (Central Daylight Time),526142.1000000238,A,fire,I,e,94,1,982.3999999761581,525159.7000000477,8135,WL,B,7.0
4,19.460000038146973,learn,40539.99996185303,Tue Sep 01 2026 17:41:25 GMT-0500 (Central Daylight Time),526658.8999999762,A,fireenter,I,enter,500,1,1499.1999999284744,525159.7000000477,8135,WL,B,7.0
4,20.042999982833862,learn,39957.00001716614,Tue Sep 01 2026 17:41:25 GMT-0500 (Central Daylight Time),527242.0,A,c,I,c,565,1,582.7000000476837,526659.2999999523,8135,WL,B,8.0
4,20.177000045776367,learn,39822.99995422363,Tue Sep 01 2026 17:41:25 GMT-0500 (Central Daylight Time),527375.5,A,cl,I,l,119,1,716.2000000476837,526659.2999999523,8135,WL,B,8.0
4,20.342999935150146,learn,39657.00006484985,Tue Sep 01 2026 17:41:25 GMT-0500 (Central Daylight Time),527541.6000000238,A,clo,I,o,154,1,882.3000000715256,526659.2999999523,8135,WL,B,8.0
4,20.526000022888184,learn,39473.99997711182,Tue Sep 01 2026 17:41:25 GMT-0500 (Central Daylight Time),527725.1000000238,A,cloc,I,c,163,1,1065.8000000715256,526659.2999999523,8135,WL,B,8.0
4,20.625999927520752,learn,39374.00007247925,Tue Sep 01 2026 17:41:25 GMT-0500 (Central Daylight Time),527825.1000000238,A,clock,I,k,92,1,1165.8000000715256,526659.2999999523,8135,WL,B,8.0
4,21.41000008583069,learn,38589.99991416931,Tue Sep 01 2026 17:41:25 GMT-0500 (Central Daylight Time),528608.2999999523,A,clockenter,I,enter,776,1,1949.0,526659.2999999523,8135,WL,B,8.0
4,22.608999967575073,learn,37391.00003242493,Tue Sep 01 2026 17:41:25 GMT-0500 (Central Daylight Time),529807.8999999762,A,s,I,s,1185,1,1199.2999999523163,528608.6000000238,8135,WL,B,9.0
4,22.875999927520752,learn,37124.00007247925,Tue Sep 01 2026 17:41:25 GMT-0500 (Central Daylight Time),530074.6000000238,A,st,I,t,257,1,1466.0,528608.6000000238,8135,WL,B,9.0
4,23.092000007629395,learn,36907.999992370605,Tue Sep 01 2026 17:41:25 GMT-0500 (Central Daylight Time),530291.0,A,str,I,r,198,1,1682.3999999761581,528608.6000000238,8135,WL,B,9.0
4,23.358999967575073,learn,36641.00003242493,Tue Sep 01 2026 17:41:25 GMT-0500 (Central Daylight Time),530557.7000000477,A,stre,I,e,254,1,1949.1000000238419,528608.6000000238,8135,WL,B,9.0
4,23.509000062942505,learn,36490.999937057495,Tue Sep 01 2026 17:41:25 GMT-0500 (Central Daylight Time),530707.6000000238,A,stree,I,e,139,1,2099.0,528608.6000000238,8135,WL,B,9.0
4,23.70900011062622,learn,36290.99988937378,Tue Sep 01 2026 17:41:25 GMT-0500 (Central Daylight Time),530907.3999999762,A,street,I,t,189,1,2298.7999999523163,528608.6000000238,8135,WL,B,9.0
4,24.39199995994568,learn,35608.00004005432,Tue Sep 01 2026 17:41:25 GMT-0500 (Central Daylight Time),531590.3999999762,A,streetenter,I,enter,678,1,2981.7999999523163,528608.6000000238,8135,WL,B,9.0
4,24.808000087738037,learn,35191.99991226196,Tue Sep 01 2026 17:41:25 GMT-0500 (Central Daylight Time),532007.2000000477,A,f,I,f,411,1,416.60000002384186,531590.6000000238,8135,WL,B,10.0
4,25.825000047683716,learn,34174.999952316284,Tue Sep 01 2026 17:41:25 GMT-0500 (Central Daylight Time),533023.5,A,,I,backspace,1010,1,1432.8999999761581,531590.6000000238,8135,WL,B,10.0
4,26.10800004005432,learn,33891.99995994568,Tue Sep 01 2026 17:41:25 GMT-0500 (Central Daylight Time),533306.7000000477,A,g,I,g,274,1,1716.1000000238419,531590.6000000238,8135,WL,B,10.0
4,26.341000080108643,learn,33658.99991989136,Tue Sep 01 2026 17:41:25 GMT-0500 (Central Daylight Time),533540.1000000238,A,gr,I,r,214,1,1949.5,531590.6000000238,8135,WL,B,10.0
4,26.641000032424927,learn,33358.99996757507,Tue Sep 01 2026 17:41:25 GMT-0500 (Central Daylight Time),533840.0,A,gra,I,a,286,1,2249.399999976158,531590.6000000238,8135,WL,B,10.0
4,26.875,learn,33125.0,Tue Sep 01 2026 17:41:25 GMT-0500 (Central Daylight Time),534073.3999999762,A,gras,I,s,216,1,2482.7999999523163,531590.6000000238,8135,WL,B,10.0
4,27.008000135421753,learn,32991.99986457825,Tue Sep 01 2026 17:41:25 GMT-0500 (Central Daylight Time),534206.3999999762,A,grass,I,s,119,1,2615.7999999523163,531590.6000000238,8135,WL,B,10.0
4,27.45799994468689,learn,32542.00005531311,Tue Sep 01 2026 17:41:25 GMT-0500 (Central Daylight Time),534656.2999999523,A,grassenter,I,enter,434,1,3065.6999999284744,531590.6000000238,8135,WL,B,10.0
4,28.424000024795532,learn,31575.999975204468,Tue Sep 01 2026 17:41:25 GMT-0500 (Central Daylight Time),535622.5,A,a,I,a,961,1,965.8999999761581,534656.6000000238,8135,WL,B,11.0
4,28.657000064849854,learn,31342.999935150146,Tue Sep 01 2026 17:41:25 GMT-0500 (Central Daylight Time),535856.0,A,ar,I,r,227,1,1199.3999999761581,534656.6000000238,8135,WL,B,11.0
4,29.19000005722046,learn,30809.99994277954,Tue Sep 01 2026 17:41:25 GMT-0500 (Central Daylight Time),536389.1000000238,A,arm,I,m,521,1,1732.5,534656.6000000238,8135,WL,B,11.0
4,29.973999977111816,learn,30026.000022888184,Tue Sep 01 2026 17:41:25 GMT-0500 (Central Daylight Time),537172.2999999523,A,armenter,I,enter,771,1,2515.6999999284744,534656.6000000238,8135,WL,B,11.0
4,30.457000017166138,learn,29542.999982833862,Tue Sep 01 2026 17:41:25 GMT-0500 (Central Daylight Time),537655.3999999762,A,d,I,d,468,1,482.6999999284744,537172.7000000477,8135,WL,B,12.0
4,30.950000047683716,learn,29049.999952316284,Tue Sep 01 2026 17:41:25 GMT-0500 (Central Daylight Time),538149.2000000477,A,do,I,o,489,1,976.5,537172.7000000477,8135,WL,B,12.0
4,30.98900008201599,learn,29010.99991798401,Tue Sep 01 2026 17:41:25 GMT-0500 (Central Daylight Time),538188.2000000477,A,dor,I,r,21,1,1015.5,537172.7000000477,8135,WL,B,12.0
4,31.723000049591064,learn,28276.999950408936,Tue Sep 01 2026 17:41:25 GMT-0500 (Central Daylight Time),538921.6000000238,A,do,I,backspace,724,1,1748.8999999761581,537172.7000000477,8135,WL,B,12.0
4,32.93900012969971,learn,27060.999870300293,Tue Sep 01 2026 17:41:25 GMT-0500 (Central Daylight Time),540138.2000000477,A,doo,I,o,1208,1,2965.5,537172.7000000477,8135,WL,B,12.0
4,33.138999938964844,learn,26861.000061035156,Tue Sep 01 2026 17:41:25 GMT-0500 (Central Daylight Time),540337.7000000477,A,door,I,r,183,1,3165.0,537172.7000000477,8135,WL,B,12.0
4,33.555999994277954,learn,26444.000005722046,Tue Sep 01 2026 17:41:25 GMT-0500 (Central Daylight Time),540754.5,A,doorenter,I,enter,399,1,3581.7999999523163,537172.7000000477,8135,WL,B,12.0
4,34.07200002670288,learn,25927.99997329712,Tue Sep 01 2026 17:41:25 GMT-0500 (Central Daylight Time),541270.8999999762,A,s,I,s,502,1,516.1000000238419,540754.7999999523,8135,WL,B,13.0
4,34.305999994277954,learn,25694.000005722046,Tue Sep 01 2026 17:41:25 GMT-0500 (Central Daylight Time),541504.7000000477,A,st,I,t,218,1,749.9000000953674,540754.7999999523,8135,WL,B,13.0
4,34.5220000743866,learn,25477.999925613403,Tue Sep 01 2026 17:41:25 GMT-0500 (Central Daylight Time),541720.7999999523,A,sta,I,a,209,1,966.0,540754.7999999523,8135,WL,B,13.0
4,34.65499997138977,learn,25345.00002861023,Tue Sep 01 2026 17:41:25 GMT-0500 (Central Daylight Time),541854.0,A,star,I,r,129,1,1099.2000000476837,540754.7999999523,8135,WL,B,13.0
4,35.43900012969971,learn,24560.999870300293,Tue Sep 01 2026 17:41:25 GMT-0500 (Central Daylight Time),542638.1000000238,A,starenter,I,enter,763,1,1883.3000000715256,540754.7999999523,8135,WL,B,13.0
4,35.98799991607666,learn,24012.00008392334,Tue Sep 01 2026 17:41:25 GMT-0500 (Central Daylight Time),543187.2000000477,A,w,I,w,531,1,548.8000000715256,542638.3999999762,8135,WL,B,14.0
4,36.27300000190735,learn,23726.99999809265,Tue Sep 01 2026 17:41:25 GMT-0500 (Central Daylight Time),543471.3999999762,A,wi,I,i,277,1,833.0,542638.3999999762,8135,WL,B,14.0
4,36.5550000667572,learn,23444.999933242798,Tue Sep 01 2026 17:41:25 GMT-0500 (Central Daylight Time),543753.7000000477,A,wif,I,f,266,1,1115.3000000715256,542638.3999999762,8135,WL,B,14.0
4,36.63800001144409,learn,23361.99998855591,Tue Sep 01 2026 17:41:25 GMT-0500 (Central Daylight Time),543836.8999999762,A,wife,I,e,72,1,1198.5,542638.3999999762,8135,WL,B,14.0
4,37.23799991607666,learn,22762.00008392334,Tue Sep 01 2026 17:41:25 GMT-0500 (Central Daylight Time),544436.6000000238,A,wifeenter,I,enter,588,1,1798.2000000476837,542638.3999999762,8135,WL,B,14.0
4,37.53800010681152,learn,22461.999893188477,Tue Sep 01 2026 17:41:25 GMT-0500 (Central Daylight Time),544736.3999999762,A,w,I,w,293,1,299.5,544436.8999999762,8135,WL,B,15.0
4,37.63800001144409,learn,22361.99998855591,Tue Sep 01 2026 17:41:25 GMT-0500 (Central Daylight Time),544836.5,A,wi,I,i,80,1,399.60000002384186,544436.8999999762,8135,WL,B,15.0
4,37.771000146865845,learn,22228.999853134155,Tue Sep 01 2026 17:41:25 GMT-0500 (Central Daylight Time),544969.8999999762,A,win,I,n,117,1,533.0,544436.8999999762,8135,WL,B,15.0
4,37.855000019073486,learn,22144.999980926514,Tue Sep 01 2026 17:41:25 GMT-0500 (Central Daylight Time),545053.2000000477,A,wind,I,d,72,1,616.3000000715256,544436.8999999762,8135,WL,B,15.0
4,38.00399994850159,learn,21996.000051498413,Tue Sep 01 2026 17:41:25 GMT-0500 (Central Daylight Time),545202.8999999762,A,windo,I,o,132,1,766.0,544436.8999999762,8135,WL,B,15.0
4,38.15400004386902,learn,21845.99995613098,Tue Sep 01 2026 17:41:25 GMT-0500 (Central Daylight Time),545352.7999999523,A,window,I,w,143,1,915.8999999761581,544436.8999999762,8135,WL,B,15.0
4,38.4539999961853,learn,21546.000003814697,Tue Sep 01 2026 17:41:25 GMT-0500 (Central Daylight Time),545653.0,A,windowenter,I,enter,279,1,1216.1000000238419,544436.8999999762,8135,WL,B,15.0
5,0.8159999847412109,learn,60000.0,Tue Sep 01 2026 17:41:25 GMT-0500 (Central Daylight Time),614248.2000000477,A,p,I,p,803,1,816.4000000953674,613431.7999999523,8135,WL,B,1.0
5,1.0490000247955322,learn,60000.0,Tue Sep 01 2026 17:41:25 GMT-0500 (Central Daylight Time),614481.2000000477,A,pi,I,i,225,1,1049.4000000953674,613431.7999999523,8135,WL,B,1.0
5,1.249000072479248,learn,60000.0,Tue Sep 01 2026 17:41:25 GMT-0500 (Central Daylight Time),614681.1000000238,A,pip,I,p,184,1,1249.3000000715256,613431.7999999523,8135,WL,B,1.0
5,1.4159998893737793,learn,60000.0,Tue Sep 01 2026 17:41:25 GMT-0500 (Central Daylight Time),614847.8999999762,A,pipe,I,e,160,1,1416.1000000238419,613431.7999999523,8135,WL,B,1.0
5,1.933000087738037,learn,60000.0,Tue Sep 01 2026 17:41:25 GMT-0500 (Central Daylight Time),615364.5,A,pipeenter,I,enter,505,1,1932.7000000476837,613431.7999999523,8135,WL,B,1.0
5,2.3489999771118164,learn,60000.0,Tue Sep 01 2026 17:41:25 GMT-0500 (Central Daylight Time),615780.8999999762,A,s,I,s,405,1,416.0,615364.8999999762,8135,WL,B,2.0
5,2.6649999618530273,learn,60000.0,Tue Sep 01 2026 17:41:25 GMT-0500 (Central Daylight Time),616097.2999999523,A,sk,I,k,301,1,732.3999999761581,615364.8999999762,8135,WL,B,2.0
5,2.931999921798706,learn,60000.0,Tue Sep 01 2026 17:41:25 GMT-0500 (Central Daylight Time),616364.0,A,ski,I,i,247,1,999.1000000238419,615364.8999999762,8135,WL,B,2.0
5,3.0820000171661377,learn,60000.0,Tue Sep 01 2026 17:41:25 GMT-0500 (Central Daylight Time),616513.8999999762,A,skin,I,n,132,1,1149.0,615364.8999999762,8135,WL,B,2.0
5,3.7319998741149902,learn,60000.0,Tue Sep 01 2026 17:41:25 GMT-0500 (Central Daylight Time),617163.7000000477,A,skinenter,I,enter,639,1,1798.8000000715256,615364.8999999762,8135,WL,B,2.0
5,4.0320000648498535,learn,60000.0,Tue Sep 01 2026 17:41:25 GMT-0500 (Central Daylight Time),617463.7000000477,A,f,I,f,285,1,299.5,617164.2000000477,8135,WL,B,3.0
5,4.365000009536743,learn,60000.0,Tue Sep 01 2026 17:41:25 GMT-0500 (Central Daylight Time),617797.1000000238,A,fr,I,r,322,1,632.8999999761581,617164.2000000477,8135,WL,B,3.0
5,4.664999961853027,learn,60000.0,Tue Sep 01 2026 17:41:25 GMT-0500 (Central Daylight Time),618096.7999999523,A,f,I,backspace,283,1,932.5999999046326,617164.2000000477,8135,WL,B,3.0
5,4.914999961853027,learn,60000.0,Tue Sep 01 2026 17:41:25 GMT-0500 (Central Daylight Time),618346.7000000477,A,fo,I,o,241,1,1182.5,617164.2000000477,8135,WL,B,3.0
5,5.04800009727478,learn,60000.0,Tue Sep 01 2026 17:41:25 GMT-0500 (Central Daylight Time),618480.1000000238,A,for,I,r,126,1,1315.8999999761581,617164.2000000477,8135,WL,B,3.0
5,5.131999969482422,learn,60000.0,Tue Sep 01 2026 17:41:25 GMT-0500 (Central Daylight Time),618563.5,A,fore,I,e,73,1,1399.2999999523163,617164.2000000477,8135,WL,B,3.0
5,5.9649999141693115,learn,60000.0,Tue Sep 01 2026 17:41:25 GMT-0500 (Central Daylight Time),619396.5,A,for,I,backspace,813,1,2232.2999999523163,617164.2000000477,8135,WL,B,3.0
5,6.0980000495910645,learn,60000.0,Tue Sep 01 2026 17:41:25 GMT-0500 (Central Daylight Time),619529.7999999523,A,fo,I,backspace,117,1,2365.5999999046326,617164.2000000477,8135,WL,B,3.0
5,6.247999906539917,learn,60000.0,Tue Sep 01 2026 17:41:25 GMT-0500 (Central Daylight Time),619679.7999999523,A,f,I,backspace,136,1,2515.5999999046326,617164.2000000477,8135,WL,B,3.0
5,7.046999931335449,learn,60000.0,Tue Sep 01 2026 17:41:25 GMT-0500 (Central Daylight Time),620479.3999999762,A,fi,I,i,793,1,3315.1999999284744,617164.2000000477,8135,WL,B,3.0
5,7.246999979019165,learn,60000.0,Tue Sep 01 2026 17:41:25 GMT-0500 (Central Daylight Time),620679.2999999523,A,fir,I,r,194,1,3515.0999999046326,617164.2000000477,8135,WL,B,3.0
5,7.331000089645386,learn,60000.0,Tue Sep 01 2026 17:41:25 GMT-0500 (Central Daylight Time),620762.6000000238,A,fire,I,e,66,1,3598.399999976158,617164.2000000477,8135,WL,B,3.0
5,7.763999938964844,learn,60000.0,Tue Sep 01 2026 17:41:25 GMT-0500 (Central Daylight Time),621195.7000000477,A,fireenter,I,enter,414,1,4031.5,617164.2000000477,8135,WL,B,3.0
5,8.04699993133545,learn,60000.0,Tue Sep 01 2026 17:41:25 GMT-0500 (Central Daylight Time),621478.7999999523,A,c,I,c,278,1,282.6999999284744,621196.1000000238,8135,WL,B,4.0
5,8.180000066757202,learn,60000.0,Tue Sep 01 2026 17:41:25 GMT-0500 (Central Daylight Time),621612.3999999762,A,cl,I,l,123,1,416.2999999523163,621196.1000000238,8135,WL,B,4.0
5,8.414000034332275,learn,60000.0,Tue Sep 01 2026 17:41:25 GMT-0500 (Central Daylight Time),621845.6000000238,A,clo,I,o,213,1,649.5,621196.1000000238,8135,WL,B,4.0
5,8.563999891281128,learn,60000.0,Tue Sep 01 2026 17:41:25 GMT-0500 (Central Daylight Time),621995.6000000238,A,cloc,I,c,140,1,799.5,621196.1000000238,8135,WL,B,4.0
5,8.69700002670288,learn,60000.0,Tue Sep 01 2026 17:41:25 GMT-0500 (Central Daylight Time),622129.3999999762,A,clock,I,k,118,1,933.2999999523163,621196.1000000238,8135,WL,B,4.0
5,9.015000104904175,learn,60000.0,Tue Sep 01 2026 17:41:25 GMT-0500 (Central Daylight Time),622446.6000000238,A,clockenter,I,enter,295,1,1250.5,621196.1000000238,8135,WL,B,4.0
5,9.746999979019165,learn,60000.0,Tue Sep 01 2026 17:41:25 GMT-0500 (Central Daylight Time),623178.7000000477,A,c,I,c,723,1,731.9000000953674,622446.7999999523,8135,WL,B,5.0
5,9.879999876022339,learn,60000.0,Tue Sep 01 2026 17:41:25 GMT-0500 (Central Daylight Time),623312.1000000238,A,ci,I,i,119,1,865.3000000715256,622446.7999999523,8135,WL,B,5.0
5,10.129999876022339,learn,60000.0,Tue Sep 01 2026 17:41:25 GMT-0500 (Central Daylight Time),623561.6000000238,A,cit,I,t,233,1,1114.8000000715256,622446.7999999523,8135,WL,B,5.0
5,10.296000003814697,learn,60000.0,Tue Sep 01 2026 17:41:25 GMT-0500 (Central Daylight Time),623728.3999999762,A,city,I,y,160,1,1281.6000000238419,622446.7999999523,8135,WL,B,5.0
5,10.680000066757202,learn,60000.0,Tue Sep 01 2026 17:41:25 GMT-0500 (Central Daylight Time),624111.7999999523,A,cityenter,I,enter,369,1,1665.0,622446.7999999523,8135,WL,B,5.0
5,11.145999908447266,learn,60000.0,Tue Sep 01 2026 17:41:25 GMT-0500 (Central Daylight Time),624578.2000000477,A,p,I,p,458,1,466.0,624112.2000000477,8135,WL,B,6.0
5,11.513000011444092,learn,60000.0,Tue Sep 01 2026 17:41:25 GMT-0500 (Central Daylight Time),624944.6000000238,A,pu,I,u,359,1,832.3999999761581,624112.2000000477,8135,WL,B,6.0
5,11.79699993133545,learn,60000.0,Tue Sep 01 2026 17:41:25 GMT-0500 (Central Daylight Time),625229.2000000477,A,pup,I,p,264,1,1117.0,624112.2000000477,8135,WL,B,6.0
5,12.046000003814697,learn,60000.0,Tue Sep 01 2026 17:41:25 GMT-0500 (Central Daylight Time),625477.8999999762,A,pupi,I,i,228,1,1365.6999999284744,624112.2000000477,8135,WL,B,6.0
5,12.246000051498413,learn,60000.0,Tue Sep 01 2026 17:41:25 GMT-0500 (Central Daylight Time),625677.8999999762,A,pupil,I,l,187,1,1565.6999999284744,624112.2000000477,8135,WL,B,6.0
5,12.946000099182129,learn,60000.0,Tue Sep 01 2026 17:41:25 GMT-0500 (Central Daylight Time),626377.7000000477,A,pupilenter,I,enter,691,1,2265.5,624112.2000000477,8135,WL,B,6.0
5,13.246999979019165,learn,60000.0,Tue Sep 01 2026 17:41:25 GMT-0500 (Central Daylight Time),626678.6000000238,A,c,I,c,287,1,300.7000000476837,626377.8999999762,8135,WL,B,7.0
5,13.312000036239624,learn,60000.0,Tue Sep 01 2026 17:41:25 GMT-0500 (Central Daylight Time),626744.2000000477,A,ca,I,a,58,1,366.3000000715256,626377.8999999762,8135,WL,B,7.0
5,13.51200008392334,learn,60000.0,Tue Sep 01 2026 17:41:25 GMT-0500 (Central Daylight Time),626944.0,A,cab,I,b,193,1,566.1000000238419,626377.8999999762,8135,WL,B,7.0
5,13.779000043869019,learn,60000.0,Tue Sep 01 2026 17:41:25 GMT-0500 (Central Daylight Time),627210.6000000238,A,cabi,I,i,257,1,832.7000000476837,626377.8999999762,8135,WL,B,7.0
5,13.895999908447266,learn,60000.0,Tue Sep 01 2026 17:41:25 GMT-0500 (Central Daylight Time),627328.2999999523,A,cabin,I,n,111,1,950.3999999761581,626377.8999999762,8135,WL,B,7.0
5,14.211999893188477,learn,60000.0,Tue Sep 01 2026 17:41:25 GMT-0500 (Central Daylight Time),627644.0,A,cabinenter,I,enter,305,1,1266.1000000238419,626377.8999999762,8135,WL,B,7.0
5,14.461999893188477,learn,60000.0,Tue Sep 01 2026 17:41:25 GMT-0500 (Central Daylight Time),627893.7999999523,A,l,I,l,230,1,249.59999990463257,627644.2000000477,8135,WL,B,8.0
5,14.562000036239624,learn,60000.0,Tue Sep 01 2026 17:41:25 GMT-0500 (Central Daylight Time),627993.7999999523,A,la,I,a,92,1,349.59999990463257,627644.2000000477,8135,WL,B,8.0
5,14.727999925613403,learn,60000.0,Tue Sep 01 2026 17:41:25 GMT-0500 (Central Daylight Time),628160.3999999762,A,lak,I,k,159,1,516.1999999284744,627644.2000000477,8135,WL,B,8.0
5,14.861999988555908,learn,60000.0,Tue Sep 01 2026 17:41:25 GMT-0500 (Central Daylight Time),628293.7999999523,A,lake,I,e,113,1,649.5999999046326,627644.2000000477,8135,WL,B,8.0
5,16.045000076293945,learn,60000.0,Tue Sep 01 2026 17:41:25 GMT-0500 (Central Daylight Time),629476.6000000238,A,lakeenter,I,enter,1172,1,1832.3999999761581,627644.2000000477,8135,WL,B,8.0
5,16.861000061035156,learn,60000.0,Tue Sep 01 2026 17:41:25 GMT-0500 (Central Daylight Time),630293.1000000238,A,s,I,s,796,1,816.2000000476837,629476.8999999762,8135,WL,B,9.0
5,17.07800006866455,learn,60000.0,Tue Sep 01 2026 17:41:25 GMT-0500 (Central Daylight Time),630509.6000000238,A,st,I,t,211,1,1032.7000000476837,629476.8999999762,8135,WL,B,9.0
5,17.277999877929688,learn,60000.0,Tue Sep 01 2026 17:41:25 GMT-0500 (Central Daylight Time),630709.6000000238,A,str,I,r,179,1,1232.7000000476837,629476.8999999762,8135,WL,B,9.0
5,17.41100001335144,learn,60000.0,Tue Sep 01 2026 17:41:25 GMT-0500 (Central Daylight Time),630842.7000000477,A,stre,I,e,123,1,1365.8000000715256,629476.8999999762,8135,WL,B,9.0
5,17.543999910354614,learn,60000.0,Tue Sep 01 2026 17:41:25 GMT-0500 (Central Daylight Time),630976.2000000477,A,stree,I,e,127,1,1499.3000000715256,629476.8999999762,8135,WL,B,9.0
5,17.74399995803833,learn,60000.0,Tue Sep 01 2026 17:41:25 GMT-0500 (Central Daylight Time),631176.1000000238,A,street,I,t,185,1,1699.2000000476837,629476.8999999762,8135,WL,B,9.0
5,18.460999965667725,learn,60000.0,Tue Sep 01 2026 17:41:25 GMT-0500 (Central Daylight Time),631892.7000000477,A,streetenter,I,enter,705,1,2415.8000000715256,629476.8999999762,8135,WL,B,9.0
5,19.00499987602234,learn,60000.0,Tue Sep 01 2026 17:41:25 GMT-0500 (Central Daylight Time),632437.2000000477,A,f,I,f,393,1,544.1000000238419,631893.1000000238,8135,WL,B,10.0
5,19.24399995803833,learn,60000.0,Tue Sep 01 2026 17:41:25 GMT-0500 (Central Daylight Time),632675.7999999523,A,,I,backspace,220,1,782.6999999284744,631893.1000000238,8135,WL,B,10.0
5,19.427000045776367,learn,60000.0,Tue Sep 01 2026 17:41:25 GMT-0500 (Central Daylight Time),632858.7000000477,A,g,I,g,165,1,965.6000000238419,631893.1000000238,8135,WL,B,10.0
5,19.509999990463257,learn,60000.0,Tue Sep 01 2026 17:41:25 GMT-0500 (Central Daylight Time),632942.2000000477,A,gr,I,r,62,1,1049.1000000238419,631893.1000000238,8135,WL,B,10.0
5,19.793999910354614,learn,60000.0,Tue Sep 01 2026 17:41:25 GMT-0500 (Central Daylight Time),633225.5,A,gra,I,a,275,1,1332.3999999761581,631893.1000000238,8135,WL,B,10.0
5,20.05999994277954,learn,60000.0,Tue Sep 01 2026 17:41:25 GMT-0500 (Central Daylight Time),633492.0,A,gras,I,s,248,1,1598.8999999761581,631893.1000000238,8135,WL,B,10.0
5,20.193000078201294,learn,60000.0,Tue Sep 01 2026 17:41:25 GMT-0500 (Central Daylight Time),633625.2999999523,A,grass,I,s,117,1,1732.1999999284744,631893.1000000238,8135,WL,B,10.0
5,20.509999990463257,learn,60000.0,Tue Sep 01 2026 17:41:25 GMT-0500 (Central Daylight Time),633941.7999999523,A,grassenter,I,enter,303,1,2048.6999999284744,631893.1000000238,8135,WL,B,10.0
5,20.925999879837036,learn,60000.0,Tue Sep 01 2026 17:41:25 GMT-0500 (Central Daylight Time),634358.3999999762,A,o,I,o,403,1,416.2999999523163,633942.1000000238,8135,WL,B,11.0
5,21.075999975204468,learn,60000.0,Tue Sep 01 2026 17:41:25 GMT-0500 (Central Daylight Time),634508.3999999762,A,od,I,d,138,1,566.2999999523163,633942.1000000238,8135,WL,B,11.0
5,21.509999990463257,learn,60000.0,Tue Sep 01 2026 17:41:25 GMT-0500 (Central Daylight Time),634941.7999999523,A,o,I,backspace,428,1,999.6999999284744,633942.1000000238,8135,WL,B,11.0
5,21.693000078201294,learn,60000.0,Tue Sep 01 2026 17:41:25 GMT-0500 (Central Daylight Time),635124.8999999762,A,,I,backspace,163,1,1182.7999999523163,633942.1000000238,8135,WL,B,11.0
5,21.925999879837036,learn,60000.0,Tue Sep 01 2026 17:41:25 GMT-0500 (Central Daylight Time),635358.1000000238,A,d,I,d,221,1,1416.0,633942.1000000238,8135,WL,B,11.0
5,22.075999975204468,learn,60000.0,Tue Sep 01 2026 17:41:25 GMT-0500 (Central Daylight Time),635508.2000000477,A,do,I,o,139,1,1566.1000000238419,633942.1000000238,8135,WL,B,11.0
5,22.243000030517578,learn,60000.0,Tue Sep 01 2026 17:41:25 GMT-0500 (Central Daylight Time),635674.7000000477,A,doo,I,o,149,1,1732.6000000238419,633942.1000000238,8135,WL,B,11.0
5,22.375999927520752,learn,60000.0,Tue Sep 01 2026 17:41:25 GMT-0500 (Central Daylight Time),635807.8999999762,A,door,I,r,127,1,1865.7999999523163,633942.1000000238,8135,WL,B,11.0
5,22.675999879837036,learn,60000.0,Tue Sep 01 2026 17:41:25 GMT-0500 (Central Daylight Time),636107.7999999523,A,doorenter,I,enter,280,1,2165.6999999284744,633942.1000000238,8135,WL,B,11.0
5,22.925999879837036,learn,60000.0,Tue Sep 01 2026 17:41:25 GMT-0500 (Central Daylight Time),636358.0,A,a,I,a,238,1,249.89999997615814,636108.1000000238,8135,WL,B,12.0
5,23.710000038146973,learn,60000.0,Tue Sep 01 2026 17:41:25 GMT-0500 (Central Daylight Time),637141.8999999762,A,ar,I,r,762,1,1033.7999999523163,636108.1000000238,8135,WL,B,12.0
5,24.54200005531311,learn,60000.0,Tue Sep 01 2026 17:41:25 GMT-0500 (Central Daylight Time),637974.0,A,arm,I,m,810,1,1865.8999999761581,636108.1000000238,8135,WL,B,12.0
5,24.875,learn,60000.0,Tue Sep 01 2026 17:41:25 GMT-0500 (Central Daylight Time),638307.1000000238,A,armenter,I,enter,314,1,2199.0,636108.1000000238,8135,WL,B,12.0
5,25.14199995994568,learn,60000.0,Tue Sep 01 2026 17:41:25 GMT-0500 (Central Daylight Time),638573.8999999762,A,s,I,s,254,1,266.39999997615814,638307.5,8135,WL,B,13.0
5,25.44099998474121,learn,60000.0,Tue Sep 01 2026 17:41:25 GMT-0500 (Central Daylight Time),638873.5,A,st,I,t,282,1,566.0,638307.5,8135,WL,B,13.0
5,25.64199995994568,learn,60000.0,Tue Sep 01 2026 17:41:25 GMT-0500 (Central Daylight Time),639073.6000000238,A,sta,I,a,191,1,766.1000000238419,638307.5,8135,WL,B,13.0
5,25.757999897003174,learn,60000.0,Tue Sep 01 2026 17:41:25 GMT-0500 (Central Daylight Time),639190.2000000477,A,star,I,r,96,1,882.7000000476837,638307.5,8135,WL,B,13.0
5,26.174999952316284,learn,60000.0,Tue Sep 01 2026 17:41:25 GMT-0500 (Central Daylight Time),639606.8999999762,A,starenter,I,enter,404,1,1299.3999999761581,638307.5,8135,WL,B,13.0
5,26.79099988937378,learn,60000.0,Tue Sep 01 2026 17:41:25 GMT-0500 (Central Daylight Time),640223.3999999762,A,w,I,w,602,1,616.1999999284744,639607.2000000477,8135,WL,B,14.0
5,28.341000080108643,learn,60000.0,Tue Sep 01 2026 17:41:25 GMT-0500 (Central Daylight Time),641772.6000000238,A,wi,I,i,1529,1,2165.399999976158,639607.2000000477,8135,WL,B,14.0
5,28.473999977111816,learn,60000.0,Tue Sep 01 2026 17:41:25 GMT-0500 (Central Daylight Time),641906.2999999523,A,wif,I,f,125,1,2299.0999999046326,639607.2000000477,8135,WL,B,14.0
5,28.54099988937378,learn,60000.0,Tue Sep 01 2026 17:41:25 GMT-0500 (Central Daylight Time),641972.7999999523,A,wife,I,e,46,1,2365.5999999046326,639607.2000000477,8135,WL,B,14.0
5,28.69099998474121,learn,60000.0,Tue Sep 01 2026 17:41:25 GMT-0500 (Central Daylight Time),642122.7999999523,A,wifeenter,I,enter,132,1,2515.5999999046326,639607.2000000477,8135,WL,B,14.0
5,28.85699987411499,learn,60000.0,Tue Sep 01 2026 17:41:25 GMT-0500 (Central Daylight Time),642289.2999999523,A,w,I,w,159,1,166.0,642123.2999999523,8135,WL,B,15.0
5,28.990000009536743,learn,60000.0,Tue Sep 01 2026 17:41:25 GMT-0500 (Central Daylight Time),642422.2000000477,A,wi,I,i,129,1,298.90000009536743,642123.2999999523,8135,WL,B,15.0
5,29.10699987411499,learn,60000.0,Tue Sep 01 2026 17:41:25 GMT-0500 (Central Daylight Time),642539.2999999523,A,win,I,n,108,1,416.0,642123.2999999523,8135,WL,B,15.0
5,29.207000017166138,learn,60000.0,Tue Sep 01 2026 17:41:25 GMT-0500 (Central Daylight Time),642639.1000000238,A,wind,I,d,86,1,515.8000000715256,642123.2999999523,8135,WL,B,15.0
5,29.323999881744385,learn,60000.0,Tue Sep 01 2026 17:41:25 GMT-0500 (Central Daylight Time),642756.0,A,windo,I,o,99,1,632.7000000476837,642123.2999999523,8135,WL,B,15.0
5,29.407999992370605,learn,60000.0,Tue Sep 01 2026 17:41:25 GMT-0500 (Central Daylight Time),642840.1000000238,A,window,I,w,78,1,716.8000000715256,642123.2999999523,8135,WL,B,15.0
5,29.723999977111816,learn,60000.0,Tue Sep 01 2026 17:41:25 GMT-0500 (Central Daylight Time),643155.7999999523,A,windows,I,s,296,1,1032.5,642123.2999999523,8135,WL,B,15.0
5,30.056999921798706,learn,60000.0,Tue Sep 01 2026 17:41:25 GMT-0500 (Central Daylight Time),643489.0,A,window,I,backspace,325,1,1365.7000000476837,642123.2999999523,8135,WL,B,15.0
5,30.33999991416931,learn,60000.0,Tue Sep 01 2026 17:41:25 GMT-0500 (Central Daylight Time),643772.1000000238,A,windowenter,I,enter,273,1,1648.8000000715256,642123.2999999523,8135,WL,B,15.0
6,1.498999834060669,distr,58501.00016593933,Tue Sep 01 2026 17:41:25 GMT-0500 (Central Daylight Time),711900.7000000477,B,c,I,c,1489,1,1499.3000000715256,710401.3999999762,8135,WL,B,1.0
6,1.6159999370574951,distr,58384.000062942505,Tue Sep 01 2026 17:41:25 GMT-0500 (Central Daylight Time),712017.5,B,ce,I,e,108,1,1616.1000000238419,710401.3999999762,8135,WL,B,1.0
6,1.9159998893737793,distr,58084.00011062622,Tue Sep 01 2026 17:41:25 GMT-0500 (Central Daylight Time),712317.0,B,cel,I,l,279,1,1915.6000000238419,710401.3999999762,8135,WL,B,1.0
6,2.065999984741211,distr,57934.00001525879,Tue Sep 01 2026 17:41:25 GMT-0500 (Central Daylight Time),712467.2999999523,B,cell,I,l,131,1,2065.899999976158,710401.3999999762,8135,WL,B,1.0
6,2.4670000076293945,distr,57532.999992370605,Tue Sep 01 2026 17:41:25 GMT-0500 (Central Daylight Time),712868.6000000238,B,cellenter,I,enter,390,1,2467.2000000476837,710401.3999999762,8135,WL,B,1.0
6,4.297999858856201,distr,55702.0001411438,Tue Sep 01 2026 17:41:25 GMT-0500 (Central Daylight Time),714699.7000000477,B,b,I,b,1821,1,1830.7000000476837,712869.0,8135,WL,B,2.0
6,4.581999778747559,distr,55418.00022125244,Tue Sep 01 2026 17:41:25 GMT-0500 (Central Daylight Time),714982.7999999523,B,bu,I,u,277,1,2113.7999999523163,712869.0,8135,WL,B,2.0
6,4.781999826431274,distr,55218.000173568726,Tue Sep 01 2026 17:41:25 GMT-0500 (Central Daylight Time),715183.2000000477,B,bui,I,i,180,1,2314.2000000476837,712869.0,8135,WL,B,2.0
6,4.9649999141693115,distr,55035.00008583069,Tue Sep 01 2026 17:41:25 GMT-0500 (Central Daylight Time),715366.3999999762,B,buil,I,l,178,1,2497.399999976158,712869.0,8135,WL,B,2.0
6,5.131999969482422,distr,54868.00003051758,Tue Sep 01 2026 17:41:25 GMT-0500 (Central Daylight Time),715533.0,B,build,I,d,155,1,2664.0,712869.0,8135,WL,B,2.0
6,5.2149999141693115,distr,54785.00008583069,Tue Sep 01 2026 17:41:25 GMT-0500 (Central Daylight Time),715616.0,B,buildi,I,i,76,1,2747.0,712869.0,8135,WL,B,2.0
6,5.331999778747559,distr,54668.00022125244,Tue Sep 01 2026 17:41:25 GMT-0500 (Central Daylight Time),715733.5,B,buildin,I,n,113,1,2864.5,712869.0,8135,WL,B,2.0
6,5.447999954223633,distr,54552.00004577637,Tue Sep 01 2026 17:41:25 GMT-0500 (Central Daylight Time),715849.7000000477,B,building,I,g,100,1,2980.7000000476837,712869.0,8135,WL,B,2.0
6,6.230999946594238,distr,53769.00005340576,Tue Sep 01 2026 17:41:25 GMT-0500 (Central Daylight Time),716632.7999999523,B,buildingenter,I,enter,768,1,3763.7999999523163,712869.0,8135,WL,B,2.0
6,6.480999946594238,distr,53519.00005340576,Tue Sep 01 2026 17:41:25 GMT-0500 (Central Daylight Time),716882.6000000238,B,s,I,s,233,1,249.5,716633.1000000238,8135,WL,B,3.0
6,6.680999994277954,distr,53319.000005722046,Tue Sep 01 2026 17:41:25 GMT-0500 (Central Daylight Time),717082.3999999762,B,st,I,t,191,1,449.2999999523163,716633.1000000238,8135,WL,B,3.0
6,6.747999906539917,distr,53252.00009346008,Tue Sep 01 2026 17:41:25 GMT-0500 (Central Daylight Time),717149.0,B,sto,I,o,55,1,515.8999999761581,716633.1000000238,8135,WL,B,3.0
6,6.947999954223633,distr,53052.00004577637,Tue Sep 01 2026 17:41:25 GMT-0500 (Central Daylight Time),717349.0,B,stor,I,r,180,1,715.8999999761581,716633.1000000238,8135,WL,B,3.0
6,7.047999858856201,distr,52952.0001411438,Tue Sep 01 2026 17:41:25 GMT-0500 (Central Daylight Time),717448.7999999523,B,storm,I,m,93,1,815.6999999284744,716633.1000000238,8135,WL,B,3.0
6,7.48199987411499,distr,52518.00012588501,Tue Sep 01 2026 17:41:25 GMT-0500 (Central Daylight Time),717883.3999999762,B,stormenter,I,enter,417,1,1250.2999999523163,716633.1000000238,8135,WL,B,3.0
6,8.247999906539917,distr,51752.00009346008,Tue Sep 01 2026 17:41:25 GMT-0500 (Central Daylight Time),718648.8999999762,B,b,I,b,750,1,765.2999999523163,717883.6000000238,8135,WL,B,4.0
6,8.581999778747559,distr,51418.00022125244,Tue Sep 01 2026 17:41:25 GMT-0500 (Central Daylight Time),718983.0,B,ba,I,a,313,1,1099.3999999761581,717883.6000000238,8135,WL,B,4.0
6,8.763999938964844,distr,51236.000061035156,Tue Sep 01 2026 17:41:25 GMT-0500 (Central Daylight Time),719165.1000000238,B,bab,I,b,161,1,1281.5,717883.6000000238,8135,WL,B,4.0
6,8.980999946594238,distr,51019.00005340576,Tue Sep 01 2026 17:41:25 GMT-0500 (Central Daylight Time),719382.0,B,baby,I,y,204,1,1498.3999999761581,717883.6000000238,8135,WL,B,4.0
6,9.163999795913696,distr,50836.000204086304,Tue Sep 01 2026 17:41:25 GMT-0500 (Central Daylight Time),719564.7999999523,B,babyenter,I,enter,171,1,1681.1999999284744,717883.6000000238,8135,WL,B,4.0
6,9.81499981880188,distr,50185.00018119812,Tue Sep 01 2026 17:41:25 GMT-0500 (Central Daylight Time),720215.8999999762,B,o,I,o,645,1,650.7999999523163,719565.1000000238,8135,WL,B,5.0
6,10.096999883651733,distr,49903.00011634827,Tue Sep 01 2026 17:41:25 GMT-0500 (Central Daylight Time),720498.1000000238,B,oc,I,c,273,1,933.0,719565.1000000238,8135,WL,B,5.0
6,10.27999997138977,distr,49720.00002861023,Tue Sep 01 2026 17:41:25 GMT-0500 (Central Daylight Time),720681.2999999523,B,oce,I,e,168,1,1116.1999999284744,719565.1000000238,8135,WL,B,5.0
6,10.479999780654907,distr,49520.00021934509,Tue Sep 01 2026 17:41:25 GMT-0500 (Central Daylight Time),720881.5,B,ocea,I,a,184,1,1316.3999999761581,719565.1000000238,8135,WL,B,5.0
6,10.61299991607666,distr,49387.00008392334,Tue Sep 01 2026 17:41:25 GMT-0500 (Central Daylight Time),721014.7000000477,B,ocean,I,n,120,1,1449.6000000238419,719565.1000000238,8135,WL,B,5.0
6,10.979999780654907,distr,49020.00021934509,Tue Sep 01 2026 17:41:25 GMT-0500 (Central Daylight Time),721381.2000000477,B,oceanenter,I,enter,346,1,1816.1000000238419,719565.1000000238,8135,WL,B,5.0
6,11.395999908447266,distr,48604.000091552734,Tue Sep 01 2026 17:41:25 GMT-0500 (Central Daylight Time),721797.3999999762,B,l,I,l,395,1,415.89999997615814,721381.5,8135,WL,B,6.0
6,11.645999908447266,distr,48354.000091552734,Tue Sep 01 2026 17:41:25 GMT-0500 (Central Daylight Time),722047.5,B,li,I,i,236,1,666.0,721381.5,8135,WL,B,6.0
6,11.829999923706055,distr,48170.000076293945,Tue Sep 01 2026 17:41:25 GMT-0500 (Central Daylight Time),722231.0,B,lip,I,p,169,1,849.5,721381.5,8135,WL,B,6.0
6,12.145999908447266,distr,47854.000091552734,Tue Sep 01 2026 17:41:25 GMT-0500 (Central Daylight Time),722547.2999999523,B,lipenter,I,enter,307,1,1165.7999999523163,721381.5,8135,WL,B,6.0
6,35.305999994277954,distr,24694.000005722046,Tue Sep 01 2026 17:41:25 GMT-0500 (Central Daylight Time),745706.7999999523,B,enter,I,enter,23142,1,23159.299999952316,722547.5,8135,WL,B,7.0
6,39.436999797821045,distr,20563.000202178955,Tue Sep 01 2026 17:41:25 GMT-0500 (Central Daylight Time),749838.5,B,enter,I,enter,4126,1,4131.299999952316,745707.2000000477,8135,WL,B,8.0
6,39.79899978637695,distr,20201.000213623047,Tue Sep 01 2026 17:41:25 GMT-0500 (Central Daylight Time),750200.2000000477,B,enter,I,enter,322,1,361.5,749838.7000000477,8135,WL,B,9.0
6,40.05399990081787,distr,19946.00009918213,Tue Sep 01 2026 17:41:25 GMT-0500 (Central Daylight Time),750454.8999999762,B,enter,I,enter,249,1,254.39999997615814,750200.5,8135,WL,B,10.0
6,40.419999837875366,distr,19580.000162124634,Tue Sep 01 2026 17:41:25 GMT-0500 (Central Daylight Time),750821.6000000238,B,enter,I,enter,361,1,366.3000000715256,750455.2999999523,8135,WL,B,11.0
6,40.7039999961853,distr,19296.000003814697,Tue Sep 01 2026 17:41:25 GMT-0500 (Central Daylight Time),751105.2000000477,B,enter,I,enter,276,1,283.3000000715256,750821.8999999762,8135,WL,B,12.0
6,40.936999797821045,distr,19063.000202178955,Tue Sep 01 2026 17:41:25 GMT-0500 (Central Daylight Time),751338.2999999523,B,enter,I,enter,224,1,232.79999995231628,751105.5,8135,WL,B,13.0
6,41.169999837875366,distr,18830.000162124634,Tue Sep 01 2026 17:41:25 GMT-0500 (Central Daylight Time),751571.5,B,enter,I,enter,223,1,232.79999995231628,751338.7000000477,8135,WL,B,14.0
6,41.36999988555908,distr,18630.000114440918,Tue Sep 01 2026 17:41:25 GMT-0500 (Central Daylight Time),751771.7000000477,B,enter,I,enter,182,1,199.70000004768372,751572.0,8135,WL,B,15.0
7,4.014999866485596,immed,55985.000133514404,Tue Sep 01 2026 17:41:25 GMT-0500 (Central Daylight Time),766050.8999999762,A,s,I,s,4006,1,4014.6999999284744,762036.2000000477,8135,WL,B,1.0
7,4.298999786376953,immed,55701.00021362305,Tue Sep 01 2026 17:41:25 GMT-0500 (Central Daylight Time),766335.0,A,st,I,t,260,1,4298.799999952316,762036.2000000477,8135,WL,B,1.0
7,4.596999883651733,immed,55403.00011634827,Tue Sep 01 2026 17:41:25 GMT-0500 (Central Daylight Time),766633.7000000477,A,ste,I,e,282,1,4597.5,762036.2000000477,8135,WL,B,1.0
7,5.412999868392944,immed,54587.000131607056,Tue Sep 01 2026 17:41:25 GMT-0500 (Central Daylight Time),767449.7000000477,A,st,I,backspace,807,1,5413.5,762036.2000000477,8135,WL,B,1.0
7,5.763000011444092,immed,54236.99998855591,Tue Sep 01 2026 17:41:25 GMT-0500 (Central Daylight Time),767799.5,A,str,I,r,342,1,5763.299999952316,762036.2000000477,8135,WL,B,1.0
7,5.980000019073486,immed,54019.999980926514,Tue Sep 01 2026 17:41:25 GMT-0500 (Central Daylight Time),768016.0,A,stre,I,e,208,1,5979.799999952316,762036.2000000477,8135,WL,B,1.0
7,6.129999876022339,immed,53870.00012397766,Tue Sep 01 2026 17:41:25 GMT-0500 (Central Daylight Time),768166.2000000477,A,stree,I,e,136,1,6130.0,762036.2000000477,8135,WL,B,1.0
7,6.312999963760376,immed,53687.000036239624,Tue Sep 01 2026 17:41:25 GMT-0500 (Central Daylight Time),768349.3999999762,A,street,I,t,162,1,6313.199999928474,762036.2000000477,8135,WL,B,1.0
7,7.296000003814697,immed,52703.9999961853,Tue Sep 01 2026 17:41:25 GMT-0500 (Central Daylight Time),769332.3999999762,A,streetg,I,g,971,1,7296.199999928474,762036.2000000477,8135,WL,B,1.0
7,7.546000003814697,immed,52453.9999961853,Tue Sep 01 2026 17:41:25 GMT-0500 (Central Daylight Time),769582.2000000477,A,streetgr,I,r,244,1,7546.0,762036.2000000477,8135,WL,B,1.0
7,7.728999853134155,immed,52271.000146865845,Tue Sep 01 2026 17:41:25 GMT-0500 (Central Daylight Time),769765.7000000477,A,streetgra,I,a,170,1,7729.5,762036.2000000477,8135,WL,B,1.0
7,7.745999813079834,immed,52254.000186920166,Tue Sep 01 2026 17:41:25 GMT-0500 (Central Daylight Time),769782.2000000477,A,streetgraq,I,q,2,1,7746.0,762036.2000000477,8135,WL,B,1.0
7,7.978999853134155,immed,52021.000146865845,Tue Sep 01 2026 17:41:25 GMT-0500 (Central Daylight Time),770015.5,A,streetgraqs,I,s,224,1,7979.299999952316,762036.2000000477,8135,WL,B,1.0
7,8.128999948501587,immed,51871.00005149841,Tue Sep 01 2026 17:41:25 GMT-0500 (Central Daylight Time),770165.5,A,streetgraqss,I,s,129,1,8129.299999952316,762036.2000000477,8135,WL,B,1.0
7,8.861999988555908,immed,51138.00001144409,Tue Sep 01 2026 17:41:25 GMT-0500 (Central Daylight Time),770898.6000000238,A,streetgraqs,I,backspace,715,1,8862.399999976158,762036.2000000477,8135,WL,B,1.0
7,9.061999797821045,immed,50938.000202178955,Tue Sep 01 2026 17:41:25 GMT-0500 (Central Daylight Time),771098.5,A,streetgraq,I,backspace,180,1,9062.299999952316,762036.2000000477,8135,WL,B,1.0
7,9.194999933242798,immed,50805.0000667572,Tue Sep 01 2026 17:41:25 GMT-0500 (Central Daylight Time),771231.7000000477,A,streetgra,I,backspace,116,1,9195.5,762036.2000000477,8135,WL,B,1.0
7,9.34499979019165,immed,50655.00020980835,Tue Sep 01 2026 17:41:25 GMT-0500 (Central Daylight Time),771381.6000000238,A,streetgr,I,backspace,136,1,9345.399999976158,762036.2000000477,8135,WL,B,1.0
7,9.494999885559082,immed,50505.00011444092,Tue Sep 01 2026 17:41:25 GMT-0500 (Central Daylight Time),771531.8999999762,A,streetg,I,backspace,130,1,9495.699999928474,762036.2000000477,8135,WL,B,1.0
7,9.59499979019165,immed,50405.00020980835,Tue Sep 01 2026 17:41:25 GMT-0500 (Central Daylight Time),771631.7999999523,A,street,I,backspace,92,1,9595.599999904633,762036.2000000477,8135,WL,B,1.0
7,9.978999853134155,immed,50021.000146865845,Tue Sep 01 2026 17:41:25 GMT-0500 (Central Daylight Time),772014.8999999762,A,streetenter,I,enter,377,1,9978.699999928474,762036.2000000477,8135,WL,B,1.0
7,10.59499979019165,immed,49405.00020980835,Tue Sep 01 2026 17:41:25 GMT-0500 (Central Daylight Time),772631.7000000477,A,g,I,g,610,1,616.6000000238419,772015.1000000238,8135,WL,B,2.0
7,10.828999996185303,immed,49171.0000038147,Tue Sep 01 2026 17:41:25 GMT-0500 (Central Daylight Time),772864.8999999762,A,gr,I,r,225,1,849.7999999523163,772015.1000000238,8135,WL,B,2.0
7,11.211999893188477,immed,48788.00010681152,Tue Sep 01 2026 17:41:25 GMT-0500 (Central Daylight Time),773248.3999999762,A,gra,I,a,368,1,1233.2999999523163,772015.1000000238,8135,WL,B,2.0
7,11.461999893188477,immed,48538.00010681152,Tue Sep 01 2026 17:41:25 GMT-0500 (Central Daylight Time),773498.2000000477,A,gras,I,s,241,1,1483.1000000238419,772015.1000000238,8135,WL,B,2.0
7,11.59499979019165,immed,48405.00020980835,Tue Sep 01 2026 17:41:25 GMT-0500 (Central Daylight Time),773631.8999999762,A,grass,I,s,120,1,1616.7999999523163,772015.1000000238,8135,WL,B,2.0
7,12.110999822616577,immed,47889.00017738342,Tue Sep 01 2026 17:41:25 GMT-0500 (Central Daylight Time),774147.3999999762,A,grassenter,I,enter,497,1,2132.2999999523163,772015.1000000238,8135,WL,B,2.0
7,12.393999814987183,immed,47606.00018501282,Tue Sep 01 2026 17:41:25 GMT-0500 (Central Daylight Time),774430.7000000477,A,d,I,d,277,1,283.2000000476837,774147.5,8135,WL,B,3.0
7,12.560999870300293,immed,47439.00012969971,Tue Sep 01 2026 17:41:25 GMT-0500 (Central Daylight Time),774597.2999999523,A,do,I,o,162,1,449.7999999523163,774147.5,8135,WL,B,3.0
7,12.726999998092651,immed,47273.00000190735,Tue Sep 01 2026 17:41:25 GMT-0500 (Central Daylight Time),774763.7999999523,A,doo,I,o,155,1,616.2999999523163,774147.5,8135,WL,B,3.0
7,12.860999822616577,immed,47139.00017738342,Tue Sep 01 2026 17:41:25 GMT-0500 (Central Daylight Time),774897.2000000477,A,door,I,r,125,1,749.7000000476837,774147.5,8135,WL,B,3.0
7,13.376999855041504,immed,46623.000144958496,Tue Sep 01 2026 17:41:25 GMT-0500 (Central Daylight Time),775413.7999999523,A,doorenter,I,enter,510,1,1266.2999999523163,774147.5,8135,WL,B,3.0
7,15.709999799728394,immed,44290.00020027161,Tue Sep 01 2026 17:41:25 GMT-0500 (Central Daylight Time),777746.2999999523,A,a,I,a,2323,1,2332.2999999523163,775414.0,8135,WL,B,4.0
7,15.942999839782715,immed,44057.000160217285,Tue Sep 01 2026 17:41:25 GMT-0500 (Central Daylight Time),777979.7000000477,A,ar,I,r,222,1,2565.7000000476837,775414.0,8135,WL,B,4.0
7,16.192999839782715,immed,43807.000160217285,Tue Sep 01 2026 17:41:25 GMT-0500 (Central Daylight Time),778229.5,A,arm,I,m,236,1,2815.5,775414.0,8135,WL,B,4.0
7,16.875999927520752,immed,43124.00007247925,Tue Sep 01 2026 17:41:25 GMT-0500 (Central Daylight Time),778912.6000000238,A,armenter,I,enter,675,1,3498.600000023842,775414.0,8135,WL,B,4.0
7,17.825999975204468,immed,42174.00002479553,Tue Sep 01 2026 17:41:25 GMT-0500 (Central Daylight Time),779862.2999999523,A,s,I,s,936,1,949.3999999761581,778912.8999999762,8135,WL,B,5.0
7,18.042999982833862,immed,41957.00001716614,Tue Sep 01 2026 17:41:25 GMT-0500 (Central Daylight Time),780079.0,A,st,I,t,202,1,1166.1000000238419,778912.8999999762,8135,WL,B,5.0
7,18.22599983215332,immed,41774.00016784668,Tue Sep 01 2026 17:41:25 GMT-0500 (Central Daylight Time),780262.2000000477,A,sta,I,a,177,1,1349.3000000715256,778912.8999999762,8135,WL,B,5.0
7,18.375999927520752,immed,41624.00007247925,Tue Sep 01 2026 17:41:25 GMT-0500 (Central Daylight Time),780412.1000000238,A,star,I,r,130,1,1499.2000000476837,778912.8999999762,8135,WL,B,5.0
7,18.72599983215332,immed,41274.00016784668,Tue Sep 01 2026 17:41:25 GMT-0500 (Central Daylight Time),780762.0,A,starenter,I,enter,332,1,1849.1000000238419,778912.8999999762,8135,WL,B,5.0
7,19.408999919891357,immed,40591.00008010864,Tue Sep 01 2026 17:41:25 GMT-0500 (Central Daylight Time),781445.2999999523,A,w,I,w,679,1,683.0999999046326,780762.2000000477,8135,WL,B,6.0
7,19.608999967575073,immed,40391.00003242493,Tue Sep 01 2026 17:41:25 GMT-0500 (Central Daylight Time),781645.0,A,wi,I,i,187,1,882.7999999523163,780762.2000000477,8135,WL,B,6.0
7,19.842000007629395,immed,40157.999992370605,Tue Sep 01 2026 17:41:25 GMT-0500 (Central Daylight Time),781878.5,A,wif,I,f,219,1,1116.2999999523163,780762.2000000477,8135,WL,B,6.0
7,19.924999952316284,immed,40075.000047683716,Tue Sep 01 2026 17:41:25 GMT-0500 (Central Daylight Time),781961.6000000238,A,wife,I,e,74,1,1199.3999999761581,780762.2000000477,8135,WL,B,6.0
7,20.508999824523926,immed,39491.000175476074,Tue Sep 01 2026 17:41:25 GMT-0500 (Central Daylight Time),782545.1000000238,A,wifeenter,I,enter,567,1,1782.8999999761581,780762.2000000477,8135,WL,B,6.0
7,20.757999897003174,immed,39242.000102996826,Tue Sep 01 2026 17:41:25 GMT-0500 (Central Daylight Time),782794.7000000477,A,w,I,w,239,1,249.40000009536743,782545.2999999523,8135,WL,B,7.0
7,20.924999952316284,immed,39075.000047683716,Tue Sep 01 2026 17:41:25 GMT-0500 (Central Daylight Time),782961.6000000238,A,wi,I,i,149,1,416.3000000715256,782545.2999999523,8135,WL,B,7.0
7,21.007999897003174,immed,38992.000102996826,Tue Sep 01 2026 17:41:25 GMT-0500 (Central Daylight Time),783044.6000000238,A,win,I,n,71,1,499.3000000715256,782545.2999999523,8135,WL,B,7.0
7,21.157999992370605,immed,38842.000007629395,Tue Sep 01 2026 17:41:25 GMT-0500 (Central Daylight Time),783194.6000000238,A,wind,I,d,132,1,649.3000000715256,782545.2999999523,8135,WL,B,7.0
7,21.257999897003174,immed,38742.000102996826,Tue Sep 01 2026 17:41:25 GMT-0500 (Central Daylight Time),783294.5,A,windo,I,o,86,1,749.2000000476837,782545.2999999523,8135,WL,B,7.0
7,21.424999952316284,immed,38575.000047683716,Tue Sep 01 2026 17:41:25 GMT-0500 (Central Daylight Time),783461.2000000477,A,window,I,w,146,1,915.9000000953674,782545.2999999523,8135,WL,B,7.0
7,22.074999809265137,immed,37925.00019073486,Tue Sep 01 2026 17:41:25 GMT-0500 (Central Daylight Time),784111.1000000238,A,windowenter,I,enter,635,1,1565.8000000715256,782545.2999999523,8135,WL,B,7.0
7,22.375,immed,37625.0,Tue Sep 01 2026 17:41:25 GMT-0500 (Central Daylight Time),784411.7000000477,A,c,I,c,284,1,300.40000009536743,784111.2999999523,8135,WL,B,8.0
7,22.507999897003174,immed,37492.000102996826,Tue Sep 01 2026 17:41:25 GMT-0500 (Central Daylight Time),784544.7999999523,A,ci,I,i,118,1,433.5,784111.2999999523,8135,WL,B,8.0
7,22.691999912261963,immed,37308.00008773804,Tue Sep 01 2026 17:41:25 GMT-0500 (Central Daylight Time),784727.8999999762,A,cit,I,t,177,1,616.6000000238419,784111.2999999523,8135,WL,B,8.0
7,22.907999992370605,immed,37092.000007629395,Tue Sep 01 2026 17:41:25 GMT-0500 (Central Daylight Time),784944.2999999523,A,city,I,y,201,1,833.0,784111.2999999523,8135,WL,B,8.0
7,23.340999841690063,immed,36659.00015830994,Tue Sep 01 2026 17:41:25 GMT-0500 (Central Daylight Time),785377.7999999523,A,cityenter,I,enter,417,1,1266.5,784111.2999999523,8135,WL,B,8.0
7,23.85699987411499,immed,36143.00012588501,Tue Sep 01 2026 17:41:25 GMT-0500 (Central Daylight Time),785893.7999999523,A,p,I,p,511,1,515.5,785378.2999999523,8135,WL,B,9.0
7,24.140999794006348,immed,35859.00020599365,Tue Sep 01 2026 17:41:25 GMT-0500 (Central Daylight Time),786177.2999999523,A,pu,I,u,275,1,799.0,785378.2999999523,8135,WL,B,9.0
7,24.590999841690063,immed,35409.00015830994,Tue Sep 01 2026 17:41:25 GMT-0500 (Central Daylight Time),786627.3999999762,A,pup,I,p,440,1,1249.1000000238419,785378.2999999523,8135,WL,B,9.0
7,24.824999809265137,immed,35175.00019073486,Tue Sep 01 2026 17:41:25 GMT-0500 (Central Daylight Time),786861.5,A,pupi,I,i,229,1,1483.2000000476837,785378.2999999523,8135,WL,B,9.0
7,25.056999921798706,immed,34943.000078201294,Tue Sep 01 2026 17:41:25 GMT-0500 (Central Daylight Time),787093.7000000477,A,pupil,I,l,212,1,1715.4000000953674,785378.2999999523,8135,WL,B,9.0
7,25.656999826431274,immed,34343.000173568726,Tue Sep 01 2026 17:41:25 GMT-0500 (Central Daylight Time),787693.7999999523,A,pupilenter,I,enter,580,1,2315.5,785378.2999999523,8135,WL,B,9.0
7,25.990999937057495,immed,34009.000062942505,Tue Sep 01 2026 17:41:25 GMT-0500 (Central Daylight Time),788026.8999999762,A,c,I,c,316,1,332.89999997615814,787694.0,8135,WL,B,10.0
7,26.073999881744385,immed,33926.000118255615,Tue Sep 01 2026 17:41:25 GMT-0500 (Central Daylight Time),788110.2000000477,A,ca,I,a,70,1,416.2000000476837,787694.0,8135,WL,B,10.0
7,26.223999977111816,immed,33776.00002288818,Tue Sep 01 2026 17:41:25 GMT-0500 (Central Daylight Time),788260.2999999523,A,cab,I,b,131,1,566.2999999523163,787694.0,8135,WL,B,10.0
7,26.423999786376953,immed,33576.00021362305,Tue Sep 01 2026 17:41:25 GMT-0500 (Central Daylight Time),788460.2000000477,A,cabi,I,i,189,1,766.2000000476837,787694.0,8135,WL,B,10.0
7,26.556999921798706,immed,33443.000078201294,Tue Sep 01 2026 17:41:25 GMT-0500 (Central Daylight Time),788593.2999999523,A,cabin,I,n,116,1,899.2999999523163,787694.0,8135,WL,B,10.0
7,27.37399983406067,immed,32626.00016593933,Tue Sep 01 2026 17:41:25 GMT-0500 (Central Daylight Time),789410.0,A,cabinenter,I,enter,800,1,1716.0,787694.0,8135,WL,B,10.0
7,27.6729998588562,immed,32327.0001411438,Tue Sep 01 2026 17:41:25 GMT-0500 (Central Daylight Time),789709.7000000477,A,l,I,l,294,1,299.40000009536743,789410.2999999523,8135,WL,B,11.0
7,27.85599994659424,immed,32144.00005340576,Tue Sep 01 2026 17:41:25 GMT-0500 (Central Daylight Time),789892.6000000238,A,la,I,a,172,1,482.3000000715256,789410.2999999523,8135,WL,B,11.0
7,27.990000009536743,immed,32009.999990463257,Tue Sep 01 2026 17:41:25 GMT-0500 (Central Daylight Time),790026.2000000477,A,lak,I,k,117,1,615.9000000953674,789410.2999999523,8135,WL,B,11.0
7,28.155999898910522,immed,31844.000101089478,Tue Sep 01 2026 17:41:25 GMT-0500 (Central Daylight Time),790192.7999999523,A,lake,I,e,151,1,782.5,789410.2999999523,8135,WL,B,11.0
7,28.83999991416931,immed,31160.00008583069,Tue Sep 01 2026 17:41:25 GMT-0500 (Central Daylight Time),790876.6000000238,A,lakeenter,I,enter,672,1,1466.3000000715256,789410.2999999523,8135,WL,B,11.0
7,29.322999954223633,immed,30677.000045776367,Tue Sep 01 2026 17:41:25 GMT-0500 (Central Daylight Time),791359.3999999762,A,p,I,p,469,1,482.60000002384186,790876.7999999523,8135,WL,B,12.0
7,29.555999994277954,immed,30444.000005722046,Tue Sep 01 2026 17:41:25 GMT-0500 (Central Daylight Time),791592.0,A,pi,I,i,226,1,715.2000000476837,790876.7999999523,8135,WL,B,12.0
7,29.738999843597412,immed,30261.000156402588,Tue Sep 01 2026 17:41:25 GMT-0500 (Central Daylight Time),791775.7000000477,A,pip,I,p,169,1,898.9000000953674,790876.7999999523,8135,WL,B,12.0
7,29.923999786376953,immed,30076.000213623047,Tue Sep 01 2026 17:41:25 GMT-0500 (Central Daylight Time),791960.1000000238,A,pipe,I,e,170,1,1083.3000000715256,790876.7999999523,8135,WL,B,12.0
7,30.08899998664856,immed,29911.00001335144,Tue Sep 01 2026 17:41:25 GMT-0500 (Central Daylight Time),792125.7000000477,A,pipeenter,I,enter,152,1,1248.9000000953674,790876.7999999523,8135,WL,B,12.0
7,30.872999906539917,immed,29127.000093460083,Tue Sep 01 2026 17:41:25 GMT-0500 (Central Daylight Time),792909.7000000477,A,s,I,s,763,1,783.8000000715256,792125.8999999762,8135,WL,B,13.0
7,31.055999994277954,immed,28944.000005722046,Tue Sep 01 2026 17:41:25 GMT-0500 (Central Daylight Time),793092.0,A,si,I,i,171,1,966.1000000238419,792125.8999999762,8135,WL,B,13.0
7,31.25499987602234,immed,28745.00012397766,Tue Sep 01 2026 17:41:25 GMT-0500 (Central Daylight Time),793291.8999999762,A,sir,I,r,190,1,1166.0,792125.8999999762,8135,WL,B,13.0
7,31.35599994659424,immed,28644.00005340576,Tue Sep 01 2026 17:41:25 GMT-0500 (Central Daylight Time),793392.1000000238,A,sire,I,e,86,1,1266.2000000476837,792125.8999999762,8135,WL,B,13.0
7,32.08899998664856,immed,27911.00001335144,Tue Sep 01 2026 17:41:25 GMT-0500 (Central Daylight Time),794125.0,A,sir,I,backspace,722,1,1999.1000000238419,792125.8999999762,8135,WL,B,13.0
7,32.204999923706055,immed,27795.000076293945,Tue Sep 01 2026 17:41:25 GMT-0500 (Central Daylight Time),794241.5,A,si,I,backspace,108,1,2115.600000023842,792125.8999999762,8135,WL,B,13.0
7,32.355000019073486,immed,27644.999980926514,Tue Sep 01 2026 17:41:25 GMT-0500 (Central Daylight Time),794391.3999999762,A,s,I,backspace,144,1,2265.5,792125.8999999762,8135,WL,B,13.0
7,32.48799991607666,immed,27512.00008392334,Tue Sep 01 2026 17:41:25 GMT-0500 (Central Daylight Time),794524.7000000477,A,,I,backspace,113,1,2398.8000000715256,792125.8999999762,8135,WL,B,13.0
7,32.605000019073486,immed,27394.999980926514,Tue Sep 01 2026 17:41:25 GMT-0500 (Central Daylight Time),794641.5,A,,I,backspace,101,1,2515.600000023842,792125.8999999762,8135,WL,B,13.0
7,33.15499997138977,immed,26845.00002861023,Tue Sep 01 2026 17:41:25 GMT-0500 (Central Daylight Time),795191.2999999523,A,f,I,f,544,1,3065.399999976158,792125.8999999762,8135,WL,B,13.0
7,33.33799982070923,immed,26662.00017929077,Tue Sep 01 2026 17:41:25 GMT-0500 (Central Daylight Time),795374.5,A,fi,I,i,169,1,3248.600000023842,792125.8999999762,8135,WL,B,13.0
7,33.50499987602234,immed,26495.00012397766,Tue Sep 01 2026 17:41:25 GMT-0500 (Central Daylight Time),795541.1000000238,A,fir,I,r,146,1,3415.2000000476837,792125.8999999762,8135,WL,B,13.0
7,33.58799982070923,immed,26412.00017929077,Tue Sep 01 2026 17:41:25 GMT-0500 (Central Daylight Time),795624.2000000477,A,fire,I,e,77,1,3498.3000000715256,792125.8999999762,8135,WL,B,13.0
7,33.80499982833862,immed,26195.000171661377,Tue Sep 01 2026 17:41:25 GMT-0500 (Central Daylight Time),795841.1000000238,A,fireenter,I,enter,209,1,3715.2000000476837,792125.8999999762,8135,WL,B,13.0
7,34.15499997138977,immed,25845.00002861023,Tue Sep 01 2026 17:41:25 GMT-0500 (Central Daylight Time),796190.8999999762,A,s,I,s,335,1,349.60000002384186,795841.2999999523,8135,WL,B,14.0
7,34.353999853134155,immed,25646.000146865845,Tue Sep 01 2026 17:41:25 GMT-0500 (Central Daylight Time),796390.8999999762,A,sk,I,k,196,1,549.6000000238419,795841.2999999523,8135,WL,B,14.0
7,34.620999813079834,immed,25379.000186920166,Tue Sep 01 2026 17:41:25 GMT-0500 (Central Daylight Time),796657.2999999523,A,ski,I,i,250,1,816.0,795841.2999999523,8135,WL,B,14.0
7,34.7039999961853,immed,25296.000003814697,Tue Sep 01 2026 17:41:25 GMT-0500 (Central Daylight Time),796740.8999999762,A,skin,I,n,72,1,899.6000000238419,795841.2999999523,8135,WL,B,14.0
7,34.97099995613098,immed,25029.00004386902,Tue Sep 01 2026 17:41:25 GMT-0500 (Central Daylight Time),797007.0,A,skinenter,I,enter,260,1,1165.7000000476837,795841.2999999523,8135,WL,B,14.0
7,35.2039999961853,immed,24796.000003814697,Tue Sep 01 2026 17:41:25 GMT-0500 (Central Daylight Time),797240.3999999762,A,c,I,c,217,1,233.19999992847443,797007.2000000477,8135,WL,B,15.0
7,35.359999895095825,immed,24640.000104904175,Tue Sep 01 2026 17:41:25 GMT-0500 (Central Daylight Time),797396.6000000238,A,cl,I,l,149,1,389.39999997615814,797007.2000000477,8135,WL,B,15.0
7,35.53699994087219,immed,24463.000059127808,Tue Sep 01 2026 17:41:25 GMT-0500 (Central Daylight Time),797573.5,A,clo,I,o,169,1,566.2999999523163,797007.2000000477,8135,WL,B,15.0
7,35.65399980545044,immed,24346.00019454956,Tue Sep 01 2026 17:41:25 GMT-0500 (Central Daylight Time),797690.2999999523,A,clos,I,s,100,1,683.0999999046326,797007.2000000477,8135,WL,B,15.0
7,35.73699998855591,immed,24263.00001144409,Tue Sep 01 2026 17:41:25 GMT-0500 (Central Daylight Time),797773.5,A,closk,I,k,70,1,766.2999999523163,797007.2000000477,8135,WL,B,15.0
7,35.98699998855591,immed,24013.00001144409,Tue Sep 01 2026 17:41:25 GMT-0500 (Central Daylight Time),798023.3999999762,A,closkenter,I,enter,243,1,1016.1999999284744,797007.2000000477,8135,WL,B,15.0
