block_c,block_dur,condition,countdown,datetime,endtime,list,multichar_response,project,response,response_time,session_number,start_end,starttime,subject_id,task,task_vers,trial
,,,,Thu Sep 17 2026 18:33:01 GMT-0500 (Central Daylight Time),,,,I,space,332,,,,8152,WL,B,
prac,,0,,Thu Sep 17 2026 18:33:01 GMT-0500 (Central Daylight Time),,NA,b,I,b,5937,,,,8152,WL,B,1.0
prac,,0,,Thu Sep 17 2026 18:33:01 GMT-0500 (Central Daylight Time),,NA,bo,I,o,256,,,,8152,WL,B,1.0
prac,,0,,Thu Sep 17 2026 18:33:01 GMT-0500 (Central Daylight Time),,NA,boo,I,o,126,,,,8152,WL,B,1.0
prac,,0,,Thu Sep 17 2026 18:33:01 GMT-0500 (Central Daylight Time),,NA,boos,I,s,137,,,,8152,WL,B,1.0
prac,,0,,Thu Sep 17 2026 18:33:01 GMT-0500 (Central Daylight Time),,NA,boost,I,t,138,,,,8152,WL,B,1.0
prac,,0,,Thu Sep 17 2026 18:33:01 GMT-0500 (Central Daylight Time),,NA,boostenter,I,enter,309,,,,8152,WL,B,1.0
1,0.9830000400543213,learn,59016.99995994568,Thu Sep 17 2026 18:33:01 GMT-0500 (Central Daylight Time),122587.20000004768,A,s,I,s,965,,982.8000000715256,121604.39999997616,8152,WL,B,1.0
1,1.4170000553131104,learn,58582.99994468689,Thu Sep 17 2026 18:33:01 GMT-0500 (Central Daylight Time),123020.20000004768,A,sr,I,r,421,,1415.8000000715256,121604.39999997616,8152,WL,B,1.0
1,1.9830000400543213,learn,58016.99995994568,Thu Sep 17 2026 18:33:01 GMT-0500 (Central Daylight Time),123586.80000007153,A,s,I,backspace,548,,1982.4000000953674,121604.39999997616,8152,WL,B,1.0
1,2.0500001907348633,learn,57949.99980926514,Thu Sep 17 2026 18:33:01 GMT-0500 (Central Daylight Time),123653.89999997616,A,st,I,t,62,,2049.5,121604.39999997616,8152,WL,B,1.0
1,2.25,learn,57750.0,Thu Sep 17 2026 18:33:01 GMT-0500 (Central Daylight Time),123853.30000007153,A,str,I,r,177,,2248.9000000953674,121604.39999997616,8152,WL,B,1.0
1,2.4660000801086426,learn,57533.99991989136,Thu Sep 17 2026 18:33:01 GMT-0500 (Central Daylight Time),124070.0,A,stre,I,e,203,,2465.600000023842,121604.39999997616,8152,WL,B,1.0
1,2.633000135421753,learn,57366.99986457825,Thu Sep 17 2026 18:33:01 GMT-0500 (Central Daylight Time),124236.60000002384,A,stree,I,e,147,,2632.2000000476837,121604.39999997616,8152,WL,B,1.0
1,2.815999984741211,learn,57184.00001525879,Thu Sep 17 2026 18:33:01 GMT-0500 (Central Daylight Time),124420.0,A,street,I,t,164,,2815.600000023842,121604.39999997616,8152,WL,B,1.0
1,2.9660000801086426,learn,57033.99991989136,Thu Sep 17 2026 18:33:01 GMT-0500 (Central Daylight Time),124569.80000007153,A,streetenter,I,enter,133,,2965.4000000953674,121604.39999997616,8152,WL,B,1.0
1,3.366000175476074,learn,56633.999824523926,Thu Sep 17 2026 18:33:01 GMT-0500 (Central Daylight Time),124969.89999997616,A,g,I,g,390,,399.5,124570.39999997616,8152,WL,B,2.0
1,3.5989999771118164,learn,56401.00002288818,Thu Sep 17 2026 18:33:01 GMT-0500 (Central Daylight Time),125203.10000002384,A,gr,I,r,222,,632.7000000476837,124570.39999997616,8152,WL,B,2.0
1,3.683000087738037,learn,56316.99991226196,Thu Sep 17 2026 18:33:01 GMT-0500 (Central Daylight Time),125286.39999997616,A,gra,I,a,77,,716.0,124570.39999997616,8152,WL,B,2.0
1,3.8330001831054688,learn,56166.99981689453,Thu Sep 17 2026 18:33:01 GMT-0500 (Central Daylight Time),125436.20000004768,A,gras,I,s,130,,865.8000000715256,124570.39999997616,8152,WL,B,2.0
1,4.016000032424927,learn,55983.99996757507,Thu Sep 17 2026 18:33:01 GMT-0500 (Central Daylight Time),125619.39999997616,A,grass,I,s,165,,1049.0,124570.39999997616,8152,WL,B,2.0
1,4.315000057220459,learn,55684.99994277954,Thu Sep 17 2026 18:33:01 GMT-0500 (Central Daylight Time),125919.0,A,grassenter,I,enter,286,,1348.6000000238419,124570.39999997616,8152,WL,B,2.0
1,4.732000112533569,learn,55267.99988746643,Thu Sep 17 2026 18:33:01 GMT-0500 (Central Daylight Time),126335.89999997616,A,p,I,p,409,,416.5,125919.39999997616,8152,WL,B,3.0
1,4.881999969482422,learn,55118.00003051758,Thu Sep 17 2026 18:33:01 GMT-0500 (Central Daylight Time),126485.89999997616,A,pe,I,e,145,,566.5,125919.39999997616,8152,WL,B,3.0
1,5.348999977111816,learn,54651.00002288818,Thu Sep 17 2026 18:33:01 GMT-0500 (Central Daylight Time),126952.39999997616,A,p,I,backspace,451,,1033.0,125919.39999997616,8152,WL,B,3.0
1,5.582000017166138,learn,54417.99998283386,Thu Sep 17 2026 18:33:01 GMT-0500 (Central Daylight Time),127185.70000004768,A,pi,I,i,224,,1266.3000000715256,125919.39999997616,8152,WL,B,3.0
1,5.7820000648498535,learn,54217.99993515015,Thu Sep 17 2026 18:33:01 GMT-0500 (Central Daylight Time),127385.5,A,pip,I,p,183,,1466.1000000238419,125919.39999997616,8152,WL,B,3.0
1,6.315000057220459,learn,53684.99994277954,Thu Sep 17 2026 18:33:01 GMT-0500 (Central Daylight Time),127918.89999997616,A,pipe,I,e,511,,1999.5,125919.39999997616,8152,WL,B,3.0
1,6.498000144958496,learn,53501.999855041504,Thu Sep 17 2026 18:33:01 GMT-0500 (Central Daylight Time),128102.0,A,pipeenter,I,enter,162,,2182.600000023842,125919.39999997616,8152,WL,B,3.0
1,6.881999969482422,learn,53118.00003051758,Thu Sep 17 2026 18:33:01 GMT-0500 (Central Daylight Time),128485.30000007153,A,w,I,w,371,,382.7000000476837,128102.60000002384,8152,WL,B,4.0
1,6.998000144958496,learn,53001.999855041504,Thu Sep 17 2026 18:33:01 GMT-0500 (Central Daylight Time),128601.89999997616,A,wi,I,i,100,,499.2999999523163,128102.60000002384,8152,WL,B,4.0
1,7.148000001907349,learn,52851.99999809265,Thu Sep 17 2026 18:33:01 GMT-0500 (Central Daylight Time),128752.10000002384,A,wif,I,f,135,,649.5,128102.60000002384,8152,WL,B,4.0
1,7.215000152587891,learn,52784.99984741211,Thu Sep 17 2026 18:33:01 GMT-0500 (Central Daylight Time),128818.39999997616,A,wife,I,e,57,,715.7999999523163,128102.60000002384,8152,WL,B,4.0
1,7.531000137329102,learn,52468.9998626709,Thu Sep 17 2026 18:33:01 GMT-0500 (Central Daylight Time),129134.89999997616,A,wifeenter,I,enter,302,,1032.2999999523163,128102.60000002384,8152,WL,B,4.0
1,7.748000144958496,learn,52251.999855041504,Thu Sep 17 2026 18:33:01 GMT-0500 (Central Daylight Time),129352.20000004768,A,s,I,s,202,,216.89999997615814,129135.30000007153,8152,WL,B,5.0
1,7.864000082015991,learn,52135.99991798401,Thu Sep 17 2026 18:33:01 GMT-0500 (Central Daylight Time),129468.10000002384,A,sk,I,k,105,,332.7999999523163,129135.30000007153,8152,WL,B,5.0
1,8.031000137329102,learn,51968.9998626709,Thu Sep 17 2026 18:33:01 GMT-0500 (Central Daylight Time),129634.70000004768,A,ski,I,i,156,,499.39999997615814,129135.30000007153,8152,WL,B,5.0
1,8.114000082015991,learn,51885.99991798401,Thu Sep 17 2026 18:33:01 GMT-0500 (Central Daylight Time),129718.10000002384,A,skin,I,n,70,,582.7999999523163,129135.30000007153,8152,WL,B,5.0
1,8.348000049591064,learn,51651.999950408936,Thu Sep 17 2026 18:33:01 GMT-0500 (Central Daylight Time),129951.20000004768,A,skinenter,I,enter,219,,815.8999999761581,129135.30000007153,8152,WL,B,5.0
1,8.680999994277954,learn,51319.000005722046,Thu Sep 17 2026 18:33:01 GMT-0500 (Central Daylight Time),130284.5,A,p,I,p,321,,332.6999999284744,129951.80000007153,8152,WL,B,6.0
1,8.79800009727478,learn,51201.99990272522,Thu Sep 17 2026 18:33:01 GMT-0500 (Central Daylight Time),130401.20000004768,A,pu,I,u,109,,449.39999997615814,129951.80000007153,8152,WL,B,6.0
1,8.930999994277954,learn,51069.000005722046,Thu Sep 17 2026 18:33:01 GMT-0500 (Central Daylight Time),130534.5,A,pup,I,p,111,,582.6999999284744,129951.80000007153,8152,WL,B,6.0
1,9.44700002670288,learn,50552.99997329712,Thu Sep 17 2026 18:33:01 GMT-0500 (Central Daylight Time),131051.0,A,pupi,I,i,505,,1099.1999999284744,129951.80000007153,8152,WL,B,6.0
1,9.664000034332275,learn,50335.999965667725,Thu Sep 17 2026 18:33:01 GMT-0500 (Central Daylight Time),131267.60000002384,A,pupil,I,l,198,,1315.7999999523163,129951.80000007153,8152,WL,B,6.0
1,9.914000034332275,learn,50085.999965667725,Thu Sep 17 2026 18:33:01 GMT-0500 (Central Daylight Time),131517.70000004768,A,pupilenter,I,enter,245,,1565.8999999761581,129951.80000007153,8152,WL,B,6.0
1,12.34600019454956,learn,47653.99980545044,Thu Sep 17 2026 18:33:01 GMT-0500 (Central Daylight Time),133950.0,A,a,I,a,2420,,2432.100000023842,131517.89999997616,8152,WL,B,7.0
1,12.630000114440918,learn,47369.99988555908,Thu Sep 17 2026 18:33:01 GMT-0500 (Central Daylight Time),134233.30000007153,A,ar,I,r,274,,2715.4000000953674,131517.89999997616,8152,WL,B,7.0
1,12.713000059127808,learn,47286.99994087219,Thu Sep 17 2026 18:33:01 GMT-0500 (Central Daylight Time),134316.5,A,arm,I,m,72,,2798.600000023842,131517.89999997616,8152,WL,B,7.0
1,13.09600019454956,learn,46903.99980545044,Thu Sep 17 2026 18:33:01 GMT-0500 (Central Daylight Time),134699.89999997616,A,armenter,I,enter,372,,3182.0,131517.89999997616,8152,WL,B,7.0
1,13.479000091552734,learn,46520.999908447266,Thu Sep 17 2026 18:33:01 GMT-0500 (Central Daylight Time),135083.10000002384,A,s,I,s,373,,382.7999999523163,134700.30000007153,8152,WL,B,8.0
1,13.646000146865845,learn,46353.999853134155,Thu Sep 17 2026 18:33:01 GMT-0500 (Central Daylight Time),135250.10000002384,A,st,I,t,150,,549.7999999523163,134700.30000007153,8152,WL,B,8.0
1,13.763000011444092,learn,46236.99998855591,Thu Sep 17 2026 18:33:01 GMT-0500 (Central Daylight Time),135366.30000007153,A,sta,I,a,95,,666.0,134700.30000007153,8152,WL,B,8.0
1,13.828999996185303,learn,46171.0000038147,Thu Sep 17 2026 18:33:01 GMT-0500 (Central Daylight Time),135433.10000002384,A,star,I,r,59,,732.7999999523163,134700.30000007153,8152,WL,B,8.0
1,14.229000091552734,learn,45770.999908447266,Thu Sep 17 2026 18:33:01 GMT-0500 (Central Daylight Time),135833.0,A,starenter,I,enter,384,,1132.6999999284744,134700.30000007153,8152,WL,B,8.0
1,14.828999996185303,learn,45171.0000038147,Thu Sep 17 2026 18:33:01 GMT-0500 (Central Daylight Time),136432.89999997616,A,c,I,c,584,,599.5,135833.39999997616,8152,WL,B,9.0
1,14.996000051498413,learn,45003.99994850159,Thu Sep 17 2026 18:33:01 GMT-0500 (Central Daylight Time),136599.5,A,ca,I,a,152,,766.1000000238419,135833.39999997616,8152,WL,B,9.0
1,15.111999988555908,learn,44888.00001144409,Thu Sep 17 2026 18:33:01 GMT-0500 (Central Daylight Time),136716.10000002384,A,cab,I,b,106,,882.7000000476837,135833.39999997616,8152,WL,B,9.0
1,15.246000051498413,learn,44753.99994850159,Thu Sep 17 2026 18:33:01 GMT-0500 (Central Daylight Time),136849.30000007153,A,cabi,I,i,125,,1015.9000000953674,135833.39999997616,8152,WL,B,9.0
1,15.34600019454956,learn,44653.99980545044,Thu Sep 17 2026 18:33:01 GMT-0500 (Central Daylight Time),136949.5,A,cabin,I,n,79,,1116.1000000238419,135833.39999997616,8152,WL,B,9.0
1,15.729000091552734,learn,44270.999908447266,Thu Sep 17 2026 18:33:01 GMT-0500 (Central Daylight Time),137332.60000002384,A,cabinenter,I,enter,364,,1499.2000000476837,135833.39999997616,8152,WL,B,9.0
1,17.42900013923645,learn,42570.99986076355,Thu Sep 17 2026 18:33:01 GMT-0500 (Central Daylight Time),139032.30000007153,A,l,I,l,1685,,1699.4000000953674,137332.89999997616,8152,WL,B,10.0
1,17.57800006866455,learn,42421.99993133545,Thu Sep 17 2026 18:33:01 GMT-0500 (Central Daylight Time),139181.60000002384,A,la,I,a,129,,1848.7000000476837,137332.89999997616,8152,WL,B,10.0
1,17.795000076293945,learn,42204.999923706055,Thu Sep 17 2026 18:33:01 GMT-0500 (Central Daylight Time),139398.60000002384,A,lak,I,k,203,,2065.7000000476837,137332.89999997616,8152,WL,B,10.0
1,18.445000171661377,learn,41554.99982833862,Thu Sep 17 2026 18:33:01 GMT-0500 (Central Daylight Time),140048.5,A,lake,I,e,635,,2715.600000023842,137332.89999997616,8152,WL,B,10.0
1,18.611000061035156,learn,41388.999938964844,Thu Sep 17 2026 18:33:01 GMT-0500 (Central Daylight Time),140215.0,A,lakeenter,I,enter,154,,2882.100000023842,137332.89999997616,8152,WL,B,10.0
1,19.061000108718872,learn,40938.99989128113,Thu Sep 17 2026 18:33:01 GMT-0500 (Central Daylight Time),140664.70000004768,A,c,I,c,441,,449.39999997615814,140215.30000007153,8152,WL,B,11.0
1,19.16100001335144,learn,40838.99998664856,Thu Sep 17 2026 18:33:01 GMT-0500 (Central Daylight Time),140764.5,A,ci,I,i,89,,549.1999999284744,140215.30000007153,8152,WL,B,11.0
1,19.311000108718872,learn,40688.99989128113,Thu Sep 17 2026 18:33:01 GMT-0500 (Central Daylight Time),140914.5,A,cit,I,t,132,,699.1999999284744,140215.30000007153,8152,WL,B,11.0
1,19.42900013923645,learn,40570.99986076355,Thu Sep 17 2026 18:33:01 GMT-0500 (Central Daylight Time),141032.30000007153,A,city,I,y,111,,817.0,140215.30000007153,8152,WL,B,11.0
1,19.761000156402588,learn,40238.99984359741,Thu Sep 17 2026 18:33:01 GMT-0500 (Central Daylight Time),141364.60000002384,A,cityenter,I,enter,321,,1149.2999999523163,140215.30000007153,8152,WL,B,11.0
1,39.13800001144409,learn,20861.99998855591,Thu Sep 17 2026 18:33:01 GMT-0500 (Central Daylight Time),160741.80000007153,A,enter,I,enter,19364,,19376.900000095367,141364.89999997616,8152,WL,B,12.0
1,40.604000091552734,learn,19395.999908447266,Thu Sep 17 2026 18:33:01 GMT-0500 (Central Daylight Time),162208.10000002384,A,enter,I,enter,1451,,1465.8999999761581,160742.20000004768,8152,WL,B,13.0
1,40.9210000038147,learn,19078.999996185303,Thu Sep 17 2026 18:33:01 GMT-0500 (Central Daylight Time),162524.39999997616,A,enter,I,enter,296,,315.89999997615814,162208.5,8152,WL,B,14.0
1,42.28700017929077,learn,17712.99982070923,Thu Sep 17 2026 18:33:01 GMT-0500 (Central Daylight Time),163890.80000007153,A,enter,I,enter,1356,,1365.9000000953674,162524.89999997616,8152,WL,B,15.0
2,1.1340000629425049,learn,58865.999937057495,Thu Sep 17 2026 18:33:01 GMT-0500 (Central Daylight Time),235668.5,A,f,I,f,1123,,1133.5,234535.0,8152,WL,B,1.0
2,1.5999999046325684,learn,58400.00009536743,Thu Sep 17 2026 18:33:01 GMT-0500 (Central Daylight Time),236134.89999997616,A,fi,I,i,444,,1599.8999999761581,234535.0,8152,WL,B,1.0
2,1.7330000400543213,learn,58266.99995994568,Thu Sep 17 2026 18:33:01 GMT-0500 (Central Daylight Time),236268.10000002384,A,fir,I,r,121,,1733.1000000238419,234535.0,8152,WL,B,1.0
2,1.8329999446868896,learn,58167.00005531311,Thu Sep 17 2026 18:33:01 GMT-0500 (Central Daylight Time),236368.10000002384,A,fire,I,e,92,,1833.1000000238419,234535.0,8152,WL,B,1.0
2,2.133000135421753,learn,57866.99986457825,Thu Sep 17 2026 18:33:01 GMT-0500 (Central Daylight Time),236668.10000002384,A,fireenter,I,enter,289,,2133.100000023842,234535.0,8152,WL,B,1.0
2,2.383000135421753,learn,57616.99986457825,Thu Sep 17 2026 18:33:01 GMT-0500 (Central Daylight Time),236917.89999997616,A,c,I,c,237,,249.5,236668.39999997616,8152,WL,B,2.0
2,2.5,learn,57500.0,Thu Sep 17 2026 18:33:01 GMT-0500 (Central Daylight Time),237034.60000002384,A,cl,I,l,99,,366.2000000476837,236668.39999997616,8152,WL,B,2.0
2,2.7160000801086426,learn,57283.99991989136,Thu Sep 17 2026 18:33:01 GMT-0500 (Central Daylight Time),237251.20000004768,A,clo,I,o,207,,582.8000000715256,236668.39999997616,8152,WL,B,2.0
2,2.8329999446868896,learn,57167.00005531311,Thu Sep 17 2026 18:33:01 GMT-0500 (Central Daylight Time),237367.70000004768,A,cloc,I,c,110,,699.3000000715256,236668.39999997616,8152,WL,B,2.0
2,3.2829999923706055,learn,56717.000007629395,Thu Sep 17 2026 18:33:01 GMT-0500 (Central Daylight Time),237817.60000002384,A,clock,I,k,434,,1149.2000000476837,236668.39999997616,8152,WL,B,2.0
2,3.5829999446868896,learn,56417.00005531311,Thu Sep 17 2026 18:33:01 GMT-0500 (Central Daylight Time),238117.70000004768,A,clockenter,I,enter,288,,1449.3000000715256,236668.39999997616,8152,WL,B,2.0
2,4.07699990272522,learn,55923.00009727478,Thu Sep 17 2026 18:33:01 GMT-0500 (Central Daylight Time),238611.80000007153,A,i,I,i,490,,493.7000000476837,238118.10000002384,8152,WL,B,3.0
2,4.203999996185303,learn,55796.0000038147,Thu Sep 17 2026 18:33:01 GMT-0500 (Central Daylight Time),238738.70000004768,A,in,I,n,108,,620.6000000238419,238118.10000002384,8152,WL,B,3.0
2,4.332000017166138,learn,55667.99998283386,Thu Sep 17 2026 18:33:01 GMT-0500 (Central Daylight Time),238867.30000007153,A,ind,I,d,110,,749.2000000476837,238118.10000002384,8152,WL,B,3.0
2,4.449000120162964,learn,55550.999879837036,Thu Sep 17 2026 18:33:01 GMT-0500 (Central Daylight Time),238983.80000007153,A,indo,I,o,102,,865.7000000476837,238118.10000002384,8152,WL,B,3.0
2,4.881999969482422,learn,55118.00003051758,Thu Sep 17 2026 18:33:01 GMT-0500 (Central Daylight Time),239417.10000002384,A,ind,I,backspace,425,,1299.0,238118.10000002384,8152,WL,B,3.0
2,4.999000072479248,learn,55000.99992752075,Thu Sep 17 2026 18:33:01 GMT-0500 (Central Daylight Time),239533.80000007153,A,in,I,backspace,104,,1415.7000000476837,238118.10000002384,8152,WL,B,3.0
2,5.115999937057495,learn,54884.000062942505,Thu Sep 17 2026 18:33:01 GMT-0500 (Central Daylight Time),239650.39999997616,A,i,I,backspace,108,,1532.2999999523163,238118.10000002384,8152,WL,B,3.0
2,5.232000112533569,learn,54767.99988746643,Thu Sep 17 2026 18:33:01 GMT-0500 (Central Daylight Time),239766.80000007153,A,,I,backspace,111,,1648.7000000476837,238118.10000002384,8152,WL,B,3.0
2,5.348999977111816,learn,54651.00002288818,Thu Sep 17 2026 18:33:01 GMT-0500 (Central Daylight Time),239883.60000002384,A,w,I,w,99,,1765.5,238118.10000002384,8152,WL,B,3.0
2,5.63100004196167,learn,54368.99995803833,Thu Sep 17 2026 18:33:01 GMT-0500 (Central Daylight Time),240166.60000002384,A,wi,I,i,278,,2048.5,238118.10000002384,8152,WL,B,3.0
2,5.79800009727478,learn,54201.99990272522,Thu Sep 17 2026 18:33:01 GMT-0500 (Central Daylight Time),240333.70000004768,A,win,I,n,147,,2215.600000023842,238118.10000002384,8152,WL,B,3.0
2,5.931999921798706,learn,54068.000078201294,Thu Sep 17 2026 18:33:01 GMT-0500 (Central Daylight Time),240467.89999997616,A,wind,I,d,115,,2349.7999999523163,238118.10000002384,8152,WL,B,3.0
2,6.0309998989105225,learn,53969.00010108948,Thu Sep 17 2026 18:33:01 GMT-0500 (Central Daylight Time),240566.60000002384,A,windo,I,o,85,,2448.5,238118.10000002384,8152,WL,B,3.0
2,6.430999994277954,learn,53569.000005722046,Thu Sep 17 2026 18:33:01 GMT-0500 (Central Daylight Time),240966.39999997616,A,windoenter,I,enter,379,,2848.2999999523163,238118.10000002384,8152,WL,B,3.0
2,8.397000074386597,learn,51602.9999256134,Thu Sep 17 2026 18:33:01 GMT-0500 (Central Daylight Time),242932.70000004768,A,p,I,p,1955,,1966.0,240966.70000004768,8152,WL,B,4.0
2,8.54699993133545,learn,51453.00006866455,Thu Sep 17 2026 18:33:01 GMT-0500 (Central Daylight Time),243082.5,A,pu,I,u,140,,2115.7999999523163,240966.70000004768,8152,WL,B,4.0
2,8.812999963760376,learn,51187.000036239624,Thu Sep 17 2026 18:33:01 GMT-0500 (Central Daylight Time),243349.0,A,pup,I,p,246,,2382.2999999523163,240966.70000004768,8152,WL,B,4.0
2,9.196000099182129,learn,50803.99990081787,Thu Sep 17 2026 18:33:01 GMT-0500 (Central Daylight Time),243732.30000007153,A,pupi,I,i,373,,2765.600000023842,240966.70000004768,8152,WL,B,4.0
2,9.380000114440918,learn,50619.99988555908,Thu Sep 17 2026 18:33:01 GMT-0500 (Central Daylight Time),243915.70000004768,A,pupil,I,l,173,,2949.0,240966.70000004768,8152,WL,B,4.0
2,9.630000114440918,learn,50369.99988555908,Thu Sep 17 2026 18:33:01 GMT-0500 (Central Daylight Time),244165.70000004768,A,pupilenter,I,enter,229,,3199.0,240966.70000004768,8152,WL,B,4.0
2,9.996999979019165,learn,50003.000020980835,Thu Sep 17 2026 18:33:01 GMT-0500 (Central Daylight Time),244533.20000004768,A,w,I,w,348,,367.10000002384186,244166.10000002384,8152,WL,B,5.0
2,10.128999948501587,learn,49871.00005149841,Thu Sep 17 2026 18:33:01 GMT-0500 (Central Daylight Time),244665.20000004768,A,wi,I,i,116,,499.10000002384186,244166.10000002384,8152,WL,B,5.0
2,10.246000051498413,learn,49753.99994850159,Thu Sep 17 2026 18:33:01 GMT-0500 (Central Daylight Time),244782.20000004768,A,wif,I,f,104,,616.1000000238419,244166.10000002384,8152,WL,B,5.0
2,10.329999923706055,learn,49670.000076293945,Thu Sep 17 2026 18:33:01 GMT-0500 (Central Daylight Time),244865.70000004768,A,wife,I,e,67,,699.6000000238419,244166.10000002384,8152,WL,B,5.0
2,10.664000034332275,learn,49335.999965667725,Thu Sep 17 2026 18:33:01 GMT-0500 (Central Daylight Time),245199.80000007153,A,wifeenter,I,enter,320,,1033.7000000476837,244166.10000002384,8152,WL,B,5.0
2,10.979000091552734,learn,49020.999908447266,Thu Sep 17 2026 18:33:01 GMT-0500 (Central Daylight Time),245515.20000004768,A,s,I,s,305,,315.10000002384186,245200.10000002384,8152,WL,B,6.0
2,11.062000036239624,learn,48937.999963760376,Thu Sep 17 2026 18:33:01 GMT-0500 (Central Daylight Time),245598.30000007153,A,sk,I,k,77,,398.2000000476837,245200.10000002384,8152,WL,B,6.0
2,11.213000059127808,learn,48786.99994087219,Thu Sep 17 2026 18:33:01 GMT-0500 (Central Daylight Time),245748.5,A,ski,I,i,139,,548.3999999761581,245200.10000002384,8152,WL,B,6.0
2,11.279000043869019,learn,48720.99995613098,Thu Sep 17 2026 18:33:01 GMT-0500 (Central Daylight Time),245814.80000007153,A,skin,I,n,61,,614.7000000476837,245200.10000002384,8152,WL,B,6.0
2,11.496000051498413,learn,48503.99994850159,Thu Sep 17 2026 18:33:01 GMT-0500 (Central Daylight Time),246031.80000007153,A,skinenter,I,enter,210,,831.7000000476837,245200.10000002384,8152,WL,B,6.0
2,12.661999940872192,learn,47338.00005912781,Thu Sep 17 2026 18:33:01 GMT-0500 (Central Daylight Time),247198.0,A,g,I,g,1154,,1165.8999999761581,246032.10000002384,8152,WL,B,7.0
2,12.861999988555908,learn,47138.00001144409,Thu Sep 17 2026 18:33:01 GMT-0500 (Central Daylight Time),247397.89999997616,A,gr,I,r,187,,1365.7999999523163,246032.10000002384,8152,WL,B,7.0
2,12.911999940872192,learn,47088.00005912781,Thu Sep 17 2026 18:33:01 GMT-0500 (Central Daylight Time),247447.89999997616,A,gre,I,e,35,,1415.7999999523163,246032.10000002384,8152,WL,B,7.0
2,12.944999933242798,learn,47055.0000667572,Thu Sep 17 2026 18:33:01 GMT-0500 (Central Daylight Time),247481.20000004768,A,grea,I,a,26,,1449.1000000238419,246032.10000002384,8152,WL,B,7.0
2,13.17799997329712,learn,46822.00002670288,Thu Sep 17 2026 18:33:01 GMT-0500 (Central Daylight Time),247714.30000007153,A,greas,I,s,216,,1682.2000000476837,246032.10000002384,8152,WL,B,7.0
2,13.328999996185303,learn,46671.0000038147,Thu Sep 17 2026 18:33:01 GMT-0500 (Central Daylight Time),247864.5,A,greass,I,s,143,,1832.3999999761581,246032.10000002384,8152,WL,B,7.0
2,14.062000036239624,learn,45937.999963760376,Thu Sep 17 2026 18:33:01 GMT-0500 (Central Daylight Time),248597.60000002384,A,greas,I,backspace,712,,2565.5,246032.10000002384,8152,WL,B,7.0
2,14.17799997329712,learn,45822.00002670288,Thu Sep 17 2026 18:33:01 GMT-0500 (Central Daylight Time),248714.0,A,grea,I,backspace,100,,2681.899999976158,246032.10000002384,8152,WL,B,7.0
2,14.311000108718872,learn,45688.99989128113,Thu Sep 17 2026 18:33:01 GMT-0500 (Central Daylight Time),248847.30000007153,A,gre,I,backspace,119,,2815.2000000476837,246032.10000002384,8152,WL,B,7.0
2,14.477999925613403,learn,45522.0000743866,Thu Sep 17 2026 18:33:01 GMT-0500 (Central Daylight Time),249014.20000004768,A,gr,I,backspace,146,,2982.100000023842,246032.10000002384,8152,WL,B,7.0
2,14.878000020980835,learn,45121.999979019165,Thu Sep 17 2026 18:33:01 GMT-0500 (Central Daylight Time),249414.0,A,gra,I,a,387,,3381.899999976158,246032.10000002384,8152,WL,B,7.0
2,15.128000020980835,learn,44871.999979019165,Thu Sep 17 2026 18:33:01 GMT-0500 (Central Daylight Time),249664.0,A,gras,I,s,243,,3631.899999976158,246032.10000002384,8152,WL,B,7.0
2,15.295000076293945,learn,44704.999923706055,Thu Sep 17 2026 18:33:01 GMT-0500 (Central Daylight Time),249830.5,A,grass,I,s,153,,3798.399999976158,246032.10000002384,8152,WL,B,7.0
2,15.49399995803833,learn,44506.00004196167,Thu Sep 17 2026 18:33:01 GMT-0500 (Central Daylight Time),250030.30000007153,A,grassenter,I,enter,195,,3998.2000000476837,246032.10000002384,8152,WL,B,7.0
2,16.378000020980835,learn,43621.999979019165,Thu Sep 17 2026 18:33:01 GMT-0500 (Central Daylight Time),250913.5,A,s,I,s,867,,882.8999999761581,250030.60000002384,8152,WL,B,8.0
2,16.51099991798401,learn,43489.00008201599,Thu Sep 17 2026 18:33:01 GMT-0500 (Central Daylight Time),251046.80000007153,A,st,I,t,113,,1016.2000000476837,250030.60000002384,8152,WL,B,8.0
2,16.694000005722046,learn,43305.999994277954,Thu Sep 17 2026 18:33:01 GMT-0500 (Central Daylight Time),251230.10000002384,A,str,I,r,171,,1199.5,250030.60000002384,8152,WL,B,8.0
2,16.89400005340576,learn,43105.99994659424,Thu Sep 17 2026 18:33:01 GMT-0500 (Central Daylight Time),251430.20000004768,A,stre,I,e,180,,1399.6000000238419,250030.60000002384,8152,WL,B,8.0
2,17.043999910354614,learn,42956.000089645386,Thu Sep 17 2026 18:33:01 GMT-0500 (Central Daylight Time),251580.10000002384,A,stree,I,e,139,,1549.5,250030.60000002384,8152,WL,B,8.0
2,17.210999965667725,learn,42789.000034332275,Thu Sep 17 2026 18:33:01 GMT-0500 (Central Daylight Time),251746.70000004768,A,street,I,t,149,,1716.1000000238419,250030.60000002384,8152,WL,B,8.0
2,17.39400005340576,learn,42605.99994659424,Thu Sep 17 2026 18:33:01 GMT-0500 (Central Daylight Time),251929.80000007153,A,streetenter,I,enter,174,,1899.2000000476837,250030.60000002384,8152,WL,B,8.0
2,17.611000061035156,learn,42388.999938964844,Thu Sep 17 2026 18:33:01 GMT-0500 (Central Daylight Time),252146.5,A,a,I,a,208,,216.39999997615814,251930.10000002384,8152,WL,B,9.0
2,17.759999990463257,learn,42240.00000953674,Thu Sep 17 2026 18:33:01 GMT-0500 (Central Daylight Time),252296.39999997616,A,ar,I,r,143,,366.2999999523163,251930.10000002384,8152,WL,B,9.0
2,17.877000093460083,learn,42122.99990653992,Thu Sep 17 2026 18:33:01 GMT-0500 (Central Daylight Time),252413.20000004768,A,arm,I,m,96,,483.10000002384186,251930.10000002384,8152,WL,B,9.0
2,18.16100001335144,learn,41838.99998664856,Thu Sep 17 2026 18:33:01 GMT-0500 (Central Daylight Time),252696.5,A,armenter,I,enter,268,,766.3999999761581,251930.10000002384,8152,WL,B,9.0
2,18.394999980926514,learn,41605.000019073486,Thu Sep 17 2026 18:33:01 GMT-0500 (Central Daylight Time),252930.70000004768,A,s,I,s,217,,233.89999997615814,252696.80000007153,8152,WL,B,10.0
2,18.509999990463257,learn,41490.00000953674,Thu Sep 17 2026 18:33:01 GMT-0500 (Central Daylight Time),253046.0,A,st,I,t,111,,349.1999999284744,252696.80000007153,8152,WL,B,10.0
2,18.64300012588501,learn,41356.99987411499,Thu Sep 17 2026 18:33:01 GMT-0500 (Central Daylight Time),253179.39999997616,A,sta,I,a,115,,482.59999990463257,252696.80000007153,8152,WL,B,10.0
2,18.72699999809265,learn,41273.00000190735,Thu Sep 17 2026 18:33:01 GMT-0500 (Central Daylight Time),253262.5,A,star,I,r,62,,565.6999999284744,252696.80000007153,8152,WL,B,10.0
2,18.927000045776367,learn,41072.99995422363,Thu Sep 17 2026 18:33:01 GMT-0500 (Central Daylight Time),253462.60000002384,A,start,I,t,187,,765.7999999523163,252696.80000007153,8152,WL,B,10.0
2,19.378000020980835,learn,40621.999979019165,Thu Sep 17 2026 18:33:01 GMT-0500 (Central Daylight Time),253913.60000002384,A,star,I,backspace,443,,1216.7999999523163,252696.80000007153,8152,WL,B,10.0
2,19.776000022888184,learn,40223.99997711182,Thu Sep 17 2026 18:33:01 GMT-0500 (Central Daylight Time),254312.30000007153,A,starenter,I,enter,392,,1615.5,252696.80000007153,8152,WL,B,10.0
2,20.39300012588501,learn,39606.99987411499,Thu Sep 17 2026 18:33:01 GMT-0500 (Central Daylight Time),254929.0,A,l,I,l,609,,616.3999999761581,254312.60000002384,8152,WL,B,11.0
2,20.526000022888184,learn,39473.99997711182,Thu Sep 17 2026 18:33:01 GMT-0500 (Central Daylight Time),255062.39999997616,A,la,I,a,120,,749.7999999523163,254312.60000002384,8152,WL,B,11.0
2,20.610000133514404,learn,39389.999866485596,Thu Sep 17 2026 18:33:01 GMT-0500 (Central Daylight Time),255145.80000007153,A,lak,I,k,67,,833.2000000476837,254312.60000002384,8152,WL,B,11.0
2,20.776000022888184,learn,39223.99997711182,Thu Sep 17 2026 18:33:01 GMT-0500 (Central Daylight Time),255312.10000002384,A,lake,I,e,152,,999.5,254312.60000002384,8152,WL,B,11.0
2,20.91000008583069,learn,39089.99991416931,Thu Sep 17 2026 18:33:01 GMT-0500 (Central Daylight Time),255445.60000002384,A,lakeenter,I,enter,113,,1133.0,254312.60000002384,8152,WL,B,11.0
2,23.908999919891357,learn,36091.00008010864,Thu Sep 17 2026 18:33:01 GMT-0500 (Central Daylight Time),258444.70000004768,A,s,I,s,2988,,2998.7000000476837,255446.0,8152,WL,B,12.0
2,23.992000102996826,learn,36007.999897003174,Thu Sep 17 2026 18:33:01 GMT-0500 (Central Daylight Time),258527.70000004768,A,sk,I,k,76,,3081.7000000476837,255446.0,8152,WL,B,12.0
2,24.157999992370605,learn,35842.000007629395,Thu Sep 17 2026 18:33:01 GMT-0500 (Central Daylight Time),258694.20000004768,A,ski,I,i,146,,3248.2000000476837,255446.0,8152,WL,B,12.0
2,24.20900011062622,learn,35790.99988937378,Thu Sep 17 2026 18:33:01 GMT-0500 (Central Daylight Time),258744.5,A,skin,I,n,43,,3298.5,255446.0,8152,WL,B,12.0
2,24.460000038146973,learn,35539.99996185303,Thu Sep 17 2026 18:33:01 GMT-0500 (Central Daylight Time),258995.80000007153,A,skinenter,I,enter,240,,3549.8000000715256,255446.0,8152,WL,B,12.0
2,32.75600004196167,learn,27243.99995803833,Thu Sep 17 2026 18:33:01 GMT-0500 (Central Daylight Time),267291.7000000477,A,p,I,p,8286,,8295.600000023842,258996.10000002384,8152,WL,B,13.0
2,33.32200002670288,learn,26677.99997329712,Thu Sep 17 2026 18:33:01 GMT-0500 (Central Daylight Time),267858.3000000715,A,pi,I,i,549,,8862.200000047684,258996.10000002384,8152,WL,B,13.0
2,33.50600004196167,learn,26493.99995803833,Thu Sep 17 2026 18:33:01 GMT-0500 (Central Daylight Time),268041.5,A,pip,I,p,175,,9045.399999976158,258996.10000002384,8152,WL,B,13.0
2,33.67199993133545,learn,26328.00006866455,Thu Sep 17 2026 18:33:01 GMT-0500 (Central Daylight Time),268208.0,A,pipe,I,e,152,,9211.899999976158,258996.10000002384,8152,WL,B,13.0
2,34.039000034332275,learn,25960.999965667725,Thu Sep 17 2026 18:33:01 GMT-0500 (Central Daylight Time),268574.5,A,pipeenter,I,enter,361,,9578.399999976158,258996.10000002384,8152,WL,B,13.0
2,35.98799991607666,learn,24012.00008392334,Thu Sep 17 2026 18:33:01 GMT-0500 (Central Daylight Time),270523.89999997616,A,enter,I,enter,1930,,1949.1999999284744,268574.7000000477,8152,WL,B,14.0
2,37.37100005149841,learn,22628.999948501587,Thu Sep 17 2026 18:33:01 GMT-0500 (Central Daylight Time),271906.89999997616,A,enter,I,enter,1374,,1382.5999999046326,270524.3000000715,8152,WL,B,15.0
3,3.6649999618530273,learn,56335.00003814697,Thu Sep 17 2026 18:33:01 GMT-0500 (Central Daylight Time),350082.5,A,f,I,f,3657,,3665.399999976158,346417.10000002384,8152,WL,B,1.0
3,4.781999826431274,learn,55218.000173568726,Thu Sep 17 2026 18:33:01 GMT-0500 (Central Daylight Time),351198.8000000715,A,fi,I,i,1102,,4781.700000047684,346417.10000002384,8152,WL,B,1.0
3,4.948999881744385,learn,55051.000118255615,Thu Sep 17 2026 18:33:01 GMT-0500 (Central Daylight Time),351366.39999997616,A,fir,I,r,154,,4949.299999952316,346417.10000002384,8152,WL,B,1.0
3,5.597999811172485,learn,54402.000188827515,Thu Sep 17 2026 18:33:01 GMT-0500 (Central Daylight Time),352014.89999997616,A,fire,I,e,643,,5597.799999952316,346417.10000002384,8152,WL,B,1.0
3,5.865000009536743,learn,54134.99999046326,Thu Sep 17 2026 18:33:01 GMT-0500 (Central Daylight Time),352281.89999997616,A,fireenter,I,enter,251,,5864.799999952316,346417.10000002384,8152,WL,B,1.0
3,6.130999803543091,learn,53869.00019645691,Thu Sep 17 2026 18:33:01 GMT-0500 (Central Daylight Time),352548.3000000715,A,c,I,c,247,,266.0,352282.3000000715,8152,WL,B,2.0
3,6.21399998664856,learn,53786.00001335144,Thu Sep 17 2026 18:33:01 GMT-0500 (Central Daylight Time),352631.3000000715,A,cl,I,l,77,,349.0,352282.3000000715,8152,WL,B,2.0
3,6.398000001907349,learn,53601.99999809265,Thu Sep 17 2026 18:33:01 GMT-0500 (Central Daylight Time),352814.89999997616,A,clo,I,o,177,,532.5999999046326,352282.3000000715,8152,WL,B,2.0
3,6.497999906539917,learn,53502.00009346008,Thu Sep 17 2026 18:33:01 GMT-0500 (Central Daylight Time),352914.7000000477,A,cloc,I,c,82,,632.3999999761581,352282.3000000715,8152,WL,B,2.0
3,6.615000009536743,learn,53384.99999046326,Thu Sep 17 2026 18:33:01 GMT-0500 (Central Daylight Time),353031.60000002384,A,clock,I,k,103,,749.2999999523163,352282.3000000715,8152,WL,B,2.0
3,6.863999843597412,learn,53136.00015640259,Thu Sep 17 2026 18:33:01 GMT-0500 (Central Daylight Time),353281.5,A,clockenter,I,enter,242,,999.1999999284744,352282.3000000715,8152,WL,B,2.0
3,7.130999803543091,learn,52869.00019645691,Thu Sep 17 2026 18:33:01 GMT-0500 (Central Daylight Time),353548.0,A,d,I,d,255,,266.10000002384186,353281.89999997616,8152,WL,B,3.0
3,7.230999946594238,learn,52769.00005340576,Thu Sep 17 2026 18:33:01 GMT-0500 (Central Daylight Time),353647.8000000715,A,do,I,o,93,,365.90000009536743,353281.89999997616,8152,WL,B,3.0
3,7.380999803543091,learn,52619.00019645691,Thu Sep 17 2026 18:33:01 GMT-0500 (Central Daylight Time),353797.89999997616,A,doo,I,o,129,,516.0,353281.89999997616,8152,WL,B,3.0
3,7.513999938964844,learn,52486.000061035156,Thu Sep 17 2026 18:33:01 GMT-0500 (Central Daylight Time),353931.39999997616,A,door,I,r,124,,649.5,353281.89999997616,8152,WL,B,3.0
3,7.7809998989105225,learn,52219.00010108948,Thu Sep 17 2026 18:33:01 GMT-0500 (Central Daylight Time),354197.60000002384,A,doorenter,I,enter,246,,915.7000000476837,353281.89999997616,8152,WL,B,3.0
3,8.031999826431274,learn,51968.000173568726,Thu Sep 17 2026 18:33:01 GMT-0500 (Central Daylight Time),354448.7000000477,A,s,I,s,244,,250.70000004768372,354198.0,8152,WL,B,4.0
3,8.146999835968018,learn,51853.00016403198,Thu Sep 17 2026 18:33:01 GMT-0500 (Central Daylight Time),354564.10000002384,A,sk,I,k,104,,366.10000002384186,354198.0,8152,WL,B,4.0
3,8.313999891281128,learn,51686.00010871887,Thu Sep 17 2026 18:33:01 GMT-0500 (Central Daylight Time),354731.0,A,ski,I,i,149,,533.0,354198.0,8152,WL,B,4.0
3,8.413999795913696,learn,51586.000204086304,Thu Sep 17 2026 18:33:01 GMT-0500 (Central Daylight Time),354831.0,A,skin,I,n,86,,633.0,354198.0,8152,WL,B,4.0
3,8.663999795913696,learn,51336.000204086304,Thu Sep 17 2026 18:33:01 GMT-0500 (Central Daylight Time),355080.89999997616,A,skinenter,I,enter,243,,882.8999999761581,354198.0,8152,WL,B,4.0
3,8.863999843597412,learn,51136.00015640259,Thu Sep 17 2026 18:33:01 GMT-0500 (Central Daylight Time),355280.8000000715,A,c,I,c,184,,199.60000002384186,355081.2000000477,8152,WL,B,5.0
3,8.996999979019165,learn,51003.000020980835,Thu Sep 17 2026 18:33:01 GMT-0500 (Central Daylight Time),355414.3000000715,A,ci,I,i,120,,333.10000002384186,355081.2000000477,8152,WL,B,5.0
3,9.13099980354309,learn,50869.00019645691,Thu Sep 17 2026 18:33:01 GMT-0500 (Central Daylight Time),355547.60000002384,A,cit,I,t,123,,466.39999997615814,355081.2000000477,8152,WL,B,5.0
3,9.230000019073486,learn,50769.999980926514,Thu Sep 17 2026 18:33:01 GMT-0500 (Central Daylight Time),355647.39999997616,A,city,I,y,86,,566.1999999284744,355081.2000000477,8152,WL,B,5.0
3,9.842999935150146,learn,50157.00006484985,Thu Sep 17 2026 18:33:01 GMT-0500 (Central Daylight Time),356260.2000000477,A,cityenter,I,enter,505,,1179.0,355081.2000000477,8152,WL,B,5.0
3,10.096999883651733,learn,49903.00011634827,Thu Sep 17 2026 18:33:01 GMT-0500 (Central Daylight Time),356514.0,A,w,I,w,239,,253.39999997615814,356260.60000002384,8152,WL,B,6.0
3,10.212999820709229,learn,49787.00017929077,Thu Sep 17 2026 18:33:01 GMT-0500 (Central Daylight Time),356630.3000000715,A,wi,I,i,103,,369.7000000476837,356260.60000002384,8152,WL,B,6.0
3,10.329999923706055,learn,49670.000076293945,Thu Sep 17 2026 18:33:01 GMT-0500 (Central Daylight Time),356747.0,A,wif,I,f,99,,486.39999997615814,356260.60000002384,8152,WL,B,6.0
3,10.396999835968018,learn,49603.00016403198,Thu Sep 17 2026 18:33:01 GMT-0500 (Central Daylight Time),356813.8000000715,A,wife,I,e,54,,553.2000000476837,356260.60000002384,8152,WL,B,6.0
3,10.662999868392944,learn,49337.000131607056,Thu Sep 17 2026 18:33:01 GMT-0500 (Central Daylight Time),357080.3000000715,A,wifeenter,I,enter,252,,819.7000000476837,356260.60000002384,8152,WL,B,6.0
3,11.179999828338623,learn,48820.00017166138,Thu Sep 17 2026 18:33:01 GMT-0500 (Central Daylight Time),357596.89999997616,A,p,I,p,496,,516.2999999523163,357080.60000002384,8152,WL,B,7.0
3,11.312999963760376,learn,48687.000036239624,Thu Sep 17 2026 18:33:01 GMT-0500 (Central Daylight Time),357729.89999997616,A,pu,I,u,117,,649.2999999523163,357080.60000002384,8152,WL,B,7.0
3,11.428999900817871,learn,48571.00009918213,Thu Sep 17 2026 18:33:01 GMT-0500 (Central Daylight Time),357846.5,A,pui,I,i,111,,765.8999999761581,357080.60000002384,8152,WL,B,7.0
3,11.580999851226807,learn,48419.00014877319,Thu Sep 17 2026 18:33:01 GMT-0500 (Central Daylight Time),357997.7000000477,A,puip,I,p,139,,917.1000000238419,357080.60000002384,8152,WL,B,7.0
3,12.095999956130981,learn,47904.00004386902,Thu Sep 17 2026 18:33:01 GMT-0500 (Central Daylight Time),358513.10000002384,A,pui,I,backspace,500,,1432.5,357080.60000002384,8152,WL,B,7.0
3,12.628999948501587,learn,47371.00005149841,Thu Sep 17 2026 18:33:01 GMT-0500 (Central Daylight Time),359046.39999997616,A,pu,I,backspace,529,,1965.7999999523163,357080.60000002384,8152,WL,B,7.0
3,12.911999940872192,learn,47088.00005912781,Thu Sep 17 2026 18:33:01 GMT-0500 (Central Daylight Time),359329.39999997616,A,pup,I,p,267,,2248.7999999523163,357080.60000002384,8152,WL,B,7.0
3,13.02899980545044,learn,46971.00019454956,Thu Sep 17 2026 18:33:01 GMT-0500 (Central Daylight Time),359445.89999997616,A,pupi,I,i,111,,2365.2999999523163,357080.60000002384,8152,WL,B,7.0
3,13.311999797821045,learn,46688.000202178955,Thu Sep 17 2026 18:33:01 GMT-0500 (Central Daylight Time),359729.39999997616,A,pupil,I,l,268,,2648.7999999523163,357080.60000002384,8152,WL,B,7.0
3,13.628999948501587,learn,46371.00005149841,Thu Sep 17 2026 18:33:01 GMT-0500 (Central Daylight Time),360046.0,A,pupilenter,I,enter,312,,2965.399999976158,357080.60000002384,8152,WL,B,7.0
3,15.310999870300293,learn,44689.00012969971,Thu Sep 17 2026 18:33:01 GMT-0500 (Central Daylight Time),361728.8000000715,A,s,I,s,1676,,1682.5,360046.3000000715,8152,WL,B,8.0
3,15.444000005722046,learn,44555.999994277954,Thu Sep 17 2026 18:33:01 GMT-0500 (Central Daylight Time),361862.10000002384,A,st,I,t,121,,1815.7999999523163,360046.3000000715,8152,WL,B,8.0
3,15.643999814987183,learn,44356.00018501282,Thu Sep 17 2026 18:33:01 GMT-0500 (Central Daylight Time),362062.0,A,str,I,r,187,,2015.6999999284744,360046.3000000715,8152,WL,B,8.0
3,15.893999814987183,learn,44106.00018501282,Thu Sep 17 2026 18:33:01 GMT-0500 (Central Daylight Time),362312.0,A,stre,I,e,235,,2265.6999999284744,360046.3000000715,8152,WL,B,8.0
3,16.143999814987183,learn,43856.00018501282,Thu Sep 17 2026 18:33:01 GMT-0500 (Central Daylight Time),362562.0,A,stree,I,e,241,,2515.6999999284744,360046.3000000715,8152,WL,B,8.0
3,16.3439998626709,learn,43656.0001373291,Thu Sep 17 2026 18:33:01 GMT-0500 (Central Daylight Time),362761.8000000715,A,street,I,t,191,,2715.5,360046.3000000715,8152,WL,B,8.0
3,17.042999982833862,learn,42957.00001716614,Thu Sep 17 2026 18:33:01 GMT-0500 (Central Daylight Time),363461.7000000477,A,streetenter,I,enter,687,,3415.399999976158,360046.3000000715,8152,WL,B,8.0
3,17.759999990463257,learn,42240.00000953674,Thu Sep 17 2026 18:33:01 GMT-0500 (Central Daylight Time),364178.10000002384,A,a,I,a,699,,716.1000000238419,363462.0,8152,WL,B,9.0
3,17.89299988746643,learn,42107.00011253357,Thu Sep 17 2026 18:33:01 GMT-0500 (Central Daylight Time),364311.5,A,ar,I,r,120,,849.5,363462.0,8152,WL,B,9.0
3,18.025999784469604,learn,41974.000215530396,Thu Sep 17 2026 18:33:01 GMT-0500 (Central Daylight Time),364444.60000002384,A,arm,I,m,114,,982.6000000238419,363462.0,8152,WL,B,9.0
3,18.242999792099,learn,41757.000207901,Thu Sep 17 2026 18:33:01 GMT-0500 (Central Daylight Time),364661.3000000715,A,armenter,I,enter,205,,1199.3000000715256,363462.0,8152,WL,B,9.0
3,18.542999982833862,learn,41457.00001716614,Thu Sep 17 2026 18:33:01 GMT-0500 (Central Daylight Time),364961.10000002384,A,s,I,s,292,,299.5,364661.60000002384,8152,WL,B,10.0
3,18.692999839782715,learn,41307.000160217285,Thu Sep 17 2026 18:33:01 GMT-0500 (Central Daylight Time),365110.89999997616,A,st,I,t,128,,449.2999999523163,364661.60000002384,8152,WL,B,10.0
3,18.758999824523926,learn,41241.000175476074,Thu Sep 17 2026 18:33:01 GMT-0500 (Central Daylight Time),365177.7000000477,A,sta,I,a,51,,516.1000000238419,364661.60000002384,8152,WL,B,10.0
3,18.858999967575073,learn,41141.00003242493,Thu Sep 17 2026 18:33:01 GMT-0500 (Central Daylight Time),365277.7000000477,A,star,I,r,88,,616.1000000238419,364661.60000002384,8152,WL,B,10.0
3,19.47599983215332,learn,40524.00016784668,Thu Sep 17 2026 18:33:01 GMT-0500 (Central Daylight Time),365894.2000000477,A,starenter,I,enter,596,,1232.6000000238419,364661.60000002384,8152,WL,B,10.0
3,24.723999977111816,learn,35276.00002288818,Thu Sep 17 2026 18:33:01 GMT-0500 (Central Daylight Time),371142.60000002384,A,c,I,c,5235,,5248.0,365894.60000002384,8152,WL,B,11.0
3,24.840999841690063,learn,35159.00015830994,Thu Sep 17 2026 18:33:01 GMT-0500 (Central Daylight Time),371259.2000000477,A,ci,I,i,106,,5364.600000023842,365894.60000002384,8152,WL,B,11.0
3,25.007999897003174,learn,34992.000102996826,Thu Sep 17 2026 18:33:01 GMT-0500 (Central Daylight Time),371425.8000000715,A,cit,I,t,150,,5531.200000047684,365894.60000002384,8152,WL,B,11.0
3,25.12399983406067,learn,34876.00016593933,Thu Sep 17 2026 18:33:01 GMT-0500 (Central Daylight Time),371542.39999997616,A,city,I,y,111,,5647.799999952316,365894.60000002384,8152,WL,B,11.0
3,25.37399983406067,learn,34626.00016593933,Thu Sep 17 2026 18:33:01 GMT-0500 (Central Daylight Time),371792.10000002384,A,cityenter,I,enter,243,,5897.5,365894.60000002384,8152,WL,B,11.0
3,29.805999994277954,learn,30194.000005722046,Thu Sep 17 2026 18:33:01 GMT-0500 (Central Daylight Time),376224.39999997616,A,s,I,s,4417,,4431.899999976158,371792.5,8152,WL,B,12.0
3,29.9229998588562,learn,30077.0001411438,Thu Sep 17 2026 18:33:01 GMT-0500 (Central Daylight Time),376340.8000000715,A,sk,I,k,105,,4548.300000071526,371792.5,8152,WL,B,12.0
3,30.08899998664856,learn,29911.00001335144,Thu Sep 17 2026 18:33:01 GMT-0500 (Central Daylight Time),376507.5,A,ski,I,i,157,,4715.0,371792.5,8152,WL,B,12.0
3,30.155999898910522,learn,29844.000101089478,Thu Sep 17 2026 18:33:01 GMT-0500 (Central Daylight Time),376574.10000002384,A,skin,I,n,54,,4781.600000023842,371792.5,8152,WL,B,12.0
3,30.372999906539917,learn,29627.000093460083,Thu Sep 17 2026 18:33:01 GMT-0500 (Central Daylight Time),376790.8000000715,A,skinenter,I,enter,196,,4998.300000071526,371792.5,8152,WL,B,12.0
3,32.937999963760376,learn,27062.000036239624,Thu Sep 17 2026 18:33:01 GMT-0500 (Central Daylight Time),379356.60000002384,A,w,I,w,2547,,2565.5,376791.10000002384,8152,WL,B,13.0
3,33.00499987602234,learn,26995.00012397766,Thu Sep 17 2026 18:33:01 GMT-0500 (Central Daylight Time),379423.0,A,wi,I,i,61,,2631.899999976158,376791.10000002384,8152,WL,B,13.0
3,33.08799982070923,learn,26912.00017929077,Thu Sep 17 2026 18:33:01 GMT-0500 (Central Daylight Time),379506.7000000477,A,win,I,n,75,,2715.600000023842,376791.10000002384,8152,WL,B,13.0
3,33.22199988365173,learn,26778.000116348267,Thu Sep 17 2026 18:33:01 GMT-0500 (Central Daylight Time),379639.89999997616,A,wind,I,d,127,,2848.7999999523163,376791.10000002384,8152,WL,B,13.0
3,33.41699981689453,learn,26583.00018310547,Thu Sep 17 2026 18:33:01 GMT-0500 (Central Daylight Time),379835.10000002384,A,windo,I,o,64,,3044.0,376791.10000002384,8152,WL,B,13.0
3,33.9210000038147,learn,26078.999996185303,Thu Sep 17 2026 18:33:01 GMT-0500 (Central Daylight Time),380339.60000002384,A,window,I,w,486,,3548.5,376791.10000002384,8152,WL,B,13.0
3,34.22199988365173,learn,25778.000116348267,Thu Sep 17 2026 18:33:01 GMT-0500 (Central Daylight Time),380640.39999997616,A,windowenter,I,enter,294,,3849.2999999523163,376791.10000002384,8152,WL,B,13.0
3,41.085999965667725,learn,18914.000034332275,Thu Sep 17 2026 18:33:01 GMT-0500 (Central Daylight Time),387504.10000002384,A,c,I,c,6849,,6863.5,380640.60000002384,8152,WL,B,14.0
3,41.2189998626709,learn,18781.0001373291,Thu Sep 17 2026 18:33:01 GMT-0500 (Central Daylight Time),387637.3000000715,A,ca,I,a,121,,6996.700000047684,380640.60000002384,8152,WL,B,14.0
3,41.38599991798401,learn,18614.00008201599,Thu Sep 17 2026 18:33:01 GMT-0500 (Central Daylight Time),387804.2000000477,A,cab,I,b,148,,7163.600000023842,380640.60000002384,8152,WL,B,14.0
3,41.501999855041504,learn,18498.000144958496,Thu Sep 17 2026 18:33:01 GMT-0500 (Central Daylight Time),387920.60000002384,A,cabi,I,i,101,,7280.0,380640.60000002384,8152,WL,B,14.0
3,41.569000005722046,learn,18430.999994277954,Thu Sep 17 2026 18:33:01 GMT-0500 (Central Daylight Time),387987.3000000715,A,cabin,I,n,49,,7346.700000047684,380640.60000002384,8152,WL,B,14.0
3,41.80199980735779,learn,18198.000192642212,Thu Sep 17 2026 18:33:01 GMT-0500 (Central Daylight Time),388220.7000000477,A,cabinenter,I,enter,222,,7580.100000023842,380640.60000002384,8152,WL,B,14.0
3,44.251999855041504,learn,15748.000144958496,Thu Sep 17 2026 18:33:01 GMT-0500 (Central Daylight Time),390669.7000000477,A,enter,I,enter,2437,,2448.600000023842,388221.10000002384,8152,WL,B,15.0
4,1.0499999523162842,learn,58950.000047683716,Thu Sep 17 2026 18:33:01 GMT-0500 (Central Daylight Time),459548.10000002384,A,c,I,c,1032,,1049.3999999761581,458498.7000000477,8152,WL,B,1.0
4,1.1669998168945312,learn,58833.00018310547,Thu Sep 17 2026 18:33:01 GMT-0500 (Central Daylight Time),459664.8000000715,A,cl,I,l,101,,1166.1000000238419,458498.7000000477,8152,WL,B,1.0
4,1.7329998016357422,learn,58267.00019836426,Thu Sep 17 2026 18:33:01 GMT-0500 (Central Daylight Time),460230.8000000715,A,clc,I,c,560,,1732.1000000238419,458498.7000000477,8152,WL,B,1.0
4,2.1489999294281006,learn,57851.0000705719,Thu Sep 17 2026 18:33:01 GMT-0500 (Central Daylight Time),460647.7000000477,A,cl,I,backspace,409,,2149.0,458498.7000000477,8152,WL,B,1.0
4,2.4159998893737793,learn,57584.00011062622,Thu Sep 17 2026 18:33:01 GMT-0500 (Central Daylight Time),460914.2000000477,A,clo,I,o,249,,2415.5,458498.7000000477,8152,WL,B,1.0
4,2.565999984741211,learn,57434.00001525879,Thu Sep 17 2026 18:33:01 GMT-0500 (Central Daylight Time),461064.3000000715,A,cloc,I,c,143,,2565.600000023842,458498.7000000477,8152,WL,B,1.0
4,2.682999849319458,learn,57317.00015068054,Thu Sep 17 2026 18:33:01 GMT-0500 (Central Daylight Time),461181.0,A,clock,I,k,97,,2682.2999999523163,458498.7000000477,8152,WL,B,1.0
4,2.932999849319458,learn,57067.00015068054,Thu Sep 17 2026 18:33:01 GMT-0500 (Central Daylight Time),461430.89999997616,A,clockenter,I,enter,229,,2932.1999999284744,458498.7000000477,8152,WL,B,1.0
4,3.3320000171661377,learn,56667.99998283386,Thu Sep 17 2026 18:33:01 GMT-0500 (Central Daylight Time),461830.39999997616,A,p,I,p,386,,399.09999990463257,461431.3000000715,8152,WL,B,2.0
4,3.482999801635742,learn,56517.00019836426,Thu Sep 17 2026 18:33:01 GMT-0500 (Central Daylight Time),461980.8000000715,A,pu,I,u,139,,549.5,461431.3000000715,8152,WL,B,2.0
4,3.931999921798706,learn,56068.000078201294,Thu Sep 17 2026 18:33:01 GMT-0500 (Central Daylight Time),462430.60000002384,A,pup,I,p,437,,999.2999999523163,461431.3000000715,8152,WL,B,2.0
4,4.098999977111816,learn,55901.00002288818,Thu Sep 17 2026 18:33:01 GMT-0500 (Central Daylight Time),462597.10000002384,A,pupi,I,i,146,,1165.7999999523163,461431.3000000715,8152,WL,B,2.0
4,4.31499981880188,learn,55685.00018119812,Thu Sep 17 2026 18:33:01 GMT-0500 (Central Daylight Time),462813.8000000715,A,pupil,I,l,196,,1382.5,461431.3000000715,8152,WL,B,2.0
4,4.56499981880188,learn,55435.00018119812,Thu Sep 17 2026 18:33:01 GMT-0500 (Central Daylight Time),463063.7000000477,A,pupilenter,I,enter,244,,1632.3999999761581,461431.3000000715,8152,WL,B,2.0
4,5.148000001907349,learn,54851.99999809265,Thu Sep 17 2026 18:33:01 GMT-0500 (Central Daylight Time),463646.7000000477,A,c,I,c,570,,582.6000000238419,463064.10000002384,8152,WL,B,3.0
4,5.264999866485596,learn,54735.000133514404,Thu Sep 17 2026 18:33:01 GMT-0500 (Central Daylight Time),463763.3000000715,A,ca,I,a,106,,699.2000000476837,463064.10000002384,8152,WL,B,3.0
4,5.4649999141693115,learn,54535.00008583069,Thu Sep 17 2026 18:33:01 GMT-0500 (Central Daylight Time),463963.39999997616,A,cab,I,b,182,,899.2999999523163,463064.10000002384,8152,WL,B,3.0
4,5.582000017166138,learn,54417.99998283386,Thu Sep 17 2026 18:33:01 GMT-0500 (Central Daylight Time),464080.0,A,cabi,I,i,102,,1015.8999999761581,463064.10000002384,8152,WL,B,3.0
4,5.664999961853027,learn,54335.00003814697,Thu Sep 17 2026 18:33:01 GMT-0500 (Central Daylight Time),464163.3000000715,A,cabin,I,n,65,,1099.2000000476837,463064.10000002384,8152,WL,B,3.0
4,5.9659998416900635,learn,54034.00015830994,Thu Sep 17 2026 18:33:01 GMT-0500 (Central Daylight Time),464464.10000002384,A,cabinenter,I,enter,286,,1400.0,463064.10000002384,8152,WL,B,3.0
4,6.197999954223633,learn,53802.00004577637,Thu Sep 17 2026 18:33:01 GMT-0500 (Central Daylight Time),464696.7000000477,A,s,I,s,217,,232.30000007152557,464464.39999997616,8152,WL,B,4.0
4,6.297999858856201,learn,53702.0001411438,Thu Sep 17 2026 18:33:01 GMT-0500 (Central Daylight Time),464796.39999997616,A,sk,I,k,89,,332.0,464464.39999997616,8152,WL,B,4.0
4,6.447999954223633,learn,53552.00004577637,Thu Sep 17 2026 18:33:01 GMT-0500 (Central Daylight Time),464946.39999997616,A,ski,I,i,133,,482.0,464464.39999997616,8152,WL,B,4.0
4,6.547999858856201,learn,53452.0001411438,Thu Sep 17 2026 18:33:01 GMT-0500 (Central Daylight Time),465046.39999997616,A,skin,I,n,79,,582.0,464464.39999997616,8152,WL,B,4.0
4,6.764999866485596,learn,53235.000133514404,Thu Sep 17 2026 18:33:01 GMT-0500 (Central Daylight Time),465263.0,A,skinenter,I,enter,203,,798.6000000238419,464464.39999997616,8152,WL,B,4.0
4,7.180999994277954,learn,52819.000005722046,Thu Sep 17 2026 18:33:01 GMT-0500 (Central Daylight Time),465679.2000000477,A,w,I,w,411,,415.8000000715256,465263.39999997616,8152,WL,B,5.0
4,7.2809998989105225,learn,52719.00010108948,Thu Sep 17 2026 18:33:01 GMT-0500 (Central Daylight Time),465779.7000000477,A,wi,I,i,82,,516.3000000715256,465263.39999997616,8152,WL,B,5.0
4,7.398000001907349,learn,52601.99999809265,Thu Sep 17 2026 18:33:01 GMT-0500 (Central Daylight Time),465896.2000000477,A,wif,I,f,110,,632.8000000715256,465263.39999997616,8152,WL,B,5.0
4,7.480999946594238,learn,52519.00005340576,Thu Sep 17 2026 18:33:01 GMT-0500 (Central Daylight Time),465979.5,A,wife,I,e,73,,716.1000000238419,465263.39999997616,8152,WL,B,5.0
4,7.648000001907349,learn,52351.99999809265,Thu Sep 17 2026 18:33:01 GMT-0500 (Central Daylight Time),466146.0,A,wifeenter,I,enter,150,,882.6000000238419,465263.39999997616,8152,WL,B,5.0
4,8.580999851226807,learn,51419.00014877319,Thu Sep 17 2026 18:33:01 GMT-0500 (Central Daylight Time),467079.10000002384,A,s,I,s,919,,932.7000000476837,466146.39999997616,8152,WL,B,6.0
4,8.780999898910522,learn,51219.00010108948,Thu Sep 17 2026 18:33:01 GMT-0500 (Central Daylight Time),467279.2000000477,A,st,I,t,186,,1132.8000000715256,466146.39999997616,8152,WL,B,6.0
4,9.063999891281128,learn,50936.00010871887,Thu Sep 17 2026 18:33:01 GMT-0500 (Central Daylight Time),467562.39999997616,A,str,I,r,274,,1416.0,466146.39999997616,8152,WL,B,6.0
4,9.280999898910522,learn,50719.00010108948,Thu Sep 17 2026 18:33:01 GMT-0500 (Central Daylight Time),467779.0,A,stre,I,e,199,,1632.6000000238419,466146.39999997616,8152,WL,B,6.0
4,9.446999788284302,learn,50553.0002117157,Thu Sep 17 2026 18:33:01 GMT-0500 (Central Daylight Time),467945.39999997616,A,stree,I,e,151,,1799.0,466146.39999997616,8152,WL,B,6.0
4,9.613999843597412,learn,50386.00015640259,Thu Sep 17 2026 18:33:01 GMT-0500 (Central Daylight Time),468111.89999997616,A,street,I,t,160,,1965.5,466146.39999997616,8152,WL,B,6.0
4,9.763999938964844,learn,50236.000061035156,Thu Sep 17 2026 18:33:01 GMT-0500 (Central Daylight Time),468262.3000000715,A,streetenter,I,enter,145,,2115.9000000953674,466146.39999997616,8152,WL,B,6.0
4,10.063999891281128,learn,49936.00010871887,Thu Sep 17 2026 18:33:01 GMT-0500 (Central Daylight Time),468562.10000002384,A,w,I,w,283,,299.60000002384186,468262.5,8152,WL,B,7.0
4,10.413999795913696,learn,49586.000204086304,Thu Sep 17 2026 18:33:01 GMT-0500 (Central Daylight Time),468911.89999997616,A,,I,backspace,343,,649.3999999761581,468262.5,8152,WL,B,7.0
4,10.496999979019165,learn,49503.000020980835,Thu Sep 17 2026 18:33:01 GMT-0500 (Central Daylight Time),468995.2000000477,A,g,I,g,66,,732.7000000476837,468262.5,8152,WL,B,7.0
4,10.696999788284302,learn,49303.0002117157,Thu Sep 17 2026 18:33:01 GMT-0500 (Central Daylight Time),469195.0,A,gr,I,r,182,,932.5,468262.5,8152,WL,B,7.0
4,10.77999997138977,learn,49220.00002861023,Thu Sep 17 2026 18:33:01 GMT-0500 (Central Daylight Time),469278.60000002384,A,gra,I,a,70,,1016.1000000238419,468262.5,8152,WL,B,7.0
4,10.912999868392944,learn,49087.000131607056,Thu Sep 17 2026 18:33:01 GMT-0500 (Central Daylight Time),469411.60000002384,A,gras,I,s,115,,1149.1000000238419,468262.5,8152,WL,B,7.0
4,11.096999883651733,learn,48903.00011634827,Thu Sep 17 2026 18:33:01 GMT-0500 (Central Daylight Time),469595.10000002384,A,grass,I,s,174,,1332.6000000238419,468262.5,8152,WL,B,7.0
4,11.429999828338623,learn,48570.00017166138,Thu Sep 17 2026 18:33:01 GMT-0500 (Central Daylight Time),469928.2000000477,A,grassenter,I,enter,326,,1665.7000000476837,468262.5,8152,WL,B,7.0
4,11.712999820709229,learn,48287.00017929077,Thu Sep 17 2026 18:33:01 GMT-0500 (Central Daylight Time),470211.39999997616,A,a,I,a,265,,282.89999997615814,469928.5,8152,WL,B,8.0
4,11.845999956130981,learn,48154.00004386902,Thu Sep 17 2026 18:33:01 GMT-0500 (Central Daylight Time),470344.60000002384,A,ar,I,r,126,,416.10000002384186,469928.5,8152,WL,B,8.0
4,11.980000019073486,learn,48019.999980926514,Thu Sep 17 2026 18:33:01 GMT-0500 (Central Daylight Time),470478.0,A,arm,I,m,113,,549.5,469928.5,8152,WL,B,8.0
4,12.245999813079834,learn,47754.000186920166,Thu Sep 17 2026 18:33:01 GMT-0500 (Central Daylight Time),470744.60000002384,A,armenter,I,enter,259,,816.1000000238419,469928.5,8152,WL,B,8.0
4,12.44599986076355,learn,47554.00013923645,Thu Sep 17 2026 18:33:01 GMT-0500 (Central Daylight Time),470944.60000002384,A,s,I,s,185,,199.60000002384186,470745.0,8152,WL,B,9.0
4,12.830999851226807,learn,47169.00014877319,Thu Sep 17 2026 18:33:01 GMT-0500 (Central Daylight Time),471329.0,A,st,I,t,369,,584.0,470745.0,8152,WL,B,9.0
4,12.962999820709229,learn,47037.00017929077,Thu Sep 17 2026 18:33:01 GMT-0500 (Central Daylight Time),471461.10000002384,A,sta,I,a,112,,716.1000000238419,470745.0,8152,WL,B,9.0
4,13.046000003814697,learn,46953.9999961853,Thu Sep 17 2026 18:33:01 GMT-0500 (Central Daylight Time),471544.60000002384,A,star,I,r,68,,799.6000000238419,470745.0,8152,WL,B,9.0
4,13.578999996185303,learn,46421.0000038147,Thu Sep 17 2026 18:33:01 GMT-0500 (Central Daylight Time),472077.60000002384,A,starenter,I,enter,513,,1332.6000000238419,470745.0,8152,WL,B,9.0
4,16.628000020980835,learn,43371.999979019165,Thu Sep 17 2026 18:33:01 GMT-0500 (Central Daylight Time),475126.5,A,c,I,c,3044,,3048.399999976158,472078.10000002384,8152,WL,B,10.0
4,17.044999837875366,learn,42955.000162124634,Thu Sep 17 2026 18:33:01 GMT-0500 (Central Daylight Time),475543.10000002384,A,ca,I,a,402,,3465.0,472078.10000002384,8152,WL,B,10.0
4,17.210999965667725,learn,42789.000034332275,Thu Sep 17 2026 18:33:01 GMT-0500 (Central Daylight Time),475709.7000000477,A,cab,I,b,154,,3631.600000023842,472078.10000002384,8152,WL,B,10.0
4,17.360999822616577,learn,42639.00017738342,Thu Sep 17 2026 18:33:01 GMT-0500 (Central Daylight Time),475859.7000000477,A,cabi,I,i,132,,3781.600000023842,472078.10000002384,8152,WL,B,10.0
4,17.42799997329712,learn,42572.00002670288,Thu Sep 17 2026 18:33:01 GMT-0500 (Central Daylight Time),475926.39999997616,A,cabin,I,n,53,,3848.2999999523163,472078.10000002384,8152,WL,B,10.0
4,17.644999980926514,learn,42355.000019073486,Thu Sep 17 2026 18:33:01 GMT-0500 (Central Daylight Time),476143.10000002384,A,cabinenter,I,enter,203,,4065.0,472078.10000002384,8152,WL,B,10.0
4,17.810999870300293,learn,42189.00012969971,Thu Sep 17 2026 18:33:01 GMT-0500 (Central Daylight Time),476309.60000002384,A,s,I,s,146,,166.20000004768372,476143.39999997616,8152,WL,B,11.0
4,17.944999933242798,learn,42055.0000667572,Thu Sep 17 2026 18:33:01 GMT-0500 (Central Daylight Time),476442.89999997616,A,sk,I,k,116,,299.5,476143.39999997616,8152,WL,B,11.0
4,18.0939998626709,learn,41906.0001373291,Thu Sep 17 2026 18:33:01 GMT-0500 (Central Daylight Time),476592.60000002384,A,ski,I,i,143,,449.2000000476837,476143.39999997616,8152,WL,B,11.0
4,18.16100001335144,learn,41838.99998664856,Thu Sep 17 2026 18:33:01 GMT-0500 (Central Daylight Time),476659.5,A,skin,I,n,57,,516.1000000238419,476143.39999997616,8152,WL,B,11.0
4,18.41100001335144,learn,41588.99998664856,Thu Sep 17 2026 18:33:01 GMT-0500 (Central Daylight Time),476909.3000000715,A,skinenter,I,enter,238,,765.9000000953674,476143.39999997616,8152,WL,B,11.0
4,19.42799997329712,learn,40572.00002670288,Thu Sep 17 2026 18:33:01 GMT-0500 (Central Daylight Time),477926.10000002384,A,f,I,f,1012,,1016.5,476909.60000002384,8152,WL,B,12.0
4,19.560999870300293,learn,40439.00012969971,Thu Sep 17 2026 18:33:01 GMT-0500 (Central Daylight Time),478059.0,A,fi,I,i,124,,1149.3999999761581,476909.60000002384,8152,WL,B,12.0
4,19.776999950408936,learn,40223.000049591064,Thu Sep 17 2026 18:33:01 GMT-0500 (Central Daylight Time),478275.5,A,fir,I,r,198,,1365.8999999761581,476909.60000002384,8152,WL,B,12.0
4,19.8439998626709,learn,40156.0001373291,Thu Sep 17 2026 18:33:01 GMT-0500 (Central Daylight Time),478342.2000000477,A,fire,I,e,62,,1432.6000000238419,476909.60000002384,8152,WL,B,12.0
4,20.026999950408936,learn,39973.000049591064,Thu Sep 17 2026 18:33:01 GMT-0500 (Central Daylight Time),478525.5,A,fireenter,I,enter,172,,1615.8999999761581,476909.60000002384,8152,WL,B,12.0
4,23.358999967575073,learn,36641.00003242493,Thu Sep 17 2026 18:33:01 GMT-0500 (Central Daylight Time),481858.0,A,p,I,p,3316,,3332.100000023842,478525.89999997616,8152,WL,B,13.0
4,23.575999975204468,learn,36424.00002479553,Thu Sep 17 2026 18:33:01 GMT-0500 (Central Daylight Time),482075.3000000715,A,pi,I,i,199,,3549.4000000953674,478525.89999997616,8152,WL,B,13.0
4,23.774999856948853,learn,36225.00014305115,Thu Sep 17 2026 18:33:01 GMT-0500 (Central Daylight Time),482274.3000000715,A,pip,I,p,182,,3748.4000000953674,478525.89999997616,8152,WL,B,13.0
4,24.14199995994568,learn,35858.00004005432,Thu Sep 17 2026 18:33:01 GMT-0500 (Central Daylight Time),482641.10000002384,A,pipe,I,e,351,,4115.200000047684,478525.89999997616,8152,WL,B,13.0
4,24.492999792099,learn,35507.000207901,Thu Sep 17 2026 18:33:01 GMT-0500 (Central Daylight Time),482991.8000000715,A,pipeenter,I,enter,344,,4465.900000095367,478525.89999997616,8152,WL,B,13.0
4,28.006999969482422,learn,31993.000030517578,Thu Sep 17 2026 18:33:01 GMT-0500 (Central Daylight Time),486506.39999997616,A,d,I,d,3505,,3514.1999999284744,482992.2000000477,8152,WL,B,14.0
4,28.156999826431274,learn,31843.000173568726,Thu Sep 17 2026 18:33:01 GMT-0500 (Central Daylight Time),486656.39999997616,A,do,I,o,143,,3664.1999999284744,482992.2000000477,8152,WL,B,14.0
4,28.29099988937378,learn,31709.00011062622,Thu Sep 17 2026 18:33:01 GMT-0500 (Central Daylight Time),486789.7000000477,A,doo,I,o,113,,3797.5,482992.2000000477,8152,WL,B,14.0
4,28.406999826431274,learn,31593.000173568726,Thu Sep 17 2026 18:33:01 GMT-0500 (Central Daylight Time),486906.3000000715,A,door,I,r,100,,3914.100000023842,482992.2000000477,8152,WL,B,14.0
4,28.756999969482422,learn,31243.000030517578,Thu Sep 17 2026 18:33:01 GMT-0500 (Central Daylight Time),487256.10000002384,A,doorenter,I,enter,343,,4263.899999976158,482992.2000000477,8152,WL,B,14.0
4,30.322999954223633,learn,29677.000045776367,Thu Sep 17 2026 18:33:01 GMT-0500 (Central Daylight Time),488822.3000000715,A,w,I,w,1546,,1565.9000000953674,487256.39999997616,8152,WL,B,15.0
4,30.406999826431274,learn,29593.000173568726,Thu Sep 17 2026 18:33:01 GMT-0500 (Central Daylight Time),488905.7000000477,A,wi,I,i,67,,1649.3000000715256,487256.39999997616,8152,WL,B,15.0
4,30.490000009536743,learn,29509.999990463257,Thu Sep 17 2026 18:33:01 GMT-0500 (Central Daylight Time),488988.89999997616,A,win,I,n,64,,1732.5,487256.39999997616,8152,WL,B,15.0
4,30.622999906539917,learn,29377.000093460083,Thu Sep 17 2026 18:33:01 GMT-0500 (Central Daylight Time),489122.3000000715,A,wind,I,d,117,,1865.9000000953674,487256.39999997616,8152,WL,B,15.0
4,30.722999811172485,learn,29277.000188827515,Thu Sep 17 2026 18:33:01 GMT-0500 (Central Daylight Time),489221.8000000715,A,windo,I,o,95,,1965.4000000953674,487256.39999997616,8152,WL,B,15.0
4,30.83999991416931,learn,29160.00008583069,Thu Sep 17 2026 18:33:01 GMT-0500 (Central Daylight Time),489339.0,A,window,I,w,100,,2082.600000023842,487256.39999997616,8152,WL,B,15.0
4,31.139999866485596,learn,28860.000133514404,Thu Sep 17 2026 18:33:01 GMT-0500 (Central Daylight Time),489638.7000000477,A,windowenter,I,enter,286,,2382.3000000715256,487256.39999997616,8152,WL,B,15.0
5,1.1340000629425049,learn,60000.0,Thu Sep 17 2026 18:33:01 GMT-0500 (Central Daylight Time),559150.8999999762,A,f,I,f,1120,,1133.5,558017.3999999762,8152,WL,B,1.0
5,1.6329998970031738,learn,60000.0,Thu Sep 17 2026 18:33:01 GMT-0500 (Central Daylight Time),559650.1000000238,A,fi,I,i,489,,1632.7000000476837,558017.3999999762,8152,WL,B,1.0
5,1.75,learn,60000.0,Thu Sep 17 2026 18:33:01 GMT-0500 (Central Daylight Time),559766.6000000238,A,fir,I,r,111,,1749.2000000476837,558017.3999999762,8152,WL,B,1.0
5,1.8499999046325684,learn,60000.0,Thu Sep 17 2026 18:33:01 GMT-0500 (Central Daylight Time),559866.8000000715,A,fire,I,e,83,,1849.4000000953674,558017.3999999762,8152,WL,B,1.0
5,2.0329999923706055,learn,60000.0,Thu Sep 17 2026 18:33:01 GMT-0500 (Central Daylight Time),560050.0,A,fireenter,I,enter,175,,2032.6000000238419,558017.3999999762,8152,WL,B,1.0
5,2.3329999446868896,learn,60000.0,Thu Sep 17 2026 18:33:01 GMT-0500 (Central Daylight Time),560349.8000000715,A,s,I,s,288,,299.5,560050.3000000715,8152,WL,B,2.0
5,2.4159998893737793,learn,60000.0,Thu Sep 17 2026 18:33:01 GMT-0500 (Central Daylight Time),560433.3000000715,A,sk,I,k,67,,383.0,560050.3000000715,8152,WL,B,2.0
5,2.565999984741211,learn,60000.0,Thu Sep 17 2026 18:33:01 GMT-0500 (Central Daylight Time),560583.3999999762,A,ski,I,i,136,,533.0999999046326,560050.3000000715,8152,WL,B,2.0
5,2.6659998893737793,learn,60000.0,Thu Sep 17 2026 18:33:01 GMT-0500 (Central Daylight Time),560683.0,A,skin,I,n,82,,632.6999999284744,560050.3000000715,8152,WL,B,2.0
5,2.8489999771118164,learn,60000.0,Thu Sep 17 2026 18:33:01 GMT-0500 (Central Daylight Time),560866.3999999762,A,skinenter,I,enter,174,,816.0999999046326,560050.3000000715,8152,WL,B,2.0
5,3.1489999294281006,learn,60000.0,Thu Sep 17 2026 18:33:01 GMT-0500 (Central Daylight Time),561166.3000000715,A,c,I,c,287,,299.60000002384186,560866.7000000477,8152,WL,B,3.0
5,3.2660000324249268,learn,60000.0,Thu Sep 17 2026 18:33:01 GMT-0500 (Central Daylight Time),561282.8000000715,A,cl,I,l,99,,416.10000002384186,560866.7000000477,8152,WL,B,3.0
5,3.5490000247955322,learn,60000.0,Thu Sep 17 2026 18:33:01 GMT-0500 (Central Daylight Time),561566.2000000477,A,clo,I,o,263,,699.5,560866.7000000477,8152,WL,B,3.0
5,3.882999897003174,learn,60000.0,Thu Sep 17 2026 18:33:01 GMT-0500 (Central Daylight Time),561899.6000000238,A,cloc,I,c,323,,1032.8999999761581,560866.7000000477,8152,WL,B,3.0
5,3.9819998741149902,learn,60000.0,Thu Sep 17 2026 18:33:01 GMT-0500 (Central Daylight Time),561999.1000000238,A,clock,I,k,94,,1132.3999999761581,560866.7000000477,8152,WL,B,3.0
5,4.2159998416900635,learn,60000.0,Thu Sep 17 2026 18:33:01 GMT-0500 (Central Daylight Time),562232.6000000238,A,clockenter,I,enter,219,,1365.8999999761581,560866.7000000477,8152,WL,B,3.0
5,4.565000057220459,learn,60000.0,Thu Sep 17 2026 18:33:01 GMT-0500 (Central Daylight Time),562582.3000000715,A,p,I,p,337,,349.40000009536743,562232.8999999762,8152,WL,B,4.0
5,4.764999866485596,learn,60000.0,Thu Sep 17 2026 18:33:01 GMT-0500 (Central Daylight Time),562782.5,A,pu,I,u,179,,549.6000000238419,562232.8999999762,8152,WL,B,4.0
5,5.014999866485596,learn,60000.0,Thu Sep 17 2026 18:33:01 GMT-0500 (Central Daylight Time),563032.3000000715,A,pup,I,p,243,,799.4000000953674,562232.8999999762,8152,WL,B,4.0
5,5.2149999141693115,learn,60000.0,Thu Sep 17 2026 18:33:01 GMT-0500 (Central Daylight Time),563232.3000000715,A,pupi,I,i,193,,999.4000000953674,562232.8999999762,8152,WL,B,4.0
5,5.415999889373779,learn,60000.0,Thu Sep 17 2026 18:33:01 GMT-0500 (Central Daylight Time),563433.3000000715,A,pupil,I,l,193,,1200.4000000953674,562232.8999999762,8152,WL,B,4.0
5,5.697999954223633,learn,60000.0,Thu Sep 17 2026 18:33:01 GMT-0500 (Central Daylight Time),563715.3000000715,A,pupilenter,I,enter,272,,1482.4000000953674,562232.8999999762,8152,WL,B,4.0
5,6.082000017166138,learn,60000.0,Thu Sep 17 2026 18:33:01 GMT-0500 (Central Daylight Time),564098.6000000238,A,w,I,w,366,,383.0,563715.6000000238,8152,WL,B,5.0
5,6.247999906539917,learn,60000.0,Thu Sep 17 2026 18:33:01 GMT-0500 (Central Daylight Time),564265.2000000477,A,wi,I,i,159,,549.6000000238419,563715.6000000238,8152,WL,B,5.0
5,6.365000009536743,learn,60000.0,Thu Sep 17 2026 18:33:01 GMT-0500 (Central Daylight Time),564381.8999999762,A,wif,I,f,96,,666.2999999523163,563715.6000000238,8152,WL,B,5.0
5,6.432999849319458,learn,60000.0,Thu Sep 17 2026 18:33:01 GMT-0500 (Central Daylight Time),564449.7000000477,A,wife,I,e,60,,734.1000000238419,563715.6000000238,8152,WL,B,5.0
5,6.73199987411499,learn,60000.0,Thu Sep 17 2026 18:33:01 GMT-0500 (Central Daylight Time),564748.7000000477,A,wifeenter,I,enter,278,,1033.1000000238419,563715.6000000238,8152,WL,B,5.0
5,8.363999843597412,learn,60000.0,Thu Sep 17 2026 18:33:01 GMT-0500 (Central Daylight Time),566381.3000000715,A,l,I,l,1612,,1632.2000000476837,564749.1000000238,8152,WL,B,6.0
5,8.480999946594238,learn,60000.0,Thu Sep 17 2026 18:33:01 GMT-0500 (Central Daylight Time),566498.0,A,la,I,a,108,,1748.8999999761581,564749.1000000238,8152,WL,B,6.0
5,8.580999851226807,learn,60000.0,Thu Sep 17 2026 18:33:01 GMT-0500 (Central Daylight Time),566598.0,A,lak,I,k,87,,1848.8999999761581,564749.1000000238,8152,WL,B,6.0
5,8.71399998664856,learn,60000.0,Thu Sep 17 2026 18:33:01 GMT-0500 (Central Daylight Time),566731.3000000715,A,lake,I,e,123,,1982.2000000476837,564749.1000000238,8152,WL,B,6.0
5,8.797999858856201,learn,60000.0,Thu Sep 17 2026 18:33:01 GMT-0500 (Central Daylight Time),566814.6000000238,A,lakeenter,I,enter,78,,2065.5,564749.1000000238,8152,WL,B,6.0
5,9.396999835968018,learn,60000.0,Thu Sep 17 2026 18:33:01 GMT-0500 (Central Daylight Time),567414.1000000238,A,c,I,c,587,,599.2999999523163,566814.8000000715,8152,WL,B,7.0
5,9.646999835968018,learn,60000.0,Thu Sep 17 2026 18:33:01 GMT-0500 (Central Daylight Time),567664.2000000477,A,ca,I,a,236,,849.3999999761581,566814.8000000715,8152,WL,B,7.0
5,9.79699993133545,learn,60000.0,Thu Sep 17 2026 18:33:01 GMT-0500 (Central Daylight Time),567814.2000000477,A,cab,I,b,137,,999.3999999761581,566814.8000000715,8152,WL,B,7.0
5,9.896999835968018,learn,60000.0,Thu Sep 17 2026 18:33:01 GMT-0500 (Central Daylight Time),567914.1000000238,A,cabi,I,i,91,,1099.2999999523163,566814.8000000715,8152,WL,B,7.0
5,10.030999898910522,learn,60000.0,Thu Sep 17 2026 18:33:01 GMT-0500 (Central Daylight Time),568047.5,A,cabin,I,n,119,,1232.6999999284744,566814.8000000715,8152,WL,B,7.0
5,10.263999938964844,learn,60000.0,Thu Sep 17 2026 18:33:01 GMT-0500 (Central Daylight Time),568280.7000000477,A,cabinenter,I,enter,217,,1465.8999999761581,566814.8000000715,8152,WL,B,7.0
5,12.079999923706055,learn,60000.0,Thu Sep 17 2026 18:33:01 GMT-0500 (Central Daylight Time),570096.8999999762,A,s,I,s,1809,,1816.0999999046326,568280.8000000715,8152,WL,B,8.0
5,12.396999835968018,learn,60000.0,Thu Sep 17 2026 18:33:01 GMT-0500 (Central Daylight Time),570413.5,A,st,I,t,297,,2132.6999999284744,568280.8000000715,8152,WL,B,8.0
5,12.645999908447266,learn,60000.0,Thu Sep 17 2026 18:33:01 GMT-0500 (Central Daylight Time),570663.0,A,str,I,r,244,,2382.1999999284744,568280.8000000715,8152,WL,B,8.0
5,12.86299991607666,learn,60000.0,Thu Sep 17 2026 18:33:01 GMT-0500 (Central Daylight Time),570879.8999999762,A,stre,I,e,210,,2599.0999999046326,568280.8000000715,8152,WL,B,8.0
5,13.02999997138977,learn,60000.0,Thu Sep 17 2026 18:33:01 GMT-0500 (Central Daylight Time),571046.7000000477,A,stree,I,e,161,,2765.899999976158,568280.8000000715,8152,WL,B,8.0
5,13.19599986076355,learn,60000.0,Thu Sep 17 2026 18:33:01 GMT-0500 (Central Daylight Time),571213.0,A,street,I,t,155,,2932.1999999284744,568280.8000000715,8152,WL,B,8.0
5,13.395999908447266,learn,60000.0,Thu Sep 17 2026 18:33:01 GMT-0500 (Central Daylight Time),571413.2000000477,A,streetenter,I,enter,180,,3132.399999976158,568280.8000000715,8152,WL,B,8.0
5,13.69599986076355,learn,60000.0,Thu Sep 17 2026 18:33:01 GMT-0500 (Central Daylight Time),571713.0,A,g,I,g,284,,299.39999997615814,571413.6000000238,8152,WL,B,9.0
5,13.878999948501587,learn,60000.0,Thu Sep 17 2026 18:33:01 GMT-0500 (Central Daylight Time),571896.2000000477,A,gr,I,r,177,,482.60000002384186,571413.6000000238,8152,WL,B,9.0
5,13.978999853134155,learn,60000.0,Thu Sep 17 2026 18:33:01 GMT-0500 (Central Daylight Time),571996.3000000715,A,gra,I,a,89,,582.7000000476837,571413.6000000238,8152,WL,B,9.0
5,14.19599986076355,learn,60000.0,Thu Sep 17 2026 18:33:01 GMT-0500 (Central Daylight Time),572212.7000000477,A,gras,I,s,197,,799.1000000238419,571413.6000000238,8152,WL,B,9.0
5,14.36299991607666,learn,60000.0,Thu Sep 17 2026 18:33:01 GMT-0500 (Central Daylight Time),572379.5,A,grass,I,s,156,,965.8999999761581,571413.6000000238,8152,WL,B,9.0
5,14.628999948501587,learn,60000.0,Thu Sep 17 2026 18:33:01 GMT-0500 (Central Daylight Time),572645.8000000715,A,grassenter,I,enter,262,,1232.2000000476837,571413.6000000238,8152,WL,B,9.0
5,15.095999956130981,learn,60000.0,Thu Sep 17 2026 18:33:01 GMT-0500 (Central Daylight Time),573112.5,A,w,I,w,460,,466.5,572646.0,8152,WL,B,10.0
5,15.211999893188477,learn,60000.0,Thu Sep 17 2026 18:33:01 GMT-0500 (Central Daylight Time),573229.2000000477,A,wi,I,i,105,,583.2000000476837,572646.0,8152,WL,B,10.0
5,15.312000036239624,learn,60000.0,Thu Sep 17 2026 18:33:01 GMT-0500 (Central Daylight Time),573328.8999999762,A,win,I,n,92,,682.8999999761581,572646.0,8152,WL,B,10.0
5,15.428999900817871,learn,60000.0,Thu Sep 17 2026 18:33:01 GMT-0500 (Central Daylight Time),573445.8000000715,A,wind,I,d,97,,799.8000000715256,572646.0,8152,WL,B,10.0
5,15.546000003814697,learn,60000.0,Thu Sep 17 2026 18:33:01 GMT-0500 (Central Daylight Time),573562.8000000715,A,windo,I,o,99,,916.8000000715256,572646.0,8152,WL,B,10.0
5,16.09500002861023,learn,60000.0,Thu Sep 17 2026 18:33:01 GMT-0500 (Central Daylight Time),574112.2000000477,A,window,I,w,535,,1466.2000000476837,572646.0,8152,WL,B,10.0
5,16.494999885559082,learn,60000.0,Thu Sep 17 2026 18:33:01 GMT-0500 (Central Daylight Time),574512.2000000477,A,windowenter,I,enter,393,,1866.2000000476837,572646.0,8152,WL,B,10.0
5,16.84500002861023,learn,60000.0,Thu Sep 17 2026 18:33:01 GMT-0500 (Central Daylight Time),574862.1000000238,A,a,I,a,329,,349.60000002384186,574512.5,8152,WL,B,11.0
5,17.42799997329712,learn,60000.0,Thu Sep 17 2026 18:33:01 GMT-0500 (Central Daylight Time),575445.2000000477,A,,I,backspace,563,,932.7000000476837,574512.5,8152,WL,B,11.0
5,17.52900004386902,learn,60000.0,Thu Sep 17 2026 18:33:01 GMT-0500 (Central Daylight Time),575545.7000000477,A,s,I,s,92,,1033.2000000476837,574512.5,8152,WL,B,11.0
5,17.710999965667725,learn,60000.0,Thu Sep 17 2026 18:33:01 GMT-0500 (Central Daylight Time),575728.3999999762,A,st,I,t,168,,1215.8999999761581,574512.5,8152,WL,B,11.0
5,17.82799983024597,learn,60000.0,Thu Sep 17 2026 18:33:01 GMT-0500 (Central Daylight Time),575845.1000000238,A,sta,I,a,105,,1332.6000000238419,574512.5,8152,WL,B,11.0
5,17.911999940872192,learn,60000.0,Thu Sep 17 2026 18:33:01 GMT-0500 (Central Daylight Time),575928.5,A,star,I,r,76,,1416.0,574512.5,8152,WL,B,11.0
5,18.361000061035156,learn,60000.0,Thu Sep 17 2026 18:33:01 GMT-0500 (Central Daylight Time),576377.8000000715,A,starenter,I,enter,433,,1865.3000000715256,574512.5,8152,WL,B,11.0
5,18.644999980926514,learn,60000.0,Thu Sep 17 2026 18:33:01 GMT-0500 (Central Daylight Time),576661.5,A,a,I,a,264,,283.5,576378.0,8152,WL,B,12.0
5,19.01099991798401,learn,60000.0,Thu Sep 17 2026 18:33:01 GMT-0500 (Central Daylight Time),577028.0,A,ar,I,r,356,,650.0,576378.0,8152,WL,B,12.0
5,19.111000061035156,learn,60000.0,Thu Sep 17 2026 18:33:01 GMT-0500 (Central Daylight Time),577127.8000000715,A,arm,I,m,93,,749.8000000715256,576378.0,8152,WL,B,12.0
5,19.49399995803833,learn,60000.0,Thu Sep 17 2026 18:33:01 GMT-0500 (Central Daylight Time),577510.8999999762,A,armenter,I,enter,377,,1132.8999999761581,576378.0,8152,WL,B,12.0
5,21.80999994277954,learn,60000.0,Thu Sep 17 2026 18:33:01 GMT-0500 (Central Daylight Time),579827.2000000477,A,c,I,c,2307,,2316.100000023842,577511.1000000238,8152,WL,B,13.0
5,21.927000045776367,learn,60000.0,Thu Sep 17 2026 18:33:01 GMT-0500 (Central Daylight Time),579943.8000000715,A,ci,I,i,102,,2432.7000000476837,577511.1000000238,8152,WL,B,13.0
5,22.05999994277954,learn,60000.0,Thu Sep 17 2026 18:33:01 GMT-0500 (Central Daylight Time),580076.8999999762,A,cit,I,t,114,,2565.7999999523163,577511.1000000238,8152,WL,B,13.0
5,22.125999927520752,learn,60000.0,Thu Sep 17 2026 18:33:01 GMT-0500 (Central Daylight Time),580143.3999999762,A,city,I,y,61,,2632.2999999523163,577511.1000000238,8152,WL,B,13.0
5,22.376999855041504,learn,60000.0,Thu Sep 17 2026 18:33:01 GMT-0500 (Central Daylight Time),580393.6000000238,A,cityenter,I,enter,242,,2882.5,577511.1000000238,8152,WL,B,13.0
5,23.55999994277954,learn,60000.0,Thu Sep 17 2026 18:33:01 GMT-0500 (Central Daylight Time),581576.6000000238,A,c,I,c,1176,,1182.7000000476837,580393.8999999762,8152,WL,B,14.0
5,23.858999967575073,learn,60000.0,Thu Sep 17 2026 18:33:01 GMT-0500 (Central Daylight Time),581876.3000000715,A,ca,I,a,281,,1482.4000000953674,580393.8999999762,8152,WL,B,14.0
5,24.009999990463257,learn,60000.0,Thu Sep 17 2026 18:33:01 GMT-0500 (Central Daylight Time),582026.6000000238,A,cab,I,b,133,,1632.7000000476837,580393.8999999762,8152,WL,B,14.0
5,24.125999927520752,learn,60000.0,Thu Sep 17 2026 18:33:01 GMT-0500 (Central Daylight Time),582143.1000000238,A,cabi,I,i,103,,1749.2000000476837,580393.8999999762,8152,WL,B,14.0
5,24.175999879837036,learn,60000.0,Thu Sep 17 2026 18:33:01 GMT-0500 (Central Daylight Time),582193.0,A,cabin,I,n,42,,1799.1000000238419,580393.8999999762,8152,WL,B,14.0
5,24.47599983215332,learn,60000.0,Thu Sep 17 2026 18:33:01 GMT-0500 (Central Daylight Time),582493.0,A,cabinenter,I,enter,289,,2099.100000023842,580393.8999999762,8152,WL,B,14.0
5,27.524999856948853,learn,60000.0,Thu Sep 17 2026 18:33:01 GMT-0500 (Central Daylight Time),585542.1000000238,A,f,I,f,3028,,3048.7999999523163,582493.3000000715,8152,WL,B,15.0
5,27.625,learn,60000.0,Thu Sep 17 2026 18:33:01 GMT-0500 (Central Daylight Time),585642.0,A,fi,I,i,91,,3148.6999999284744,582493.3000000715,8152,WL,B,15.0
5,27.741999864578247,learn,60000.0,Thu Sep 17 2026 18:33:01 GMT-0500 (Central Daylight Time),585758.5,A,fir,I,r,103,,3265.1999999284744,582493.3000000715,8152,WL,B,15.0
5,27.842000007629395,learn,60000.0,Thu Sep 17 2026 18:33:01 GMT-0500 (Central Daylight Time),585858.8000000715,A,fire,I,e,83,,3365.5,582493.3000000715,8152,WL,B,15.0
5,28.10800004005432,learn,60000.0,Thu Sep 17 2026 18:33:01 GMT-0500 (Central Daylight Time),586125.3000000715,A,fireenter,I,enter,255,,3632.0,582493.3000000715,8152,WL,B,15.0
6,0.9170000553131104,distr,59082.99994468689,Thu Sep 17 2026 18:33:01 GMT-0500 (Central Daylight Time),654337.3000000715,B,r,I,r,901,,916.5,653420.8000000715,8152,WL,B,1.0
6,1.0329999923706055,distr,58967.000007629395,Thu Sep 17 2026 18:33:01 GMT-0500 (Central Daylight Time),654453.7000000477,B,ro,I,o,95,,1032.8999999761581,653420.8000000715,8152,WL,B,1.0
6,1.2829999923706055,distr,58717.000007629395,Thu Sep 17 2026 18:33:01 GMT-0500 (Central Daylight Time),654703.8000000715,B,roc,I,c,236,,1283.0,653420.8000000715,8152,WL,B,1.0
6,1.3660001754760742,distr,58633.999824523926,Thu Sep 17 2026 18:33:01 GMT-0500 (Central Daylight Time),654786.8999999762,B,rock,I,k,75,,1366.0999999046326,653420.8000000715,8152,WL,B,1.0
6,1.6160001754760742,distr,58383.999824523926,Thu Sep 17 2026 18:33:01 GMT-0500 (Central Daylight Time),655036.8000000715,B,rockenter,I,enter,239,,1616.0,653420.8000000715,8152,WL,B,1.0
6,1.8990001678466797,distr,58100.99983215332,Thu Sep 17 2026 18:33:01 GMT-0500 (Central Daylight Time),655320.0,B,a,I,a,277,,282.89999997615814,655037.1000000238,8152,WL,B,2.0
6,2.0490000247955322,distr,57950.99997520447,Thu Sep 17 2026 18:33:01 GMT-0500 (Central Daylight Time),655470.1000000238,B,ar,I,r,129,,433.0,655037.1000000238,8152,WL,B,2.0
6,2.133000135421753,distr,57866.99986457825,Thu Sep 17 2026 18:33:01 GMT-0500 (Central Daylight Time),655553.3999999762,B,arm,I,m,75,,516.2999999523163,655037.1000000238,8152,WL,B,2.0
6,2.432000160217285,distr,57567.999839782715,Thu Sep 17 2026 18:33:01 GMT-0500 (Central Daylight Time),655853.2000000477,B,army,I,y,280,,816.1000000238419,655037.1000000238,8152,WL,B,2.0
6,2.815999984741211,distr,57184.00001525879,Thu Sep 17 2026 18:33:01 GMT-0500 (Central Daylight Time),656236.7000000477,B,armyenter,I,enter,372,,1199.6000000238419,655037.1000000238,8152,WL,B,2.0
6,3.116000175476074,distr,56883.999824523926,Thu Sep 17 2026 18:33:01 GMT-0500 (Central Daylight Time),656536.5,B,b,I,b,293,,299.5,656237.0,8152,WL,B,3.0
6,3.2660000324249268,distr,56733.99996757507,Thu Sep 17 2026 18:33:01 GMT-0500 (Central Daylight Time),656686.3999999762,B,bu,I,u,129,,449.39999997615814,656237.0,8152,WL,B,3.0
6,3.4660000801086426,distr,56533.99991989136,Thu Sep 17 2026 18:33:01 GMT-0500 (Central Daylight Time),656886.3999999762,B,bui,I,i,179,,649.3999999761581,656237.0,8152,WL,B,3.0
6,3.6649999618530273,distr,56335.00003814697,Thu Sep 17 2026 18:33:01 GMT-0500 (Central Daylight Time),657086.1000000238,B,buil,I,l,187,,849.1000000238419,656237.0,8152,WL,B,3.0
6,3.815000057220459,distr,56184.99994277954,Thu Sep 17 2026 18:33:01 GMT-0500 (Central Daylight Time),657236.0,B,build,I,d,131,,999.0,656237.0,8152,WL,B,3.0
6,3.9149999618530273,distr,56085.00003814697,Thu Sep 17 2026 18:33:01 GMT-0500 (Central Daylight Time),657336.1000000238,B,buildi,I,i,93,,1099.1000000238419,656237.0,8152,WL,B,3.0
6,3.9820001125335693,distr,56017.99988746643,Thu Sep 17 2026 18:33:01 GMT-0500 (Central Daylight Time),657402.3999999762,B,buildin,I,n,48,,1165.3999999761581,656237.0,8152,WL,B,3.0
6,4.065000057220459,distr,55934.99994277954,Thu Sep 17 2026 18:33:01 GMT-0500 (Central Daylight Time),657485.7000000477,B,building,I,g,71,,1248.7000000476837,656237.0,8152,WL,B,3.0
6,4.249000072479248,distr,55750.99992752075,Thu Sep 17 2026 18:33:01 GMT-0500 (Central Daylight Time),657669.2000000477,B,buildingenter,I,enter,164,,1432.2000000476837,656237.0,8152,WL,B,3.0
6,4.664999961853027,distr,55335.00003814697,Thu Sep 17 2026 18:33:01 GMT-0500 (Central Daylight Time),658085.8000000715,B,f,I,f,396,,416.2000000476837,657669.6000000238,8152,WL,B,4.0
6,4.865000009536743,distr,55134.99999046326,Thu Sep 17 2026 18:33:01 GMT-0500 (Central Daylight Time),658286.0,B,fr,I,r,196,,616.3999999761581,657669.6000000238,8152,WL,B,4.0
6,5.015000104904175,distr,54984.999895095825,Thu Sep 17 2026 18:33:01 GMT-0500 (Central Daylight Time),658435.7000000477,B,fri,I,i,132,,766.1000000238419,657669.6000000238,8152,WL,B,4.0
6,5.115000009536743,distr,54884.99999046326,Thu Sep 17 2026 18:33:01 GMT-0500 (Central Daylight Time),658535.3999999762,B,frie,I,e,95,,865.7999999523163,657669.6000000238,8152,WL,B,4.0
6,5.248000144958496,distr,54751.999855041504,Thu Sep 17 2026 18:33:01 GMT-0500 (Central Daylight Time),658669.0,B,frien,I,n,122,,999.3999999761581,657669.6000000238,8152,WL,B,4.0
6,5.5980000495910645,distr,54401.999950408936,Thu Sep 17 2026 18:33:01 GMT-0500 (Central Daylight Time),659018.7000000477,B,friend,I,d,340,,1349.1000000238419,657669.6000000238,8152,WL,B,4.0
6,5.998000144958496,distr,54001.999855041504,Thu Sep 17 2026 18:33:01 GMT-0500 (Central Daylight Time),659418.7000000477,B,friendenter,I,enter,390,,1749.1000000238419,657669.6000000238,8152,WL,B,4.0
6,6.365000009536743,distr,53634.99999046326,Thu Sep 17 2026 18:33:01 GMT-0500 (Central Daylight Time),659785.3999999762,B,p,I,p,351,,366.39999997615814,659419.0,8152,WL,B,5.0
6,6.481000185012817,distr,53518.99981498718,Thu Sep 17 2026 18:33:01 GMT-0500 (Central Daylight Time),659901.8000000715,B,pa,I,a,96,,482.8000000715256,659419.0,8152,WL,B,5.0
6,6.54800009727478,distr,53451.99990272522,Thu Sep 17 2026 18:33:01 GMT-0500 (Central Daylight Time),659968.6000000238,B,pal,I,l,60,,549.6000000238419,659419.0,8152,WL,B,5.0
6,6.7799999713897705,distr,53220.00002861023,Thu Sep 17 2026 18:33:01 GMT-0500 (Central Daylight Time),660202.0,B,pala,I,a,225,,783.0,659419.0,8152,WL,B,5.0
6,7.197000026702881,distr,52802.99997329712,Thu Sep 17 2026 18:33:01 GMT-0500 (Central Daylight Time),660618.6000000238,B,palac,I,c,399,,1199.6000000238419,659419.0,8152,WL,B,5.0
6,7.297000169754028,distr,52702.99983024597,Thu Sep 17 2026 18:33:01 GMT-0500 (Central Daylight Time),660718.2000000477,B,palace,I,e,79,,1299.2000000476837,659419.0,8152,WL,B,5.0
6,7.463000059127808,distr,52536.99994087219,Thu Sep 17 2026 18:33:01 GMT-0500 (Central Daylight Time),660885.0,B,palaceenter,I,enter,157,,1466.0,659419.0,8152,WL,B,5.0
6,7.7799999713897705,distr,52220.00002861023,Thu Sep 17 2026 18:33:01 GMT-0500 (Central Daylight Time),661201.7000000477,B,b,I,b,309,,316.5,660885.2000000477,8152,WL,B,6.0
6,8.163000106811523,distr,51836.99989318848,Thu Sep 17 2026 18:33:01 GMT-0500 (Central Daylight Time),661584.8999999762,B,ba,I,a,368,,699.6999999284744,660885.2000000477,8152,WL,B,6.0
6,8.263000011444092,distr,51736.99998855591,Thu Sep 17 2026 18:33:01 GMT-0500 (Central Daylight Time),661684.8000000715,B,bab,I,b,89,,799.6000000238419,660885.2000000477,8152,WL,B,6.0
6,8.513000011444092,distr,51486.99998855591,Thu Sep 17 2026 18:33:01 GMT-0500 (Central Daylight Time),661934.6000000238,B,baby,I,y,245,,1049.3999999761581,660885.2000000477,8152,WL,B,6.0
6,9.344000101089478,distr,50655.99989891052,Thu Sep 17 2026 18:33:01 GMT-0500 (Central Daylight Time),662765.3999999762,B,babyenter,I,enter,826,,1880.1999999284744,660885.2000000477,8152,WL,B,6.0
6,10.413000106811523,distr,49586.99989318848,Thu Sep 17 2026 18:33:01 GMT-0500 (Central Daylight Time),663834.1000000238,B,l,I,l,1061,,1068.2999999523163,662765.8000000715,8152,WL,B,7.0
6,10.729000091552734,distr,49270.999908447266,Thu Sep 17 2026 18:33:01 GMT-0500 (Central Daylight Time),664150.6000000238,B,li,I,i,303,,1384.7999999523163,662765.8000000715,8152,WL,B,7.0
6,10.861999988555908,distr,49138.00001144409,Thu Sep 17 2026 18:33:01 GMT-0500 (Central Daylight Time),664283.8000000715,B,lip,I,p,123,,1518.0,662765.8000000715,8152,WL,B,7.0
6,11.345999956130981,distr,48654.00004386902,Thu Sep 17 2026 18:33:01 GMT-0500 (Central Daylight Time),664767.1000000238,B,lipenter,I,enter,469,,2001.2999999523163,662765.8000000715,8152,WL,B,7.0
6,19.710000038146973,distr,40289.99996185303,Thu Sep 17 2026 18:33:01 GMT-0500 (Central Daylight Time),673131.3000000715,B,r,I,r,8346,,8363.900000095367,664767.3999999762,8152,WL,B,8.0
6,19.81000018119812,distr,40189.99981880188,Thu Sep 17 2026 18:33:01 GMT-0500 (Central Daylight Time),673231.3000000715,B,ro,I,o,85,,8463.900000095367,664767.3999999762,8152,WL,B,8.0
6,19.943000078201294,distr,40056.999921798706,Thu Sep 17 2026 18:33:01 GMT-0500 (Central Daylight Time),673364.6000000238,B,roc,I,c,123,,8597.200000047684,664767.3999999762,8152,WL,B,8.0
6,20.009000062942505,distr,39990.999937057495,Thu Sep 17 2026 18:33:01 GMT-0500 (Central Daylight Time),673430.8999999762,B,rock,I,k,61,,8663.5,664767.3999999762,8152,WL,B,8.0
6,20.243000030517578,distr,39756.99996948242,Thu Sep 17 2026 18:33:01 GMT-0500 (Central Daylight Time),673664.3999999762,B,rockenter,I,enter,227,,8897.0,664767.3999999762,8152,WL,B,8.0
6,23.342000007629395,distr,36657.999992370605,Thu Sep 17 2026 18:33:01 GMT-0500 (Central Daylight Time),676763.3999999762,B,o,I,o,3081,,3098.5999999046326,673664.8000000715,8152,WL,B,9.0
6,23.475000143051147,distr,36524.99985694885,Thu Sep 17 2026 18:33:01 GMT-0500 (Central Daylight Time),676896.7000000477,B,oc,I,c,127,,3231.899999976158,673664.8000000715,8152,WL,B,9.0
6,23.592000007629395,distr,36407.999992370605,Thu Sep 17 2026 18:33:01 GMT-0500 (Central Daylight Time),677013.0,B,oce,I,e,104,,3348.1999999284744,673664.8000000715,8152,WL,B,9.0
6,23.692000150680542,distr,36307.99984931946,Thu Sep 17 2026 18:33:01 GMT-0500 (Central Daylight Time),677113.3000000715,B,ocea,I,a,84,,3448.5,673664.8000000715,8152,WL,B,9.0
6,23.825000047683716,distr,36174.999952316284,Thu Sep 17 2026 18:33:01 GMT-0500 (Central Daylight Time),677246.5,B,ocean,I,n,112,,3581.6999999284744,673664.8000000715,8152,WL,B,9.0
6,24.591000080108643,distr,35408.99991989136,Thu Sep 17 2026 18:33:01 GMT-0500 (Central Daylight Time),678013.1000000238,B,oceanenter,I,enter,755,,4348.299999952316,673664.8000000715,8152,WL,B,9.0
6,33.73800015449524,distr,26261.99984550476,Thu Sep 17 2026 18:33:01 GMT-0500 (Central Daylight Time),687159.8999999762,B,enter,I,enter,9141,,9146.5,678013.3999999762,8152,WL,B,10.0
6,34.00500011444092,distr,25994.999885559082,Thu Sep 17 2026 18:33:01 GMT-0500 (Central Daylight Time),687426.7000000477,B,enter,I,enter,249,,266.39999997615814,687160.3000000715,8152,WL,B,11.0
6,34.22200012207031,distr,25777.999877929688,Thu Sep 17 2026 18:33:01 GMT-0500 (Central Daylight Time),687643.3000000715,B,enter,I,enter,208,,216.20000004768372,687427.1000000238,8152,WL,B,12.0
6,34.605000019073486,distr,25394.999980926514,Thu Sep 17 2026 18:33:01 GMT-0500 (Central Daylight Time),688026.6000000238,B,enter,I,enter,375,,382.60000002384186,687644.0,8152,WL,B,13.0
6,34.9210000038147,distr,25078.999996185303,Thu Sep 17 2026 18:33:01 GMT-0500 (Central Daylight Time),688343.0,B,enter,I,enter,312,,316.10000002384186,688026.8999999762,8152,WL,B,14.0
6,35.355000019073486,distr,24644.999980926514,Thu Sep 17 2026 18:33:01 GMT-0500 (Central Daylight Time),688776.3999999762,B,enter,I,enter,419,,433.09999990463257,688343.3000000715,8152,WL,B,15.0
7,2.4149999618530273,immed,57585.00003814697,Thu Sep 17 2026 18:33:01 GMT-0500 (Central Daylight Time),707837.0,A,f,I,f,2405,,2415.7999999523163,705421.2000000477,8152,WL,B,1.0
7,3.065000057220459,immed,56934.99994277954,Thu Sep 17 2026 18:33:01 GMT-0500 (Central Daylight Time),708486.8999999762,A,,I,backspace,629,,3065.6999999284744,705421.2000000477,8152,WL,B,1.0
7,3.4820001125335693,immed,56517.99988746643,Thu Sep 17 2026 18:33:01 GMT-0500 (Central Daylight Time),708903.2000000477,A,f,I,f,411,,3482.0,705421.2000000477,8152,WL,B,1.0
7,3.615000009536743,immed,56384.99999046326,Thu Sep 17 2026 18:33:01 GMT-0500 (Central Daylight Time),709036.5,A,fi,I,i,114,,3615.2999999523163,705421.2000000477,8152,WL,B,1.0
7,3.7150001525878906,immed,56284.99984741211,Thu Sep 17 2026 18:33:01 GMT-0500 (Central Daylight Time),709136.3999999762,A,fir,I,r,85,,3715.1999999284744,705421.2000000477,8152,WL,B,1.0
7,3.7990000247955322,immed,56200.99997520447,Thu Sep 17 2026 18:33:01 GMT-0500 (Central Daylight Time),709220.3999999762,A,fire,I,e,73,,3799.1999999284744,705421.2000000477,8152,WL,B,1.0
7,3.9820001125335693,immed,56017.99988746643,Thu Sep 17 2026 18:33:01 GMT-0500 (Central Daylight Time),709403.2000000477,A,fireenter,I,enter,164,,3982.0,705421.2000000477,8152,WL,B,1.0
7,5.481000185012817,immed,54518.99981498718,Thu Sep 17 2026 18:33:01 GMT-0500 (Central Daylight Time),710902.8000000715,A,c,I,c,1495,,1499.2000000476837,709403.6000000238,8152,WL,B,2.0
7,5.5980000495910645,immed,54401.999950408936,Thu Sep 17 2026 18:33:01 GMT-0500 (Central Daylight Time),711019.3000000715,A,ca,I,a,99,,1615.7000000476837,709403.6000000238,8152,WL,B,2.0
7,5.71399998664856,immed,54286.00001335144,Thu Sep 17 2026 18:33:01 GMT-0500 (Central Daylight Time),711135.8999999762,A,cab,I,b,103,,1732.2999999523163,709403.6000000238,8152,WL,B,2.0
7,5.864000082015991,immed,54135.99991798401,Thu Sep 17 2026 18:33:01 GMT-0500 (Central Daylight Time),711285.7000000477,A,cabi,I,i,129,,1882.1000000238419,709403.6000000238,8152,WL,B,2.0
7,5.947999954223633,immed,54052.00004577637,Thu Sep 17 2026 18:33:01 GMT-0500 (Central Daylight Time),711369.2000000477,A,cabin,I,n,76,,1965.6000000238419,709403.6000000238,8152,WL,B,2.0
7,6.164000034332275,immed,53835.999965667725,Thu Sep 17 2026 18:33:01 GMT-0500 (Central Daylight Time),711585.6000000238,A,cabinenter,I,enter,208,,2182.0,709403.6000000238,8152,WL,B,2.0
7,6.5970001220703125,immed,53402.99987792969,Thu Sep 17 2026 18:33:01 GMT-0500 (Central Daylight Time),712018.8999999762,A,l,I,l,416,,433.0,711585.8999999762,8152,WL,B,3.0
7,6.79800009727478,immed,53201.99990272522,Thu Sep 17 2026 18:33:01 GMT-0500 (Central Daylight Time),712219.1000000238,A,la,I,a,182,,633.2000000476837,711585.8999999762,8152,WL,B,3.0
7,6.914000034332275,immed,53085.999965667725,Thu Sep 17 2026 18:33:01 GMT-0500 (Central Daylight Time),712335.6000000238,A,lak,I,k,110,,749.7000000476837,711585.8999999762,8152,WL,B,3.0
7,7.064000129699707,immed,52935.99987030029,Thu Sep 17 2026 18:33:01 GMT-0500 (Central Daylight Time),712485.5,A,lake,I,e,130,,899.6000000238419,711585.8999999762,8152,WL,B,3.0
7,7.197999954223633,immed,52802.00004577637,Thu Sep 17 2026 18:33:01 GMT-0500 (Central Daylight Time),712619.8000000715,A,lakeenter,I,enter,124,,1033.9000000953674,711585.8999999762,8152,WL,B,3.0
7,8.348000049591064,immed,51651.999950408936,Thu Sep 17 2026 18:33:01 GMT-0500 (Central Daylight Time),713769.5,A,d,I,d,1141,,1149.3999999761581,712620.1000000238,8152,WL,B,4.0
7,8.513000011444092,immed,51486.99998855591,Thu Sep 17 2026 18:33:01 GMT-0500 (Central Daylight Time),713934.8999999762,A,do,I,o,160,,1314.7999999523163,712620.1000000238,8152,WL,B,4.0
7,8.647000074386597,immed,51352.9999256134,Thu Sep 17 2026 18:33:01 GMT-0500 (Central Daylight Time),714068.6000000238,A,doo,I,o,123,,1448.5,712620.1000000238,8152,WL,B,4.0
7,8.77999997138977,immed,51220.00002861023,Thu Sep 17 2026 18:33:01 GMT-0500 (Central Daylight Time),714201.6000000238,A,door,I,r,125,,1581.5,712620.1000000238,8152,WL,B,4.0
7,9.11300015449524,immed,50886.99984550476,Thu Sep 17 2026 18:33:01 GMT-0500 (Central Daylight Time),714534.8999999762,A,doorenter,I,enter,313,,1914.7999999523163,712620.1000000238,8152,WL,B,4.0
7,9.345999956130981,immed,50654.00004386902,Thu Sep 17 2026 18:33:01 GMT-0500 (Central Daylight Time),714768.0,A,w,I,w,219,,232.69999992847443,714535.3000000715,8152,WL,B,5.0
7,9.44700002670288,immed,50552.99997329712,Thu Sep 17 2026 18:33:01 GMT-0500 (Central Daylight Time),714868.3000000715,A,wi,I,i,89,,333.0,714535.3000000715,8152,WL,B,5.0
7,9.580000162124634,immed,50419.999837875366,Thu Sep 17 2026 18:33:01 GMT-0500 (Central Daylight Time),715001.5,A,win,I,n,126,,466.1999999284744,714535.3000000715,8152,WL,B,5.0
7,10.095999956130981,immed,49904.00004386902,Thu Sep 17 2026 18:33:01 GMT-0500 (Central Daylight Time),715517.8999999762,A,wind,I,d,504,,982.5999999046326,714535.3000000715,8152,WL,B,5.0
7,10.213000059127808,immed,49786.99994087219,Thu Sep 17 2026 18:33:01 GMT-0500 (Central Daylight Time),715634.5,A,windo,I,o,100,,1099.1999999284744,714535.3000000715,8152,WL,B,5.0
7,10.396000146865845,immed,49603.999853134155,Thu Sep 17 2026 18:33:01 GMT-0500 (Central Daylight Time),715817.8000000715,A,window,I,w,167,,1282.5,714535.3000000715,8152,WL,B,5.0
7,10.713000059127808,immed,49286.99994087219,Thu Sep 17 2026 18:33:01 GMT-0500 (Central Daylight Time),716134.3000000715,A,windowenter,I,enter,296,,1599.0,714535.3000000715,8152,WL,B,5.0
7,10.979000091552734,immed,49020.999908447266,Thu Sep 17 2026 18:33:01 GMT-0500 (Central Daylight Time),716400.8999999762,A,g,I,g,259,,266.1999999284744,716134.7000000477,8152,WL,B,6.0
7,11.17900013923645,immed,48820.99986076355,Thu Sep 17 2026 18:33:01 GMT-0500 (Central Daylight Time),716600.8999999762,A,gr,I,r,192,,466.1999999284744,716134.7000000477,8152,WL,B,6.0
7,11.296000003814697,immed,48703.9999961853,Thu Sep 17 2026 18:33:01 GMT-0500 (Central Daylight Time),716717.5,A,gra,I,a,96,,582.7999999523163,716134.7000000477,8152,WL,B,6.0
7,11.578999996185303,immed,48421.0000038147,Thu Sep 17 2026 18:33:01 GMT-0500 (Central Daylight Time),717000.6000000238,A,gras,I,s,268,,865.8999999761581,716134.7000000477,8152,WL,B,6.0
7,11.76200008392334,immed,48237.99991607666,Thu Sep 17 2026 18:33:01 GMT-0500 (Central Daylight Time),717184.0,A,grass,I,s,169,,1049.2999999523163,716134.7000000477,8152,WL,B,6.0
7,11.996000051498413,immed,48003.99994850159,Thu Sep 17 2026 18:33:01 GMT-0500 (Central Daylight Time),717417.2000000477,A,grassenter,I,enter,217,,1282.5,716134.7000000477,8152,WL,B,6.0
7,12.611999988555908,immed,47388.00001144409,Thu Sep 17 2026 18:33:01 GMT-0500 (Central Daylight Time),718033.7000000477,A,s,I,s,608,,616.1000000238419,717417.6000000238,8152,WL,B,7.0
7,12.795000076293945,immed,47204.999923706055,Thu Sep 17 2026 18:33:01 GMT-0500 (Central Daylight Time),718217.0,A,st,I,t,168,,799.3999999761581,717417.6000000238,8152,WL,B,7.0
7,12.979000091552734,immed,47020.999908447266,Thu Sep 17 2026 18:33:01 GMT-0500 (Central Daylight Time),718400.3999999762,A,str,I,r,168,,982.7999999523163,717417.6000000238,8152,WL,B,7.0
7,13.062000036239624,immed,46937.999963760376,Thu Sep 17 2026 18:33:01 GMT-0500 (Central Daylight Time),718483.8000000715,A,stre,I,e,73,,1066.2000000476837,717417.6000000238,8152,WL,B,7.0
7,13.26200008392334,immed,46737.99991607666,Thu Sep 17 2026 18:33:01 GMT-0500 (Central Daylight Time),718683.3999999762,A,stree,I,e,190,,1265.7999999523163,717417.6000000238,8152,WL,B,7.0
7,13.562000036239624,immed,46437.999963760376,Thu Sep 17 2026 18:33:01 GMT-0500 (Central Daylight Time),718983.3000000715,A,street,I,t,294,,1565.7000000476837,717417.6000000238,8152,WL,B,7.0
7,13.912000179290771,immed,46087.99982070923,Thu Sep 17 2026 18:33:01 GMT-0500 (Central Daylight Time),719333.3999999762,A,streetenter,I,enter,339,,1915.7999999523163,717417.6000000238,8152,WL,B,7.0
7,14.144999980926514,immed,45855.000019073486,Thu Sep 17 2026 18:33:01 GMT-0500 (Central Daylight Time),719566.3000000715,A,w,I,w,228,,232.70000004768372,719333.6000000238,8152,WL,B,8.0
7,14.32800006866455,immed,45671.99993133545,Thu Sep 17 2026 18:33:01 GMT-0500 (Central Daylight Time),719749.8000000715,A,wi,I,i,163,,416.2000000476837,719333.6000000238,8152,WL,B,8.0
7,14.42799997329712,immed,45572.00002670288,Thu Sep 17 2026 18:33:01 GMT-0500 (Central Daylight Time),719849.8000000715,A,wif,I,f,92,,516.2000000476837,719333.6000000238,8152,WL,B,8.0
7,14.545000076293945,immed,45454.999923706055,Thu Sep 17 2026 18:33:01 GMT-0500 (Central Daylight Time),719966.5,A,wife,I,e,95,,632.8999999761581,719333.6000000238,8152,WL,B,8.0
7,14.712000131607056,immed,45287.999868392944,Thu Sep 17 2026 18:33:01 GMT-0500 (Central Daylight Time),720133.1000000238,A,wifeenter,I,enter,155,,799.5,719333.6000000238,8152,WL,B,8.0
7,18.24399995803833,immed,41756.00004196167,Thu Sep 17 2026 18:33:01 GMT-0500 (Central Daylight Time),723666.5,A,a,I,a,3517,,3533.0,720133.5,8152,WL,B,9.0
7,18.37600016593933,immed,41623.99983406067,Thu Sep 17 2026 18:33:01 GMT-0500 (Central Daylight Time),723798.7000000477,A,ar,I,r,119,,3665.2000000476837,720133.5,8152,WL,B,9.0
7,18.526000022888184,immed,41473.99997711182,Thu Sep 17 2026 18:33:01 GMT-0500 (Central Daylight Time),723948.7000000477,A,arm,I,m,140,,3815.2000000476837,720133.5,8152,WL,B,9.0
7,18.776000022888184,immed,41223.99997711182,Thu Sep 17 2026 18:33:01 GMT-0500 (Central Daylight Time),724198.6000000238,A,armenter,I,enter,229,,4065.100000023842,720133.5,8152,WL,B,9.0
7,19.075999975204468,immed,40924.00002479553,Thu Sep 17 2026 18:33:01 GMT-0500 (Central Daylight Time),724498.3999999762,A,s,I,s,283,,299.5,724198.8999999762,8152,WL,B,10.0
7,19.259000062942505,immed,40740.999937057495,Thu Sep 17 2026 18:33:01 GMT-0500 (Central Daylight Time),724681.6000000238,A,st,I,t,167,,482.7000000476837,724198.8999999762,8152,WL,B,10.0
7,19.37600016593933,immed,40623.99983406067,Thu Sep 17 2026 18:33:01 GMT-0500 (Central Daylight Time),724798.1000000238,A,sta,I,a,104,,599.2000000476837,724198.8999999762,8152,WL,B,10.0
7,19.493000030517578,immed,40506.99996948242,Thu Sep 17 2026 18:33:01 GMT-0500 (Central Daylight Time),724915.0,A,star,I,r,108,,716.1000000238419,724198.8999999762,8152,WL,B,10.0
7,19.943000078201294,immed,40056.999921798706,Thu Sep 17 2026 18:33:01 GMT-0500 (Central Daylight Time),725365.0,A,starenter,I,enter,439,,1166.1000000238419,724198.8999999762,8152,WL,B,10.0
7,22.657999992370605,immed,37342.000007629395,Thu Sep 17 2026 18:33:01 GMT-0500 (Central Daylight Time),728080.8999999762,A,c,I,c,2702,,2715.6999999284744,725365.2000000477,8152,WL,B,11.0
7,22.77500009536743,immed,37224.99990463257,Thu Sep 17 2026 18:33:01 GMT-0500 (Central Daylight Time),728197.2000000477,A,cl,I,l,96,,2832.0,725365.2000000477,8152,WL,B,11.0
7,22.94099998474121,immed,37059.00001525879,Thu Sep 17 2026 18:33:01 GMT-0500 (Central Daylight Time),728363.7000000477,A,clo,I,o,157,,2998.5,725365.2000000477,8152,WL,B,11.0
7,23.10800004005432,immed,36891.99995994568,Thu Sep 17 2026 18:33:01 GMT-0500 (Central Daylight Time),728530.5,A,cloc,I,c,151,,3165.2999999523163,725365.2000000477,8152,WL,B,11.0
7,23.20800018310547,immed,36791.99981689453,Thu Sep 17 2026 18:33:01 GMT-0500 (Central Daylight Time),728630.3999999762,A,clock,I,k,95,,3265.1999999284744,725365.2000000477,8152,WL,B,11.0
7,23.475000143051147,immed,36524.99985694885,Thu Sep 17 2026 18:33:01 GMT-0500 (Central Daylight Time),728897.1000000238,A,clockenter,I,enter,260,,3531.899999976158,725365.2000000477,8152,WL,B,11.0
7,23.85800004005432,immed,36141.99995994568,Thu Sep 17 2026 18:33:01 GMT-0500 (Central Daylight Time),729280.3000000715,A,p,I,p,378,,382.90000009536743,728897.3999999762,8152,WL,B,12.0
7,24.074000120162964,immed,35925.999879837036,Thu Sep 17 2026 18:33:01 GMT-0500 (Central Daylight Time),729496.8000000715,A,pi,I,i,201,,599.4000000953674,728897.3999999762,8152,WL,B,12.0
7,24.29100012779236,immed,35708.99987220764,Thu Sep 17 2026 18:33:01 GMT-0500 (Central Daylight Time),729713.3999999762,A,pip,I,p,200,,816.0,728897.3999999762,8152,WL,B,12.0
7,24.44099998474121,immed,35559.00001525879,Thu Sep 17 2026 18:33:01 GMT-0500 (Central Daylight Time),729863.5,A,pipe,I,e,136,,966.1000000238419,728897.3999999762,8152,WL,B,12.0
7,24.758000135421753,immed,35241.99986457825,Thu Sep 17 2026 18:33:01 GMT-0500 (Central Daylight Time),730180.1000000238,A,pipeenter,I,enter,307,,1282.7000000476837,728897.3999999762,8152,WL,B,12.0
7,27.624000072479248,immed,32375.999927520752,Thu Sep 17 2026 18:33:01 GMT-0500 (Central Daylight Time),733046.5,A,c,I,c,2855,,2866.0,730180.5,8152,WL,B,13.0
7,27.707000017166138,immed,32292.999982833862,Thu Sep 17 2026 18:33:01 GMT-0500 (Central Daylight Time),733129.1000000238,A,ca,I,a,75,,2948.600000023842,730180.5,8152,WL,B,13.0
7,27.874000072479248,immed,32125.999927520752,Thu Sep 17 2026 18:33:01 GMT-0500 (Central Daylight Time),733296.7000000477,A,cab,I,b,153,,3116.2000000476837,730180.5,8152,WL,B,13.0
7,28.174999952316284,immed,31825.000047683716,Thu Sep 17 2026 18:33:01 GMT-0500 (Central Daylight Time),733597.5,A,cabi,I,i,148,,3417.0,730180.5,8152,WL,B,13.0
7,28.189000129699707,immed,31810.999870300293,Thu Sep 17 2026 18:33:01 GMT-0500 (Central Daylight Time),733611.8000000715,A,cabin,I,n,0,,3431.3000000715256,730180.5,8152,WL,B,13.0
7,28.75600004196167,immed,31243.99995803833,Thu Sep 17 2026 18:33:01 GMT-0500 (Central Daylight Time),734178.5,A,cabinenter,I,enter,548,,3998.0,730180.5,8152,WL,B,13.0
7,38.519999980926514,immed,21480.000019073486,Thu Sep 17 2026 18:33:01 GMT-0500 (Central Daylight Time),743942.2000000477,A,w,I,w,9758,,9763.399999976158,734178.8000000715,8152,WL,B,14.0
7,38.670000076293945,immed,21329.999923706055,Thu Sep 17 2026 18:33:01 GMT-0500 (Central Daylight Time),744092.3999999762,A,wi,I,i,131,,9913.599999904633,734178.8000000715,8152,WL,B,14.0
7,38.753000020980835,immed,21246.999979019165,Thu Sep 17 2026 18:33:01 GMT-0500 (Central Daylight Time),744175.3999999762,A,wif,I,f,70,,9996.599999904633,734178.8000000715,8152,WL,B,14.0
7,38.82000017166138,immed,21179.999828338623,Thu Sep 17 2026 18:33:01 GMT-0500 (Central Daylight Time),744242.3999999762,A,wife,I,e,58,,10063.599999904633,734178.8000000715,8152,WL,B,14.0
7,39.003000020980835,immed,20996.999979019165,Thu Sep 17 2026 18:33:01 GMT-0500 (Central Daylight Time),744425.3999999762,A,wifeenter,I,enter,176,,10246.599999904633,734178.8000000715,8152,WL,B,14.0
7,40.15300011634827,immed,19846.999883651733,Thu Sep 17 2026 18:33:01 GMT-0500 (Central Daylight Time),745575.3000000715,A,enter,I,enter,1136,,1149.5,744425.8000000715,8152,WL,B,15.0
