block_c,block_dur,condition,countdown,datetime,endtime,list,multichar_response,project,response,response_time,session_number,start_end,starttime,subject_id,task,task_vers,trial
,,,,Fri Sep 04 2026 14:15:49 GMT-0500 (Central Daylight Time),,,,I,space,183,3,,,8098,WL,A,
prac,,0,,Fri Sep 04 2026 14:15:49 GMT-0500 (Central Daylight Time),,NA,b,I,b,1325,3,,,8098,WL,A,1.0
prac,,0,,Fri Sep 04 2026 14:15:49 GMT-0500 (Central Daylight Time),,NA,bo,I,o,224,3,,,8098,WL,A,1.0
prac,,0,,Fri Sep 04 2026 14:15:49 GMT-0500 (Central Daylight Time),,NA,boo,I,o,146,3,,,8098,WL,A,1.0
prac,,0,,Fri Sep 04 2026 14:15:49 GMT-0500 (Central Daylight Time),,NA,boos,I,s,92,3,,,8098,WL,A,1.0
prac,,0,,Fri Sep 04 2026 14:15:49 GMT-0500 (Central Daylight Time),,NA,boost,I,t,144,3,,,8098,WL,A,1.0
prac,,0,,Fri Sep 04 2026 14:15:49 GMT-0500 (Central Daylight Time),,NA,boostenter,I,enter,1179,3,,,8098,WL,A,1.0
1,1.0,learn,59000.0,Fri Sep 04 2026 14:15:49 GMT-0500 (Central Daylight Time),99733.79999995232,A,b,I,b,989,3,1000.0999999046326,98733.70000004768,8098,WL,A,1.0
1,1.5329999923706055,learn,58467.000007629395,Fri Sep 04 2026 14:15:49 GMT-0500 (Central Daylight Time),100266.40000009537,A,bo,I,o,524,3,1532.7000000476837,98733.70000004768,8098,WL,A,1.0
1,1.7660000324249268,learn,58233.99996757507,Fri Sep 04 2026 14:15:49 GMT-0500 (Central Daylight Time),100499.90000009537,A,boo,I,o,217,3,1766.2000000476837,98733.70000004768,8098,WL,A,1.0
1,2.0490000247955322,learn,57950.99997520447,Fri Sep 04 2026 14:15:49 GMT-0500 (Central Daylight Time),100783.0,A,book,I,k,271,3,2049.2999999523163,98733.70000004768,8098,WL,A,1.0
1,2.683000087738037,learn,57316.99991226196,Fri Sep 04 2026 14:15:49 GMT-0500 (Central Daylight Time),101416.40000009537,A,bookenter,I,enter,611,3,2682.7000000476837,98733.70000004768,8098,WL,A,1.0
1,3.365000009536743,learn,56634.99999046326,Fri Sep 04 2026 14:15:49 GMT-0500 (Central Daylight Time),102099.09999990463,A,f,I,f,666,3,682.2999999523163,101416.79999995232,8098,WL,A,2.0
1,3.681999921798706,learn,56318.000078201294,Fri Sep 04 2026 14:15:49 GMT-0500 (Central Daylight Time),102416.0,A,fl,I,l,311,3,999.2000000476837,101416.79999995232,8098,WL,A,2.0
1,3.9819998741149902,learn,56018.00012588501,Fri Sep 04 2026 14:15:49 GMT-0500 (Central Daylight Time),102715.79999995232,A,flo,I,o,282,3,1299.0,101416.79999995232,8098,WL,A,2.0
1,4.2149999141693115,learn,55785.00008583069,Fri Sep 04 2026 14:15:49 GMT-0500 (Central Daylight Time),102949.09999990463,A,flow,I,w,224,3,1532.2999999523163,101416.79999995232,8098,WL,A,2.0
1,4.664999961853027,learn,55335.00003814697,Fri Sep 04 2026 14:15:49 GMT-0500 (Central Daylight Time),103398.70000004768,A,flowe,I,e,438,3,1981.9000000953674,101416.79999995232,8098,WL,A,2.0
1,4.7820000648498535,learn,55217.99993515015,Fri Sep 04 2026 14:15:49 GMT-0500 (Central Daylight Time),103515.29999995232,A,flower,I,r,108,3,2098.5,101416.79999995232,8098,WL,A,2.0
1,5.398000001907349,learn,54601.99999809265,Fri Sep 04 2026 14:15:49 GMT-0500 (Central Daylight Time),104131.90000009537,A,flowerenter,I,enter,608,3,2715.100000143051,101416.79999995232,8098,WL,A,2.0
1,6.730999946594238,learn,53269.00005340576,Fri Sep 04 2026 14:15:49 GMT-0500 (Central Daylight Time),105464.59999990463,A,m,I,m,1327,3,1332.0999999046326,104132.5,8098,WL,A,3.0
1,6.898000001907349,learn,53101.99999809265,Fri Sep 04 2026 14:15:49 GMT-0500 (Central Daylight Time),105631.5,A,me,I,e,146,3,1499.0,104132.5,8098,WL,A,3.0
1,6.997999906539917,learn,53002.00009346008,Fri Sep 04 2026 14:15:49 GMT-0500 (Central Daylight Time),105731.40000009537,A,mea,I,a,92,3,1598.9000000953674,104132.5,8098,WL,A,3.0
1,7.29800009727478,learn,52701.99990272522,Fri Sep 04 2026 14:15:49 GMT-0500 (Central Daylight Time),106031.29999995232,A,mead,I,d,279,3,1898.7999999523163,104132.5,8098,WL,A,3.0
1,7.546999931335449,learn,52453.00006866455,Fri Sep 04 2026 14:15:49 GMT-0500 (Central Daylight Time),106281.09999990463,A,meado,I,o,236,3,2148.5999999046326,104132.5,8098,WL,A,3.0
1,7.96399998664856,learn,52036.00001335144,Fri Sep 04 2026 14:15:49 GMT-0500 (Central Daylight Time),106697.40000009537,A,meadow,I,w,410,3,2564.9000000953674,104132.5,8098,WL,A,3.0
1,8.397000074386597,learn,51602.9999256134,Fri Sep 04 2026 14:15:49 GMT-0500 (Central Daylight Time),107130.59999990463,A,meadowenter,I,enter,426,3,2998.0999999046326,104132.5,8098,WL,A,3.0
1,8.930000066757202,learn,51069.9999332428,Fri Sep 04 2026 14:15:49 GMT-0500 (Central Daylight Time),107663.79999995232,A,r,I,r,528,3,532.7999999523163,107131.0,8098,WL,A,4.0
1,9.04699993133545,learn,50953.00006866455,Fri Sep 04 2026 14:15:49 GMT-0500 (Central Daylight Time),107780.79999995232,A,ru,I,u,108,3,649.7999999523163,107131.0,8098,WL,A,4.0
1,9.713000059127808,learn,50286.99994087219,Fri Sep 04 2026 14:15:49 GMT-0500 (Central Daylight Time),108446.79999995232,A,rug,I,g,646,3,1315.7999999523163,107131.0,8098,WL,A,4.0
1,10.581000089645386,learn,49418.999910354614,Fri Sep 04 2026 14:15:49 GMT-0500 (Central Daylight Time),109314.5,A,rugenter,I,enter,859,3,2183.5,107131.0,8098,WL,A,4.0
1,11.095999956130981,learn,48904.00004386902,Fri Sep 04 2026 14:15:49 GMT-0500 (Central Daylight Time),109829.90000009537,A,f,I,f,504,3,515.0,109314.90000009537,8098,WL,A,5.0
1,11.312999963760376,learn,48687.000036239624,Fri Sep 04 2026 14:15:49 GMT-0500 (Central Daylight Time),110046.29999995232,A,fi,I,i,205,3,731.3999998569489,109314.90000009537,8098,WL,A,5.0
1,11.763000011444092,learn,48236.99998855591,Fri Sep 04 2026 14:15:49 GMT-0500 (Central Daylight Time),110496.20000004768,A,fin,I,n,444,3,1181.2999999523163,109314.90000009537,8098,WL,A,5.0
1,11.963000059127808,learn,48036.99994087219,Fri Sep 04 2026 14:15:49 GMT-0500 (Central Daylight Time),110696.40000009537,A,fing,I,g,178,3,1381.5,109314.90000009537,8098,WL,A,5.0
1,12.196000099182129,learn,47803.99990081787,Fri Sep 04 2026 14:15:49 GMT-0500 (Central Daylight Time),110929.59999990463,A,finge,I,e,227,3,1614.6999998092651,109314.90000009537,8098,WL,A,5.0
1,12.279000043869019,learn,47720.99995613098,Fri Sep 04 2026 14:15:49 GMT-0500 (Central Daylight Time),111013.0,A,finger,I,r,66,3,1698.0999999046326,109314.90000009537,8098,WL,A,5.0
1,12.713000059127808,learn,47286.99994087219,Fri Sep 04 2026 14:15:49 GMT-0500 (Central Daylight Time),111446.29999995232,A,fingerenter,I,enter,415,3,2131.399999856949,109314.90000009537,8098,WL,A,5.0
1,13.111999988555908,learn,46888.00001144409,Fri Sep 04 2026 14:15:49 GMT-0500 (Central Daylight Time),111845.79999995232,A,r,I,r,381,3,399.09999990463257,111446.70000004768,8098,WL,A,6.0
1,13.328999996185303,learn,46671.0000038147,Fri Sep 04 2026 14:15:49 GMT-0500 (Central Daylight Time),112062.5,A,ra,I,a,203,3,615.7999999523163,111446.70000004768,8098,WL,A,6.0
1,13.845999956130981,learn,46154.00004386902,Fri Sep 04 2026 14:15:49 GMT-0500 (Central Daylight Time),112579.20000004768,A,rat,I,t,502,3,1132.5,111446.70000004768,8098,WL,A,6.0
1,14.046000003814697,learn,45953.9999961853,Fri Sep 04 2026 14:15:49 GMT-0500 (Central Daylight Time),112779.29999995232,A,ratt,I,t,190,3,1332.5999999046326,111446.70000004768,8098,WL,A,6.0
1,14.328999996185303,learn,45671.0000038147,Fri Sep 04 2026 14:15:49 GMT-0500 (Central Daylight Time),113062.5,A,rattl,I,l,262,3,1615.7999999523163,111446.70000004768,8098,WL,A,6.0
1,14.494999885559082,learn,45505.00011444092,Fri Sep 04 2026 14:15:49 GMT-0500 (Central Daylight Time),113229.0,A,rattle,I,e,149,3,1782.2999999523163,111446.70000004768,8098,WL,A,6.0
1,15.111999988555908,learn,44888.00001144409,Fri Sep 04 2026 14:15:49 GMT-0500 (Central Daylight Time),113845.70000004768,A,rattleenter,I,enter,598,3,2399.0,111446.70000004768,8098,WL,A,6.0
1,17.960000038146973,learn,42039.99996185303,Fri Sep 04 2026 14:15:49 GMT-0500 (Central Daylight Time),116694.09999990463,A,c,I,c,2829,3,2847.899999856949,113846.20000004768,8098,WL,A,7.0
1,18.127000093460083,learn,41872.99990653992,Fri Sep 04 2026 14:15:49 GMT-0500 (Central Daylight Time),116861.29999995232,A,ch,I,h,158,3,3015.0999999046326,113846.20000004768,8098,WL,A,7.0
1,18.377000093460083,learn,41622.99990653992,Fri Sep 04 2026 14:15:49 GMT-0500 (Central Daylight Time),117111.40000009537,A,chi,I,i,239,3,3265.2000000476837,113846.20000004768,8098,WL,A,7.0
1,18.792999982833862,learn,41207.00001716614,Fri Sep 04 2026 14:15:49 GMT-0500 (Central Daylight Time),117527.29999995232,A,chim,I,m,396,3,3681.0999999046326,113846.20000004768,8098,WL,A,7.0
1,19.07699990272522,learn,40923.00009727478,Fri Sep 04 2026 14:15:49 GMT-0500 (Central Daylight Time),117810.70000004768,A,chimn,I,n,276,3,3964.5,113846.20000004768,8098,WL,A,7.0
1,19.292999982833862,learn,40707.00001716614,Fri Sep 04 2026 14:15:49 GMT-0500 (Central Daylight Time),118027.59999990463,A,chimne,I,e,208,3,4181.399999856949,113846.20000004768,8098,WL,A,7.0
1,20.460000038146973,learn,39539.99996185303,Fri Sep 04 2026 14:15:49 GMT-0500 (Central Daylight Time),119193.70000004768,A,chimney,I,y,1152,3,5347.5,113846.20000004768,8098,WL,A,7.0
1,21.276000022888184,learn,38723.99997711182,Fri Sep 04 2026 14:15:49 GMT-0500 (Central Daylight Time),120010.29999995232,A,chimneyenter,I,enter,811,3,6164.099999904633,113846.20000004768,8098,WL,A,7.0
1,21.658999919891357,learn,38341.00008010864,Fri Sep 04 2026 14:15:49 GMT-0500 (Central Daylight Time),120393.20000004768,A,f,I,f,367,3,382.60000014305115,120010.59999990463,8098,WL,A,8.0
1,21.842999935150146,learn,38157.00006484985,Fri Sep 04 2026 14:15:49 GMT-0500 (Central Daylight Time),120576.70000004768,A,fi,I,i,170,3,566.1000001430511,120010.59999990463,8098,WL,A,8.0
1,22.07699990272522,learn,37923.00009727478,Fri Sep 04 2026 14:15:49 GMT-0500 (Central Daylight Time),120811.29999995232,A,fin,I,n,218,3,800.7000000476837,120010.59999990463,8098,WL,A,8.0
1,22.193000078201294,learn,37806.999921798706,Fri Sep 04 2026 14:15:49 GMT-0500 (Central Daylight Time),120926.70000004768,A,fing,I,g,96,3,916.1000001430511,120010.59999990463,8098,WL,A,8.0
1,22.45899987220764,learn,37541.00012779236,Fri Sep 04 2026 14:15:49 GMT-0500 (Central Daylight Time),121192.90000009537,A,finge,I,e,261,3,1182.3000001907349,120010.59999990463,8098,WL,A,8.0
1,22.55900001525879,learn,37440.99998474121,Fri Sep 04 2026 14:15:49 GMT-0500 (Central Daylight Time),121293.40000009537,A,finger,I,r,82,3,1282.8000001907349,120010.59999990463,8098,WL,A,8.0
1,23.04200005531311,learn,36957.99994468689,Fri Sep 04 2026 14:15:49 GMT-0500 (Central Daylight Time),121776.40000009537,A,fingerenter,I,enter,462,3,1765.8000001907349,120010.59999990463,8098,WL,A,8.0
1,25.29200005531311,learn,34707.99994468689,Fri Sep 04 2026 14:15:49 GMT-0500 (Central Daylight Time),124025.70000004768,A,t,I,t,2235,3,2248.7999999523163,121776.90000009537,8098,WL,A,9.0
1,25.47499990463257,learn,34525.00009536743,Fri Sep 04 2026 14:15:49 GMT-0500 (Central Daylight Time),124208.90000009537,A,tr,I,r,169,3,2432.0,121776.90000009537,8098,WL,A,9.0
1,25.625999927520752,learn,34374.00007247925,Fri Sep 04 2026 14:15:49 GMT-0500 (Central Daylight Time),124359.90000009537,A,tra,I,a,139,3,2583.0,121776.90000009537,8098,WL,A,9.0
1,25.85800004005432,learn,34141.99995994568,Fri Sep 04 2026 14:15:49 GMT-0500 (Central Daylight Time),124592.09999990463,A,trai,I,i,211,3,2815.199999809265,121776.90000009537,8098,WL,A,9.0
1,26.157999992370605,learn,33842.000007629395,Fri Sep 04 2026 14:15:49 GMT-0500 (Central Daylight Time),124892.0,A,train,I,n,292,3,3115.0999999046326,121776.90000009537,8098,WL,A,9.0
1,26.624000072479248,learn,33375.99992752075,Fri Sep 04 2026 14:15:49 GMT-0500 (Central Daylight Time),125358.40000009537,A,trainenter,I,enter,447,3,3581.5,121776.90000009537,8098,WL,A,9.0
1,40.33699989318848,learn,19663.000106811523,Fri Sep 04 2026 14:15:49 GMT-0500 (Central Daylight Time),139070.79999995232,A,s,I,s,13702,3,13712.0,125358.79999995232,8098,WL,A,10.0
1,40.83699989318848,learn,19163.000106811523,Fri Sep 04 2026 14:15:49 GMT-0500 (Central Daylight Time),139570.90000009537,A,sa,I,a,492,3,14212.100000143051,125358.79999995232,8098,WL,A,10.0
1,41.170000076293945,learn,18829.999923706055,Fri Sep 04 2026 14:15:49 GMT-0500 (Central Daylight Time),139904.0,A,sal,I,l,320,3,14545.200000047684,125358.79999995232,8098,WL,A,10.0
1,41.418999910354614,learn,18581.000089645386,Fri Sep 04 2026 14:15:49 GMT-0500 (Central Daylight Time),140153.70000004768,A,salt,I,t,244,3,14794.900000095367,125358.79999995232,8098,WL,A,10.0
1,41.78699994087219,learn,18213.000059127808,Fri Sep 04 2026 14:15:49 GMT-0500 (Central Daylight Time),140521.5,A,saltenter,I,enter,346,3,15162.700000047684,125358.79999995232,8098,WL,A,10.0
1,42.76900005340576,learn,17230.99994659424,Fri Sep 04 2026 14:15:49 GMT-0500 (Central Daylight Time),141503.59999990463,A,f,I,f,970,3,981.6999998092651,140521.90000009537,8098,WL,A,11.0
1,42.95300006866455,learn,17046.99993133545,Fri Sep 04 2026 14:15:49 GMT-0500 (Central Daylight Time),141686.90000009537,A,fa,I,a,171,3,1165.0,140521.90000009537,8098,WL,A,11.0
1,43.18599987030029,learn,16814.000129699707,Fri Sep 04 2026 14:15:49 GMT-0500 (Central Daylight Time),141920.20000004768,A,far,I,r,222,3,1398.2999999523163,140521.90000009537,8098,WL,A,11.0
1,43.65299987792969,learn,16347.000122070312,Fri Sep 04 2026 14:15:49 GMT-0500 (Central Daylight Time),142386.79999995232,A,fa,I,backspace,460,3,1864.8999998569489,140521.90000009537,8098,WL,A,11.0
1,43.835999965667725,learn,16164.000034332275,Fri Sep 04 2026 14:15:49 GMT-0500 (Central Daylight Time),142570.40000009537,A,f,I,backspace,176,3,2048.5,140521.90000009537,8098,WL,A,11.0
1,44.01900005340576,learn,15980.999946594238,Fri Sep 04 2026 14:15:49 GMT-0500 (Central Daylight Time),142753.20000004768,A,,I,backspace,170,3,2231.2999999523163,140521.90000009537,8098,WL,A,11.0
1,44.53600001335144,learn,15463.99998664856,Fri Sep 04 2026 14:15:49 GMT-0500 (Central Daylight Time),143269.70000004768,A,h,I,h,507,3,2747.7999999523163,140521.90000009537,8098,WL,A,11.0
1,44.63499999046326,learn,15365.000009536743,Fri Sep 04 2026 14:15:49 GMT-0500 (Central Daylight Time),143369.40000009537,A,ha,I,a,94,3,2847.5,140521.90000009537,8098,WL,A,11.0
1,44.78500008583069,learn,15214.999914169312,Fri Sep 04 2026 14:15:49 GMT-0500 (Central Daylight Time),143519.5,A,har,I,r,139,3,2997.5999999046326,140521.90000009537,8098,WL,A,11.0
1,45.32100009918213,learn,14678.999900817871,Fri Sep 04 2026 14:15:49 GMT-0500 (Central Daylight Time),144055.09999990463,A,harp,I,p,516,3,3533.199999809265,140521.90000009537,8098,WL,A,11.0
1,45.734999895095825,learn,14265.000104904175,Fri Sep 04 2026 14:15:49 GMT-0500 (Central Daylight Time),144469.0,A,harpenter,I,enter,404,3,3947.0999999046326,140521.90000009537,8098,WL,A,11.0
1,58.06500005722046,learn,1934.999942779541,Fri Sep 04 2026 14:15:49 GMT-0500 (Central Daylight Time),156798.70000004768,A,enter,I,enter,12318,3,12329.400000095367,144469.29999995232,8098,WL,A,12.0
1,59.14800000190735,learn,851.9999980926514,Fri Sep 04 2026 14:15:49 GMT-0500 (Central Daylight Time),157881.79999995232,A,enter,I,enter,1067,3,1082.7000000476837,156799.09999990463,8098,WL,A,13.0
1,59.64800000190735,learn,351.99999809265137,Fri Sep 04 2026 14:15:49 GMT-0500 (Central Daylight Time),158381.59999990463,A,enter,I,enter,490,3,499.2999999523163,157882.29999995232,8098,WL,A,14.0
1,60.013999938964844,learn,-13.99993896484375,Fri Sep 04 2026 14:15:49 GMT-0500 (Central Daylight Time),158748.20000004768,A,None,I,None,362,3,366.2000000476837,158382.0,8098,WL,A,15.0
2,0.8330001831054688,learn,59166.99981689453,Fri Sep 04 2026 14:15:49 GMT-0500 (Central Daylight Time),226976.70000004768,A,b,I,b,813,3,832.9000000953674,226143.79999995232,8098,WL,A,1.0
2,1.2330000400543213,learn,58766.99995994568,Fri Sep 04 2026 14:15:49 GMT-0500 (Central Daylight Time),227376.59999990463,A,bo,I,o,378,3,1232.7999999523163,226143.79999995232,8098,WL,A,1.0
2,1.433000087738037,learn,58566.99991226196,Fri Sep 04 2026 14:15:49 GMT-0500 (Central Daylight Time),227576.20000004768,A,boo,I,o,179,3,1432.4000000953674,226143.79999995232,8098,WL,A,1.0
2,1.7000000476837158,learn,58299.999952316284,Fri Sep 04 2026 14:15:49 GMT-0500 (Central Daylight Time),227843.09999990463,A,book,I,k,251,3,1699.2999999523163,226143.79999995232,8098,WL,A,1.0
2,2.5160000324249268,learn,57483.99996757507,Fri Sep 04 2026 14:15:49 GMT-0500 (Central Daylight Time),228659.20000004768,A,bookenter,I,enter,800,3,2515.4000000953674,226143.79999995232,8098,WL,A,1.0
2,3.0320000648498535,learn,56967.99993515015,Fri Sep 04 2026 14:15:49 GMT-0500 (Central Daylight Time),229176.09999990463,A,f,I,f,496,3,516.5,228659.59999990463,8098,WL,A,2.0
2,3.2660000324249268,learn,56733.99996757507,Fri Sep 04 2026 14:15:49 GMT-0500 (Central Daylight Time),229409.09999990463,A,fl,I,l,227,3,749.5,228659.59999990463,8098,WL,A,2.0
2,3.5820000171661377,learn,56417.99998283386,Fri Sep 04 2026 14:15:49 GMT-0500 (Central Daylight Time),229725.59999990463,A,flo,I,o,306,3,1066.0,228659.59999990463,8098,WL,A,2.0
2,3.7990000247955322,learn,56200.99997520447,Fri Sep 04 2026 14:15:49 GMT-0500 (Central Daylight Time),229942.29999995232,A,flow,I,w,197,3,1282.7000000476837,228659.59999990463,8098,WL,A,2.0
2,3.9149999618530273,learn,56085.00003814697,Fri Sep 04 2026 14:15:49 GMT-0500 (Central Daylight Time),230059.0,A,flowe,I,e,101,3,1399.4000000953674,228659.59999990463,8098,WL,A,2.0
2,4.049000024795532,learn,55950.99997520447,Fri Sep 04 2026 14:15:49 GMT-0500 (Central Daylight Time),230192.40000009537,A,flower,I,r,120,3,1532.8000001907349,228659.59999990463,8098,WL,A,2.0
2,4.5320000648498535,learn,55467.99993515015,Fri Sep 04 2026 14:15:49 GMT-0500 (Central Daylight Time),230675.40000009537,A,flowerenter,I,enter,476,3,2015.8000001907349,228659.59999990463,8098,WL,A,2.0
2,5.732000112533569,learn,54267.99988746643,Fri Sep 04 2026 14:15:49 GMT-0500 (Central Daylight Time),231875.29999995232,A,r,I,r,1185,3,1199.5999999046326,230675.70000004768,8098,WL,A,3.0
2,5.932000160217285,learn,54067.999839782715,Fri Sep 04 2026 14:15:49 GMT-0500 (Central Daylight Time),232075.20000004768,A,ru,I,u,192,3,1399.5,230675.70000004768,8098,WL,A,3.0
2,6.197999954223633,learn,53802.00004577637,Fri Sep 04 2026 14:15:49 GMT-0500 (Central Daylight Time),232341.59999990463,A,rug,I,g,248,3,1665.8999998569489,230675.70000004768,8098,WL,A,3.0
2,6.648000001907349,learn,53351.99999809265,Fri Sep 04 2026 14:15:49 GMT-0500 (Central Daylight Time),232791.70000004768,A,rugenter,I,enter,430,3,2116.0,230675.70000004768,8098,WL,A,3.0
2,7.215000152587891,learn,52784.99984741211,Fri Sep 04 2026 14:15:49 GMT-0500 (Central Daylight Time),233358.09999990463,A,t,I,t,556,3,566.0999999046326,232792.0,8098,WL,A,4.0
2,7.480999946594238,learn,52519.00005340576,Fri Sep 04 2026 14:15:49 GMT-0500 (Central Daylight Time),233624.5,A,tr,I,r,253,3,832.5,232792.0,8098,WL,A,4.0
2,7.680999994277954,learn,52319.000005722046,Fri Sep 04 2026 14:15:49 GMT-0500 (Central Daylight Time),233824.40000009537,A,tra,I,a,187,3,1032.4000000953674,232792.0,8098,WL,A,4.0
2,7.930999994277954,learn,52069.000005722046,Fri Sep 04 2026 14:15:49 GMT-0500 (Central Daylight Time),234074.40000009537,A,trai,I,i,243,3,1282.4000000953674,232792.0,8098,WL,A,4.0
2,8.230999946594238,learn,51769.00005340576,Fri Sep 04 2026 14:15:49 GMT-0500 (Central Daylight Time),234374.29999995232,A,train,I,n,281,3,1582.2999999523163,232792.0,8098,WL,A,4.0
2,8.597000122070312,learn,51402.99987792969,Fri Sep 04 2026 14:15:49 GMT-0500 (Central Daylight Time),234741.09999990463,A,trainenter,I,enter,356,3,1949.0999999046326,232792.0,8098,WL,A,4.0
2,8.930999994277954,learn,51069.000005722046,Fri Sep 04 2026 14:15:49 GMT-0500 (Central Daylight Time),235074.20000004768,A,k,I,k,318,3,332.7999999523163,234741.40000009537,8098,WL,A,5.0
2,9.097000122070312,learn,50902.99987792969,Fri Sep 04 2026 14:15:49 GMT-0500 (Central Daylight Time),235240.70000004768,A,ke,I,e,153,3,499.2999999523163,234741.40000009537,8098,WL,A,5.0
2,9.364000082015991,learn,50635.99991798401,Fri Sep 04 2026 14:15:49 GMT-0500 (Central Daylight Time),235507.29999995232,A,key,I,y,259,3,765.8999998569489,234741.40000009537,8098,WL,A,5.0
2,9.913000106811523,learn,50086.99989318848,Fri Sep 04 2026 14:15:49 GMT-0500 (Central Daylight Time),236056.79999995232,A,keyenter,I,enter,544,3,1315.3999998569489,234741.40000009537,8098,WL,A,5.0
2,10.647000074386597,learn,49352.9999256134,Fri Sep 04 2026 14:15:49 GMT-0500 (Central Daylight Time),236790.5,A,g,I,g,724,3,733.5,236057.0,8098,WL,A,6.0
2,10.878999948501587,learn,49121.00005149841,Fri Sep 04 2026 14:15:49 GMT-0500 (Central Daylight Time),237023.40000009537,A,go,I,o,212,3,966.4000000953674,236057.0,8098,WL,A,6.0
2,11.128999948501587,learn,48871.00005149841,Fri Sep 04 2026 14:15:49 GMT-0500 (Central Daylight Time),237273.29999995232,A,gol,I,l,236,3,1216.2999999523163,236057.0,8098,WL,A,6.0
2,11.246000051498413,learn,48753.99994850159,Fri Sep 04 2026 14:15:49 GMT-0500 (Central Daylight Time),237390.29999995232,A,gold,I,d,98,3,1333.2999999523163,236057.0,8098,WL,A,6.0
2,11.628999948501587,learn,48371.00005149841,Fri Sep 04 2026 14:15:49 GMT-0500 (Central Daylight Time),237773.40000009537,A,goldenter,I,enter,365,3,1716.4000000953674,236057.0,8098,WL,A,6.0
2,12.041000127792358,learn,47958.99987220764,Fri Sep 04 2026 14:15:49 GMT-0500 (Central Daylight Time),238184.90000009537,A,r,I,r,318,3,411.10000014305115,237773.79999995232,8098,WL,A,7.0
2,12.162000179290771,learn,47837.99982070923,Fri Sep 04 2026 14:15:49 GMT-0500 (Central Daylight Time),238306.0,A,ra,I,a,104,3,532.2000000476837,237773.79999995232,8098,WL,A,7.0
2,12.345999956130981,learn,47654.00004386902,Fri Sep 04 2026 14:15:49 GMT-0500 (Central Daylight Time),238489.70000004768,A,rat,I,t,169,3,715.9000000953674,237773.79999995232,8098,WL,A,7.0
2,12.496000051498413,learn,47503.99994850159,Fri Sep 04 2026 14:15:49 GMT-0500 (Central Daylight Time),238639.59999990463,A,ratt,I,t,138,3,865.7999999523163,237773.79999995232,8098,WL,A,7.0
2,12.845999956130981,learn,47154.00004386902,Fri Sep 04 2026 14:15:49 GMT-0500 (Central Daylight Time),238989.59999990463,A,rattl,I,l,331,3,1215.7999999523163,237773.79999995232,8098,WL,A,7.0
2,13.01200008392334,learn,46987.99991607666,Fri Sep 04 2026 14:15:49 GMT-0500 (Central Daylight Time),239156.20000004768,A,rattle,I,e,158,3,1382.4000000953674,237773.79999995232,8098,WL,A,7.0
2,13.394999980926514,learn,46605.000019073486,Fri Sep 04 2026 14:15:49 GMT-0500 (Central Daylight Time),239539.40000009537,A,rattleenter,I,enter,375,3,1765.6000001430511,237773.79999995232,8098,WL,A,7.0
2,14.478000164031982,learn,45521.99983596802,Fri Sep 04 2026 14:15:49 GMT-0500 (Central Daylight Time),240622.5,A,b,I,b,1064,3,1082.7000000476837,239539.79999995232,8098,WL,A,8.0
2,14.761000156402588,learn,45238.99984359741,Fri Sep 04 2026 14:15:49 GMT-0500 (Central Daylight Time),240905.20000004768,A,bu,I,u,278,3,1365.4000000953674,239539.79999995232,8098,WL,A,8.0
2,15.062000036239624,learn,44937.999963760376,Fri Sep 04 2026 14:15:49 GMT-0500 (Central Daylight Time),241205.59999990463,A,but,I,t,282,3,1665.7999999523163,239539.79999995232,8098,WL,A,8.0
2,15.212000131607056,learn,44787.999868392944,Fri Sep 04 2026 14:15:49 GMT-0500 (Central Daylight Time),241356.29999995232,A,butt,I,t,142,3,1816.5,239539.79999995232,8098,WL,A,8.0
2,15.460999965667725,learn,44539.000034332275,Fri Sep 04 2026 14:15:49 GMT-0500 (Central Daylight Time),241605.5,A,butto,I,o,239,3,2065.7000000476837,239539.79999995232,8098,WL,A,8.0
2,15.728000164031982,learn,44271.99983596802,Fri Sep 04 2026 14:15:49 GMT-0500 (Central Daylight Time),241872.20000004768,A,button,I,n,246,3,2332.4000000953674,239539.79999995232,8098,WL,A,8.0
2,16.111000061035156,learn,43888.999938964844,Fri Sep 04 2026 14:15:49 GMT-0500 (Central Daylight Time),242255.20000004768,A,buttonenter,I,enter,363,3,2715.4000000953674,239539.79999995232,8098,WL,A,8.0
2,16.561000108718872,learn,43438.99989128113,Fri Sep 04 2026 14:15:49 GMT-0500 (Central Daylight Time),242705.29999995232,A,k,I,k,436,3,449.7999999523163,242255.5,8098,WL,A,9.0
2,16.694000005722046,learn,43305.999994277954,Fri Sep 04 2026 14:15:49 GMT-0500 (Central Daylight Time),242838.40000009537,A,ke,I,e,122,3,582.9000000953674,242255.5,8098,WL,A,9.0
2,16.978000164031982,learn,43021.99983596802,Fri Sep 04 2026 14:15:49 GMT-0500 (Central Daylight Time),243121.59999990463,A,key,I,y,269,3,866.0999999046326,242255.5,8098,WL,A,9.0
2,17.444000005722046,learn,42555.999994277954,Fri Sep 04 2026 14:15:49 GMT-0500 (Central Daylight Time),243588.40000009537,A,keyenter,I,enter,459,3,1332.9000000953674,242255.5,8098,WL,A,9.0
2,18.16200017929077,learn,41837.99982070923,Fri Sep 04 2026 14:15:49 GMT-0500 (Central Daylight Time),244305.5,A,s,I,s,711,3,716.9000000953674,243588.59999990463,8098,WL,A,10.0
2,18.31000018119812,learn,41689.99981880188,Fri Sep 04 2026 14:15:49 GMT-0500 (Central Daylight Time),244454.5,A,sa,I,a,138,3,865.9000000953674,243588.59999990463,8098,WL,A,10.0
2,18.56000018119812,learn,41439.99981880188,Fri Sep 04 2026 14:15:49 GMT-0500 (Central Daylight Time),244704.09999990463,A,sal,I,l,245,3,1115.5,243588.59999990463,8098,WL,A,10.0
2,18.860000133514404,learn,41139.999866485596,Fri Sep 04 2026 14:15:49 GMT-0500 (Central Daylight Time),245004.29999995232,A,salt,I,t,284,3,1415.7000000476837,243588.59999990463,8098,WL,A,10.0
2,19.228000164031982,learn,40771.99983596802,Fri Sep 04 2026 14:15:49 GMT-0500 (Central Daylight Time),245371.5,A,saltenter,I,enter,352,3,1782.9000000953674,243588.59999990463,8098,WL,A,10.0
2,19.91000008583069,learn,40089.99991416931,Fri Sep 04 2026 14:15:49 GMT-0500 (Central Daylight Time),246054.09999990463,A,h,I,h,663,3,682.2999999523163,245371.79999995232,8098,WL,A,11.0
2,20.0770001411438,learn,39922.9998588562,Fri Sep 04 2026 14:15:49 GMT-0500 (Central Daylight Time),246220.70000004768,A,ha,I,a,158,3,848.9000000953674,245371.79999995232,8098,WL,A,11.0
2,20.261000156402588,learn,39738.99984359741,Fri Sep 04 2026 14:15:49 GMT-0500 (Central Daylight Time),246404.5,A,har,I,r,175,3,1032.7000000476837,245371.79999995232,8098,WL,A,11.0
2,20.5770001411438,learn,39422.9998588562,Fri Sep 04 2026 14:15:49 GMT-0500 (Central Daylight Time),246720.5,A,harp,I,p,303,3,1348.7000000476837,245371.79999995232,8098,WL,A,11.0
2,20.943000078201294,learn,39056.999921798706,Fri Sep 04 2026 14:15:49 GMT-0500 (Central Daylight Time),247087.09999990463,A,harpenter,I,enter,347,3,1715.2999999523163,245371.79999995232,8098,WL,A,11.0
2,21.39300012588501,learn,38606.99987411499,Fri Sep 04 2026 14:15:49 GMT-0500 (Central Daylight Time),247536.90000009537,A,m,I,m,429,3,449.5,247087.40000009537,8098,WL,A,12.0
2,21.542999982833862,learn,38457.00001716614,Fri Sep 04 2026 14:15:49 GMT-0500 (Central Daylight Time),247686.79999995232,A,me,I,e,139,3,599.3999998569489,247087.40000009537,8098,WL,A,12.0
2,21.694000005722046,learn,38305.999994277954,Fri Sep 04 2026 14:15:49 GMT-0500 (Central Daylight Time),247837.79999995232,A,mea,I,a,141,3,750.3999998569489,247087.40000009537,8098,WL,A,12.0
2,22.29200005531311,learn,37707.99994468689,Fri Sep 04 2026 14:15:49 GMT-0500 (Central Daylight Time),248436.5,A,mead,I,d,589,3,1349.0999999046326,247087.40000009537,8098,WL,A,12.0
2,22.4760000705719,learn,37523.9999294281,Fri Sep 04 2026 14:15:49 GMT-0500 (Central Daylight Time),248619.59999990463,A,meadp,I,p,176,3,1532.1999998092651,247087.40000009537,8098,WL,A,12.0
2,22.759000062942505,learn,37240.999937057495,Fri Sep 04 2026 14:15:49 GMT-0500 (Central Daylight Time),248903.09999990463,A,meadpw,I,w,264,3,1815.6999998092651,247087.40000009537,8098,WL,A,12.0
2,23.242000102996826,learn,36757.999897003174,Fri Sep 04 2026 14:15:49 GMT-0500 (Central Daylight Time),249385.90000009537,A,meadp,I,backspace,476,3,2298.5,247087.40000009537,8098,WL,A,12.0
2,23.7260000705719,learn,36273.9999294281,Fri Sep 04 2026 14:15:49 GMT-0500 (Central Daylight Time),249869.5,A,mead,I,backspace,474,3,2782.0999999046326,247087.40000009537,8098,WL,A,12.0
2,24.409000158309937,learn,35590.99984169006,Fri Sep 04 2026 14:15:49 GMT-0500 (Central Daylight Time),250552.79999995232,A,meado,I,o,663,3,3465.399999856949,247087.40000009537,8098,WL,A,12.0
2,24.55900001525879,learn,35440.99998474121,Fri Sep 04 2026 14:15:49 GMT-0500 (Central Daylight Time),250702.5,A,meadow,I,w,139,3,3615.0999999046326,247087.40000009537,8098,WL,A,12.0
2,24.875,learn,35125.0,Fri Sep 04 2026 14:15:49 GMT-0500 (Central Daylight Time),251019.20000004768,A,meadowenter,I,enter,309,3,3931.7999999523163,247087.40000009537,8098,WL,A,12.0
2,25.29200005531311,learn,34707.99994468689,Fri Sep 04 2026 14:15:49 GMT-0500 (Central Daylight Time),251435.59999990463,A,c,I,c,409,3,416.09999990463257,251019.5,8098,WL,A,13.0
2,25.424999952316284,learn,34575.000047683716,Fri Sep 04 2026 14:15:49 GMT-0500 (Central Daylight Time),251568.70000004768,A,ch,I,h,128,3,549.2000000476837,251019.5,8098,WL,A,13.0
2,26.45800018310547,learn,33541.99981689453,Fri Sep 04 2026 14:15:49 GMT-0500 (Central Daylight Time),252601.90000009537,A,chi,I,i,1027,3,1582.4000000953674,251019.5,8098,WL,A,13.0
2,26.858999967575073,learn,33141.00003242493,Fri Sep 04 2026 14:15:49 GMT-0500 (Central Daylight Time),253002.79999995232,A,chim,I,m,385,3,1983.2999999523163,251019.5,8098,WL,A,13.0
2,27.157999992370605,learn,32842.000007629395,Fri Sep 04 2026 14:15:49 GMT-0500 (Central Daylight Time),253301.5,A,chimn,I,n,280,3,2282.0,251019.5,8098,WL,A,13.0
2,27.391000032424927,learn,32608.999967575073,Fri Sep 04 2026 14:15:49 GMT-0500 (Central Daylight Time),253535.09999990463,A,chimne,I,e,214,3,2515.5999999046326,251019.5,8098,WL,A,13.0
2,27.624000072479248,learn,32375.999927520752,Fri Sep 04 2026 14:15:49 GMT-0500 (Central Daylight Time),253768.29999995232,A,chimney,I,y,220,3,2748.7999999523163,251019.5,8098,WL,A,13.0
2,29.258000135421753,learn,30741.999864578247,Fri Sep 04 2026 14:15:49 GMT-0500 (Central Daylight Time),255402.09999990463,A,chimneyenter,I,enter,1627,3,4382.599999904633,251019.5,8098,WL,A,13.0
2,31.490000009536743,learn,28509.999990463257,Fri Sep 04 2026 14:15:49 GMT-0500 (Central Daylight Time),257633.90000009537,A,l,I,l,2218,3,2231.5,255402.40000009537,8098,WL,A,14.0
2,31.740000009536743,learn,28259.999990463257,Fri Sep 04 2026 14:15:49 GMT-0500 (Central Daylight Time),257883.59999990463,A,lo,I,o,241,3,2481.199999809265,255402.40000009537,8098,WL,A,14.0
2,31.94000005722046,learn,28059.99994277954,Fri Sep 04 2026 14:15:49 GMT-0500 (Central Daylight Time),258083.90000009537,A,log,I,g,184,3,2681.5,255402.40000009537,8098,WL,A,14.0
2,32.32299995422363,learn,27677.000045776367,Fri Sep 04 2026 14:15:49 GMT-0500 (Central Daylight Time),258467.0,A,logenter,I,enter,367,3,3064.5999999046326,255402.40000009537,8098,WL,A,14.0
2,37.9210000038147,learn,22078.999996185303,Fri Sep 04 2026 14:15:49 GMT-0500 (Central Daylight Time),264064.7999999523,A,s,I,s,5585,3,5597.5,258467.29999995232,8098,WL,A,15.0
2,38.08800005912781,learn,21911.999940872192,Fri Sep 04 2026 14:15:49 GMT-0500 (Central Daylight Time),264231.90000009537,A,sa,I,a,155,3,5764.600000143051,258467.29999995232,8098,WL,A,15.0
2,38.28800010681152,learn,21711.999893188477,Fri Sep 04 2026 14:15:49 GMT-0500 (Central Daylight Time),264431.59999990463,A,sal,I,l,187,3,5964.299999952316,258467.29999995232,8098,WL,A,15.0
2,38.50399994850159,learn,21496.000051498413,Fri Sep 04 2026 14:15:49 GMT-0500 (Central Daylight Time),264648.2000000477,A,salt,I,t,204,3,6180.900000095367,258467.29999995232,8098,WL,A,15.0
2,38.75399994850159,learn,21246.000051498413,Fri Sep 04 2026 14:15:49 GMT-0500 (Central Daylight Time),264898.09999990463,A,saltenter,I,enter,243,3,6430.799999952316,258467.29999995232,8098,WL,A,15.0
3,4.347999811172485,learn,55652.000188827515,Fri Sep 04 2026 14:15:49 GMT-0500 (Central Daylight Time),335842.59999990463,A,a,I,a,4343,3,4348.399999856949,331494.2000000477,8098,WL,A,1.0
3,4.547999858856201,learn,55452.0001411438,Fri Sep 04 2026 14:15:49 GMT-0500 (Central Daylight Time),336042.40000009537,A,ap,I,p,192,3,4548.200000047684,331494.2000000477,8098,WL,A,1.0
3,4.764999866485596,learn,55235.000133514404,Fri Sep 04 2026 14:15:49 GMT-0500 (Central Daylight Time),336259.09999990463,A,app,I,p,202,3,4764.899999856949,331494.2000000477,8098,WL,A,1.0
3,5.313999891281128,learn,54686.00010871887,Fri Sep 04 2026 14:15:49 GMT-0500 (Central Daylight Time),336808.5,A,appl,I,l,544,3,5314.299999952316,331494.2000000477,8098,WL,A,1.0
3,5.830999851226807,learn,54169.00014877319,Fri Sep 04 2026 14:15:49 GMT-0500 (Central Daylight Time),337325.40000009537,A,apple,I,e,499,3,5831.200000047684,331494.2000000477,8098,WL,A,1.0
3,7.131999969482422,learn,52868.00003051758,Fri Sep 04 2026 14:15:49 GMT-0500 (Central Daylight Time),338625.90000009537,A,appl,I,backspace,1293,3,7131.700000047684,331494.2000000477,8098,WL,A,1.0
3,7.329999923706055,learn,52670.000076293945,Fri Sep 04 2026 14:15:49 GMT-0500 (Central Daylight Time),338824.59999990463,A,app,I,backspace,193,3,7330.399999856949,331494.2000000477,8098,WL,A,1.0
3,7.697000026702881,learn,52302.99997329712,Fri Sep 04 2026 14:15:49 GMT-0500 (Central Daylight Time),339191.5,A,ap,I,backspace,356,3,7697.299999952316,331494.2000000477,8098,WL,A,1.0
3,7.930999994277954,learn,52069.000005722046,Fri Sep 04 2026 14:15:49 GMT-0500 (Central Daylight Time),339424.90000009537,A,a,I,backspace,213,3,7930.700000047684,331494.2000000477,8098,WL,A,1.0
3,8.363999843597412,learn,51636.00015640259,Fri Sep 04 2026 14:15:49 GMT-0500 (Central Daylight Time),339858.2999999523,A,,I,backspace,418,3,8364.099999904633,331494.2000000477,8098,WL,A,1.0
3,8.947999954223633,learn,51052.00004577637,Fri Sep 04 2026 14:15:49 GMT-0500 (Central Daylight Time),340442.09999990463,A,b,I,b,578,3,8947.899999856949,331494.2000000477,8098,WL,A,1.0
3,9.396999835968018,learn,50603.00016403198,Fri Sep 04 2026 14:15:49 GMT-0500 (Central Daylight Time),340891.0,A,bo,I,o,442,3,9396.799999952316,331494.2000000477,8098,WL,A,1.0
3,9.629999876022339,learn,50370.00012397766,Fri Sep 04 2026 14:15:49 GMT-0500 (Central Daylight Time),341124.0,A,boo,I,o,224,3,9629.799999952316,331494.2000000477,8098,WL,A,1.0
3,9.879999876022339,learn,50120.00012397766,Fri Sep 04 2026 14:15:49 GMT-0500 (Central Daylight Time),341374.09999990463,A,book,I,k,241,3,9879.899999856949,331494.2000000477,8098,WL,A,1.0
3,10.245999813079834,learn,49754.000186920166,Fri Sep 04 2026 14:15:49 GMT-0500 (Central Daylight Time),341740.5,A,bookenter,I,enter,349,3,10246.299999952316,331494.2000000477,8098,WL,A,1.0
3,10.763999938964844,learn,49236.000061035156,Fri Sep 04 2026 14:15:49 GMT-0500 (Central Daylight Time),342258.09999990463,A,f,I,f,511,3,517.1999998092651,341740.90000009537,8098,WL,A,2.0
3,11.078999996185303,learn,48921.0000038147,Fri Sep 04 2026 14:15:49 GMT-0500 (Central Daylight Time),342573.5,A,fl,I,l,296,3,832.5999999046326,341740.90000009537,8098,WL,A,2.0
3,11.378999948501587,learn,48621.00005149841,Fri Sep 04 2026 14:15:49 GMT-0500 (Central Daylight Time),342873.40000009537,A,flo,I,o,294,3,1132.5,341740.90000009537,8098,WL,A,2.0
3,11.828999996185303,learn,48171.0000038147,Fri Sep 04 2026 14:15:49 GMT-0500 (Central Daylight Time),343323.5,A,flow,I,w,434,3,1582.5999999046326,341740.90000009537,8098,WL,A,2.0
3,12.095999956130981,learn,47904.00004386902,Fri Sep 04 2026 14:15:49 GMT-0500 (Central Daylight Time),343590.09999990463,A,flowe,I,e,248,3,1849.1999998092651,341740.90000009537,8098,WL,A,2.0
3,12.178999900817871,learn,47821.00009918213,Fri Sep 04 2026 14:15:49 GMT-0500 (Central Daylight Time),343673.2999999523,A,flower,I,r,70,3,1932.3999998569489,341740.90000009537,8098,WL,A,2.0
3,12.69700002670288,learn,47302.99997329712,Fri Sep 04 2026 14:15:49 GMT-0500 (Central Daylight Time),344191.0,A,flowerenter,I,enter,507,3,2450.0999999046326,341740.90000009537,8098,WL,A,2.0
3,13.194999933242798,learn,46805.0000667572,Fri Sep 04 2026 14:15:49 GMT-0500 (Central Daylight Time),344689.59999990463,A,t,I,t,492,3,498.19999980926514,344191.40000009537,8098,WL,A,3.0
3,13.411999940872192,learn,46588.00005912781,Fri Sep 04 2026 14:15:49 GMT-0500 (Central Daylight Time),344906.09999990463,A,tr,I,r,202,3,714.6999998092651,344191.40000009537,8098,WL,A,3.0
3,13.578999996185303,learn,46421.0000038147,Fri Sep 04 2026 14:15:49 GMT-0500 (Central Daylight Time),345072.7999999523,A,tra,I,a,161,3,881.3999998569489,344191.40000009537,8098,WL,A,3.0
3,13.828999996185303,learn,46171.0000038147,Fri Sep 04 2026 14:15:49 GMT-0500 (Central Daylight Time),345323.0,A,trai,I,i,242,3,1131.5999999046326,344191.40000009537,8098,WL,A,3.0
3,14.062000036239624,learn,45937.999963760376,Fri Sep 04 2026 14:15:49 GMT-0500 (Central Daylight Time),345556.09999990463,A,train,I,n,226,3,1364.6999998092651,344191.40000009537,8098,WL,A,3.0
3,14.394999980926514,learn,45605.000019073486,Fri Sep 04 2026 14:15:49 GMT-0500 (Central Daylight Time),345889.2999999523,A,trainenter,I,enter,319,3,1697.8999998569489,344191.40000009537,8098,WL,A,3.0
3,14.744999885559082,learn,45255.00011444092,Fri Sep 04 2026 14:15:49 GMT-0500 (Central Daylight Time),346239.0,A,r,I,r,337,3,349.2999999523163,345889.7000000477,8098,WL,A,4.0
3,14.944999933242798,learn,45055.0000667572,Fri Sep 04 2026 14:15:49 GMT-0500 (Central Daylight Time),346439.09999990463,A,ru,I,u,188,3,549.3999998569489,345889.7000000477,8098,WL,A,4.0
3,15.277999877929688,learn,44722.00012207031,Fri Sep 04 2026 14:15:49 GMT-0500 (Central Daylight Time),346772.40000009537,A,run,I,n,324,3,882.7000000476837,345889.7000000477,8098,WL,A,4.0
3,15.794999837875366,learn,44205.000162124634,Fri Sep 04 2026 14:15:49 GMT-0500 (Central Daylight Time),347288.7999999523,A,ru,I,backspace,512,3,1399.0999999046326,345889.7000000477,8098,WL,A,4.0
3,15.91100001335144,learn,44088.99998664856,Fri Sep 04 2026 14:15:49 GMT-0500 (Central Daylight Time),347405.59999990463,A,rug,I,g,99,3,1515.8999998569489,345889.7000000477,8098,WL,A,4.0
3,16.49399995803833,learn,43506.00004196167,Fri Sep 04 2026 14:15:49 GMT-0500 (Central Daylight Time),347988.59999990463,A,rugenter,I,enter,565,3,2098.899999856949,345889.7000000477,8098,WL,A,4.0
3,17.143999814987183,learn,42856.00018501282,Fri Sep 04 2026 14:15:49 GMT-0500 (Central Daylight Time),348638.59999990463,A,m,I,m,640,3,649.6999998092651,347988.90000009537,8098,WL,A,5.0
3,17.277999877929688,learn,42722.00012207031,Fri Sep 04 2026 14:15:49 GMT-0500 (Central Daylight Time),348771.7000000477,A,me,I,e,125,3,782.7999999523163,347988.90000009537,8098,WL,A,5.0
3,17.444000005722046,learn,42555.999994277954,Fri Sep 04 2026 14:15:49 GMT-0500 (Central Daylight Time),348938.2999999523,A,mea,I,a,159,3,949.3999998569489,347988.90000009537,8098,WL,A,5.0
3,17.82699990272522,learn,42173.00009727478,Fri Sep 04 2026 14:15:49 GMT-0500 (Central Daylight Time),349321.5,A,mead,I,d,369,3,1332.5999999046326,347988.90000009537,8098,WL,A,5.0
3,18.043999910354614,learn,41956.000089645386,Fri Sep 04 2026 14:15:49 GMT-0500 (Central Daylight Time),349538.2999999523,A,meado,I,o,210,3,1549.3999998569489,347988.90000009537,8098,WL,A,5.0
3,18.293999910354614,learn,41706.000089645386,Fri Sep 04 2026 14:15:49 GMT-0500 (Central Daylight Time),349788.2999999523,A,meadow,I,w,241,3,1799.3999998569489,347988.90000009537,8098,WL,A,5.0
3,20.97699999809265,learn,39023.00000190735,Fri Sep 04 2026 14:15:49 GMT-0500 (Central Daylight Time),352470.7999999523,A,meadowenter,I,enter,2663,3,4481.899999856949,347988.90000009537,8098,WL,A,5.0
3,21.526000022888184,learn,38473.99997711182,Fri Sep 04 2026 14:15:49 GMT-0500 (Central Daylight Time),353020.7000000477,A,a,I,a,534,3,549.6000001430511,352471.09999990463,8098,WL,A,6.0
3,21.72599983215332,learn,38274.00016784668,Fri Sep 04 2026 14:15:49 GMT-0500 (Central Daylight Time),353220.40000009537,A,ar,I,r,192,3,749.3000001907349,352471.09999990463,8098,WL,A,6.0
3,22.608999967575073,learn,37391.00003242493,Fri Sep 04 2026 14:15:49 GMT-0500 (Central Daylight Time),354103.5,A,a,I,backspace,863,3,1632.4000000953674,352471.09999990463,8098,WL,A,6.0
3,22.792999982833862,learn,37207.00001716614,Fri Sep 04 2026 14:15:49 GMT-0500 (Central Daylight Time),354286.7000000477,A,,I,backspace,164,3,1815.6000001430511,352471.09999990463,8098,WL,A,6.0
3,23.158999919891357,learn,36841.00008010864,Fri Sep 04 2026 14:15:49 GMT-0500 (Central Daylight Time),354653.09999990463,A,h,I,h,349,3,2182.0,352471.09999990463,8098,WL,A,6.0
3,23.359999895095825,learn,36640.000104904175,Fri Sep 04 2026 14:15:49 GMT-0500 (Central Daylight Time),354854.5,A,ha,I,a,182,3,2383.4000000953674,352471.09999990463,8098,WL,A,6.0
3,23.508999824523926,learn,36491.000175476074,Fri Sep 04 2026 14:15:49 GMT-0500 (Central Daylight Time),355003.09999990463,A,hap,I,p,141,3,2532.0,352471.09999990463,8098,WL,A,6.0
3,24.026000022888184,learn,35973.99997711182,Fri Sep 04 2026 14:15:49 GMT-0500 (Central Daylight Time),355519.90000009537,A,ha,I,backspace,496,3,3048.800000190735,352471.09999990463,8098,WL,A,6.0
3,24.125999927520752,learn,35874.00007247925,Fri Sep 04 2026 14:15:49 GMT-0500 (Central Daylight Time),355619.90000009537,A,har,I,r,83,3,3148.800000190735,352471.09999990463,8098,WL,A,6.0
3,24.521999835968018,learn,35478.00016403198,Fri Sep 04 2026 14:15:49 GMT-0500 (Central Daylight Time),356016.40000009537,A,harp,I,p,358,3,3545.300000190735,352471.09999990463,8098,WL,A,6.0
3,24.924999952316284,learn,35075.000047683716,Fri Sep 04 2026 14:15:49 GMT-0500 (Central Daylight Time),356419.40000009537,A,harpenter,I,enter,394,3,3948.300000190735,352471.09999990463,8098,WL,A,6.0
3,25.641000032424927,learn,34358.99996757507,Fri Sep 04 2026 14:15:49 GMT-0500 (Central Daylight Time),357135.7999999523,A,s,I,s,705,3,716.0,356419.7999999523,8098,WL,A,7.0
3,25.85800004005432,learn,34141.99995994568,Fri Sep 04 2026 14:15:49 GMT-0500 (Central Daylight Time),357352.40000009537,A,sa,I,a,195,3,932.6000001430511,356419.7999999523,8098,WL,A,7.0
3,26.45799994468689,learn,33542.00005531311,Fri Sep 04 2026 14:15:49 GMT-0500 (Central Daylight Time),357952.2999999523,A,sal,I,l,579,3,1532.5,356419.7999999523,8098,WL,A,7.0
3,26.7739999294281,learn,33226.0000705719,Fri Sep 04 2026 14:15:49 GMT-0500 (Central Daylight Time),358268.7999999523,A,salt,I,t,307,3,1849.0,356419.7999999523,8098,WL,A,7.0
3,27.807999849319458,learn,32192.000150680542,Fri Sep 04 2026 14:15:49 GMT-0500 (Central Daylight Time),359302.7999999523,A,saltenter,I,enter,1022,3,2883.0,356419.7999999523,8098,WL,A,7.0
3,28.174000024795532,learn,31825.999975204468,Fri Sep 04 2026 14:15:49 GMT-0500 (Central Daylight Time),359668.5,A,f,I,f,349,3,365.5,359303.0,8098,WL,A,8.0
3,28.35699987411499,learn,31643.00012588501,Fri Sep 04 2026 14:15:49 GMT-0500 (Central Daylight Time),359851.59999990463,A,fi,I,i,167,3,548.5999999046326,359303.0,8098,WL,A,8.0
3,29.006999969482422,learn,30993.000030517578,Fri Sep 04 2026 14:15:49 GMT-0500 (Central Daylight Time),360501.59999990463,A,fin,I,n,632,3,1198.5999999046326,359303.0,8098,WL,A,8.0
3,29.43999981880188,learn,30560.00018119812,Fri Sep 04 2026 14:15:49 GMT-0500 (Central Daylight Time),360934.59999990463,A,fing,I,g,421,3,1631.5999999046326,359303.0,8098,WL,A,8.0
3,29.707000017166138,learn,30292.999982833862,Fri Sep 04 2026 14:15:49 GMT-0500 (Central Daylight Time),361201.2999999523,A,finge,I,e,254,3,1898.2999999523163,359303.0,8098,WL,A,8.0
3,29.789999961853027,learn,30210.000038146973,Fri Sep 04 2026 14:15:49 GMT-0500 (Central Daylight Time),361284.59999990463,A,finger,I,r,74,3,1981.5999999046326,359303.0,8098,WL,A,8.0
3,30.43999981880188,learn,29560.00018119812,Fri Sep 04 2026 14:15:49 GMT-0500 (Central Daylight Time),361934.40000009537,A,fingerenter,I,enter,631,3,2631.4000000953674,359303.0,8098,WL,A,8.0
3,33.555999994277954,learn,26444.000005722046,Fri Sep 04 2026 14:15:49 GMT-0500 (Central Daylight Time),365050.0,A,b,I,b,3111,3,3115.4000000953674,361934.59999990463,8098,WL,A,9.0
3,33.871999979019165,learn,26128.000020980835,Fri Sep 04 2026 14:15:49 GMT-0500 (Central Daylight Time),365366.40000009537,A,bu,I,u,306,3,3431.800000190735,361934.59999990463,8098,WL,A,9.0
3,34.17199993133545,learn,25828.00006866455,Fri Sep 04 2026 14:15:49 GMT-0500 (Central Daylight Time),365666.59999990463,A,but,I,t,293,3,3732.0,361934.59999990463,8098,WL,A,9.0
3,34.33799982070923,learn,25662.00017929077,Fri Sep 04 2026 14:15:49 GMT-0500 (Central Daylight Time),365832.90000009537,A,butt,I,t,161,3,3898.300000190735,361934.59999990463,8098,WL,A,9.0
3,34.58899998664856,learn,25411.00001335144,Fri Sep 04 2026 14:15:49 GMT-0500 (Central Daylight Time),366083.0,A,butto,I,o,235,3,4148.400000095367,361934.59999990463,8098,WL,A,9.0
3,34.93899989128113,learn,25061.000108718872,Fri Sep 04 2026 14:15:49 GMT-0500 (Central Daylight Time),366433.40000009537,A,button,I,n,345,3,4498.800000190735,361934.59999990463,8098,WL,A,9.0
3,35.67199993133545,learn,24328.00006866455,Fri Sep 04 2026 14:15:49 GMT-0500 (Central Daylight Time),367166.09999990463,A,buttonenter,I,enter,723,3,5231.5,361934.59999990463,8098,WL,A,9.0
3,36.120999813079834,learn,23879.000186920166,Fri Sep 04 2026 14:15:49 GMT-0500 (Central Daylight Time),367615.90000009537,A,c,I,c,429,3,449.5,367166.40000009537,8098,WL,A,10.0
3,36.27199983596802,learn,23728.000164031982,Fri Sep 04 2026 14:15:49 GMT-0500 (Central Daylight Time),367766.0,A,ch,I,h,131,3,599.5999999046326,367166.40000009537,8098,WL,A,10.0
3,36.55499982833862,learn,23445.000171661377,Fri Sep 04 2026 14:15:49 GMT-0500 (Central Daylight Time),368049.2000000477,A,chi,I,i,262,3,882.7999999523163,367166.40000009537,8098,WL,A,10.0
3,36.98799991607666,learn,23012.00008392334,Fri Sep 04 2026 14:15:49 GMT-0500 (Central Daylight Time),368482.2999999523,A,chim,I,m,419,3,1315.8999998569489,367166.40000009537,8098,WL,A,10.0
3,37.4210000038147,learn,22578.999996185303,Fri Sep 04 2026 14:15:49 GMT-0500 (Central Daylight Time),368915.40000009537,A,chimn,I,n,417,3,1749.0,367166.40000009537,8098,WL,A,10.0
3,37.72099995613098,learn,22279.00004386902,Fri Sep 04 2026 14:15:49 GMT-0500 (Central Daylight Time),369215.59999990463,A,chimne,I,e,280,3,2049.199999809265,367166.40000009537,8098,WL,A,10.0
3,38.22099995613098,learn,21779.00004386902,Fri Sep 04 2026 14:15:49 GMT-0500 (Central Daylight Time),369715.2999999523,A,chimney,I,y,484,3,2548.899999856949,367166.40000009537,8098,WL,A,10.0
3,38.73699998855591,learn,21263.00001144409,Fri Sep 04 2026 14:15:49 GMT-0500 (Central Daylight Time),370231.59999990463,A,chimneyenter,I,enter,496,3,3065.199999809265,367166.40000009537,8098,WL,A,10.0
3,39.03699994087219,learn,20963.000059127808,Fri Sep 04 2026 14:15:49 GMT-0500 (Central Daylight Time),370531.59999990463,A,a,I,a,291,3,299.69999980926514,370231.90000009537,8098,WL,A,11.0
3,39.169999837875366,learn,20830.000162124634,Fri Sep 04 2026 14:15:49 GMT-0500 (Central Daylight Time),370664.59999990463,A,ap,I,p,128,3,432.69999980926514,370231.90000009537,8098,WL,A,11.0
3,39.38699984550476,learn,20613.00015449524,Fri Sep 04 2026 14:15:49 GMT-0500 (Central Daylight Time),370881.59999990463,A,app,I,p,203,3,649.6999998092651,370231.90000009537,8098,WL,A,11.0
3,39.65399980545044,learn,20346.00019454956,Fri Sep 04 2026 14:15:49 GMT-0500 (Central Daylight Time),371148.2000000477,A,appl,I,l,249,3,916.2999999523163,370231.90000009537,8098,WL,A,11.0
3,39.770999908447266,learn,20229.000091552734,Fri Sep 04 2026 14:15:49 GMT-0500 (Central Daylight Time),371265.40000009537,A,apple,I,e,112,3,1033.5,370231.90000009537,8098,WL,A,11.0
3,40.25399994850159,learn,19746.000051498413,Fri Sep 04 2026 14:15:49 GMT-0500 (Central Daylight Time),371748.7000000477,A,appleenter,I,enter,466,3,1516.7999999523163,370231.90000009537,8098,WL,A,11.0
3,40.97000002861023,learn,19029.99997138977,Fri Sep 04 2026 14:15:49 GMT-0500 (Central Daylight Time),372464.59999990463,A,k,I,k,710,3,715.5999999046326,371749.0,8098,WL,A,12.0
3,41.085999965667725,learn,18914.000034332275,Fri Sep 04 2026 14:15:49 GMT-0500 (Central Daylight Time),372580.7999999523,A,ke,I,e,98,3,831.7999999523163,371749.0,8098,WL,A,12.0
3,41.40299987792969,learn,18597.000122070312,Fri Sep 04 2026 14:15:49 GMT-0500 (Central Daylight Time),372897.7000000477,A,key,I,y,304,3,1148.7000000476837,371749.0,8098,WL,A,12.0
3,42.03600001335144,learn,17963.99998664856,Fri Sep 04 2026 14:15:49 GMT-0500 (Central Daylight Time),373530.7999999523,A,keyenter,I,enter,619,3,1781.7999999523163,371749.0,8098,WL,A,12.0
3,46.10199999809265,learn,13898.000001907349,Fri Sep 04 2026 14:15:49 GMT-0500 (Central Daylight Time),377596.0,A,r,I,r,4058,3,4064.7999999523163,373531.2000000477,8098,WL,A,13.0
3,46.46799993515015,learn,13532.000064849854,Fri Sep 04 2026 14:15:49 GMT-0500 (Central Daylight Time),377962.59999990463,A,ra,I,a,359,3,4431.399999856949,373531.2000000477,8098,WL,A,13.0
3,46.70099997520447,learn,13299.000024795532,Fri Sep 04 2026 14:15:49 GMT-0500 (Central Daylight Time),378195.90000009537,A,rat,I,t,225,3,4664.700000047684,373531.2000000477,8098,WL,A,13.0
3,46.85099983215332,learn,13149.00016784668,Fri Sep 04 2026 14:15:49 GMT-0500 (Central Daylight Time),378345.7999999523,A,ratt,I,t,143,3,4814.599999904633,373531.2000000477,8098,WL,A,13.0
3,47.151999950408936,learn,12848.000049591064,Fri Sep 04 2026 14:15:49 GMT-0500 (Central Daylight Time),378646.0,A,rattl,I,l,281,3,5114.799999952316,373531.2000000477,8098,WL,A,13.0
3,47.317999839782715,learn,12682.000160217285,Fri Sep 04 2026 14:15:49 GMT-0500 (Central Daylight Time),378812.2000000477,A,rattle,I,e,156,3,5281.0,373531.2000000477,8098,WL,A,13.0
3,47.66799998283386,learn,12332.000017166138,Fri Sep 04 2026 14:15:49 GMT-0500 (Central Daylight Time),379162.09999990463,A,rattleenter,I,enter,334,3,5630.899999856949,373531.2000000477,8098,WL,A,13.0
3,48.07799983024597,learn,11922.000169754028,Fri Sep 04 2026 14:15:49 GMT-0500 (Central Daylight Time),379571.90000009537,A,g,I,g,405,3,409.40000009536743,379162.5,8098,WL,A,14.0
3,48.23399996757507,learn,11766.000032424927,Fri Sep 04 2026 14:15:49 GMT-0500 (Central Daylight Time),379728.2999999523,A,go,I,o,151,3,565.7999999523163,379162.5,8098,WL,A,14.0
3,48.51799988746643,learn,11482.00011253357,Fri Sep 04 2026 14:15:49 GMT-0500 (Central Daylight Time),380012.0,A,gol,I,l,267,3,849.5,379162.5,8098,WL,A,14.0
3,48.78399991989136,learn,11216.000080108643,Fri Sep 04 2026 14:15:49 GMT-0500 (Central Daylight Time),380278.40000009537,A,gold,I,d,256,3,1115.9000000953674,379162.5,8098,WL,A,14.0
3,49.20099997520447,learn,10799.000024795532,Fri Sep 04 2026 14:15:49 GMT-0500 (Central Daylight Time),380695.0,A,goldenter,I,enter,406,3,1532.5,379162.5,8098,WL,A,14.0
3,53.74899983406067,learn,6251.000165939331,Fri Sep 04 2026 14:15:49 GMT-0500 (Central Daylight Time),385243.90000009537,A,s,I,s,4533,3,4548.5,380695.40000009537,8098,WL,A,15.0
3,53.96599984169006,learn,6034.0001583099365,Fri Sep 04 2026 14:15:49 GMT-0500 (Central Daylight Time),385460.40000009537,A,sa,I,a,199,3,4765.0,380695.40000009537,8098,WL,A,15.0
3,54.21599984169006,learn,5784.0001583099365,Fri Sep 04 2026 14:15:49 GMT-0500 (Central Daylight Time),385710.09999990463,A,sal,I,l,231,3,5014.699999809265,380695.40000009537,8098,WL,A,15.0
3,54.431999921798706,learn,5568.000078201294,Fri Sep 04 2026 14:15:49 GMT-0500 (Central Daylight Time),385926.59999990463,A,salt,I,t,197,3,5231.199999809265,380695.40000009537,8098,WL,A,15.0
3,56.38199996948242,learn,3618.000030517578,Fri Sep 04 2026 14:15:49 GMT-0500 (Central Daylight Time),387876.09999990463,A,saltenter,I,enter,1933,3,7180.699999809265,380695.40000009537,8098,WL,A,15.0
4,1.3329999446868896,learn,58667.00005531311,Fri Sep 04 2026 14:15:49 GMT-0500 (Central Daylight Time),456571.2999999523,A,b,I,b,1317,3,1332.7000000476837,455238.59999990463,8098,WL,A,1.0
4,1.6329998970031738,learn,58367.000102996826,Fri Sep 04 2026 14:15:49 GMT-0500 (Central Daylight Time),456871.2000000477,A,bo,I,o,289,3,1632.6000001430511,455238.59999990463,8098,WL,A,1.0
4,1.8329999446868896,learn,58167.00005531311,Fri Sep 04 2026 14:15:49 GMT-0500 (Central Daylight Time),457071.2000000477,A,boo,I,o,188,3,1832.6000001430511,455238.59999990463,8098,WL,A,1.0
4,2.132999897003174,learn,57867.000102996826,Fri Sep 04 2026 14:15:49 GMT-0500 (Central Daylight Time),457371.2000000477,A,book,I,k,284,3,2132.600000143051,455238.59999990463,8098,WL,A,1.0
4,4.148999929428101,learn,55851.0000705719,Fri Sep 04 2026 14:15:49 GMT-0500 (Central Daylight Time),459387.2000000477,A,bookenter,I,enter,2000,3,4148.600000143051,455238.59999990463,8098,WL,A,1.0
4,4.7829999923706055,learn,55217.000007629395,Fri Sep 04 2026 14:15:49 GMT-0500 (Central Daylight Time),460021.2000000477,A,f,I,f,617,3,633.6000001430511,459387.59999990463,8098,WL,A,2.0
4,5.0320000648498535,learn,54967.99993515015,Fri Sep 04 2026 14:15:49 GMT-0500 (Central Daylight Time),460270.09999990463,A,fl,I,l,239,3,882.5,459387.59999990463,8098,WL,A,2.0
4,5.315000057220459,learn,54684.99994277954,Fri Sep 04 2026 14:15:49 GMT-0500 (Central Daylight Time),460553.2000000477,A,flo,I,o,277,3,1165.6000001430511,459387.59999990463,8098,WL,A,2.0
4,5.514999866485596,learn,54485.000133514404,Fri Sep 04 2026 14:15:49 GMT-0500 (Central Daylight Time),460753.5,A,flow,I,w,186,3,1365.9000000953674,459387.59999990463,8098,WL,A,2.0
4,5.63100004196167,learn,54368.99995803833,Fri Sep 04 2026 14:15:49 GMT-0500 (Central Daylight Time),460869.90000009537,A,flowe,I,e,106,3,1482.3000001907349,459387.59999990463,8098,WL,A,2.0
4,5.747999906539917,learn,54252.00009346008,Fri Sep 04 2026 14:15:49 GMT-0500 (Central Daylight Time),460986.59999990463,A,flower,I,r,102,3,1599.0,459387.59999990463,8098,WL,A,2.0
4,6.114000082015991,learn,53885.99991798401,Fri Sep 04 2026 14:15:49 GMT-0500 (Central Daylight Time),461353.0,A,flowerenter,I,enter,362,3,1965.4000000953674,459387.59999990463,8098,WL,A,2.0
4,6.513999938964844,learn,53486.000061035156,Fri Sep 04 2026 14:15:49 GMT-0500 (Central Daylight Time),461752.90000009537,A,t,I,t,387,3,399.7000000476837,461353.2000000477,8098,WL,A,3.0
4,6.730999946594238,learn,53269.00005340576,Fri Sep 04 2026 14:15:49 GMT-0500 (Central Daylight Time),461969.7999999523,A,tr,I,r,202,3,616.5999999046326,461353.2000000477,8098,WL,A,3.0
4,6.865999937057495,learn,53134.000062942505,Fri Sep 04 2026 14:15:49 GMT-0500 (Central Daylight Time),462104.2999999523,A,tra,I,a,113,3,751.0999999046326,461353.2000000477,8098,WL,A,3.0
4,7.063999891281128,learn,52936.00010871887,Fri Sep 04 2026 14:15:49 GMT-0500 (Central Daylight Time),462302.90000009537,A,trai,I,i,187,3,949.7000000476837,461353.2000000477,8098,WL,A,3.0
4,7.297999858856201,learn,52702.0001411438,Fri Sep 04 2026 14:15:49 GMT-0500 (Central Daylight Time),462536.2999999523,A,train,I,n,219,3,1183.0999999046326,461353.2000000477,8098,WL,A,3.0
4,7.647000074386597,learn,52352.9999256134,Fri Sep 04 2026 14:15:49 GMT-0500 (Central Daylight Time),462886.09999990463,A,trainenter,I,enter,340,3,1532.8999998569489,461353.2000000477,8098,WL,A,3.0
4,8.047999858856201,learn,51952.0001411438,Fri Sep 04 2026 14:15:49 GMT-0500 (Central Daylight Time),463286.90000009537,A,r,I,r,381,3,400.40000009536743,462886.5,8098,WL,A,4.0
4,8.246999979019165,learn,51753.000020980835,Fri Sep 04 2026 14:15:49 GMT-0500 (Central Daylight Time),463485.7999999523,A,ru,I,u,180,3,599.2999999523163,462886.5,8098,WL,A,4.0
4,8.54699993133545,learn,51453.00006866455,Fri Sep 04 2026 14:15:49 GMT-0500 (Central Daylight Time),463785.90000009537,A,rug,I,g,285,3,899.4000000953674,462886.5,8098,WL,A,4.0
4,8.864000082015991,learn,51135.99991798401,Fri Sep 04 2026 14:15:49 GMT-0500 (Central Daylight Time),464102.09999990463,A,rugenter,I,enter,307,3,1215.5999999046326,462886.5,8098,WL,A,4.0
4,9.19700002670288,learn,50802.99997329712,Fri Sep 04 2026 14:15:49 GMT-0500 (Central Daylight Time),464435.7000000477,A,m,I,m,325,3,333.2000000476837,464102.5,8098,WL,A,5.0
4,9.312999963760376,learn,50687.000036239624,Fri Sep 04 2026 14:15:49 GMT-0500 (Central Daylight Time),464552.0,A,me,I,e,112,3,449.5,464102.5,8098,WL,A,5.0
4,9.513999938964844,learn,50486.000061035156,Fri Sep 04 2026 14:15:49 GMT-0500 (Central Daylight Time),464752.2000000477,A,mea,I,a,179,3,649.7000000476837,464102.5,8098,WL,A,5.0
4,9.879999876022339,learn,50120.00012397766,Fri Sep 04 2026 14:15:49 GMT-0500 (Central Daylight Time),465118.40000009537,A,mead,I,d,355,3,1015.9000000953674,464102.5,8098,WL,A,5.0
4,10.062999963760376,learn,49937.000036239624,Fri Sep 04 2026 14:15:49 GMT-0500 (Central Daylight Time),465301.7999999523,A,meado,I,o,164,3,1199.2999999523163,464102.5,8098,WL,A,5.0
4,10.29699993133545,learn,49703.00006866455,Fri Sep 04 2026 14:15:49 GMT-0500 (Central Daylight Time),465535.2000000477,A,meadow,I,w,222,3,1432.7000000476837,464102.5,8098,WL,A,5.0
4,10.680000066757202,learn,49319.9999332428,Fri Sep 04 2026 14:15:49 GMT-0500 (Central Daylight Time),465918.40000009537,A,meadowenter,I,enter,373,3,1815.9000000953674,464102.5,8098,WL,A,5.0
4,11.496000051498413,learn,48503.99994850159,Fri Sep 04 2026 14:15:49 GMT-0500 (Central Daylight Time),466735.0,A,h,I,h,805,3,816.2999999523163,465918.7000000477,8098,WL,A,6.0
4,11.678999900817871,learn,48321.00009918213,Fri Sep 04 2026 14:15:49 GMT-0500 (Central Daylight Time),466917.7999999523,A,ha,I,a,164,3,999.0999999046326,465918.7000000477,8098,WL,A,6.0
4,11.828999996185303,learn,48171.0000038147,Fri Sep 04 2026 14:15:49 GMT-0500 (Central Daylight Time),467068.0,A,har,I,r,133,3,1149.2999999523163,465918.7000000477,8098,WL,A,6.0
4,12.19599986076355,learn,47804.00013923645,Fri Sep 04 2026 14:15:49 GMT-0500 (Central Daylight Time),467435.09999990463,A,harp,I,p,351,3,1516.3999998569489,465918.7000000477,8098,WL,A,6.0
4,12.595999956130981,learn,47404.00004386902,Fri Sep 04 2026 14:15:49 GMT-0500 (Central Daylight Time),467834.59999990463,A,harpenter,I,enter,386,3,1915.8999998569489,465918.7000000477,8098,WL,A,6.0
4,13.878999948501587,learn,46121.00005149841,Fri Sep 04 2026 14:15:49 GMT-0500 (Central Daylight Time),469117.5,A,s,I,s,1273,3,1282.5999999046326,467834.90000009537,8098,WL,A,7.0
4,14.078999996185303,learn,45921.0000038147,Fri Sep 04 2026 14:15:49 GMT-0500 (Central Daylight Time),469317.2999999523,A,sa,I,a,190,3,1482.3999998569489,467834.90000009537,8098,WL,A,7.0
4,14.361999988555908,learn,45638.00001144409,Fri Sep 04 2026 14:15:49 GMT-0500 (Central Daylight Time),469600.59999990463,A,sal,I,l,270,3,1765.6999998092651,467834.90000009537,8098,WL,A,7.0
4,14.57800006866455,learn,45421.99993133545,Fri Sep 04 2026 14:15:49 GMT-0500 (Central Daylight Time),469816.90000009537,A,salt,I,t,196,3,1982.0,467834.90000009537,8098,WL,A,7.0
4,14.944999933242798,learn,45055.0000667572,Fri Sep 04 2026 14:15:49 GMT-0500 (Central Daylight Time),470183.7000000477,A,saltenter,I,enter,354,3,2348.7999999523163,467834.90000009537,8098,WL,A,7.0
4,15.295000076293945,learn,44704.999923706055,Fri Sep 04 2026 14:15:49 GMT-0500 (Central Daylight Time),470533.7000000477,A,f,I,f,340,3,349.60000014305115,470184.09999990463,8098,WL,A,8.0
4,15.461999893188477,learn,44538.00010681152,Fri Sep 04 2026 14:15:49 GMT-0500 (Central Daylight Time),470700.2000000477,A,fi,I,i,150,3,516.1000001430511,470184.09999990463,8098,WL,A,8.0
4,15.845999956130981,learn,44154.00004386902,Fri Sep 04 2026 14:15:49 GMT-0500 (Central Daylight Time),471084.40000009537,A,fin,I,n,375,3,900.3000001907349,470184.09999990463,8098,WL,A,8.0
4,15.994999885559082,learn,44005.00011444092,Fri Sep 04 2026 14:15:49 GMT-0500 (Central Daylight Time),471233.2999999523,A,fing,I,g,134,3,1049.2000000476837,470184.09999990463,8098,WL,A,8.0
4,16.26099991798401,learn,43739.00008201599,Fri Sep 04 2026 14:15:49 GMT-0500 (Central Daylight Time),471500.2000000477,A,finge,I,e,259,3,1316.1000001430511,470184.09999990463,8098,WL,A,8.0
4,16.3439998626709,learn,43656.0001373291,Fri Sep 04 2026 14:15:49 GMT-0500 (Central Daylight Time),471583.09999990463,A,finger,I,r,71,3,1399.0,470184.09999990463,8098,WL,A,8.0
4,17.293999910354614,learn,42706.000089645386,Fri Sep 04 2026 14:15:49 GMT-0500 (Central Daylight Time),472532.90000009537,A,fingerenter,I,enter,932,3,2348.800000190735,470184.09999990463,8098,WL,A,8.0
4,18.944000005722046,learn,41055.999994277954,Fri Sep 04 2026 14:15:49 GMT-0500 (Central Daylight Time),474182.5,A,a,I,a,1631,3,1649.2999999523163,472533.2000000477,8098,WL,A,9.0
4,19.16100001335144,learn,40838.99998664856,Fri Sep 04 2026 14:15:49 GMT-0500 (Central Daylight Time),474400.0,A,ap,I,p,213,3,1866.7999999523163,472533.2000000477,8098,WL,A,9.0
4,19.3439998626709,learn,40656.0001373291,Fri Sep 04 2026 14:15:49 GMT-0500 (Central Daylight Time),474582.40000009537,A,app,I,p,171,3,2049.2000000476837,472533.2000000477,8098,WL,A,9.0
4,19.626999855041504,learn,40373.000144958496,Fri Sep 04 2026 14:15:49 GMT-0500 (Central Daylight Time),474865.2000000477,A,appl,I,l,277,3,2332.0,472533.2000000477,8098,WL,A,9.0
4,19.776999950408936,learn,40223.000049591064,Fri Sep 04 2026 14:15:49 GMT-0500 (Central Daylight Time),475015.40000009537,A,apple,I,e,139,3,2482.2000000476837,472533.2000000477,8098,WL,A,9.0
4,21.493000030517578,learn,38506.99996948242,Fri Sep 04 2026 14:15:49 GMT-0500 (Central Daylight Time),476731.7000000477,A,appleenter,I,enter,1708,3,4198.5,472533.2000000477,8098,WL,A,9.0
4,21.9760000705719,learn,38023.9999294281,Fri Sep 04 2026 14:15:49 GMT-0500 (Central Daylight Time),477214.7999999523,A,c,I,c,464,3,482.7999999523163,476732.0,8098,WL,A,10.0
4,22.125999927520752,learn,37874.00007247925,Fri Sep 04 2026 14:15:49 GMT-0500 (Central Daylight Time),477364.90000009537,A,ch,I,h,132,3,632.9000000953674,476732.0,8098,WL,A,10.0
4,22.325000047683716,learn,37674.999952316284,Fri Sep 04 2026 14:15:49 GMT-0500 (Central Daylight Time),477564.2000000477,A,chi,I,i,191,3,832.2000000476837,476732.0,8098,WL,A,10.0
4,22.64199995994568,learn,37358.00004005432,Fri Sep 04 2026 14:15:49 GMT-0500 (Central Daylight Time),477881.2999999523,A,chim,I,m,296,3,1149.2999999523163,476732.0,8098,WL,A,10.0
4,23.20899987220764,learn,36791.00012779236,Fri Sep 04 2026 14:15:49 GMT-0500 (Central Daylight Time),478447.7999999523,A,chimn,I,n,554,3,1715.7999999523163,476732.0,8098,WL,A,10.0
4,23.424999952316284,learn,36575.000047683716,Fri Sep 04 2026 14:15:49 GMT-0500 (Central Daylight Time),478664.0,A,chimne,I,e,212,3,1932.0,476732.0,8098,WL,A,10.0
4,23.741999864578247,learn,36258.00013542175,Fri Sep 04 2026 14:15:49 GMT-0500 (Central Daylight Time),478981.09999990463,A,chimneu,I,u,300,3,2249.0999999046326,476732.0,8098,WL,A,10.0
4,24.757999897003174,learn,35242.000102996826,Fri Sep 04 2026 14:15:49 GMT-0500 (Central Daylight Time),479997.2999999523,A,chimne,I,backspace,1006,3,3265.2999999523163,476732.0,8098,WL,A,10.0
4,25.125,learn,34875.0,Fri Sep 04 2026 14:15:49 GMT-0500 (Central Daylight Time),480363.7999999523,A,chimney,I,y,358,3,3631.7999999523163,476732.0,8098,WL,A,10.0
4,26.69099998474121,learn,33309.00001525879,Fri Sep 04 2026 14:15:49 GMT-0500 (Central Daylight Time),481929.7999999523,A,chimneyenter,I,enter,1561,3,5197.799999952316,476732.0,8098,WL,A,10.0
4,29.806999921798706,learn,30193.000078201294,Fri Sep 04 2026 14:15:49 GMT-0500 (Central Daylight Time),485045.59999990463,A,k,I,k,3107,3,3115.699999809265,481929.90000009537,8098,WL,A,11.0
4,29.924000024795532,learn,30075.999975204468,Fri Sep 04 2026 14:15:49 GMT-0500 (Central Daylight Time),485162.40000009537,A,ke,I,e,102,3,3232.5,481929.90000009537,8098,WL,A,11.0
4,30.223000049591064,learn,29776.999950408936,Fri Sep 04 2026 14:15:49 GMT-0500 (Central Daylight Time),485462.2999999523,A,key,I,y,280,3,3532.399999856949,481929.90000009537,8098,WL,A,11.0
4,30.622999906539917,learn,29377.000093460083,Fri Sep 04 2026 14:15:49 GMT-0500 (Central Daylight Time),485862.2000000477,A,keyenter,I,enter,382,3,3932.2999999523163,481929.90000009537,8098,WL,A,11.0
4,32.4229998588562,learn,27577.0001411438,Fri Sep 04 2026 14:15:49 GMT-0500 (Central Daylight Time),487661.90000009537,A,r,I,r,1781,3,1799.3000001907349,485862.59999990463,8098,WL,A,12.0
4,32.60599994659424,learn,27394.00005340576,Fri Sep 04 2026 14:15:49 GMT-0500 (Central Daylight Time),487845.0,A,ra,I,a,165,3,1982.4000000953674,485862.59999990463,8098,WL,A,12.0
4,32.82299995422363,learn,27177.000045776367,Fri Sep 04 2026 14:15:49 GMT-0500 (Central Daylight Time),488061.5,A,rat,I,t,200,3,2198.9000000953674,485862.59999990463,8098,WL,A,12.0
4,33.00600004196167,learn,26993.99995803833,Fri Sep 04 2026 14:15:49 GMT-0500 (Central Daylight Time),488244.7000000477,A,ratt,I,t,166,3,2382.100000143051,485862.59999990463,8098,WL,A,12.0
4,33.289000034332275,learn,26710.999965667725,Fri Sep 04 2026 14:15:49 GMT-0500 (Central Daylight Time),488528.09999990463,A,rattl,I,l,271,3,2665.5,485862.59999990463,8098,WL,A,12.0
4,33.47199988365173,learn,26528.000116348267,Fri Sep 04 2026 14:15:49 GMT-0500 (Central Daylight Time),488711.2999999523,A,rattle,I,e,171,3,2848.7000000476837,485862.59999990463,8098,WL,A,12.0
4,33.7720000743866,learn,26227.999925613403,Fri Sep 04 2026 14:15:49 GMT-0500 (Central Daylight Time),489011.09999990463,A,rattleenter,I,enter,285,3,3148.5,485862.59999990463,8098,WL,A,12.0
4,34.20599985122681,learn,25794.000148773193,Fri Sep 04 2026 14:15:49 GMT-0500 (Central Daylight Time),489444.40000009537,A,l,I,l,416,3,433.0,489011.40000009537,8098,WL,A,13.0
4,34.50499987602234,learn,25495.00012397766,Fri Sep 04 2026 14:15:49 GMT-0500 (Central Daylight Time),489744.2999999523,A,lo,I,o,295,3,732.8999998569489,489011.40000009537,8098,WL,A,13.0
4,34.723000049591064,learn,25276.999950408936,Fri Sep 04 2026 14:15:49 GMT-0500 (Central Daylight Time),489962.0,A,log,I,g,202,3,950.5999999046326,489011.40000009537,8098,WL,A,13.0
4,35.105000019073486,learn,24894.999980926514,Fri Sep 04 2026 14:15:49 GMT-0500 (Central Daylight Time),490344.2000000477,A,logenter,I,enter,370,3,1332.7999999523163,489011.40000009537,8098,WL,A,13.0
4,35.97199988365173,learn,24028.000116348267,Fri Sep 04 2026 14:15:49 GMT-0500 (Central Daylight Time),491210.40000009537,A,b,I,b,860,3,865.9000000953674,490344.5,8098,WL,A,14.0
4,36.22199988365173,learn,23778.000116348267,Fri Sep 04 2026 14:15:49 GMT-0500 (Central Daylight Time),491460.5,A,bu,I,u,232,3,1116.0,490344.5,8098,WL,A,14.0
4,36.4210000038147,learn,23578.999996185303,Fri Sep 04 2026 14:15:49 GMT-0500 (Central Daylight Time),491660.2999999523,A,bug,I,g,191,3,1315.7999999523163,490344.5,8098,WL,A,14.0
4,36.605000019073486,learn,23394.999980926514,Fri Sep 04 2026 14:15:49 GMT-0500 (Central Daylight Time),491843.7000000477,A,bugg,I,g,175,3,1499.2000000476837,490344.5,8098,WL,A,14.0
4,36.9210000038147,learn,23078.999996185303,Fri Sep 04 2026 14:15:49 GMT-0500 (Central Daylight Time),492160.2999999523,A,bug,I,backspace,303,3,1815.7999999523163,490344.5,8098,WL,A,14.0
4,37.105000019073486,learn,22894.999980926514,Fri Sep 04 2026 14:15:49 GMT-0500 (Central Daylight Time),492343.5,A,bu,I,backspace,163,3,1999.0,490344.5,8098,WL,A,14.0
4,37.18899989128113,learn,22811.000108718872,Fri Sep 04 2026 14:15:49 GMT-0500 (Central Daylight Time),492427.90000009537,A,but,I,t,76,3,2083.4000000953674,490344.5,8098,WL,A,14.0
4,38.12100005149841,learn,21878.999948501587,Fri Sep 04 2026 14:15:49 GMT-0500 (Central Daylight Time),493359.59999990463,A,butt,I,t,911,3,3015.0999999046326,490344.5,8098,WL,A,14.0
4,38.353999853134155,learn,21646.000146865845,Fri Sep 04 2026 14:15:49 GMT-0500 (Central Daylight Time),493592.7999999523,A,butto,I,o,228,3,3248.2999999523163,490344.5,8098,WL,A,14.0
4,38.603999853134155,learn,21396.000146865845,Fri Sep 04 2026 14:15:49 GMT-0500 (Central Daylight Time),493842.90000009537,A,button,I,n,242,3,3498.4000000953674,490344.5,8098,WL,A,14.0
4,39.58699989318848,learn,20413.000106811523,Fri Sep 04 2026 14:15:49 GMT-0500 (Central Daylight Time),494826.0,A,buttonenter,I,enter,976,3,4481.5,490344.5,8098,WL,A,14.0
4,40.15400004386902,learn,19845.99995613098,Fri Sep 04 2026 14:15:49 GMT-0500 (Central Daylight Time),495392.59999990463,A,g,I,g,553,3,566.1999998092651,494826.40000009537,8098,WL,A,15.0
4,40.269999980926514,learn,19730.000019073486,Fri Sep 04 2026 14:15:49 GMT-0500 (Central Daylight Time),495509.09999990463,A,go,I,o,108,3,682.6999998092651,494826.40000009537,8098,WL,A,15.0
4,40.519999980926514,learn,19480.000019073486,Fri Sep 04 2026 14:15:49 GMT-0500 (Central Daylight Time),495758.90000009537,A,gol,I,l,230,3,932.5,494826.40000009537,8098,WL,A,15.0
4,40.670000076293945,learn,19329.999923706055,Fri Sep 04 2026 14:15:49 GMT-0500 (Central Daylight Time),495909.0,A,gold,I,d,141,3,1082.5999999046326,494826.40000009537,8098,WL,A,15.0
4,40.98799991607666,learn,19012.00008392334,Fri Sep 04 2026 14:15:49 GMT-0500 (Central Daylight Time),496226.59999990463,A,goldenter,I,enter,311,3,1400.1999998092651,494826.40000009537,8098,WL,A,15.0
5,0.7829999923706055,learn,60000.0,Fri Sep 04 2026 14:15:49 GMT-0500 (Central Daylight Time),562471.5,A,b,I,b,772,3,783.0,561688.5,8098,WL,A,1.0
5,1.2170000076293945,learn,60000.0,Fri Sep 04 2026 14:15:49 GMT-0500 (Central Daylight Time),562904.5,A,bo,I,o,412,3,1216.0,561688.5,8098,WL,A,1.0
5,1.433000087738037,learn,60000.0,Fri Sep 04 2026 14:15:49 GMT-0500 (Central Daylight Time),563121.2999999523,A,boo,I,o,211,3,1432.7999999523163,561688.5,8098,WL,A,1.0
5,2.1000001430511475,learn,60000.0,Fri Sep 04 2026 14:15:49 GMT-0500 (Central Daylight Time),563787.7000000477,A,book,I,k,658,3,2099.2000000476837,561688.5,8098,WL,A,1.0
5,3.1490001678466797,learn,60000.0,Fri Sep 04 2026 14:15:49 GMT-0500 (Central Daylight Time),564837.4000000954,A,bookenter,I,enter,1041,3,3148.9000000953674,561688.5,8098,WL,A,1.0
5,5.0320000648498535,learn,60000.0,Fri Sep 04 2026 14:15:49 GMT-0500 (Central Daylight Time),566720.0999999046,A,f,I,f,1862,3,1882.5,564837.5999999046,8098,WL,A,2.0
5,5.2820000648498535,learn,60000.0,Fri Sep 04 2026 14:15:49 GMT-0500 (Central Daylight Time),566970.0,A,fl,I,l,236,3,2132.4000000953674,564837.5999999046,8098,WL,A,2.0
5,5.5320000648498535,learn,60000.0,Fri Sep 04 2026 14:15:49 GMT-0500 (Central Daylight Time),567220.0,A,flo,I,o,233,3,2382.4000000953674,564837.5999999046,8098,WL,A,2.0
5,5.699000120162964,learn,60000.0,Fri Sep 04 2026 14:15:49 GMT-0500 (Central Daylight Time),567386.5999999046,A,flow,I,w,159,3,2549.0,564837.5999999046,8098,WL,A,2.0
5,5.8480000495910645,learn,60000.0,Fri Sep 04 2026 14:15:49 GMT-0500 (Central Daylight Time),567536.2999999523,A,flowe,I,e,137,3,2698.7000000476837,564837.5999999046,8098,WL,A,2.0
5,5.982000112533569,learn,60000.0,Fri Sep 04 2026 14:15:49 GMT-0500 (Central Daylight Time),567669.9000000954,A,flower,I,r,124,3,2832.300000190735,564837.5999999046,8098,WL,A,2.0
5,6.457000017166138,learn,60000.0,Fri Sep 04 2026 14:15:49 GMT-0500 (Central Daylight Time),568145.4000000954,A,flowerenter,I,enter,471,3,3307.800000190735,564837.5999999046,8098,WL,A,2.0
5,7.265000104904175,learn,60000.0,Fri Sep 04 2026 14:15:49 GMT-0500 (Central Daylight Time),568952.7999999523,A,t,I,t,794,3,807.0999999046326,568145.7000000477,8098,WL,A,3.0
5,7.481000185012817,learn,60000.0,Fri Sep 04 2026 14:15:49 GMT-0500 (Central Daylight Time),569169.0,A,tr,I,r,210,3,1023.2999999523163,568145.7000000477,8098,WL,A,3.0
5,7.666000127792358,learn,60000.0,Fri Sep 04 2026 14:15:49 GMT-0500 (Central Daylight Time),569353.7000000477,A,tra,I,a,163,3,1208.0,568145.7000000477,8098,WL,A,3.0
5,7.88100004196167,learn,60000.0,Fri Sep 04 2026 14:15:49 GMT-0500 (Central Daylight Time),569569.0999999046,A,trai,I,i,210,3,1423.3999998569489,568145.7000000477,8098,WL,A,3.0
5,8.148000001907349,learn,60000.0,Fri Sep 04 2026 14:15:49 GMT-0500 (Central Daylight Time),569835.7000000477,A,train,I,n,251,3,1690.0,568145.7000000477,8098,WL,A,3.0
5,9.13100004196167,learn,60000.0,Fri Sep 04 2026 14:15:49 GMT-0500 (Central Daylight Time),570818.7999999523,A,trainenter,I,enter,968,3,2673.0999999046326,568145.7000000477,8098,WL,A,3.0
5,9.996999979019165,learn,60000.0,Fri Sep 04 2026 14:15:49 GMT-0500 (Central Daylight Time),571685.2000000477,A,r,I,r,849,3,866.0,570819.2000000477,8098,WL,A,4.0
5,10.180000066757202,learn,60000.0,Fri Sep 04 2026 14:15:49 GMT-0500 (Central Daylight Time),571868.5,A,ru,I,u,174,3,1049.2999999523163,570819.2000000477,8098,WL,A,4.0
5,10.380000114440918,learn,60000.0,Fri Sep 04 2026 14:15:49 GMT-0500 (Central Daylight Time),572068.4000000954,A,rug,I,g,183,3,1249.2000000476837,570819.2000000477,8098,WL,A,4.0
5,10.71500015258789,learn,60000.0,Fri Sep 04 2026 14:15:49 GMT-0500 (Central Daylight Time),572402.5999999046,A,rugenter,I,enter,327,3,1583.3999998569489,570819.2000000477,8098,WL,A,4.0
5,11.27999997138977,learn,60000.0,Fri Sep 04 2026 14:15:49 GMT-0500 (Central Daylight Time),572968.0,A,m,I,m,544,3,565.0999999046326,572402.9000000954,8098,WL,A,5.0
5,11.414000034332275,learn,60000.0,Fri Sep 04 2026 14:15:49 GMT-0500 (Central Daylight Time),573101.5,A,me,I,e,124,3,698.5999999046326,572402.9000000954,8098,WL,A,5.0
5,11.597000122070312,learn,60000.0,Fri Sep 04 2026 14:15:49 GMT-0500 (Central Daylight Time),573284.7000000477,A,mea,I,a,175,3,881.7999999523163,572402.9000000954,8098,WL,A,5.0
5,11.996999979019165,learn,60000.0,Fri Sep 04 2026 14:15:49 GMT-0500 (Central Daylight Time),573684.5999999046,A,mead,I,d,392,3,1281.6999998092651,572402.9000000954,8098,WL,A,5.0
5,12.196000099182129,learn,60000.0,Fri Sep 04 2026 14:15:49 GMT-0500 (Central Daylight Time),573884.5,A,meado,I,o,191,3,1481.5999999046326,572402.9000000954,8098,WL,A,5.0
5,12.696000099182129,learn,60000.0,Fri Sep 04 2026 14:15:49 GMT-0500 (Central Daylight Time),574384.4000000954,A,meadow,I,w,495,3,1981.5,572402.9000000954,8098,WL,A,5.0
5,13.046000003814697,learn,60000.0,Fri Sep 04 2026 14:15:49 GMT-0500 (Central Daylight Time),574734.4000000954,A,meadowenter,I,enter,339,3,2331.5,572402.9000000954,8098,WL,A,5.0
5,13.446000099182129,learn,60000.0,Fri Sep 04 2026 14:15:49 GMT-0500 (Central Daylight Time),575134.0999999046,A,h,I,h,389,3,399.2999999523163,574734.7999999523,8098,WL,A,6.0
5,13.578999996185303,learn,60000.0,Fri Sep 04 2026 14:15:49 GMT-0500 (Central Daylight Time),575267.4000000954,A,ha,I,a,125,3,532.6000001430511,574734.7999999523,8098,WL,A,6.0
5,13.713000059127808,learn,60000.0,Fri Sep 04 2026 14:15:49 GMT-0500 (Central Daylight Time),575400.7000000477,A,har,I,r,128,3,665.9000000953674,574734.7999999523,8098,WL,A,6.0
5,14.562000036239624,learn,60000.0,Fri Sep 04 2026 14:15:49 GMT-0500 (Central Daylight Time),576250.2999999523,A,harp,I,p,843,3,1515.5,574734.7999999523,8098,WL,A,6.0
5,14.979000091552734,learn,60000.0,Fri Sep 04 2026 14:15:49 GMT-0500 (Central Daylight Time),576666.9000000954,A,harpenter,I,enter,410,3,1932.1000001430511,574734.7999999523,8098,WL,A,6.0
5,15.328999996185303,learn,60000.0,Fri Sep 04 2026 14:15:49 GMT-0500 (Central Daylight Time),577016.9000000954,A,s,I,s,337,3,349.60000014305115,576667.2999999523,8098,WL,A,7.0
5,15.51200008392334,learn,60000.0,Fri Sep 04 2026 14:15:49 GMT-0500 (Central Daylight Time),577200.2999999523,A,sa,I,a,163,3,533.0,576667.2999999523,8098,WL,A,7.0
5,15.712000131607056,learn,60000.0,Fri Sep 04 2026 14:15:49 GMT-0500 (Central Daylight Time),577400.2000000477,A,sal,I,l,195,3,732.9000000953674,576667.2999999523,8098,WL,A,7.0
5,15.945000171661377,learn,60000.0,Fri Sep 04 2026 14:15:49 GMT-0500 (Central Daylight Time),577633.5,A,salt,I,t,220,3,966.2000000476837,576667.2999999523,8098,WL,A,7.0
5,16.761000156402588,learn,60000.0,Fri Sep 04 2026 14:15:49 GMT-0500 (Central Daylight Time),578449.5,A,saltenter,I,enter,810,3,1782.2000000476837,576667.2999999523,8098,WL,A,7.0
5,18.128000020980835,learn,60000.0,Fri Sep 04 2026 14:15:49 GMT-0500 (Central Daylight Time),579816.2000000477,A,f,I,f,1346,3,1366.6000001430511,578449.5999999046,8098,WL,A,8.0
5,18.32800006866455,learn,60000.0,Fri Sep 04 2026 14:15:49 GMT-0500 (Central Daylight Time),580016.0,A,fi,I,i,194,3,1566.4000000953674,578449.5999999046,8098,WL,A,8.0
5,18.628000020980835,learn,60000.0,Fri Sep 04 2026 14:15:49 GMT-0500 (Central Daylight Time),580316.0,A,fin,I,n,283,3,1866.4000000953674,578449.5999999046,8098,WL,A,8.0
5,18.794000148773193,learn,60000.0,Fri Sep 04 2026 14:15:49 GMT-0500 (Central Daylight Time),580482.5,A,fing,I,g,160,3,2032.9000000953674,578449.5999999046,8098,WL,A,8.0
5,19.061000108718872,learn,60000.0,Fri Sep 04 2026 14:15:49 GMT-0500 (Central Daylight Time),580749.2000000477,A,finge,I,e,257,3,2299.600000143051,578449.5999999046,8098,WL,A,8.0
5,19.111999988555908,learn,60000.0,Fri Sep 04 2026 14:15:49 GMT-0500 (Central Daylight Time),580799.5999999046,A,finger,I,r,45,3,2350.0,578449.5999999046,8098,WL,A,8.0
5,19.89400005340576,learn,60000.0,Fri Sep 04 2026 14:15:49 GMT-0500 (Central Daylight Time),581582.0,A,fingerenter,I,enter,764,3,3132.4000000953674,578449.5999999046,8098,WL,A,8.0
5,20.444000005722046,learn,60000.0,Fri Sep 04 2026 14:15:49 GMT-0500 (Central Daylight Time),582131.9000000954,A,a,I,a,533,3,549.5,581582.4000000954,8098,WL,A,9.0
5,20.627000093460083,learn,60000.0,Fri Sep 04 2026 14:15:49 GMT-0500 (Central Daylight Time),582315.0,A,ap,I,p,176,3,732.5999999046326,581582.4000000954,8098,WL,A,9.0
5,20.792999982833862,learn,60000.0,Fri Sep 04 2026 14:15:49 GMT-0500 (Central Daylight Time),582481.5,A,app,I,p,161,3,899.0999999046326,581582.4000000954,8098,WL,A,9.0
5,21.06000018119812,learn,60000.0,Fri Sep 04 2026 14:15:49 GMT-0500 (Central Daylight Time),582748.4000000954,A,appl,I,l,258,3,1166.0,581582.4000000954,8098,WL,A,9.0
5,21.210000038146973,learn,60000.0,Fri Sep 04 2026 14:15:49 GMT-0500 (Central Daylight Time),582898.2999999523,A,apple,I,e,136,3,1315.8999998569489,581582.4000000954,8098,WL,A,9.0
5,22.3270001411438,learn,60000.0,Fri Sep 04 2026 14:15:49 GMT-0500 (Central Daylight Time),584014.7999999523,A,appleenter,I,enter,1097,3,2432.399999856949,581582.4000000954,8098,WL,A,9.0
5,22.861000061035156,learn,60000.0,Fri Sep 04 2026 14:15:49 GMT-0500 (Central Daylight Time),584548.5999999046,A,c,I,c,525,3,533.5999999046326,584015.0,8098,WL,A,10.0
5,22.993000030517578,learn,60000.0,Fri Sep 04 2026 14:15:49 GMT-0500 (Central Daylight Time),584680.7999999523,A,ch,I,h,126,3,665.7999999523163,584015.0,8098,WL,A,10.0
5,23.210000038146973,learn,60000.0,Fri Sep 04 2026 14:15:49 GMT-0500 (Central Daylight Time),584897.7999999523,A,chi,I,i,211,3,882.7999999523163,584015.0,8098,WL,A,10.0
5,23.592000007629395,learn,60000.0,Fri Sep 04 2026 14:15:49 GMT-0500 (Central Daylight Time),585280.5,A,chim,I,m,377,3,1265.5,584015.0,8098,WL,A,10.0
5,24.108999967575073,learn,60000.0,Fri Sep 04 2026 14:15:49 GMT-0500 (Central Daylight Time),585797.4000000954,A,chimn,I,n,508,3,1782.4000000953674,584015.0,8098,WL,A,10.0
5,24.276000022888184,learn,60000.0,Fri Sep 04 2026 14:15:49 GMT-0500 (Central Daylight Time),585964.0999999046,A,chimne,I,e,158,3,1949.0999999046326,584015.0,8098,WL,A,10.0
5,25.342000007629395,learn,60000.0,Fri Sep 04 2026 14:15:49 GMT-0500 (Central Daylight Time),587030.4000000954,A,chimney,I,y,1047,3,3015.4000000953674,584015.0,8098,WL,A,10.0
5,25.79200005531311,learn,60000.0,Fri Sep 04 2026 14:15:49 GMT-0500 (Central Daylight Time),587480.2999999523,A,chimneyenter,I,enter,445,3,3465.2999999523163,584015.0,8098,WL,A,10.0
5,27.308000087738037,learn,60000.0,Fri Sep 04 2026 14:15:49 GMT-0500 (Central Daylight Time),588996.4000000954,A,l,I,l,1499,3,1516.0,587480.4000000954,8098,WL,A,11.0
5,28.55900001525879,learn,60000.0,Fri Sep 04 2026 14:15:49 GMT-0500 (Central Daylight Time),590247.0999999046,A,lo,I,o,1240,3,2766.699999809265,587480.4000000954,8098,WL,A,11.0
5,28.891000032424927,learn,60000.0,Fri Sep 04 2026 14:15:49 GMT-0500 (Central Daylight Time),590579.2999999523,A,log,I,g,324,3,3098.899999856949,587480.4000000954,8098,WL,A,11.0
5,29.424000024795532,learn,60000.0,Fri Sep 04 2026 14:15:49 GMT-0500 (Central Daylight Time),591112.2000000477,A,logenter,I,enter,521,3,3631.7999999523163,587480.4000000954,8098,WL,A,11.0
5,30.034000158309937,learn,60000.0,Fri Sep 04 2026 14:15:49 GMT-0500 (Central Daylight Time),591721.9000000954,A,b,I,b,458,3,609.4000000953674,591112.5,8098,WL,A,12.0
5,30.157000064849854,learn,60000.0,Fri Sep 04 2026 14:15:49 GMT-0500 (Central Daylight Time),591845.0999999046,A,bu,I,u,113,3,732.5999999046326,591112.5,8098,WL,A,12.0
5,30.841000080108643,learn,60000.0,Fri Sep 04 2026 14:15:49 GMT-0500 (Central Daylight Time),592528.5999999046,A,but,I,t,661,3,1416.0999999046326,591112.5,8098,WL,A,12.0
5,31.02400016784668,learn,60000.0,Fri Sep 04 2026 14:15:49 GMT-0500 (Central Daylight Time),592711.9000000954,A,butt,I,t,171,3,1599.4000000953674,591112.5,8098,WL,A,12.0
5,31.890000104904175,learn,60000.0,Fri Sep 04 2026 14:15:49 GMT-0500 (Central Daylight Time),593578.2000000477,A,butto,I,o,859,3,2465.7000000476837,591112.5,8098,WL,A,12.0
5,32.20700001716614,learn,60000.0,Fri Sep 04 2026 14:15:49 GMT-0500 (Central Daylight Time),593894.7999999523,A,button,I,n,297,3,2782.2999999523163,591112.5,8098,WL,A,12.0
5,32.65700006484985,learn,60000.0,Fri Sep 04 2026 14:15:49 GMT-0500 (Central Daylight Time),594344.9000000954,A,buttonenter,I,enter,445,3,3232.4000000953674,591112.5,8098,WL,A,12.0
5,33.123000144958496,learn,60000.0,Fri Sep 04 2026 14:15:49 GMT-0500 (Central Daylight Time),594811.2000000477,A,k,I,k,451,3,466.10000014305115,594345.0999999046,8098,WL,A,13.0
5,33.307000160217285,learn,60000.0,Fri Sep 04 2026 14:15:49 GMT-0500 (Central Daylight Time),594994.7999999523,A,ke,I,e,168,3,649.7000000476837,594345.0999999046,8098,WL,A,13.0
5,33.6560001373291,learn,60000.0,Fri Sep 04 2026 14:15:49 GMT-0500 (Central Daylight Time),595344.5,A,key,I,y,338,3,999.4000000953674,594345.0999999046,8098,WL,A,13.0
5,34.373000144958496,learn,60000.0,Fri Sep 04 2026 14:15:49 GMT-0500 (Central Daylight Time),596060.9000000954,A,keyenter,I,enter,699,3,1715.8000001907349,594345.0999999046,8098,WL,A,13.0
5,37.289000034332275,learn,60000.0,Fri Sep 04 2026 14:15:49 GMT-0500 (Central Daylight Time),598977.5999999046,A,g,I,g,2911,3,2916.399999856949,596061.2000000477,8098,WL,A,14.0
5,37.52300000190735,learn,60000.0,Fri Sep 04 2026 14:15:49 GMT-0500 (Central Daylight Time),599211.0,A,go,I,o,223,3,3149.7999999523163,596061.2000000477,8098,WL,A,14.0
5,37.871999979019165,learn,60000.0,Fri Sep 04 2026 14:15:49 GMT-0500 (Central Daylight Time),599560.0,A,gol,I,l,337,3,3498.7999999523163,596061.2000000477,8098,WL,A,14.0
5,38.205000162124634,learn,60000.0,Fri Sep 04 2026 14:15:49 GMT-0500 (Central Daylight Time),599893.2000000477,A,gold,I,d,324,3,3832.0,596061.2000000477,8098,WL,A,14.0
5,38.605000019073486,learn,60000.0,Fri Sep 04 2026 14:15:49 GMT-0500 (Central Daylight Time),600293.2000000477,A,goldenter,I,enter,382,3,4232.0,596061.2000000477,8098,WL,A,14.0
5,39.12100005149841,learn,60000.0,Fri Sep 04 2026 14:15:49 GMT-0500 (Central Daylight Time),600809.4000000954,A,r,I,r,510,3,515.9000000953674,600293.5,8098,WL,A,15.0
5,39.355000019073486,learn,60000.0,Fri Sep 04 2026 14:15:49 GMT-0500 (Central Daylight Time),601042.7000000477,A,ra,I,a,227,3,749.2000000476837,600293.5,8098,WL,A,15.0
5,39.53800010681152,learn,60000.0,Fri Sep 04 2026 14:15:49 GMT-0500 (Central Daylight Time),601226.0,A,rat,I,t,176,3,932.5,600293.5,8098,WL,A,15.0
5,39.73800015449524,learn,60000.0,Fri Sep 04 2026 14:15:49 GMT-0500 (Central Daylight Time),601425.7999999523,A,ratt,I,t,193,3,1132.2999999523163,600293.5,8098,WL,A,15.0
5,40.38900017738342,learn,60000.0,Fri Sep 04 2026 14:15:49 GMT-0500 (Central Daylight Time),602076.7000000477,A,rattl,I,l,642,3,1783.2000000476837,600293.5,8098,WL,A,15.0
5,40.521000146865845,learn,60000.0,Fri Sep 04 2026 14:15:49 GMT-0500 (Central Daylight Time),602208.7999999523,A,rattle,I,e,118,3,1915.2999999523163,600293.5,8098,WL,A,15.0
5,40.82100009918213,learn,60000.0,Fri Sep 04 2026 14:15:49 GMT-0500 (Central Daylight Time),602508.9000000954,A,rattleenter,I,enter,291,3,2215.4000000953674,600293.5,8098,WL,A,15.0
6,0.8500001430511475,distr,59149.99985694885,Fri Sep 04 2026 14:15:49 GMT-0500 (Central Daylight Time),671420.7000000477,B,p,I,p,841,3,849.6000001430511,670571.0999999046,8098,WL,A,1.0
6,1.0330002307891846,distr,58966.999769210815,Fri Sep 04 2026 14:15:49 GMT-0500 (Central Daylight Time),671603.9000000954,B,pe,I,e,165,3,1032.8000001907349,670571.0999999046,8098,WL,A,1.0
6,1.1990001201629639,distr,58800.999879837036,Fri Sep 04 2026 14:15:49 GMT-0500 (Central Daylight Time),671770.4000000954,B,pea,I,a,151,3,1199.3000001907349,670571.0999999046,8098,WL,A,1.0
6,1.7990000247955322,distr,58200.99997520447,Fri Sep 04 2026 14:15:49 GMT-0500 (Central Daylight Time),672370.2000000477,B,peac,I,c,593,3,1799.1000001430511,670571.0999999046,8098,WL,A,1.0
6,2.0490000247955322,distr,57950.99997520447,Fri Sep 04 2026 14:15:49 GMT-0500 (Central Daylight Time),672620.2999999523,B,peach,I,h,241,3,2049.2000000476837,670571.0999999046,8098,WL,A,1.0
6,3.199000120162964,distr,56800.999879837036,Fri Sep 04 2026 14:15:49 GMT-0500 (Central Daylight Time),673769.4000000954,B,peachenter,I,enter,1143,3,3198.300000190735,670571.0999999046,8098,WL,A,1.0
6,6.3480000495910645,distr,53651.999950408936,Fri Sep 04 2026 14:15:49 GMT-0500 (Central Daylight Time),676919.0,B,b,I,b,3130,3,3149.2999999523163,673769.7000000477,8098,WL,A,2.0
6,6.680999994277954,distr,53319.000005722046,Fri Sep 04 2026 14:15:49 GMT-0500 (Central Daylight Time),677252.0999999046,B,bo,I,o,316,3,3482.399999856949,673769.7000000477,8098,WL,A,2.0
6,7.199000120162964,distr,52800.999879837036,Fri Sep 04 2026 14:15:49 GMT-0500 (Central Daylight Time),677769.5999999046,B,bow,I,w,496,3,3999.899999856949,673769.7000000477,8098,WL,A,2.0
6,8.547000169754028,distr,51452.99983024597,Fri Sep 04 2026 14:15:49 GMT-0500 (Central Daylight Time),679118.2000000477,B,bowl,I,l,1339,3,5348.5,673769.7000000477,8098,WL,A,2.0
6,8.897000074386597,distr,51102.9999256134,Fri Sep 04 2026 14:15:49 GMT-0500 (Central Daylight Time),679468.0,B,bowlenter,I,enter,333,3,5698.299999952316,673769.7000000477,8098,WL,A,2.0
6,9.380000114440918,distr,50619.99988555908,Fri Sep 04 2026 14:15:49 GMT-0500 (Central Daylight Time),679951.2000000477,B,d,I,d,472,3,482.90000009536743,679468.2999999523,8098,WL,A,3.0
6,9.614000082015991,distr,50385.99991798401,Fri Sep 04 2026 14:15:49 GMT-0500 (Central Daylight Time),680184.5,B,da,I,a,212,3,716.2000000476837,679468.2999999523,8098,WL,A,3.0
6,10.064000129699707,distr,49935.99987030029,Fri Sep 04 2026 14:15:49 GMT-0500 (Central Daylight Time),680635.2999999523,B,daw,I,w,435,3,1167.0,679468.2999999523,8098,WL,A,3.0
6,10.448000192642212,distr,49551.99980735779,Fri Sep 04 2026 14:15:49 GMT-0500 (Central Daylight Time),681018.5999999046,B,dawn,I,n,368,3,1550.2999999523163,679468.2999999523,8098,WL,A,3.0
6,10.896000146865845,distr,49103.999853134155,Fri Sep 04 2026 14:15:49 GMT-0500 (Central Daylight Time),681467.2000000477,B,dawnenter,I,enter,441,3,1998.9000000953674,679468.2999999523,8098,WL,A,3.0
6,13.112000226974487,distr,46887.99977302551,Fri Sep 04 2026 14:15:49 GMT-0500 (Central Daylight Time),683683.4000000954,B,s,I,s,2200,3,2215.9000000953674,681467.5,8098,WL,A,4.0
6,13.26200008392334,distr,46737.99991607666,Fri Sep 04 2026 14:15:49 GMT-0500 (Central Daylight Time),683833.0,B,sh,I,h,145,3,2365.5,681467.5,8098,WL,A,4.0
6,13.412000179290771,distr,46587.99982070923,Fri Sep 04 2026 14:15:49 GMT-0500 (Central Daylight Time),683983.2000000477,B,she,I,e,140,3,2515.7000000476837,681467.5,8098,WL,A,4.0
6,13.646000146865845,distr,46353.999853134155,Fri Sep 04 2026 14:15:49 GMT-0500 (Central Daylight Time),684216.5,B,shee,I,e,212,3,2749.0,681467.5,8098,WL,A,4.0
6,13.746000051498413,distr,46253.99994850159,Fri Sep 04 2026 14:15:49 GMT-0500 (Central Daylight Time),684316.5,B,sheet,I,t,83,3,2849.0,681467.5,8098,WL,A,4.0
6,14.296000003814697,distr,45703.9999961853,Fri Sep 04 2026 14:15:49 GMT-0500 (Central Daylight Time),684866.5999999046,B,shee,I,backspace,536,3,3399.0999999046326,681467.5,8098,WL,A,4.0
6,14.662000179290771,distr,45337.99982070923,Fri Sep 04 2026 14:15:49 GMT-0500 (Central Daylight Time),685232.7999999523,B,sheep,I,p,345,3,3765.2999999523163,681467.5,8098,WL,A,4.0
6,15.062000036239624,distr,44937.999963760376,Fri Sep 04 2026 14:15:49 GMT-0500 (Central Daylight Time),685632.5999999046,B,sheepenter,I,enter,379,3,4165.099999904633,681467.5,8098,WL,A,4.0
6,16.295000076293945,distr,43704.999923706055,Fri Sep 04 2026 14:15:49 GMT-0500 (Central Daylight Time),686865.5,B,p,I,p,1227,3,1232.5999999046326,685632.9000000954,8098,WL,A,5.0
6,16.545000076293945,distr,43454.999923706055,Fri Sep 04 2026 14:15:49 GMT-0500 (Central Daylight Time),687115.5999999046,B,pl,I,l,242,3,1482.6999998092651,685632.9000000954,8098,WL,A,5.0
6,16.712000131607056,distr,43287.999868392944,Fri Sep 04 2026 14:15:49 GMT-0500 (Central Daylight Time),687283.2999999523,B,pla,I,a,152,3,1650.3999998569489,685632.9000000954,8098,WL,A,5.0
6,16.861000061035156,distr,43138.999938964844,Fri Sep 04 2026 14:15:49 GMT-0500 (Central Daylight Time),687432.2000000477,B,plan,I,n,137,3,1799.2999999523163,685632.9000000954,8098,WL,A,5.0
6,17.061000108718872,distr,42938.99989128113,Fri Sep 04 2026 14:15:49 GMT-0500 (Central Daylight Time),687632.0999999046,B,plane,I,e,179,3,1999.1999998092651,685632.9000000954,8098,WL,A,5.0
6,17.57800006866455,distr,42421.99993133545,Fri Sep 04 2026 14:15:49 GMT-0500 (Central Daylight Time),688148.5,B,planeenter,I,enter,499,3,2515.5999999046326,685632.9000000954,8098,WL,A,5.0
6,18.32800006866455,distr,41671.99993133545,Fri Sep 04 2026 14:15:49 GMT-0500 (Central Daylight Time),688898.4000000954,B,s,I,s,744,3,749.5,688148.9000000954,8098,WL,A,6.0
6,18.544000148773193,distr,41455.99985122681,Fri Sep 04 2026 14:15:49 GMT-0500 (Central Daylight Time),689114.7000000477,B,sh,I,h,201,3,965.7999999523163,688148.9000000954,8098,WL,A,6.0
6,18.861000061035156,distr,41138.999938964844,Fri Sep 04 2026 14:15:49 GMT-0500 (Central Daylight Time),689431.5999999046,B,she,I,e,296,3,1282.6999998092651,688148.9000000954,8098,WL,A,6.0
6,19.094000101089478,distr,40905.99989891052,Fri Sep 04 2026 14:15:49 GMT-0500 (Central Daylight Time),689664.9000000954,B,shee,I,e,220,3,1516.0,688148.9000000954,8098,WL,A,6.0
6,19.194000005722046,distr,40805.999994277954,Fri Sep 04 2026 14:15:49 GMT-0500 (Central Daylight Time),689764.9000000954,B,sheet,I,t,82,3,1616.0,688148.9000000954,8098,WL,A,6.0
6,19.694000005722046,distr,40305.999994277954,Fri Sep 04 2026 14:15:49 GMT-0500 (Central Daylight Time),690264.7000000477,B,shee,I,backspace,494,3,2115.7999999523163,688148.9000000954,8098,WL,A,6.0
6,19.99400019645691,distr,40005.99980354309,Fri Sep 04 2026 14:15:49 GMT-0500 (Central Daylight Time),690564.5999999046,B,sheep,I,p,291,3,2415.699999809265,688148.9000000954,8098,WL,A,6.0
6,20.377000093460083,distr,39622.99990653992,Fri Sep 04 2026 14:15:49 GMT-0500 (Central Daylight Time),690947.7999999523,B,sheepenter,I,enter,367,3,2798.899999856949,688148.9000000954,8098,WL,A,6.0
6,28.641000032424927,distr,31358.999967575073,Fri Sep 04 2026 14:15:49 GMT-0500 (Central Daylight Time),699212.0,B,c,I,c,8247,3,8263.799999952316,690948.2000000477,8098,WL,A,7.0
6,28.808000087738037,distr,31191.999912261963,Fri Sep 04 2026 14:15:49 GMT-0500 (Central Daylight Time),699378.5,B,co,I,o,158,3,8430.299999952316,690948.2000000477,8098,WL,A,7.0
6,28.991000175476074,distr,31008.999824523926,Fri Sep 04 2026 14:15:49 GMT-0500 (Central Daylight Time),699561.5999999046,B,coa,I,a,170,3,8613.399999856949,690948.2000000477,8098,WL,A,7.0
6,29.207000017166138,distr,30792.999982833862,Fri Sep 04 2026 14:15:49 GMT-0500 (Central Daylight Time),699778.4000000954,B,coat,I,t,203,3,8830.200000047684,690948.2000000477,8098,WL,A,7.0
6,29.641000032424927,distr,30358.999967575073,Fri Sep 04 2026 14:15:49 GMT-0500 (Central Daylight Time),700211.7000000477,B,coatenter,I,enter,417,3,9263.5,690948.2000000477,8098,WL,A,7.0
6,45.902000188827515,distr,14097.999811172485,Fri Sep 04 2026 14:15:49 GMT-0500 (Central Daylight Time),716473.2000000477,B,b,I,b,16241,3,16261.299999952316,700211.9000000954,8098,WL,A,8.0
6,46.18400001525879,distr,13815.999984741211,Fri Sep 04 2026 14:15:49 GMT-0500 (Central Daylight Time),716756.4000000954,B,bo,I,o,266,3,16544.5,700211.9000000954,8098,WL,A,8.0
6,46.384000062942505,distr,13615.999937057495,Fri Sep 04 2026 14:15:49 GMT-0500 (Central Daylight Time),716956.2999999523,B,bot,I,t,191,3,16744.39999985695,700211.9000000954,8098,WL,A,8.0
6,46.568000078201294,distr,13431.999921798706,Fri Sep 04 2026 14:15:49 GMT-0500 (Central Daylight Time),717139.5999999046,B,bott,I,t,167,3,16927.699999809265,700211.9000000954,8098,WL,A,8.0
6,46.76700019836426,distr,13232.999801635742,Fri Sep 04 2026 14:15:49 GMT-0500 (Central Daylight Time),717339.0999999046,B,bottl,I,l,192,3,17127.199999809265,700211.9000000954,8098,WL,A,8.0
6,46.901000022888184,distr,13098.999977111816,Fri Sep 04 2026 14:15:49 GMT-0500 (Central Daylight Time),717472.7000000477,B,bottle,I,e,128,3,17260.799999952316,700211.9000000954,8098,WL,A,8.0
6,47.301000118255615,distr,12698.999881744385,Fri Sep 04 2026 14:15:49 GMT-0500 (Central Daylight Time),717872.5,B,bottleenter,I,enter,378,3,17660.599999904633,700211.9000000954,8098,WL,A,8.0
6,60.01400017738342,distr,-14.000177383422852,Fri Sep 04 2026 14:15:49 GMT-0500 (Central Daylight Time),730585.5,B,None,I,None,12708,3,12712.599999904633,717872.9000000954,8098,WL,A,9.0
7,1.2999999523162842,immed,58700.000047683716,Fri Sep 04 2026 14:15:49 GMT-0500 (Central Daylight Time),739132.7999999523,A,b,I,b,1283,3,1299.5,737833.2999999523,8098,WL,A,1.0
7,1.6659998893737793,immed,58334.00011062622,Fri Sep 04 2026 14:15:49 GMT-0500 (Central Daylight Time),739499.2999999523,A,bo,I,o,358,3,1666.0,737833.2999999523,8098,WL,A,1.0
7,1.932999849319458,immed,58067.00015068054,Fri Sep 04 2026 14:15:49 GMT-0500 (Central Daylight Time),739765.5999999046,A,boo,I,o,248,3,1932.2999999523163,737833.2999999523,8098,WL,A,1.0
7,2.25,immed,57750.0,Fri Sep 04 2026 14:15:49 GMT-0500 (Central Daylight Time),740082.7999999523,A,book,I,k,301,3,2249.5,737833.2999999523,8098,WL,A,1.0
7,2.7159998416900635,immed,57284.00015830994,Fri Sep 04 2026 14:15:49 GMT-0500 (Central Daylight Time),740549.0,A,bookenter,I,enter,457,3,2715.7000000476837,737833.2999999523,8098,WL,A,1.0
7,3.249000072479248,immed,56750.99992752075,Fri Sep 04 2026 14:15:49 GMT-0500 (Central Daylight Time),741082.0999999046,A,f,I,f,526,3,532.6999998092651,740549.4000000954,8098,WL,A,2.0
7,3.4819998741149902,immed,56518.00012588501,Fri Sep 04 2026 14:15:49 GMT-0500 (Central Daylight Time),741315.5,A,fl,I,l,225,3,766.0999999046326,740549.4000000954,8098,WL,A,2.0
7,3.7820000648498535,immed,56217.99993515015,Fri Sep 04 2026 14:15:49 GMT-0500 (Central Daylight Time),741615.2000000477,A,flo,I,o,280,3,1065.7999999523163,740549.4000000954,8098,WL,A,2.0
7,3.8989999294281006,immed,56101.0000705719,Fri Sep 04 2026 14:15:49 GMT-0500 (Central Daylight Time),741732.0,A,flow,I,w,108,3,1182.5999999046326,740549.4000000954,8098,WL,A,2.0
7,4.014999866485596,immed,55985.000133514404,Fri Sep 04 2026 14:15:49 GMT-0500 (Central Daylight Time),741848.2999999523,A,flowe,I,e,111,3,1298.8999998569489,740549.4000000954,8098,WL,A,2.0
7,4.181999921798706,immed,55818.000078201294,Fri Sep 04 2026 14:15:49 GMT-0500 (Central Daylight Time),742015.2999999523,A,flower,I,r,147,3,1465.8999998569489,740549.4000000954,8098,WL,A,2.0
7,4.764999866485596,immed,55235.000133514404,Fri Sep 04 2026 14:15:49 GMT-0500 (Central Daylight Time),742598.2999999523,A,flowerenter,I,enter,573,3,2048.899999856949,740549.4000000954,8098,WL,A,2.0
7,6.747999906539917,immed,53252.00009346008,Fri Sep 04 2026 14:15:49 GMT-0500 (Central Daylight Time),744581.0,A,t,I,t,1973,3,1982.4000000953674,742598.5999999046,8098,WL,A,3.0
7,6.930999994277954,immed,53069.000005722046,Fri Sep 04 2026 14:15:49 GMT-0500 (Central Daylight Time),744764.2000000477,A,tr,I,r,175,3,2165.600000143051,742598.5999999046,8098,WL,A,3.0
7,7.063999891281128,immed,52936.00010871887,Fri Sep 04 2026 14:15:49 GMT-0500 (Central Daylight Time),744897.2999999523,A,tra,I,a,128,3,2298.7000000476837,742598.5999999046,8098,WL,A,3.0
7,7.2820000648498535,immed,52717.99993515015,Fri Sep 04 2026 14:15:49 GMT-0500 (Central Daylight Time),745114.5,A,trai,I,i,211,3,2515.9000000953674,742598.5999999046,8098,WL,A,3.0
7,7.497999906539917,immed,52502.00009346008,Fri Sep 04 2026 14:15:49 GMT-0500 (Central Daylight Time),745330.7000000477,A,train,I,n,209,3,2732.100000143051,742598.5999999046,8098,WL,A,3.0
7,7.865000009536743,immed,52134.99999046326,Fri Sep 04 2026 14:15:49 GMT-0500 (Central Daylight Time),745698.2999999523,A,trainenter,I,enter,361,3,3099.7000000476837,742598.5999999046,8098,WL,A,3.0
7,8.246999979019165,immed,51753.000020980835,Fri Sep 04 2026 14:15:49 GMT-0500 (Central Daylight Time),746080.2999999523,A,r,I,r,377,3,381.59999990463257,745698.7000000477,8098,WL,A,4.0
7,8.38100004196167,immed,51618.99995803833,Fri Sep 04 2026 14:15:49 GMT-0500 (Central Daylight Time),746213.9000000954,A,ru,I,u,124,3,515.2000000476837,745698.7000000477,8098,WL,A,4.0
7,8.71399998664856,immed,51286.00001335144,Fri Sep 04 2026 14:15:49 GMT-0500 (Central Daylight Time),746547.0,A,rug,I,g,318,3,848.2999999523163,745698.7000000477,8098,WL,A,4.0
7,9.246999979019165,immed,50753.000020980835,Fri Sep 04 2026 14:15:49 GMT-0500 (Central Daylight Time),747080.0999999046,A,rugenter,I,enter,521,3,1381.3999998569489,745698.7000000477,8098,WL,A,4.0
7,11.213000059127808,immed,48786.99994087219,Fri Sep 04 2026 14:15:49 GMT-0500 (Central Daylight Time),749046.4000000954,A,m,I,m,1948,3,1965.9000000953674,747080.5,8098,WL,A,5.0
7,11.36299991607666,immed,48637.00008392334,Fri Sep 04 2026 14:15:49 GMT-0500 (Central Daylight Time),749196.0999999046,A,me,I,e,133,3,2115.5999999046326,747080.5,8098,WL,A,5.0
7,11.480000019073486,immed,48519.999980926514,Fri Sep 04 2026 14:15:49 GMT-0500 (Central Daylight Time),749312.7999999523,A,mea,I,a,103,3,2232.2999999523163,747080.5,8098,WL,A,5.0
7,11.746000051498413,immed,48253.99994850159,Fri Sep 04 2026 14:15:49 GMT-0500 (Central Daylight Time),749579.5,A,mead,I,d,251,3,2499.0,747080.5,8098,WL,A,5.0
7,11.930000066757202,immed,48069.9999332428,Fri Sep 04 2026 14:15:49 GMT-0500 (Central Daylight Time),749763.0999999046,A,meado,I,o,175,3,2682.5999999046326,747080.5,8098,WL,A,5.0
7,12.129999876022339,immed,47870.00012397766,Fri Sep 04 2026 14:15:49 GMT-0500 (Central Daylight Time),749962.5999999046,A,meadow,I,w,192,3,2882.0999999046326,747080.5,8098,WL,A,5.0
7,12.529000043869019,immed,47470.99995613098,Fri Sep 04 2026 14:15:49 GMT-0500 (Central Daylight Time),750362.4000000954,A,meadowenter,I,enter,385,3,3281.9000000953674,747080.5,8098,WL,A,5.0
7,12.996000051498413,immed,47003.99994850159,Fri Sep 04 2026 14:15:49 GMT-0500 (Central Daylight Time),750829.0,A,h,I,h,449,3,466.2999999523163,750362.7000000477,8098,WL,A,6.0
7,13.228999853134155,immed,46771.000146865845,Fri Sep 04 2026 14:15:49 GMT-0500 (Central Daylight Time),751062.0999999046,A,ha,I,a,223,3,699.3999998569489,750362.7000000477,8098,WL,A,6.0
7,13.36299991607666,immed,46637.00008392334,Fri Sep 04 2026 14:15:49 GMT-0500 (Central Daylight Time),751195.5,A,har,I,r,118,3,832.7999999523163,750362.7000000477,8098,WL,A,6.0
7,13.845999956130981,immed,46154.00004386902,Fri Sep 04 2026 14:15:49 GMT-0500 (Central Daylight Time),751679.0,A,harp,I,p,472,3,1316.2999999523163,750362.7000000477,8098,WL,A,6.0
7,14.279000043869019,immed,45720.99995613098,Fri Sep 04 2026 14:15:49 GMT-0500 (Central Daylight Time),752112.0,A,harpenter,I,enter,421,3,1749.2999999523163,750362.7000000477,8098,WL,A,6.0
7,14.628999948501587,immed,45371.00005149841,Fri Sep 04 2026 14:15:49 GMT-0500 (Central Daylight Time),752461.7999999523,A,s,I,s,331,3,349.59999990463257,752112.2000000477,8098,WL,A,7.0
7,14.796000003814697,immed,45203.9999961853,Fri Sep 04 2026 14:15:49 GMT-0500 (Central Daylight Time),752628.5999999046,A,sa,I,a,150,3,516.3999998569489,752112.2000000477,8098,WL,A,7.0
7,14.994999885559082,immed,45005.00011444092,Fri Sep 04 2026 14:15:49 GMT-0500 (Central Daylight Time),752828.4000000954,A,sal,I,l,192,3,716.2000000476837,752112.2000000477,8098,WL,A,7.0
7,15.230000019073486,immed,44769.999980926514,Fri Sep 04 2026 14:15:49 GMT-0500 (Central Daylight Time),753062.9000000954,A,salt,I,t,215,3,950.7000000476837,752112.2000000477,8098,WL,A,7.0
7,15.628999948501587,immed,44371.00005149841,Fri Sep 04 2026 14:15:49 GMT-0500 (Central Daylight Time),753461.5999999046,A,saltenter,I,enter,389,3,1349.3999998569489,752112.2000000477,8098,WL,A,7.0
7,15.961999893188477,immed,44038.00010681152,Fri Sep 04 2026 14:15:49 GMT-0500 (Central Daylight Time),753794.5999999046,A,f,I,f,326,3,332.7999999523163,753461.7999999523,8098,WL,A,8.0
7,16.111999988555908,immed,43888.00001144409,Fri Sep 04 2026 14:15:49 GMT-0500 (Central Daylight Time),753944.5,A,fi,I,i,137,3,482.7000000476837,753461.7999999523,8098,WL,A,8.0
7,16.361999988555908,immed,43638.00001144409,Fri Sep 04 2026 14:15:49 GMT-0500 (Central Daylight Time),754195.2000000477,A,fin,I,n,243,3,733.4000000953674,753461.7999999523,8098,WL,A,8.0
7,16.51199984550476,immed,43488.00015449524,Fri Sep 04 2026 14:15:49 GMT-0500 (Central Daylight Time),754344.9000000954,A,fing,I,g,129,3,883.1000001430511,753461.7999999523,8098,WL,A,8.0
7,16.76199984550476,immed,43238.00015449524,Fri Sep 04 2026 14:15:49 GMT-0500 (Central Daylight Time),754594.5,A,finge,I,e,243,3,1132.7000000476837,753461.7999999523,8098,WL,A,8.0
7,16.82800006866455,immed,43171.99993133545,Fri Sep 04 2026 14:15:49 GMT-0500 (Central Daylight Time),754660.9000000954,A,finger,I,r,57,3,1199.1000001430511,753461.7999999523,8098,WL,A,8.0
7,17.628000020980835,immed,42371.999979019165,Fri Sep 04 2026 14:15:49 GMT-0500 (Central Daylight Time),755461.0,A,fingerenter,I,enter,783,3,1999.2000000476837,753461.7999999523,8098,WL,A,8.0
7,21.30999994277954,immed,38690.00005722046,Fri Sep 04 2026 14:15:49 GMT-0500 (Central Daylight Time),759142.9000000954,A,b,I,b,3663,3,3681.600000143051,755461.2999999523,8098,WL,A,9.0
7,21.65999984741211,immed,38340.00015258789,Fri Sep 04 2026 14:15:49 GMT-0500 (Central Daylight Time),759492.5999999046,A,bu,I,u,333,3,4031.2999999523163,755461.2999999523,8098,WL,A,9.0
7,21.91100001335144,immed,38088.99998664856,Fri Sep 04 2026 14:15:49 GMT-0500 (Central Daylight Time),759744.2000000477,A,but,I,t,230,3,4282.900000095367,755461.2999999523,8098,WL,A,9.0
7,22.05999994277954,immed,37940.00005722046,Fri Sep 04 2026 14:15:49 GMT-0500 (Central Daylight Time),759892.7999999523,A,butt,I,t,131,3,4431.5,755461.2999999523,8098,WL,A,9.0
7,22.259999990463257,immed,37740.00000953674,Fri Sep 04 2026 14:15:49 GMT-0500 (Central Daylight Time),760092.7000000477,A,butto,I,o,191,3,4631.400000095367,755461.2999999523,8098,WL,A,9.0
7,22.542999982833862,immed,37457.00001716614,Fri Sep 04 2026 14:15:49 GMT-0500 (Central Daylight Time),760376.0,A,button,I,n,263,3,4914.700000047684,755461.2999999523,8098,WL,A,9.0
7,22.89299988746643,immed,37107.00011253357,Fri Sep 04 2026 14:15:49 GMT-0500 (Central Daylight Time),760725.9000000954,A,buttonenter,I,enter,332,3,5264.600000143051,755461.2999999523,8098,WL,A,9.0
7,23.292999982833862,immed,36707.00001716614,Fri Sep 04 2026 14:15:49 GMT-0500 (Central Daylight Time),761125.7000000477,A,a,I,a,390,3,399.5,760726.2000000477,8098,WL,A,10.0
7,23.45899987220764,immed,36541.00012779236,Fri Sep 04 2026 14:15:49 GMT-0500 (Central Daylight Time),761292.2999999523,A,ap,I,p,158,3,566.0999999046326,760726.2000000477,8098,WL,A,10.0
7,23.64299988746643,immed,36357.00011253357,Fri Sep 04 2026 14:15:49 GMT-0500 (Central Daylight Time),761475.7000000477,A,app,I,p,176,3,749.5,760726.2000000477,8098,WL,A,10.0
7,23.89299988746643,immed,36107.00011253357,Fri Sep 04 2026 14:15:49 GMT-0500 (Central Daylight Time),761725.5,A,appl,I,l,232,3,999.2999999523163,760726.2000000477,8098,WL,A,10.0
7,24.009000062942505,immed,35990.999937057495,Fri Sep 04 2026 14:15:49 GMT-0500 (Central Daylight Time),761842.2000000477,A,apple,I,e,110,3,1116.0,760726.2000000477,8098,WL,A,10.0
7,24.30900001525879,immed,35690.99998474121,Fri Sep 04 2026 14:15:49 GMT-0500 (Central Daylight Time),762142.0,A,appleenter,I,enter,289,3,1415.7999999523163,760726.2000000477,8098,WL,A,10.0
7,24.908999919891357,immed,35091.00008010864,Fri Sep 04 2026 14:15:49 GMT-0500 (Central Daylight Time),762742.0,A,c,I,c,589,3,599.5999999046326,762142.4000000954,8098,WL,A,11.0
7,25.092000007629395,immed,34907.999992370605,Fri Sep 04 2026 14:15:49 GMT-0500 (Central Daylight Time),762925.4000000954,A,ch,I,h,174,3,783.0,762142.4000000954,8098,WL,A,11.0
7,25.30900001525879,immed,34690.99998474121,Fri Sep 04 2026 14:15:49 GMT-0500 (Central Daylight Time),763141.7999999523,A,chi,I,i,198,3,999.3999998569489,762142.4000000954,8098,WL,A,11.0
7,25.592000007629395,immed,34407.999992370605,Fri Sep 04 2026 14:15:49 GMT-0500 (Central Daylight Time),763425.0999999046,A,chim,I,m,270,3,1282.6999998092651,762142.4000000954,8098,WL,A,11.0
7,25.842000007629395,immed,34157.999992370605,Fri Sep 04 2026 14:15:49 GMT-0500 (Central Daylight Time),763675.0,A,chimn,I,n,242,3,1532.5999999046326,762142.4000000954,8098,WL,A,11.0
7,26.024999856948853,immed,33975.00014305115,Fri Sep 04 2026 14:15:49 GMT-0500 (Central Daylight Time),763858.2000000477,A,chimne,I,e,176,3,1715.7999999523163,762142.4000000954,8098,WL,A,11.0
7,26.29200005531311,immed,33707.99994468689,Fri Sep 04 2026 14:15:49 GMT-0500 (Central Daylight Time),764124.9000000954,A,chimney,I,y,249,3,1982.5,762142.4000000954,8098,WL,A,11.0
7,27.241999864578247,immed,32758.000135421753,Fri Sep 04 2026 14:15:49 GMT-0500 (Central Daylight Time),765074.5999999046,A,chimneyenter,I,enter,944,3,2932.199999809265,762142.4000000954,8098,WL,A,11.0
7,29.7739999294281,immed,30226.0000705719,Fri Sep 04 2026 14:15:49 GMT-0500 (Central Daylight Time),767607.2000000477,A,k,I,k,2520,3,2532.2000000476837,765075.0,8098,WL,A,12.0
7,29.891000032424927,immed,30108.999967575073,Fri Sep 04 2026 14:15:49 GMT-0500 (Central Daylight Time),767723.7999999523,A,ke,I,e,101,3,2648.7999999523163,765075.0,8098,WL,A,12.0
7,30.141000032424927,immed,29858.999967575073,Fri Sep 04 2026 14:15:49 GMT-0500 (Central Daylight Time),767973.5999999046,A,key,I,y,232,3,2898.5999999046326,765075.0,8098,WL,A,12.0
7,30.506999969482422,immed,29493.000030517578,Fri Sep 04 2026 14:15:49 GMT-0500 (Central Daylight Time),768340.0999999046,A,keyenter,I,enter,349,3,3265.0999999046326,765075.0,8098,WL,A,12.0
7,30.83999991416931,immed,29160.00008583069,Fri Sep 04 2026 14:15:49 GMT-0500 (Central Daylight Time),768673.4000000954,A,l,I,l,319,3,332.90000009536743,768340.5,8098,WL,A,13.0
7,31.10699987411499,immed,28893.00012588501,Fri Sep 04 2026 14:15:49 GMT-0500 (Central Daylight Time),768939.9000000954,A,lo,I,o,259,3,599.4000000953674,768340.5,8098,WL,A,13.0
7,31.289999961853027,immed,28710.000038146973,Fri Sep 04 2026 14:15:49 GMT-0500 (Central Daylight Time),769123.2000000477,A,log,I,g,175,3,782.7000000476837,768340.5,8098,WL,A,13.0
7,31.639999866485596,immed,28360.000133514404,Fri Sep 04 2026 14:15:49 GMT-0500 (Central Daylight Time),769473.4000000954,A,logenter,I,enter,329,3,1132.9000000953674,768340.5,8098,WL,A,13.0
7,32.35699987411499,immed,27643.00012588501,Fri Sep 04 2026 14:15:49 GMT-0500 (Central Daylight Time),770189.7000000477,A,r,I,r,706,3,715.9000000953674,769473.7999999523,8098,WL,A,14.0
7,32.58999991416931,immed,27410.00008583069,Fri Sep 04 2026 14:15:49 GMT-0500 (Central Daylight Time),770422.9000000954,A,ra,I,a,214,3,949.1000001430511,769473.7999999523,8098,WL,A,14.0
7,32.78999996185303,immed,27210.000038146973,Fri Sep 04 2026 14:15:49 GMT-0500 (Central Daylight Time),770622.7000000477,A,rat,I,t,180,3,1148.9000000953674,769473.7999999523,8098,WL,A,14.0
7,32.9229998588562,immed,27077.0001411438,Fri Sep 04 2026 14:15:49 GMT-0500 (Central Daylight Time),770756.0999999046,A,ratt,I,t,126,3,1282.2999999523163,769473.7999999523,8098,WL,A,14.0
7,33.19000005722046,immed,26809.99994277954,Fri Sep 04 2026 14:15:49 GMT-0500 (Central Daylight Time),771022.5999999046,A,rattl,I,l,247,3,1548.7999999523163,769473.7999999523,8098,WL,A,14.0
7,33.32299995422363,immed,26677.000045776367,Fri Sep 04 2026 14:15:49 GMT-0500 (Central Daylight Time),771155.9000000954,A,rattle,I,e,117,3,1682.1000001430511,769473.7999999523,8098,WL,A,14.0
7,33.60599994659424,immed,26394.00005340576,Fri Sep 04 2026 14:15:49 GMT-0500 (Central Daylight Time),771439.4000000954,A,rattleenter,I,enter,272,3,1965.6000001430511,769473.7999999523,8098,WL,A,14.0
7,34.83899998664856,immed,25161.00001335144,Fri Sep 04 2026 14:15:49 GMT-0500 (Central Daylight Time),772672.2999999523,A,g,I,g,1220,3,1232.5999999046326,771439.7000000477,8098,WL,A,15.0
7,35.039000034332275,immed,24960.999965667725,Fri Sep 04 2026 14:15:49 GMT-0500 (Central Daylight Time),772872.2000000477,A,go,I,o,195,3,1432.5,771439.7000000477,8098,WL,A,15.0
7,35.27300000190735,immed,24726.99999809265,Fri Sep 04 2026 14:15:49 GMT-0500 (Central Daylight Time),773105.5999999046,A,gol,I,l,220,3,1665.8999998569489,771439.7000000477,8098,WL,A,15.0
7,35.40599989891052,immed,24594.000101089478,Fri Sep 04 2026 14:15:49 GMT-0500 (Central Daylight Time),773238.5,A,gold,I,d,113,3,1798.7999999523163,771439.7000000477,8098,WL,A,15.0
7,35.97199988365173,immed,24028.000116348267,Fri Sep 04 2026 14:15:49 GMT-0500 (Central Daylight Time),773805.4000000954,A,goldenter,I,enter,549,3,2365.7000000476837,771439.7000000477,8098,WL,A,15.0
