block_c,block_dur,condition,countdown,datetime,endtime,list,multichar_response,project,response,response_time,session_number,start_end,starttime,subject_id,task,task_vers,trial
,,,,Wed Sep 23 2026 15:12:29 GMT-0400 (Eastern Daylight Time),,,,I,space,1986,2,,,9083,WL,C,
prac,,0,,Wed Sep 23 2026 15:12:29 GMT-0400 (Eastern Daylight Time),,NA,b,I,b,2928,2,,,9083,WL,C,1.0
prac,,0,,Wed Sep 23 2026 15:12:29 GMT-0400 (Eastern Daylight Time),,NA,bo,I,o,671,2,,,9083,WL,C,1.0
prac,,0,,Wed Sep 23 2026 15:12:29 GMT-0400 (Eastern Daylight Time),,NA,boo,I,o,123,2,,,9083,WL,C,1.0
prac,,0,,Wed Sep 23 2026 15:12:29 GMT-0400 (Eastern Daylight Time),,NA,boos,I,s,742,2,,,9083,WL,C,1.0
prac,,0,,Wed Sep 23 2026 15:12:29 GMT-0400 (Eastern Daylight Time),,NA,boost,I,t,233,2,,,9083,WL,C,1.0
prac,,0,,Wed Sep 23 2026 15:12:29 GMT-0400 (Eastern Daylight Time),,NA,boostenter,I,enter,1125,2,,,9083,WL,C,1.0
1,5.368000030517578,learn,54631.99996948242,Wed Sep 23 2026 15:12:29 GMT-0400 (Eastern Daylight Time),128838.0,A,t,I,t,5353,2,5366.9000000059605,123471.09999999404,9083,WL,C,1.0
1,5.4679999351501465,learn,54532.00006484985,Wed Sep 23 2026 15:12:29 GMT-0400 (Eastern Daylight Time),128937.89999999106,A,to,I,o,87,2,5466.79999999702,123471.09999999404,9083,WL,C,1.0
1,5.617000102996826,learn,54382.999897003174,Wed Sep 23 2026 15:12:29 GMT-0400 (Eastern Daylight Time),129087.79999999702,A,tow,I,w,122,2,5616.70000000298,123471.09999999404,9083,WL,C,1.0
1,5.766999959945679,learn,54233.00004005432,Wed Sep 23 2026 15:12:29 GMT-0400 (Eastern Daylight Time),129237.79999999702,A,towe,I,e,123,2,5766.70000000298,123471.09999999404,9083,WL,C,1.0
1,5.884000062942505,learn,54115.999937057495,Wed Sep 23 2026 15:12:29 GMT-0400 (Eastern Daylight Time),129354.39999999106,A,tower,I,r,91,2,5883.29999999702,123471.09999999404,9083,WL,C,1.0
1,6.400000095367432,learn,53599.99990463257,Wed Sep 23 2026 15:12:29 GMT-0400 (Eastern Daylight Time),129870.70000000298,A,towerenter,I,enter,495,2,6399.600000008941,123471.09999999404,9083,WL,C,1.0
1,7.567000150680542,learn,52432.99984931946,Wed Sep 23 2026 15:12:29 GMT-0400 (Eastern Daylight Time),131037.70000000298,A,w,I,w,1145,2,1166.5,129871.20000000298,9083,WL,C,2.0
1,7.684000015258789,learn,52315.99998474121,Wed Sep 23 2026 15:12:29 GMT-0400 (Eastern Daylight Time),131154.29999999702,A,wh,I,h,102,2,1283.0999999940395,129871.20000000298,9083,WL,C,2.0
1,7.9670000076293945,learn,52032.999992370605,Wed Sep 23 2026 15:12:29 GMT-0400 (Eastern Daylight Time),131437.5,A,whe,I,e,248,2,1566.2999999970198,129871.20000000298,9083,WL,C,2.0
1,8.184000015258789,learn,51815.99998474121,Wed Sep 23 2026 15:12:29 GMT-0400 (Eastern Daylight Time),131654.5,A,whea,I,a,199,2,1783.2999999970198,129871.20000000298,9083,WL,C,2.0
1,8.384000062942505,learn,51615.999937057495,Wed Sep 23 2026 15:12:29 GMT-0400 (Eastern Daylight Time),131854.5,A,wheat,I,t,164,2,1983.2999999970198,129871.20000000298,9083,WL,C,2.0
1,8.617000102996826,learn,51382.999897003174,Wed Sep 23 2026 15:12:29 GMT-0400 (Eastern Daylight Time),132087.29999999702,A,wheatenter,I,enter,213,2,2216.0999999940395,129871.20000000298,9083,WL,C,2.0
1,10.384000062942505,learn,49615.999937057495,Wed Sep 23 2026 15:12:29 GMT-0400 (Eastern Daylight Time),133854.29999999702,A,q,I,q,1744,2,1766.4000000059605,132087.89999999106,9083,WL,C,3.0
1,10.684000015258789,learn,49315.99998474121,Wed Sep 23 2026 15:12:29 GMT-0400 (Eastern Daylight Time),134154.5,A,qu,I,u,275,2,2066.6000000089407,132087.89999999106,9083,WL,C,3.0
1,10.91700005531311,learn,49082.99994468689,Wed Sep 23 2026 15:12:29 GMT-0400 (Eastern Daylight Time),134387.79999999702,A,que,I,e,210,2,2299.9000000059605,132087.89999999106,9083,WL,C,3.0
1,11.250999927520752,learn,48749.00007247925,Wed Sep 23 2026 15:12:29 GMT-0400 (Eastern Daylight Time),134721.09999999404,A,quee,I,e,321,2,2633.2000000029802,132087.89999999106,9083,WL,C,3.0
1,11.467000007629395,learn,48532.999992370605,Wed Sep 23 2026 15:12:29 GMT-0400 (Eastern Daylight Time),134937.79999999702,A,queen,I,n,196,2,2849.9000000059605,132087.89999999106,9083,WL,C,3.0
1,11.817000150680542,learn,48182.99984931946,Wed Sep 23 2026 15:12:29 GMT-0400 (Eastern Daylight Time),135287.39999999106,A,queenenter,I,enter,331,2,3199.5,132087.89999999106,9083,WL,C,3.0
1,13.217000007629395,learn,46782.999992370605,Wed Sep 23 2026 15:12:29 GMT-0400 (Eastern Daylight Time),136687.89999999106,A,f,I,f,1392,2,1400.0,135287.89999999106,9083,WL,C,4.0
1,13.301000118255615,learn,46698.999881744385,Wed Sep 23 2026 15:12:29 GMT-0400 (Eastern Daylight Time),136771.0,A,fi,I,i,60,2,1483.1000000089407,135287.89999999106,9083,WL,C,4.0
1,13.500999927520752,learn,46499.00007247925,Wed Sep 23 2026 15:12:29 GMT-0400 (Eastern Daylight Time),136971.09999999404,A,fie,I,e,178,2,1683.2000000029802,135287.89999999106,9083,WL,C,4.0
1,13.784000158309937,learn,46215.99984169006,Wed Sep 23 2026 15:12:29 GMT-0400 (Eastern Daylight Time),137254.39999999106,A,fiel,I,l,266,2,1966.5,135287.89999999106,9083,WL,C,4.0
1,14.16700005531311,learn,45832.99994468689,Wed Sep 23 2026 15:12:29 GMT-0400 (Eastern Daylight Time),137637.79999999702,A,field,I,d,358,2,2349.9000000059605,135287.89999999106,9083,WL,C,4.0
1,14.384000062942505,learn,45615.999937057495,Wed Sep 23 2026 15:12:29 GMT-0400 (Eastern Daylight Time),137854.0,A,fieldenter,I,enter,199,2,2566.1000000089407,135287.89999999106,9083,WL,C,4.0
1,19.58400011062622,learn,40415.99988937378,Wed Sep 23 2026 15:12:29 GMT-0400 (Eastern Daylight Time),143054.39999999106,A,b,I,b,5185,2,5200.0,137854.39999999106,9083,WL,C,5.0
1,19.634000062942505,learn,40365.999937057495,Wed Sep 23 2026 15:12:29 GMT-0400 (Eastern Daylight Time),143104.0,A,bo,I,o,36,2,5249.600000008941,137854.39999999106,9083,WL,C,5.0
1,19.8510000705719,learn,40148.9999294281,Wed Sep 23 2026 15:12:29 GMT-0400 (Eastern Daylight Time),143321.0,A,boy,I,y,208,2,5466.600000008941,137854.39999999106,9083,WL,C,5.0
1,20.200000047683716,learn,39799.999952316284,Wed Sep 23 2026 15:12:29 GMT-0400 (Eastern Daylight Time),143670.59999999404,A,boyenter,I,enter,313,2,5816.20000000298,137854.39999999106,9083,WL,C,5.0
1,21.250999927520752,learn,38749.00007247925,Wed Sep 23 2026 15:12:29 GMT-0400 (Eastern Daylight Time),144721.0,A,d,I,d,1033,2,1049.7999999970198,143671.20000000298,9083,WL,C,6.0
1,21.3510000705719,learn,38648.9999294281,Wed Sep 23 2026 15:12:29 GMT-0400 (Eastern Daylight Time),144821.09999999404,A,do,I,o,84,2,1149.8999999910593,143671.20000000298,9083,WL,C,6.0
1,21.500999927520752,learn,38499.00007247925,Wed Sep 23 2026 15:12:29 GMT-0400 (Eastern Daylight Time),144971.09999999404,A,doc,I,c,127,2,1299.8999999910593,143671.20000000298,9083,WL,C,6.0
1,21.884000062942505,learn,38115.999937057495,Wed Sep 23 2026 15:12:29 GMT-0400 (Eastern Daylight Time),145354.5,A,doct,I,t,351,2,1683.2999999970198,143671.20000000298,9083,WL,C,6.0
1,22.000999927520752,learn,37999.00007247925,Wed Sep 23 2026 15:12:29 GMT-0400 (Eastern Daylight Time),145471.20000000298,A,docto,I,o,98,2,1800.0,143671.20000000298,9083,WL,C,6.0
1,22.200999975204468,learn,37799.00002479553,Wed Sep 23 2026 15:12:29 GMT-0400 (Eastern Daylight Time),145671.09999999404,A,doctor,I,r,172,2,1999.8999999910593,143671.20000000298,9083,WL,C,6.0
1,22.5,learn,37500.0,Wed Sep 23 2026 15:12:29 GMT-0400 (Eastern Daylight Time),145970.5,A,doctorenter,I,enter,283,2,2299.2999999970198,143671.20000000298,9083,WL,C,6.0
1,25.634000062942505,learn,34365.999937057495,Wed Sep 23 2026 15:12:29 GMT-0400 (Eastern Daylight Time),149104.29999999702,A,c,I,c,3116,2,3133.4000000059605,145970.89999999106,9083,WL,C,7.0
1,25.700999975204468,learn,34299.00002479553,Wed Sep 23 2026 15:12:29 GMT-0400 (Eastern Daylight Time),149171.09999999404,A,co,I,o,53,2,3200.2000000029802,145970.89999999106,9083,WL,C,7.0
1,25.967000007629395,learn,34032.999992370605,Wed Sep 23 2026 15:12:29 GMT-0400 (Eastern Daylight Time),149437.59999999404,A,cor,I,r,244,2,3466.7000000029802,145970.89999999106,9083,WL,C,7.0
1,26.16700005531311,learn,33832.99994468689,Wed Sep 23 2026 15:12:29 GMT-0400 (Eastern Daylight Time),149637.70000000298,A,corn,I,n,175,2,3666.800000011921,145970.89999999106,9083,WL,C,7.0
1,26.41700005531311,learn,33582.99994468689,Wed Sep 23 2026 15:12:29 GMT-0400 (Eastern Daylight Time),149887.09999999404,A,cornenter,I,enter,238,2,3916.2000000029802,145970.89999999106,9083,WL,C,7.0
1,31.217000007629395,learn,28782.999992370605,Wed Sep 23 2026 15:12:29 GMT-0400 (Eastern Daylight Time),154687.59999999404,A,n,I,n,4785,2,4800.0999999940395,149887.5,9083,WL,C,8.0
1,31.367000102996826,learn,28632.999897003174,Wed Sep 23 2026 15:12:29 GMT-0400 (Eastern Daylight Time),154837.70000000298,A,na,I,a,125,2,4950.20000000298,149887.5,9083,WL,C,8.0
1,31.43400001525879,learn,28565.99998474121,Wed Sep 23 2026 15:12:29 GMT-0400 (Eastern Daylight Time),154904.09999999404,A,nai,I,i,50,2,5016.5999999940395,149887.5,9083,WL,C,8.0
1,31.617000102996826,learn,28382.999897003174,Wed Sep 23 2026 15:12:29 GMT-0400 (Eastern Daylight Time),155087.70000000298,A,nail,I,l,157,2,5200.20000000298,149887.5,9083,WL,C,8.0
1,31.90000009536743,learn,28099.99990463257,Wed Sep 23 2026 15:12:29 GMT-0400 (Eastern Daylight Time),155370.39999999106,A,nailenter,I,enter,269,2,5482.899999991059,149887.5,9083,WL,C,8.0
1,32.66700005531311,learn,27332.99994468689,Wed Sep 23 2026 15:12:29 GMT-0400 (Eastern Daylight Time),156137.70000000298,A,c,I,c,757,2,766.8000000119209,155370.89999999106,9083,WL,C,9.0
1,32.867000102996826,learn,27132.999897003174,Wed Sep 23 2026 15:12:29 GMT-0400 (Eastern Daylight Time),156337.70000000298,A,ca,I,a,187,2,966.8000000119209,155370.89999999106,9083,WL,C,9.0
1,33.1010000705719,learn,26898.9999294281,Wed Sep 23 2026 15:12:29 GMT-0400 (Eastern Daylight Time),156571.09999999404,A,cam,I,m,211,2,1200.2000000029802,155370.89999999106,9083,WL,C,9.0
1,33.367000102996826,learn,26632.999897003174,Wed Sep 23 2026 15:12:29 GMT-0400 (Eastern Daylight Time),156837.70000000298,A,camp,I,p,242,2,1466.800000011921,155370.89999999106,9083,WL,C,9.0
1,34.56700015068054,learn,25432.999849319458,Wed Sep 23 2026 15:12:29 GMT-0400 (Eastern Daylight Time),158037.29999999702,A,campenter,I,enter,1182,2,2666.4000000059605,155370.89999999106,9083,WL,C,9.0
1,39.3510000705719,learn,20648.9999294281,Wed Sep 23 2026 15:12:29 GMT-0400 (Eastern Daylight Time),162821.0,A,l,I,l,4763,2,4783.4000000059605,158037.59999999404,9083,WL,C,10.0
1,39.48399996757507,learn,20516.000032424927,Wed Sep 23 2026 15:12:29 GMT-0400 (Eastern Daylight Time),162954.5,A,le,I,e,112,2,4916.9000000059605,158037.59999999404,9083,WL,C,10.0
1,39.651000022888184,learn,20348.999977111816,Wed Sep 23 2026 15:12:29 GMT-0400 (Eastern Daylight Time),163120.89999999106,A,let,I,t,137,2,5083.29999999702,158037.59999999404,9083,WL,C,10.0
1,39.78400015830994,learn,20215.999841690063,Wed Sep 23 2026 15:12:29 GMT-0400 (Eastern Daylight Time),163254.39999999106,A,lett,I,t,108,2,5216.79999999702,158037.59999999404,9083,WL,C,10.0
1,39.91700005531311,learn,20082.99994468689,Wed Sep 23 2026 15:12:29 GMT-0400 (Eastern Daylight Time),163387.70000000298,A,lette,I,e,119,2,5350.100000008941,158037.59999999404,9083,WL,C,10.0
1,40.00099992752075,learn,19999.000072479248,Wed Sep 23 2026 15:12:29 GMT-0400 (Eastern Daylight Time),163471.09999999404,A,letter,I,r,65,2,5433.5,158037.59999999404,9083,WL,C,10.0
1,40.049999952316284,learn,19950.000047683716,Wed Sep 23 2026 15:12:29 GMT-0400 (Eastern Daylight Time),163520.59999999404,A,letterenter,I,enter,22,2,5483.0,158037.59999999404,9083,WL,C,10.0
1,41.867000102996826,learn,18132.999897003174,Wed Sep 23 2026 15:12:29 GMT-0400 (Eastern Daylight Time),165337.70000000298,A,c,I,c,1800,2,1816.9000000059605,163520.79999999702,9083,WL,C,11.0
1,42.08400011062622,learn,17915.99988937378,Wed Sep 23 2026 15:12:29 GMT-0400 (Eastern Daylight Time),165554.5,A,ca,I,a,196,2,2033.7000000029802,163520.79999999702,9083,WL,C,11.0
1,42.23399996757507,learn,17766.000032424927,Wed Sep 23 2026 15:12:29 GMT-0400 (Eastern Daylight Time),165704.5,A,cat,I,t,123,2,2183.7000000029802,163520.79999999702,9083,WL,C,11.0
1,42.367000102996826,learn,17632.999897003174,Wed Sep 23 2026 15:12:29 GMT-0400 (Eastern Daylight Time),165837.70000000298,A,catt,I,t,108,2,2316.9000000059605,163520.79999999702,9083,WL,C,11.0
1,42.50099992752075,learn,17499.000072479248,Wed Sep 23 2026 15:12:29 GMT-0400 (Eastern Daylight Time),165971.09999999404,A,cattl,I,l,110,2,2450.2999999970198,163520.79999999702,9083,WL,C,11.0
1,42.6010000705719,learn,17398.9999294281,Wed Sep 23 2026 15:12:29 GMT-0400 (Eastern Daylight Time),166071.20000000298,A,cattle,I,e,73,2,2550.4000000059605,163520.79999999702,9083,WL,C,11.0
1,42.799999952316284,learn,17200.000047683716,Wed Sep 23 2026 15:12:29 GMT-0400 (Eastern Daylight Time),166270.70000000298,A,cattleenter,I,enter,172,2,2749.9000000059605,163520.79999999702,9083,WL,C,11.0
1,60.01699995994568,learn,-16.99995994567871,Wed Sep 23 2026 15:12:29 GMT-0400 (Eastern Daylight Time),183487.79999999702,A,None,I,None,17209,2,17216.70000000298,166271.09999999404,9083,WL,C,12.0
2,1.184000015258789,learn,58815.99998474121,Wed Sep 23 2026 15:12:29 GMT-0400 (Eastern Daylight Time),263104.299999997,A,t,I,t,1166,2,1183.4000000059605,261920.89999999106,9083,WL,C,1.0
2,1.3510000705718994,learn,58648.9999294281,Wed Sep 23 2026 15:12:29 GMT-0400 (Eastern Daylight Time),263270.89999999106,A,to,I,o,149,2,1350.0,261920.89999999106,9083,WL,C,1.0
2,1.7669999599456787,learn,58233.00004005432,Wed Sep 23 2026 15:12:29 GMT-0400 (Eastern Daylight Time),263687.39999999106,A,tow,I,w,383,2,1766.5,261920.89999999106,9083,WL,C,1.0
2,2.1670000553131104,learn,57832.99994468689,Wed Sep 23 2026 15:12:29 GMT-0400 (Eastern Daylight Time),264087.5,A,towe,I,e,382,2,2166.6000000089407,261920.89999999106,9083,WL,C,1.0
2,2.299999952316284,learn,57700.000047683716,Wed Sep 23 2026 15:12:29 GMT-0400 (Eastern Daylight Time),264220.799999997,A,tower,I,r,118,2,2299.9000000059605,261920.89999999106,9083,WL,C,1.0
2,2.617000102996826,learn,57382.999897003174,Wed Sep 23 2026 15:12:29 GMT-0400 (Eastern Daylight Time),264537.09999999404,A,towerenter,I,enter,295,2,2616.2000000029802,261920.89999999106,9083,WL,C,1.0
2,3.184000015258789,learn,56815.99998474121,Wed Sep 23 2026 15:12:29 GMT-0400 (Eastern Daylight Time),265104.0,A,w,I,w,558,2,566.2999999970198,264537.700000003,9083,WL,C,2.0
2,3.634000062942505,learn,56365.999937057495,Wed Sep 23 2026 15:12:29 GMT-0400 (Eastern Daylight Time),265554.299999997,A,wh,I,h,429,2,1016.5999999940395,264537.700000003,9083,WL,C,2.0
2,3.7669999599456787,learn,56233.00004005432,Wed Sep 23 2026 15:12:29 GMT-0400 (Eastern Daylight Time),265687.5,A,whe,I,e,115,2,1149.7999999970198,264537.700000003,9083,WL,C,2.0
2,3.9839999675750732,learn,56016.00003242493,Wed Sep 23 2026 15:12:29 GMT-0400 (Eastern Daylight Time),265904.299999997,A,whea,I,a,198,2,1366.5999999940395,264537.700000003,9083,WL,C,2.0
2,4.351000070571899,learn,55648.9999294281,Wed Sep 23 2026 15:12:29 GMT-0400 (Eastern Daylight Time),266270.89999999106,A,wheat,I,t,348,2,1733.199999988079,264537.700000003,9083,WL,C,2.0
2,4.566999912261963,learn,55433.00008773804,Wed Sep 23 2026 15:12:29 GMT-0400 (Eastern Daylight Time),266487.09999999404,A,wheatenter,I,enter,197,2,1949.3999999910593,264537.700000003,9083,WL,C,2.0
2,4.91700005531311,learn,55082.99994468689,Wed Sep 23 2026 15:12:29 GMT-0400 (Eastern Daylight Time),266837.5,A,q,I,q,337,2,350.1000000089407,266487.39999999106,9083,WL,C,3.0
2,5.084000110626221,learn,54915.99988937378,Wed Sep 23 2026 15:12:29 GMT-0400 (Eastern Daylight Time),267004.200000003,A,qu,I,u,151,2,516.8000000119209,266487.39999999106,9083,WL,C,3.0
2,5.434000015258789,learn,54565.99998474121,Wed Sep 23 2026 15:12:29 GMT-0400 (Eastern Daylight Time),267354.299999997,A,que,I,e,329,2,866.9000000059605,266487.39999999106,9083,WL,C,3.0
2,5.617000102996826,learn,54382.999897003174,Wed Sep 23 2026 15:12:29 GMT-0400 (Eastern Daylight Time),267537.39999999106,A,quee,I,e,171,2,1050.0,266487.39999999106,9083,WL,C,3.0
2,5.884000062942505,learn,54115.999937057495,Wed Sep 23 2026 15:12:29 GMT-0400 (Eastern Daylight Time),267804.200000003,A,queen,I,n,245,2,1316.800000011921,266487.39999999106,9083,WL,C,3.0
2,6.200999975204468,learn,53799.00002479553,Wed Sep 23 2026 15:12:29 GMT-0400 (Eastern Daylight Time),268121.200000003,A,queenenter,I,enter,304,2,1633.800000011921,266487.39999999106,9083,WL,C,3.0
2,6.5,learn,53500.0,Wed Sep 23 2026 15:12:29 GMT-0400 (Eastern Daylight Time),268420.799999997,A,s,I,s,288,2,299.20000000298023,268121.59999999404,9083,WL,C,4.0
2,6.651000022888184,learn,53348.99997711182,Wed Sep 23 2026 15:12:29 GMT-0400 (Eastern Daylight Time),268570.89999999106,A,su,I,u,127,2,449.29999999701977,268121.59999999404,9083,WL,C,4.0
2,6.884000062942505,learn,53115.999937057495,Wed Sep 23 2026 15:12:29 GMT-0400 (Eastern Daylight Time),268804.09999999404,A,sug,I,g,204,2,682.5,268121.59999999404,9083,WL,C,4.0
2,7.101000070571899,learn,52898.9999294281,Wed Sep 23 2026 15:12:29 GMT-0400 (Eastern Daylight Time),269020.89999999106,A,suga,I,a,192,2,899.2999999970198,268121.59999999404,9083,WL,C,4.0
2,7.400000095367432,learn,52599.99990463257,Wed Sep 23 2026 15:12:29 GMT-0400 (Eastern Daylight Time),269320.89999999106,A,sugar,I,r,281,2,1199.2999999970198,268121.59999999404,9083,WL,C,4.0
2,8.117000102996826,learn,51882.999897003174,Wed Sep 23 2026 15:12:29 GMT-0400 (Eastern Daylight Time),270037.5,A,suga,I,backspace,692,2,1915.9000000059605,268121.59999999404,9083,WL,C,4.0
2,8.799999952316284,learn,51200.000047683716,Wed Sep 23 2026 15:12:29 GMT-0400 (Eastern Daylight Time),270720.799999997,A,sugar,I,r,673,2,2599.2000000029802,268121.59999999404,9083,WL,C,4.0
2,9.0,learn,51000.0,Wed Sep 23 2026 15:12:29 GMT-0400 (Eastern Daylight Time),270920.200000003,A,sugarenter,I,enter,188,2,2798.6000000089407,268121.59999999404,9083,WL,C,4.0
2,9.382999897003174,learn,50617.000102996826,Wed Sep 23 2026 15:12:29 GMT-0400 (Eastern Daylight Time),271303.700000003,A,h,I,h,367,2,383.1000000089407,270920.59999999404,9083,WL,C,5.0
2,9.5,learn,50500.0,Wed Sep 23 2026 15:12:29 GMT-0400 (Eastern Daylight Time),271420.799999997,A,ho,I,o,105,2,500.20000000298023,270920.59999999404,9083,WL,C,5.0
2,9.867000102996826,learn,50132.999897003174,Wed Sep 23 2026 15:12:29 GMT-0400 (Eastern Daylight Time),271787.5,A,hom,I,m,335,2,866.9000000059605,270920.59999999404,9083,WL,C,5.0
2,10.08400011062622,learn,49915.99988937378,Wed Sep 23 2026 15:12:29 GMT-0400 (Eastern Daylight Time),272004.299999997,A,home,I,e,202,2,1083.7000000029802,270920.59999999404,9083,WL,C,5.0
2,10.25,learn,49750.0,Wed Sep 23 2026 15:12:29 GMT-0400 (Eastern Daylight Time),272170.39999999106,A,homeenter,I,enter,151,2,1249.7999999970198,270920.59999999404,9083,WL,C,5.0
2,11.283999919891357,learn,48716.00008010864,Wed Sep 23 2026 15:12:29 GMT-0400 (Eastern Daylight Time),273204.200000003,A,b,I,b,1022,2,1033.5,272170.700000003,9083,WL,C,6.0
2,11.401000022888184,learn,48598.99997711182,Wed Sep 23 2026 15:12:29 GMT-0400 (Eastern Daylight Time),273321.0,A,bo,I,o,105,2,1150.2999999970198,272170.700000003,9083,WL,C,6.0
2,11.617000102996826,learn,48382.999897003174,Wed Sep 23 2026 15:12:29 GMT-0400 (Eastern Daylight Time),273537.5,A,boy,I,y,187,2,1366.7999999970198,272170.700000003,9083,WL,C,6.0
2,11.900000095367432,learn,48099.99990463257,Wed Sep 23 2026 15:12:29 GMT-0400 (Eastern Daylight Time),273820.39999999106,A,boyenter,I,enter,268,2,1649.699999988079,272170.700000003,9083,WL,C,6.0
2,12.233999967575073,learn,47766.00003242493,Wed Sep 23 2026 15:12:29 GMT-0400 (Eastern Daylight Time),274154.09999999404,A,d,I,d,324,2,333.29999999701977,273820.799999997,9083,WL,C,7.0
2,12.3510000705719,learn,47648.9999294281,Wed Sep 23 2026 15:12:29 GMT-0400 (Eastern Daylight Time),274270.89999999106,A,do,I,o,99,2,450.09999999403954,273820.799999997,9083,WL,C,7.0
2,12.549999952316284,learn,47450.000047683716,Wed Sep 23 2026 15:12:29 GMT-0400 (Eastern Daylight Time),274470.700000003,A,doc,I,c,174,2,649.9000000059605,273820.799999997,9083,WL,C,7.0
2,12.950000047683716,learn,47049.999952316284,Wed Sep 23 2026 15:12:29 GMT-0400 (Eastern Daylight Time),274870.799999997,A,doct,I,t,383,2,1050.0,273820.799999997,9083,WL,C,7.0
2,13.050999879837036,learn,46949.000120162964,Wed Sep 23 2026 15:12:29 GMT-0400 (Eastern Daylight Time),274970.89999999106,A,docto,I,o,85,2,1150.0999999940395,273820.799999997,9083,WL,C,7.0
2,13.266999959945679,learn,46733.00004005432,Wed Sep 23 2026 15:12:29 GMT-0400 (Eastern Daylight Time),275187.39999999106,A,doctor,I,r,194,2,1366.5999999940395,273820.799999997,9083,WL,C,7.0
2,13.532999992370605,learn,46467.000007629395,Wed Sep 23 2026 15:12:29 GMT-0400 (Eastern Daylight Time),275453.700000003,A,doctorenter,I,enter,241,2,1632.9000000059605,273820.799999997,9083,WL,C,7.0
2,13.8510000705719,learn,46148.9999294281,Wed Sep 23 2026 15:12:29 GMT-0400 (Eastern Daylight Time),275770.89999999106,A,c,I,c,306,2,316.79999999701977,275454.09999999404,9083,WL,C,8.0
2,14.233999967575073,learn,45766.00003242493,Wed Sep 23 2026 15:12:29 GMT-0400 (Eastern Daylight Time),276154.200000003,A,ca,I,a,363,2,700.1000000089407,275454.09999999404,9083,WL,C,8.0
2,14.533999919891357,learn,45466.00008010864,Wed Sep 23 2026 15:12:29 GMT-0400 (Eastern Daylight Time),276454.09999999404,A,cam,I,m,275,2,1000.0,275454.09999999404,9083,WL,C,8.0
2,14.816999912261963,learn,45183.00008773804,Wed Sep 23 2026 15:12:29 GMT-0400 (Eastern Daylight Time),276737.39999999106,A,camp,I,p,270,2,1283.2999999970198,275454.09999999404,9083,WL,C,8.0
2,15.300999879837036,learn,44699.000120162964,Wed Sep 23 2026 15:12:29 GMT-0400 (Eastern Daylight Time),277221.200000003,A,campenter,I,enter,458,2,1767.1000000089407,275454.09999999404,9083,WL,C,8.0
2,15.650000095367432,learn,44349.99990463257,Wed Sep 23 2026 15:12:29 GMT-0400 (Eastern Daylight Time),277570.700000003,A,f,I,f,340,2,349.0,277221.700000003,9083,WL,C,9.0
2,15.783999919891357,learn,44216.00008010864,Wed Sep 23 2026 15:12:29 GMT-0400 (Eastern Daylight Time),277704.0,A,fl,I,l,123,2,482.29999999701977,277221.700000003,9083,WL,C,9.0
2,16.066999912261963,learn,43933.00008773804,Wed Sep 23 2026 15:12:29 GMT-0400 (Eastern Daylight Time),277987.5,A,fla,I,a,267,2,765.7999999970198,277221.700000003,9083,WL,C,9.0
2,16.41700005531311,learn,43582.99994468689,Wed Sep 23 2026 15:12:29 GMT-0400 (Eastern Daylight Time),278337.5,A,flag,I,g,338,2,1115.7999999970198,277221.700000003,9083,WL,C,9.0
2,16.75,learn,43250.0,Wed Sep 23 2026 15:12:29 GMT-0400 (Eastern Daylight Time),278670.5,A,flagenter,I,enter,305,2,1448.7999999970198,277221.700000003,9083,WL,C,9.0
2,17.117000102996826,learn,42882.999897003174,Wed Sep 23 2026 15:12:29 GMT-0400 (Eastern Daylight Time),279037.39999999106,A,l,I,l,345,2,366.69999998807907,278670.700000003,9083,WL,C,10.0
2,17.43400001525879,learn,42565.99998474121,Wed Sep 23 2026 15:12:29 GMT-0400 (Eastern Daylight Time),279354.09999999404,A,le,I,e,303,2,683.3999999910593,278670.700000003,9083,WL,C,10.0
2,17.76699995994568,learn,42233.00004005432,Wed Sep 23 2026 15:12:29 GMT-0400 (Eastern Daylight Time),279687.59999999404,A,let,I,t,323,2,1016.8999999910593,278670.700000003,9083,WL,C,10.0
2,17.967000007629395,learn,42032.999992370605,Wed Sep 23 2026 15:12:29 GMT-0400 (Eastern Daylight Time),279887.39999999106,A,lett,I,t,191,2,1216.699999988079,278670.700000003,9083,WL,C,10.0
2,18.217000007629395,learn,41782.999992370605,Wed Sep 23 2026 15:12:29 GMT-0400 (Eastern Daylight Time),280137.5,A,lette,I,e,238,2,1466.7999999970198,278670.700000003,9083,WL,C,10.0
2,18.367000102996826,learn,41632.999897003174,Wed Sep 23 2026 15:12:29 GMT-0400 (Eastern Daylight Time),280287.39999999106,A,letter,I,r,139,2,1616.699999988079,278670.700000003,9083,WL,C,10.0
2,19.566999912261963,learn,40433.00008773804,Wed Sep 23 2026 15:12:29 GMT-0400 (Eastern Daylight Time),281487.799999997,A,letterenter,I,enter,1190,2,2817.0999999940395,278670.700000003,9083,WL,C,10.0
2,20.200000047683716,learn,39799.999952316284,Wed Sep 23 2026 15:12:29 GMT-0400 (Eastern Daylight Time),282120.799999997,A,c,I,c,624,2,632.5999999940395,281488.200000003,9083,WL,C,11.0
2,20.300999879837036,learn,39699.000120162964,Wed Sep 23 2026 15:12:29 GMT-0400 (Eastern Daylight Time),282220.89999999106,A,co,I,o,83,2,732.6999999880791,281488.200000003,9083,WL,C,11.0
2,20.5,learn,39500.0,Wed Sep 23 2026 15:12:29 GMT-0400 (Eastern Daylight Time),282420.700000003,A,cor,I,r,176,2,932.5,281488.200000003,9083,WL,C,11.0
2,20.68400001525879,learn,39315.99998474121,Wed Sep 23 2026 15:12:29 GMT-0400 (Eastern Daylight Time),282604.200000003,A,corn,I,n,166,2,1116.0,281488.200000003,9083,WL,C,11.0
2,21.34999990463257,learn,38650.00009536743,Wed Sep 23 2026 15:12:29 GMT-0400 (Eastern Daylight Time),283270.299999997,A,cornenter,I,enter,648,2,1782.0999999940395,281488.200000003,9083,WL,C,11.0
2,22.401000022888184,learn,37598.99997711182,Wed Sep 23 2026 15:12:29 GMT-0400 (Eastern Daylight Time),284320.799999997,A,n,I,n,1034,2,1050.0999999940395,283270.700000003,9083,WL,C,12.0
2,22.91700005531311,learn,37082.99994468689,Wed Sep 23 2026 15:12:29 GMT-0400 (Eastern Daylight Time),284837.5,A,na,I,a,500,2,1566.7999999970198,283270.700000003,9083,WL,C,12.0
2,23.049999952316284,learn,36950.000047683716,Wed Sep 23 2026 15:12:29 GMT-0400 (Eastern Daylight Time),284970.799999997,A,nai,I,i,120,2,1700.0999999940395,283270.700000003,9083,WL,C,12.0
2,23.299999952316284,learn,36700.000047683716,Wed Sep 23 2026 15:12:29 GMT-0400 (Eastern Daylight Time),285220.700000003,A,nail,I,l,218,2,1950.0,283270.700000003,9083,WL,C,12.0
2,23.683000087738037,learn,36316.99991226196,Wed Sep 23 2026 15:12:29 GMT-0400 (Eastern Daylight Time),285603.700000003,A,nailenter,I,enter,366,2,2333.0,283270.700000003,9083,WL,C,12.0
2,26.467000007629395,learn,33532.999992370605,Wed Sep 23 2026 15:12:29 GMT-0400 (Eastern Daylight Time),288387.39999999106,A,c,I,c,2772,2,2783.3999999910593,285604.0,9083,WL,C,13.0
2,26.783999919891357,learn,33216.00008010864,Wed Sep 23 2026 15:12:29 GMT-0400 (Eastern Daylight Time),288704.200000003,A,ca,I,a,298,2,3100.2000000029802,285604.0,9083,WL,C,13.0
2,27.050999879837036,learn,32949.000120162964,Wed Sep 23 2026 15:12:29 GMT-0400 (Eastern Daylight Time),288970.89999999106,A,cat,I,t,253,2,3366.8999999910593,285604.0,9083,WL,C,13.0
2,27.200000047683716,learn,32799.999952316284,Wed Sep 23 2026 15:12:29 GMT-0400 (Eastern Daylight Time),289120.799999997,A,catt,I,t,130,2,3516.7999999970198,285604.0,9083,WL,C,13.0
2,27.33400011062622,learn,32665.99988937378,Wed Sep 23 2026 15:12:29 GMT-0400 (Eastern Daylight Time),289254.200000003,A,cattl,I,l,100,2,3650.2000000029802,285604.0,9083,WL,C,13.0
2,27.483999967575073,learn,32516.000032424927,Wed Sep 23 2026 15:12:29 GMT-0400 (Eastern Daylight Time),289404.200000003,A,cattle,I,e,118,2,3800.2000000029802,285604.0,9083,WL,C,13.0
2,28.450000047683716,learn,31549.999952316284,Wed Sep 23 2026 15:12:29 GMT-0400 (Eastern Daylight Time),290370.39999999106,A,cattleenter,I,enter,943,2,4766.399999991059,285604.0,9083,WL,C,13.0
2,29.717000007629395,learn,30282.999992370605,Wed Sep 23 2026 15:12:29 GMT-0400 (Eastern Daylight Time),291637.700000003,A,s,I,s,1254,2,1267.0,290370.700000003,9083,WL,C,14.0
2,29.867000102996826,learn,30132.999897003174,Wed Sep 23 2026 15:12:29 GMT-0400 (Eastern Daylight Time),291787.5,A,sh,I,h,136,2,1416.7999999970198,290370.700000003,9083,WL,C,14.0
2,30.117000102996826,learn,29882.999897003174,Wed Sep 23 2026 15:12:29 GMT-0400 (Eastern Daylight Time),292037.39999999106,A,sho,I,o,217,2,1666.699999988079,290370.700000003,9083,WL,C,14.0
2,30.41700005531311,learn,29582.99994468689,Wed Sep 23 2026 15:12:29 GMT-0400 (Eastern Daylight Time),292337.5,A,shor,I,r,286,2,1966.7999999970198,290370.700000003,9083,WL,C,14.0
2,30.617000102996826,learn,29382.999897003174,Wed Sep 23 2026 15:12:29 GMT-0400 (Eastern Daylight Time),292537.39999999106,A,shore,I,e,188,2,2166.699999988079,290370.700000003,9083,WL,C,14.0
2,30.90000009536743,learn,29099.99990463257,Wed Sep 23 2026 15:12:29 GMT-0400 (Eastern Daylight Time),292820.299999997,A,shoreenter,I,enter,266,2,2449.5999999940395,290370.700000003,9083,WL,C,14.0
2,31.217000007629395,learn,28782.999992370605,Wed Sep 23 2026 15:12:29 GMT-0400 (Eastern Daylight Time),293137.5,A,b,I,b,299,2,316.79999999701977,292820.700000003,9083,WL,C,15.0
2,31.316999912261963,learn,28683.000087738037,Wed Sep 23 2026 15:12:29 GMT-0400 (Eastern Daylight Time),293237.5,A,bo,I,o,77,2,416.79999999701977,292820.700000003,9083,WL,C,15.0
2,31.552000045776367,learn,28447.999954223633,Wed Sep 23 2026 15:12:29 GMT-0400 (Eastern Daylight Time),293471.89999999106,A,bod,I,d,206,2,651.1999999880791,292820.700000003,9083,WL,C,15.0
2,31.733999967575073,learn,28266.000032424927,Wed Sep 23 2026 15:12:29 GMT-0400 (Eastern Daylight Time),293654.200000003,A,body,I,y,160,2,833.5,292820.700000003,9083,WL,C,15.0
2,33.31699991226196,learn,26683.000087738037,Wed Sep 23 2026 15:12:29 GMT-0400 (Eastern Daylight Time),295237.0,A,bodyenter,I,enter,1566,2,2416.2999999970198,292820.700000003,9083,WL,C,15.0
3,1.3839998245239258,learn,58616.000175476074,Wed Sep 23 2026 15:12:29 GMT-0400 (Eastern Daylight Time),369487.299999997,A,t,I,t,1374,2,1383.0999999940395,368104.200000003,9083,WL,C,1.0
3,1.4839999675750732,learn,58516.00003242493,Wed Sep 23 2026 15:12:29 GMT-0400 (Eastern Daylight Time),369587.0,A,to,I,o,85,2,1482.7999999970198,368104.200000003,9083,WL,C,1.0
3,1.9010000228881836,learn,58098.99997711182,Wed Sep 23 2026 15:12:29 GMT-0400 (Eastern Daylight Time),370004.09999999404,A,tow,I,w,405,2,1899.8999999910593,368104.200000003,9083,WL,C,1.0
3,2.0,learn,58000.0,Wed Sep 23 2026 15:12:29 GMT-0400 (Eastern Daylight Time),370103.799999997,A,towe,I,e,90,2,1999.5999999940395,368104.200000003,9083,WL,C,1.0
3,2.133999824523926,learn,57866.000175476074,Wed Sep 23 2026 15:12:29 GMT-0400 (Eastern Daylight Time),370237.39999999106,A,tower,I,r,109,2,2133.199999988079,368104.200000003,9083,WL,C,1.0
3,2.817999839782715,learn,57182.000160217285,Wed Sep 23 2026 15:12:29 GMT-0400 (Eastern Daylight Time),370921.200000003,A,towerenter,I,enter,654,2,2817.0,368104.200000003,9083,WL,C,1.0
3,3.550999879837036,learn,56449.000120162964,Wed Sep 23 2026 15:12:29 GMT-0400 (Eastern Daylight Time),371653.89999999106,A,w,I,w,719,2,732.0999999940395,370921.799999997,9083,WL,C,2.0
3,3.6669998168945312,learn,56333.00018310547,Wed Sep 23 2026 15:12:29 GMT-0400 (Eastern Daylight Time),371770.5,A,wh,I,h,95,2,848.7000000029802,370921.799999997,9083,WL,C,2.0
3,3.750999927520752,learn,56249.00007247925,Wed Sep 23 2026 15:12:29 GMT-0400 (Eastern Daylight Time),371854.09999999404,A,whe,I,e,50,2,932.2999999970198,370921.799999997,9083,WL,C,2.0
3,3.883999824523926,learn,56116.000175476074,Wed Sep 23 2026 15:12:29 GMT-0400 (Eastern Daylight Time),371987.39999999106,A,whea,I,a,111,2,1065.5999999940395,370921.799999997,9083,WL,C,2.0
3,4.116999864578247,learn,55883.00013542175,Wed Sep 23 2026 15:12:29 GMT-0400 (Eastern Daylight Time),372220.5,A,wheat,I,t,209,2,1298.7000000029802,370921.799999997,9083,WL,C,2.0
3,4.299999952316284,learn,55700.000047683716,Wed Sep 23 2026 15:12:29 GMT-0400 (Eastern Daylight Time),372403.59999999404,A,wheatenter,I,enter,168,2,1481.7999999970198,370921.799999997,9083,WL,C,2.0
3,4.783999919891357,learn,55216.00008010864,Wed Sep 23 2026 15:12:29 GMT-0400 (Eastern Daylight Time),372887.299999997,A,q,I,q,461,2,483.29999999701977,372404.0,9083,WL,C,3.0
3,4.883999824523926,learn,55116.000175476074,Wed Sep 23 2026 15:12:29 GMT-0400 (Eastern Daylight Time),372987.39999999106,A,qu,I,u,86,2,583.3999999910593,372404.0,9083,WL,C,3.0
3,5.366999864578247,learn,54633.00013542175,Wed Sep 23 2026 15:12:29 GMT-0400 (Eastern Daylight Time),373470.59999999404,A,que,I,e,457,2,1066.5999999940395,372404.0,9083,WL,C,3.0
3,5.566999912261963,learn,54433.00008773804,Wed Sep 23 2026 15:12:29 GMT-0400 (Eastern Daylight Time),373670.700000003,A,quee,I,e,183,2,1266.7000000029802,372404.0,9083,WL,C,3.0
3,5.733999967575073,learn,54266.00003242493,Wed Sep 23 2026 15:12:29 GMT-0400 (Eastern Daylight Time),373837.299999997,A,queen,I,n,150,2,1433.2999999970198,372404.0,9083,WL,C,3.0
3,6.1499998569488525,learn,53850.00014305115,Wed Sep 23 2026 15:12:29 GMT-0400 (Eastern Daylight Time),374253.59999999404,A,queenenter,I,enter,399,2,1849.5999999940395,372404.0,9083,WL,C,3.0
3,6.766999959945679,learn,53233.00004005432,Wed Sep 23 2026 15:12:29 GMT-0400 (Eastern Daylight Time),374870.700000003,A,s,I,s,594,2,616.8000000119209,374253.89999999106,9083,WL,C,4.0
3,6.883999824523926,learn,53116.000175476074,Wed Sep 23 2026 15:12:29 GMT-0400 (Eastern Daylight Time),374987.299999997,A,su,I,u,94,2,733.4000000059605,374253.89999999106,9083,WL,C,4.0
3,7.116999864578247,learn,52883.00013542175,Wed Sep 23 2026 15:12:29 GMT-0400 (Eastern Daylight Time),375220.59999999404,A,sug,I,g,218,2,966.7000000029802,374253.89999999106,9083,WL,C,4.0
3,7.283999919891357,learn,52716.00008010864,Wed Sep 23 2026 15:12:29 GMT-0400 (Eastern Daylight Time),375387.39999999106,A,suga,I,a,153,2,1133.5,374253.89999999106,9083,WL,C,4.0
3,7.434000015258789,learn,52565.99998474121,Wed Sep 23 2026 15:12:29 GMT-0400 (Eastern Daylight Time),375537.299999997,A,sugar,I,r,125,2,1283.4000000059605,374253.89999999106,9083,WL,C,4.0
3,7.8999998569488525,learn,52100.00014305115,Wed Sep 23 2026 15:12:29 GMT-0400 (Eastern Daylight Time),376003.5,A,sugarenter,I,enter,443,2,1749.6000000089407,374253.89999999106,9083,WL,C,4.0
3,8.416999816894531,learn,51583.00018310547,Wed Sep 23 2026 15:12:29 GMT-0400 (Eastern Daylight Time),376520.799999997,A,h,I,h,501,2,516.9000000059605,376003.89999999106,9083,WL,C,5.0
3,8.566999912261963,learn,51433.00008773804,Wed Sep 23 2026 15:12:29 GMT-0400 (Eastern Daylight Time),376670.89999999106,A,ho,I,o,132,2,667.0,376003.89999999106,9083,WL,C,5.0
3,8.833999872207642,learn,51166.00012779236,Wed Sep 23 2026 15:12:29 GMT-0400 (Eastern Daylight Time),376937.299999997,A,hom,I,m,238,2,933.4000000059605,376003.89999999106,9083,WL,C,5.0
3,9.033999919891357,learn,50966.00008010864,Wed Sep 23 2026 15:12:29 GMT-0400 (Eastern Daylight Time),377137.200000003,A,home,I,e,179,2,1133.300000011921,376003.89999999106,9083,WL,C,5.0
3,9.25,learn,50750.0,Wed Sep 23 2026 15:12:29 GMT-0400 (Eastern Daylight Time),377353.5,A,homeenter,I,enter,195,2,1349.6000000089407,376003.89999999106,9083,WL,C,5.0
3,9.733999967575073,learn,50266.00003242493,Wed Sep 23 2026 15:12:29 GMT-0400 (Eastern Daylight Time),377837.200000003,A,b,I,b,471,2,483.30000001192093,377353.89999999106,9083,WL,C,6.0
3,9.816999912261963,learn,50183.00008773804,Wed Sep 23 2026 15:12:29 GMT-0400 (Eastern Daylight Time),377920.700000003,A,bo,I,o,64,2,566.8000000119209,377353.89999999106,9083,WL,C,6.0
3,10.016999959945679,learn,49983.00004005432,Wed Sep 23 2026 15:12:29 GMT-0400 (Eastern Daylight Time),378120.59999999404,A,boy,I,y,180,2,766.7000000029802,377353.89999999106,9083,WL,C,6.0
3,10.366999864578247,learn,49633.00013542175,Wed Sep 23 2026 15:12:29 GMT-0400 (Eastern Daylight Time),378470.299999997,A,boyenter,I,enter,316,2,1116.4000000059605,377353.89999999106,9083,WL,C,6.0
3,10.651000022888184,learn,49348.99997711182,Wed Sep 23 2026 15:12:29 GMT-0400 (Eastern Daylight Time),378754.0,A,d,I,d,275,2,283.40000000596046,378470.59999999404,9083,WL,C,7.0
3,10.783999919891357,learn,49216.00008010864,Wed Sep 23 2026 15:12:29 GMT-0400 (Eastern Daylight Time),378887.39999999106,A,do,I,o,115,2,416.79999999701977,378470.59999999404,9083,WL,C,7.0
3,11.016999959945679,learn,48983.00004005432,Wed Sep 23 2026 15:12:29 GMT-0400 (Eastern Daylight Time),379120.5,A,doc,I,c,205,2,649.9000000059605,378470.59999999404,9083,WL,C,7.0
3,11.383999824523926,learn,48616.000175476074,Wed Sep 23 2026 15:12:29 GMT-0400 (Eastern Daylight Time),379487.39999999106,A,doct,I,t,347,2,1016.7999999970198,378470.59999999404,9083,WL,C,7.0
3,11.500999927520752,learn,48499.00007247925,Wed Sep 23 2026 15:12:29 GMT-0400 (Eastern Daylight Time),379604.0,A,docto,I,o,101,2,1133.4000000059605,378470.59999999404,9083,WL,C,7.0
3,11.783999919891357,learn,48216.00008010864,Wed Sep 23 2026 15:12:29 GMT-0400 (Eastern Daylight Time),379887.299999997,A,doctor,I,r,257,2,1416.7000000029802,378470.59999999404,9083,WL,C,7.0
3,11.967000007629395,learn,48032.999992370605,Wed Sep 23 2026 15:12:29 GMT-0400 (Eastern Daylight Time),380070.39999999106,A,doctorenter,I,enter,173,2,1599.7999999970198,378470.59999999404,9083,WL,C,7.0
3,12.217000007629395,learn,47782.999992370605,Wed Sep 23 2026 15:12:29 GMT-0400 (Eastern Daylight Time),380320.700000003,A,c,I,c,234,2,250.1000000089407,380070.59999999404,9083,WL,C,8.0
3,12.401000022888184,learn,47598.99997711182,Wed Sep 23 2026 15:12:29 GMT-0400 (Eastern Daylight Time),380504.09999999404,A,ca,I,a,164,2,433.5,380070.59999999404,9083,WL,C,8.0
3,12.583999872207642,learn,47416.00012779236,Wed Sep 23 2026 15:12:29 GMT-0400 (Eastern Daylight Time),380687.299999997,A,cam,I,m,164,2,616.7000000029802,380070.59999999404,9083,WL,C,8.0
3,12.766999959945679,learn,47233.00004005432,Wed Sep 23 2026 15:12:29 GMT-0400 (Eastern Daylight Time),380870.59999999404,A,camp,I,p,167,2,800.0,380070.59999999404,9083,WL,C,8.0
3,13.149999856948853,learn,46850.00014305115,Wed Sep 23 2026 15:12:29 GMT-0400 (Eastern Daylight Time),381253.700000003,A,campenter,I,enter,365,2,1183.1000000089407,380070.59999999404,9083,WL,C,8.0
3,16.08399987220764,learn,43916.00012779236,Wed Sep 23 2026 15:12:29 GMT-0400 (Eastern Daylight Time),384187.299999997,A,f,I,f,2923,2,2933.4000000059605,381253.89999999106,9083,WL,C,9.0
3,16.200999975204468,learn,43799.00002479553,Wed Sep 23 2026 15:12:29 GMT-0400 (Eastern Daylight Time),384303.89999999106,A,fl,I,l,98,2,3050.0,381253.89999999106,9083,WL,C,9.0
3,16.35099983215332,learn,43649.00016784668,Wed Sep 23 2026 15:12:29 GMT-0400 (Eastern Daylight Time),384454.09999999404,A,fla,I,a,117,2,3200.2000000029802,381253.89999999106,9083,WL,C,9.0
3,16.651000022888184,learn,43348.99997711182,Wed Sep 23 2026 15:12:29 GMT-0400 (Eastern Daylight Time),384754.0,A,flag,I,g,278,2,3500.1000000089407,381253.89999999106,9083,WL,C,9.0
3,16.899999856948853,learn,43100.00014305115,Wed Sep 23 2026 15:12:29 GMT-0400 (Eastern Daylight Time),385003.5,A,flagenter,I,enter,234,2,3749.6000000089407,381253.89999999106,9083,WL,C,9.0
3,17.250999927520752,learn,42749.00007247925,Wed Sep 23 2026 15:12:29 GMT-0400 (Eastern Daylight Time),385354.09999999404,A,l,I,l,333,2,350.29999999701977,385003.799999997,9083,WL,C,10.0
3,17.450999975204468,learn,42549.00002479553,Wed Sep 23 2026 15:12:29 GMT-0400 (Eastern Daylight Time),385554.09999999404,A,le,I,e,179,2,550.2999999970198,385003.799999997,9083,WL,C,10.0
3,17.68400001525879,learn,42315.99998474121,Wed Sep 23 2026 15:12:29 GMT-0400 (Eastern Daylight Time),385787.299999997,A,let,I,t,219,2,783.5,385003.799999997,9083,WL,C,10.0
3,17.866999864578247,learn,42133.00013542175,Wed Sep 23 2026 15:12:29 GMT-0400 (Eastern Daylight Time),385970.59999999404,A,lett,I,t,171,2,966.7999999970198,385003.799999997,9083,WL,C,10.0
3,18.10099983215332,learn,41899.00016784668,Wed Sep 23 2026 15:12:29 GMT-0400 (Eastern Daylight Time),386203.89999999106,A,lette,I,e,210,2,1200.0999999940395,385003.799999997,9083,WL,C,10.0
3,18.233999967575073,learn,41766.00003242493,Wed Sep 23 2026 15:12:29 GMT-0400 (Eastern Daylight Time),386337.200000003,A,letter,I,r,106,2,1333.4000000059605,385003.799999997,9083,WL,C,10.0
3,18.616999864578247,learn,41383.00013542175,Wed Sep 23 2026 15:12:29 GMT-0400 (Eastern Daylight Time),386720.200000003,A,letterenter,I,enter,372,2,1716.4000000059605,385003.799999997,9083,WL,C,10.0
3,21.033999919891357,learn,38966.00008010864,Wed Sep 23 2026 15:12:29 GMT-0400 (Eastern Daylight Time),389137.299999997,A,c,I,c,2400,2,2416.9000000059605,386720.39999999106,9083,WL,C,11.0
3,21.18400001525879,learn,38815.99998474121,Wed Sep 23 2026 15:12:29 GMT-0400 (Eastern Daylight Time),389287.299999997,A,co,I,o,122,2,2566.9000000059605,386720.39999999106,9083,WL,C,11.0
3,21.399999856948853,learn,38600.00014305115,Wed Sep 23 2026 15:12:29 GMT-0400 (Eastern Daylight Time),389503.799999997,A,cor,I,r,206,2,2783.4000000059605,386720.39999999106,9083,WL,C,11.0
3,21.700999975204468,learn,38299.00002479553,Wed Sep 23 2026 15:12:29 GMT-0400 (Eastern Daylight Time),389804.0,A,corn,I,n,277,2,3083.6000000089407,386720.39999999106,9083,WL,C,11.0
3,22.717000007629395,learn,37282.999992370605,Wed Sep 23 2026 15:12:29 GMT-0400 (Eastern Daylight Time),390820.200000003,A,cornenter,I,enter,992,2,4099.800000011921,386720.39999999106,9083,WL,C,11.0
3,23.566999912261963,learn,36433.00008773804,Wed Sep 23 2026 15:12:29 GMT-0400 (Eastern Daylight Time),391670.700000003,A,n,I,n,836,2,850.2000000029802,390820.5,9083,WL,C,12.0
3,23.717000007629395,learn,36282.999992370605,Wed Sep 23 2026 15:12:29 GMT-0400 (Eastern Daylight Time),391820.799999997,A,na,I,a,135,2,1000.2999999970198,390820.5,9083,WL,C,12.0
3,23.866999864578247,learn,36133.00013542175,Wed Sep 23 2026 15:12:29 GMT-0400 (Eastern Daylight Time),391970.59999999404,A,nai,I,i,136,2,1150.0999999940395,390820.5,9083,WL,C,12.0
3,24.116999864578247,learn,35883.00013542175,Wed Sep 23 2026 15:12:29 GMT-0400 (Eastern Daylight Time),392220.59999999404,A,nail,I,l,224,2,1400.0999999940395,390820.5,9083,WL,C,12.0
3,24.5,learn,35500.0,Wed Sep 23 2026 15:12:29 GMT-0400 (Eastern Daylight Time),392603.5,A,nailenter,I,enter,360,2,1783.0,390820.5,9083,WL,C,12.0
3,24.783999919891357,learn,35216.00008010864,Wed Sep 23 2026 15:12:29 GMT-0400 (Eastern Daylight Time),392887.299999997,A,c,I,c,261,2,283.5,392603.799999997,9083,WL,C,13.0
3,24.967000007629395,learn,35032.999992370605,Wed Sep 23 2026 15:12:29 GMT-0400 (Eastern Daylight Time),393070.700000003,A,ca,I,a,166,2,466.90000000596046,392603.799999997,9083,WL,C,13.0
3,25.217000007629395,learn,34782.999992370605,Wed Sep 23 2026 15:12:29 GMT-0400 (Eastern Daylight Time),393320.5,A,cat,I,t,231,2,716.7000000029802,392603.799999997,9083,WL,C,13.0
3,25.399999856948853,learn,34600.00014305115,Wed Sep 23 2026 15:12:29 GMT-0400 (Eastern Daylight Time),393503.700000003,A,catt,I,t,173,2,899.9000000059605,392603.799999997,9083,WL,C,13.0
3,25.58399987220764,learn,34416.00012779236,Wed Sep 23 2026 15:12:29 GMT-0400 (Eastern Daylight Time),393687.299999997,A,cattl,I,l,157,2,1083.5,392603.799999997,9083,WL,C,13.0
3,25.700999975204468,learn,34299.00002479553,Wed Sep 23 2026 15:12:29 GMT-0400 (Eastern Daylight Time),393804.0,A,cattle,I,e,87,2,1200.2000000029802,392603.799999997,9083,WL,C,13.0
3,26.049999952316284,learn,33950.000047683716,Wed Sep 23 2026 15:12:29 GMT-0400 (Eastern Daylight Time),394153.59999999404,A,cattleenter,I,enter,334,2,1549.7999999970198,392603.799999997,9083,WL,C,13.0
3,26.35099983215332,learn,33649.00016784668,Wed Sep 23 2026 15:12:29 GMT-0400 (Eastern Daylight Time),394454.0,A,s,I,s,286,2,300.0,394154.0,9083,WL,C,14.0
3,26.467000007629395,learn,33532.999992370605,Wed Sep 23 2026 15:12:29 GMT-0400 (Eastern Daylight Time),394570.700000003,A,sh,I,h,103,2,416.70000000298023,394154.0,9083,WL,C,14.0
3,26.616999864578247,learn,33383.00013542175,Wed Sep 23 2026 15:12:29 GMT-0400 (Eastern Daylight Time),394720.5,A,sho,I,o,123,2,566.5,394154.0,9083,WL,C,14.0
3,27.066999912261963,learn,32933.00008773804,Wed Sep 23 2026 15:12:29 GMT-0400 (Eastern Daylight Time),395170.700000003,A,shor,I,r,434,2,1016.7000000029802,394154.0,9083,WL,C,14.0
3,27.199999809265137,learn,32800.00019073486,Wed Sep 23 2026 15:12:29 GMT-0400 (Eastern Daylight Time),395303.700000003,A,shore,I,e,122,2,1149.7000000029802,394154.0,9083,WL,C,14.0
3,27.717000007629395,learn,32282.999992370605,Wed Sep 23 2026 15:12:29 GMT-0400 (Eastern Daylight Time),395820.299999997,A,shoreenter,I,enter,492,2,1666.2999999970198,394154.0,9083,WL,C,14.0
3,27.983999967575073,learn,32016.000032424927,Wed Sep 23 2026 15:12:29 GMT-0400 (Eastern Daylight Time),396087.200000003,A,b,I,b,252,2,266.5,395820.700000003,9083,WL,C,15.0
3,28.08399987220764,learn,31916.00012779236,Wed Sep 23 2026 15:12:29 GMT-0400 (Eastern Daylight Time),396187.200000003,A,bo,I,o,86,2,366.5,395820.700000003,9083,WL,C,15.0
3,28.43400001525879,learn,31565.99998474121,Wed Sep 23 2026 15:12:29 GMT-0400 (Eastern Daylight Time),396537.200000003,A,boy,I,y,331,2,716.5,395820.700000003,9083,WL,C,15.0
3,29.383999824523926,learn,30616.000175476074,Wed Sep 23 2026 15:12:29 GMT-0400 (Eastern Daylight Time),397487.299999997,A,bo,I,backspace,923,2,1666.5999999940395,395820.700000003,9083,WL,C,15.0
3,29.550999879837036,learn,30449.000120162964,Wed Sep 23 2026 15:12:29 GMT-0400 (Eastern Daylight Time),397653.89999999106,A,b,I,backspace,141,2,1833.199999988079,395820.700000003,9083,WL,C,15.0
3,29.68400001525879,learn,30315.99998474121,Wed Sep 23 2026 15:12:29 GMT-0400 (Eastern Daylight Time),397787.299999997,A,,I,backspace,111,2,1966.5999999940395,395820.700000003,9083,WL,C,15.0
3,30.283999919891357,learn,29716.000080108643,Wed Sep 23 2026 15:12:29 GMT-0400 (Eastern Daylight Time),398387.299999997,A,b,I,b,571,2,2566.5999999940395,395820.700000003,9083,WL,C,15.0
3,30.401999950408936,learn,29598.000049591064,Wed Sep 23 2026 15:12:29 GMT-0400 (Eastern Daylight Time),398505.299999997,A,bo,I,o,106,2,2684.5999999940395,395820.700000003,9083,WL,C,15.0
3,30.60099983215332,learn,29399.00016784668,Wed Sep 23 2026 15:12:29 GMT-0400 (Eastern Daylight Time),398704.0,A,bod,I,d,180,2,2883.2999999970198,395820.700000003,9083,WL,C,15.0
3,30.717000007629395,learn,29282.999992370605,Wed Sep 23 2026 15:12:29 GMT-0400 (Eastern Daylight Time),398820.700000003,A,body,I,y,93,2,3000.0,395820.700000003,9083,WL,C,15.0
3,31.01699995994568,learn,28983.00004005432,Wed Sep 23 2026 15:12:29 GMT-0400 (Eastern Daylight Time),399120.200000003,A,bodyenter,I,enter,270,2,3299.5,395820.700000003,9083,WL,C,15.0
4,1.8340001106262207,learn,58165.99988937378,Wed Sep 23 2026 15:12:29 GMT-0400 (Eastern Daylight Time),468537.09999999404,A,t,I,t,1813,2,1832.8999999910593,466704.200000003,9083,WL,C,1.0
4,1.9839999675750732,learn,58016.00003242493,Wed Sep 23 2026 15:12:29 GMT-0400 (Eastern Daylight Time),468687.09999999404,A,to,I,o,139,2,1982.8999999910593,466704.200000003,9083,WL,C,1.0
4,2.2009999752044678,learn,57799.00002479553,Wed Sep 23 2026 15:12:29 GMT-0400 (Eastern Daylight Time),468903.89999999106,A,tow,I,w,207,2,2199.699999988079,466704.200000003,9083,WL,C,1.0
4,2.5510001182556152,learn,57448.999881744385,Wed Sep 23 2026 15:12:29 GMT-0400 (Eastern Daylight Time),469254.0,A,towe,I,e,319,2,2549.7999999970198,466704.200000003,9083,WL,C,1.0
4,2.6670000553131104,learn,57332.99994468689,Wed Sep 23 2026 15:12:29 GMT-0400 (Eastern Daylight Time),469370.700000003,A,tower,I,r,95,2,2666.5,466704.200000003,9083,WL,C,1.0
4,3.2170000076293945,learn,56782.999992370605,Wed Sep 23 2026 15:12:29 GMT-0400 (Eastern Daylight Time),469920.0,A,towerenter,I,enter,538,2,3215.7999999970198,466704.200000003,9083,WL,C,1.0
4,3.7170000076293945,learn,56282.999992370605,Wed Sep 23 2026 15:12:29 GMT-0400 (Eastern Daylight Time),470420.59999999404,A,w,I,w,488,2,500.29999999701977,469920.299999997,9083,WL,C,2.0
4,3.8499999046325684,learn,56150.00009536743,Wed Sep 23 2026 15:12:29 GMT-0400 (Eastern Daylight Time),470553.799999997,A,wh,I,h,120,2,633.5,469920.299999997,9083,WL,C,2.0
4,3.9839999675750732,learn,56016.00003242493,Wed Sep 23 2026 15:12:29 GMT-0400 (Eastern Daylight Time),470687.09999999404,A,whe,I,e,123,2,766.7999999970198,469920.299999997,9083,WL,C,2.0
4,4.151000022888184,learn,55848.99997711182,Wed Sep 23 2026 15:12:29 GMT-0400 (Eastern Daylight Time),470853.89999999106,A,whea,I,a,149,2,933.5999999940395,469920.299999997,9083,WL,C,2.0
4,4.483999967575073,learn,55516.00003242493,Wed Sep 23 2026 15:12:29 GMT-0400 (Eastern Daylight Time),471187.09999999404,A,wheat,I,t,311,2,1266.7999999970198,469920.299999997,9083,WL,C,2.0
4,4.683000087738037,learn,55316.99991226196,Wed Sep 23 2026 15:12:29 GMT-0400 (Eastern Daylight Time),471386.799999997,A,wheatenter,I,enter,178,2,1466.5,469920.299999997,9083,WL,C,2.0
4,5.0,learn,55000.0,Wed Sep 23 2026 15:12:29 GMT-0400 (Eastern Daylight Time),471703.59999999404,A,q,I,q,308,2,316.5,471387.09999999404,9083,WL,C,3.0
4,5.16700005531311,learn,54832.99994468689,Wed Sep 23 2026 15:12:29 GMT-0400 (Eastern Daylight Time),471870.59999999404,A,qu,I,u,144,2,483.5,471387.09999999404,9083,WL,C,3.0
4,5.41700005531311,learn,54582.99994468689,Wed Sep 23 2026 15:12:29 GMT-0400 (Eastern Daylight Time),472120.5,A,que,I,e,239,2,733.4000000059605,471387.09999999404,9083,WL,C,3.0
4,5.617000102996826,learn,54382.999897003174,Wed Sep 23 2026 15:12:29 GMT-0400 (Eastern Daylight Time),472320.5,A,quee,I,e,179,2,933.4000000059605,471387.09999999404,9083,WL,C,3.0
4,5.834000110626221,learn,54165.99988937378,Wed Sep 23 2026 15:12:29 GMT-0400 (Eastern Daylight Time),472537.200000003,A,queen,I,n,190,2,1150.1000000089407,471387.09999999404,9083,WL,C,3.0
4,6.132999897003174,learn,53867.000102996826,Wed Sep 23 2026 15:12:29 GMT-0400 (Eastern Daylight Time),472836.700000003,A,queenenter,I,enter,281,2,1449.6000000089407,471387.09999999404,9083,WL,C,3.0
4,6.41700005531311,learn,53582.99994468689,Wed Sep 23 2026 15:12:29 GMT-0400 (Eastern Daylight Time),473120.5,A,s,I,s,268,2,283.40000000596046,472837.09999999404,9083,WL,C,4.0
4,6.566999912261963,learn,53433.00008773804,Wed Sep 23 2026 15:12:29 GMT-0400 (Eastern Daylight Time),473270.5,A,su,I,u,133,2,433.40000000596046,472837.09999999404,9083,WL,C,4.0
4,6.783999919891357,learn,53216.00008010864,Wed Sep 23 2026 15:12:29 GMT-0400 (Eastern Daylight Time),473487.200000003,A,sug,I,g,191,2,650.1000000089407,472837.09999999404,9083,WL,C,4.0
4,6.983999967575073,learn,53016.00003242493,Wed Sep 23 2026 15:12:29 GMT-0400 (Eastern Daylight Time),473687.200000003,A,suga,I,a,172,2,850.1000000089407,472837.09999999404,9083,WL,C,4.0
4,7.134000062942505,learn,52865.999937057495,Wed Sep 23 2026 15:12:29 GMT-0400 (Eastern Daylight Time),473837.200000003,A,sugar,I,r,124,2,1000.1000000089407,472837.09999999404,9083,WL,C,4.0
4,7.41700005531311,learn,52582.99994468689,Wed Sep 23 2026 15:12:29 GMT-0400 (Eastern Daylight Time),474120.0,A,sugarenter,I,enter,270,2,1282.9000000059605,472837.09999999404,9083,WL,C,4.0
4,7.750999927520752,learn,52249.00007247925,Wed Sep 23 2026 15:12:29 GMT-0400 (Eastern Daylight Time),474453.89999999106,A,h,I,h,312,2,333.59999999403954,474120.299999997,9083,WL,C,5.0
4,7.867000102996826,learn,52132.999897003174,Wed Sep 23 2026 15:12:29 GMT-0400 (Eastern Daylight Time),474570.59999999404,A,ho,I,o,95,2,450.29999999701977,474120.299999997,9083,WL,C,5.0
4,8.301000118255615,learn,51698.999881744385,Wed Sep 23 2026 15:12:29 GMT-0400 (Eastern Daylight Time),475003.89999999106,A,hom,I,m,403,2,883.5999999940395,474120.299999997,9083,WL,C,5.0
4,8.467000007629395,learn,51532.999992370605,Wed Sep 23 2026 15:12:29 GMT-0400 (Eastern Daylight Time),475170.59999999404,A,home,I,e,154,2,1050.2999999970198,474120.299999997,9083,WL,C,5.0
4,8.717000007629395,learn,51282.999992370605,Wed Sep 23 2026 15:12:29 GMT-0400 (Eastern Daylight Time),475420.200000003,A,homeenter,I,enter,225,2,1299.9000000059605,474120.299999997,9083,WL,C,5.0
4,9.016999959945679,learn,50983.00004005432,Wed Sep 23 2026 15:12:29 GMT-0400 (Eastern Daylight Time),475720.39999999106,A,b,I,b,284,2,300.0,475420.39999999106,9083,WL,C,6.0
4,9.151000022888184,learn,50848.99997711182,Wed Sep 23 2026 15:12:29 GMT-0400 (Eastern Daylight Time),475853.799999997,A,bo,I,o,113,2,433.40000000596046,475420.39999999106,9083,WL,C,6.0
4,9.384000062942505,learn,50615.999937057495,Wed Sep 23 2026 15:12:29 GMT-0400 (Eastern Daylight Time),476087.0,A,boy,I,y,224,2,666.6000000089407,475420.39999999106,9083,WL,C,6.0
4,10.76799988746643,learn,49232.00011253357,Wed Sep 23 2026 15:12:29 GMT-0400 (Eastern Daylight Time),477471.09999999404,A,boyenter,I,enter,1365,2,2050.7000000029802,475420.39999999106,9083,WL,C,6.0
4,11.200000047683716,learn,48799.999952316284,Wed Sep 23 2026 15:12:29 GMT-0400 (Eastern Daylight Time),477903.59999999404,A,d,I,d,426,2,432.20000000298023,477471.39999999106,9083,WL,C,7.0
4,11.301000118255615,learn,48698.999881744385,Wed Sep 23 2026 15:12:29 GMT-0400 (Eastern Daylight Time),478003.89999999106,A,do,I,o,85,2,532.5,477471.39999999106,9083,WL,C,7.0
4,11.483999967575073,learn,48516.00003242493,Wed Sep 23 2026 15:12:29 GMT-0400 (Eastern Daylight Time),478187.299999997,A,doc,I,c,161,2,715.9000000059605,477471.39999999106,9083,WL,C,7.0
4,11.816999912261963,learn,48183.00008773804,Wed Sep 23 2026 15:12:29 GMT-0400 (Eastern Daylight Time),478520.39999999106,A,doct,I,t,322,2,1049.0,477471.39999999106,9083,WL,C,7.0
4,11.983999967575073,learn,48016.00003242493,Wed Sep 23 2026 15:12:29 GMT-0400 (Eastern Daylight Time),478687.200000003,A,docto,I,o,148,2,1215.800000011921,477471.39999999106,9083,WL,C,7.0
4,12.434000015258789,learn,47565.99998474121,Wed Sep 23 2026 15:12:29 GMT-0400 (Eastern Daylight Time),479137.09999999404,A,doctor,I,r,439,2,1665.7000000029802,477471.39999999106,9083,WL,C,7.0
4,12.816999912261963,learn,47183.00008773804,Wed Sep 23 2026 15:12:29 GMT-0400 (Eastern Daylight Time),479520.09999999404,A,doctorenter,I,enter,363,2,2048.7000000029802,477471.39999999106,9083,WL,C,7.0
4,13.233999967575073,learn,46766.00003242493,Wed Sep 23 2026 15:12:29 GMT-0400 (Eastern Daylight Time),479937.09999999404,A,l,I,l,408,2,416.79999999701977,479520.299999997,9083,WL,C,8.0
4,14.033999919891357,learn,45966.00008010864,Wed Sep 23 2026 15:12:29 GMT-0400 (Eastern Daylight Time),480737.200000003,A,,I,backspace,787,2,1216.9000000059605,479520.299999997,9083,WL,C,8.0
4,14.16700005531311,learn,45832.99994468689,Wed Sep 23 2026 15:12:29 GMT-0400 (Eastern Daylight Time),480870.39999999106,A,c,I,c,116,2,1350.0999999940395,479520.299999997,9083,WL,C,8.0
4,14.316999912261963,learn,45683.00008773804,Wed Sep 23 2026 15:12:29 GMT-0400 (Eastern Daylight Time),481020.700000003,A,ca,I,a,129,2,1500.4000000059605,479520.299999997,9083,WL,C,8.0
4,14.400000095367432,learn,45599.99990463257,Wed Sep 23 2026 15:12:29 GMT-0400 (Eastern Daylight Time),481103.799999997,A,cam,I,m,57,2,1583.5,479520.299999997,9083,WL,C,8.0
4,14.566999912261963,learn,45433.00008773804,Wed Sep 23 2026 15:12:29 GMT-0400 (Eastern Daylight Time),481270.5,A,camp,I,p,133,2,1750.2000000029802,479520.299999997,9083,WL,C,8.0
4,15.118000030517578,learn,44881.99996948242,Wed Sep 23 2026 15:12:29 GMT-0400 (Eastern Daylight Time),481821.09999999404,A,campenter,I,enter,533,2,2300.7999999970198,479520.299999997,9083,WL,C,8.0
4,15.566999912261963,learn,44433.00008773804,Wed Sep 23 2026 15:12:29 GMT-0400 (Eastern Daylight Time),482270.5,A,l,I,l,426,2,449.1000000089407,481821.39999999106,9083,WL,C,9.0
4,16.000999927520752,learn,43999.00007247925,Wed Sep 23 2026 15:12:29 GMT-0400 (Eastern Daylight Time),482703.89999999106,A,le,I,e,414,2,882.5,481821.39999999106,9083,WL,C,9.0
4,16.250999927520752,learn,43749.00007247925,Wed Sep 23 2026 15:12:29 GMT-0400 (Eastern Daylight Time),482954.0,A,let,I,t,237,2,1132.6000000089407,481821.39999999106,9083,WL,C,9.0
4,16.41700005531311,learn,43582.99994468689,Wed Sep 23 2026 15:12:29 GMT-0400 (Eastern Daylight Time),483120.39999999106,A,lett,I,t,147,2,1299.0,481821.39999999106,9083,WL,C,9.0
4,16.58400011062622,learn,43415.99988937378,Wed Sep 23 2026 15:12:29 GMT-0400 (Eastern Daylight Time),483287.200000003,A,lette,I,e,157,2,1465.800000011921,481821.39999999106,9083,WL,C,9.0
4,16.66700005531311,learn,43332.99994468689,Wed Sep 23 2026 15:12:29 GMT-0400 (Eastern Daylight Time),483370.59999999404,A,letter,I,r,65,2,1549.2000000029802,481821.39999999106,9083,WL,C,9.0
4,18.051000118255615,learn,41948.999881744385,Wed Sep 23 2026 15:12:29 GMT-0400 (Eastern Daylight Time),484753.799999997,A,lette,I,backspace,1362,2,2932.4000000059605,481821.39999999106,9083,WL,C,9.0
4,18.18400001525879,learn,41815.99998474121,Wed Sep 23 2026 15:12:29 GMT-0400 (Eastern Daylight Time),484887.09999999404,A,lett,I,backspace,115,2,3065.7000000029802,481821.39999999106,9083,WL,C,9.0
4,18.33299994468689,learn,41667.00005531311,Wed Sep 23 2026 15:12:29 GMT-0400 (Eastern Daylight Time),485036.799999997,A,let,I,backspace,133,2,3215.4000000059605,481821.39999999106,9083,WL,C,9.0
4,18.483999967575073,learn,41516.00003242493,Wed Sep 23 2026 15:12:29 GMT-0400 (Eastern Daylight Time),485187.09999999404,A,le,I,backspace,131,2,3365.7000000029802,481821.39999999106,9083,WL,C,9.0
4,18.634000062942505,learn,41365.999937057495,Wed Sep 23 2026 15:12:29 GMT-0400 (Eastern Daylight Time),485337.200000003,A,l,I,backspace,129,2,3515.800000011921,481821.39999999106,9083,WL,C,9.0
4,18.783999919891357,learn,41216.00008010864,Wed Sep 23 2026 15:12:29 GMT-0400 (Eastern Daylight Time),485487.0,A,,I,backspace,132,2,3665.6000000089407,481821.39999999106,9083,WL,C,9.0
4,18.950999975204468,learn,41049.00002479553,Wed Sep 23 2026 15:12:29 GMT-0400 (Eastern Daylight Time),485653.89999999106,A,,I,backspace,147,2,3832.5,481821.39999999106,9083,WL,C,9.0
4,19.16700005531311,learn,40832.99994468689,Wed Sep 23 2026 15:12:29 GMT-0400 (Eastern Daylight Time),485870.39999999106,A,f,I,f,200,2,4049.0,481821.39999999106,9083,WL,C,9.0
4,19.301000118255615,learn,40698.999881744385,Wed Sep 23 2026 15:12:29 GMT-0400 (Eastern Daylight Time),486003.89999999106,A,fl,I,l,118,2,4182.5,481821.39999999106,9083,WL,C,9.0
4,19.500999927520752,learn,40499.00007247925,Wed Sep 23 2026 15:12:29 GMT-0400 (Eastern Daylight Time),486203.89999999106,A,fla,I,a,185,2,4382.5,481821.39999999106,9083,WL,C,9.0
4,19.733999967575073,learn,40266.00003242493,Wed Sep 23 2026 15:12:29 GMT-0400 (Eastern Daylight Time),486437.09999999404,A,flag,I,g,209,2,4615.70000000298,481821.39999999106,9083,WL,C,9.0
4,19.933000087738037,learn,40066.99991226196,Wed Sep 23 2026 15:12:29 GMT-0400 (Eastern Daylight Time),486636.799999997,A,flagenter,I,enter,183,2,4815.4000000059605,481821.39999999106,9083,WL,C,9.0
4,20.217000007629395,learn,39782.999992370605,Wed Sep 23 2026 15:12:29 GMT-0400 (Eastern Daylight Time),486920.39999999106,A,l,I,l,274,2,283.29999999701977,486637.09999999404,9083,WL,C,10.0
4,20.40000009536743,learn,39599.99990463257,Wed Sep 23 2026 15:12:29 GMT-0400 (Eastern Daylight Time),487103.799999997,A,le,I,e,165,2,466.70000000298023,486637.09999999404,9083,WL,C,10.0
4,20.651000022888184,learn,39348.99997711182,Wed Sep 23 2026 15:12:29 GMT-0400 (Eastern Daylight Time),487353.89999999106,A,let,I,t,230,2,716.7999999970198,486637.09999999404,9083,WL,C,10.0
4,20.83400011062622,learn,39165.99988937378,Wed Sep 23 2026 15:12:29 GMT-0400 (Eastern Daylight Time),487537.0,A,lett,I,t,170,2,899.9000000059605,486637.09999999404,9083,WL,C,10.0
4,21.000999927520752,learn,38999.00007247925,Wed Sep 23 2026 15:12:29 GMT-0400 (Eastern Daylight Time),487703.89999999106,A,lette,I,e,149,2,1066.7999999970198,486637.09999999404,9083,WL,C,10.0
4,21.08400011062622,learn,38915.99988937378,Wed Sep 23 2026 15:12:29 GMT-0400 (Eastern Daylight Time),487787.200000003,A,letter,I,r,69,2,1150.1000000089407,486637.09999999404,9083,WL,C,10.0
4,21.467999935150146,learn,38532.00006484985,Wed Sep 23 2026 15:12:29 GMT-0400 (Eastern Daylight Time),488171.0,A,letterenter,I,enter,360,2,1533.9000000059605,486637.09999999404,9083,WL,C,10.0
4,21.83400011062622,learn,38165.99988937378,Wed Sep 23 2026 15:12:29 GMT-0400 (Eastern Daylight Time),488537.09999999404,A,c,I,c,349,2,365.79999999701977,488171.299999997,9083,WL,C,11.0
4,21.967000007629395,learn,38032.999992370605,Wed Sep 23 2026 15:12:29 GMT-0400 (Eastern Daylight Time),488670.5,A,co,I,o,117,2,499.20000000298023,488171.299999997,9083,WL,C,11.0
4,22.200000047683716,learn,37799.999952316284,Wed Sep 23 2026 15:12:29 GMT-0400 (Eastern Daylight Time),488903.59999999404,A,cor,I,r,215,2,732.2999999970198,488171.299999997,9083,WL,C,11.0
4,22.500999927520752,learn,37499.00007247925,Wed Sep 23 2026 15:12:29 GMT-0400 (Eastern Daylight Time),489203.89999999106,A,corn,I,n,278,2,1032.5999999940395,488171.299999997,9083,WL,C,11.0
4,23.08299994468689,learn,36917.00005531311,Wed Sep 23 2026 15:12:29 GMT-0400 (Eastern Daylight Time),489786.799999997,A,cornenter,I,enter,568,2,1615.5,488171.299999997,9083,WL,C,11.0
4,24.25,learn,35750.0,Wed Sep 23 2026 15:12:29 GMT-0400 (Eastern Daylight Time),490953.799999997,A,n,I,n,1150,2,1166.7000000029802,489787.09999999404,9083,WL,C,12.0
4,24.401000022888184,learn,35598.99997711182,Wed Sep 23 2026 15:12:29 GMT-0400 (Eastern Daylight Time),491104.0,A,na,I,a,130,2,1316.9000000059605,489787.09999999404,9083,WL,C,12.0
4,24.533999919891357,learn,35466.00008010864,Wed Sep 23 2026 15:12:29 GMT-0400 (Eastern Daylight Time),491237.09999999404,A,nai,I,i,108,2,1450.0,489787.09999999404,9083,WL,C,12.0
4,24.75,learn,35250.0,Wed Sep 23 2026 15:12:29 GMT-0400 (Eastern Daylight Time),491453.799999997,A,nail,I,l,184,2,1666.7000000029802,489787.09999999404,9083,WL,C,12.0
4,25.068000078201294,learn,34931.999921798706,Wed Sep 23 2026 15:12:29 GMT-0400 (Eastern Daylight Time),491770.89999999106,A,nailenter,I,enter,295,2,1983.7999999970198,489787.09999999404,9083,WL,C,12.0
4,25.34999990463257,learn,34650.00009536743,Wed Sep 23 2026 15:12:29 GMT-0400 (Eastern Daylight Time),492053.799999997,A,c,I,c,260,2,282.5,491771.299999997,9083,WL,C,13.0
4,25.533999919891357,learn,34466.00008010864,Wed Sep 23 2026 15:12:29 GMT-0400 (Eastern Daylight Time),492237.0,A,ca,I,a,157,2,465.70000000298023,491771.299999997,9083,WL,C,13.0
4,25.783999919891357,learn,34216.00008010864,Wed Sep 23 2026 15:12:29 GMT-0400 (Eastern Daylight Time),492487.09999999404,A,cat,I,t,225,2,715.7999999970198,491771.299999997,9083,WL,C,13.0
4,25.93400001525879,learn,34065.99998474121,Wed Sep 23 2026 15:12:29 GMT-0400 (Eastern Daylight Time),492637.200000003,A,catt,I,t,132,2,865.9000000059605,491771.299999997,9083,WL,C,13.0
4,26.117000102996826,learn,33882.999897003174,Wed Sep 23 2026 15:12:29 GMT-0400 (Eastern Daylight Time),492820.59999999404,A,cattl,I,l,159,2,1049.2999999970198,491771.299999997,9083,WL,C,13.0
4,26.26699995994568,learn,33733.00004005432,Wed Sep 23 2026 15:12:29 GMT-0400 (Eastern Daylight Time),492970.39999999106,A,cattle,I,e,135,2,1199.0999999940395,491771.299999997,9083,WL,C,13.0
4,26.533999919891357,learn,33466.00008010864,Wed Sep 23 2026 15:12:29 GMT-0400 (Eastern Daylight Time),493237.700000003,A,cattleenter,I,enter,235,2,1466.4000000059605,491771.299999997,9083,WL,C,13.0
4,28.01699995994568,learn,31983.00004005432,Wed Sep 23 2026 15:12:29 GMT-0400 (Eastern Daylight Time),494720.39999999106,A,s,I,s,1467,2,1482.2999999970198,493238.09999999404,9083,WL,C,14.0
4,28.283999919891357,learn,31716.000080108643,Wed Sep 23 2026 15:12:29 GMT-0400 (Eastern Daylight Time),494987.09999999404,A,sh,I,h,252,2,1749.0,493238.09999999404,9083,WL,C,14.0
4,28.450999975204468,learn,31549.000024795532,Wed Sep 23 2026 15:12:29 GMT-0400 (Eastern Daylight Time),495153.89999999106,A,sho,I,o,137,2,1915.7999999970198,493238.09999999404,9083,WL,C,14.0
4,28.66700005531311,learn,31332.99994468689,Wed Sep 23 2026 15:12:29 GMT-0400 (Eastern Daylight Time),495370.39999999106,A,shor,I,r,194,2,2132.2999999970198,493238.09999999404,9083,WL,C,14.0
4,28.75,learn,31250.0,Wed Sep 23 2026 15:12:29 GMT-0400 (Eastern Daylight Time),495453.59999999404,A,shore,I,e,58,2,2215.5,493238.09999999404,9083,WL,C,14.0
4,28.91700005531311,learn,31082.99994468689,Wed Sep 23 2026 15:12:29 GMT-0400 (Eastern Daylight Time),495620.0,A,shoreenter,I,enter,148,2,2381.9000000059605,493238.09999999404,9083,WL,C,14.0
4,29.33400011062622,learn,30665.99988937378,Wed Sep 23 2026 15:12:29 GMT-0400 (Eastern Daylight Time),496037.0,A,b,I,b,404,2,416.6000000089407,495620.39999999106,9083,WL,C,15.0
4,29.40000009536743,learn,30599.99990463257,Wed Sep 23 2026 15:12:29 GMT-0400 (Eastern Daylight Time),496103.59999999404,A,bo,I,o,56,2,483.20000000298023,495620.39999999106,9083,WL,C,15.0
4,29.58400011062622,learn,30415.99988937378,Wed Sep 23 2026 15:12:29 GMT-0400 (Eastern Daylight Time),496287.09999999404,A,bod,I,d,156,2,666.7000000029802,495620.39999999106,9083,WL,C,15.0
4,30.134000062942505,learn,29865.999937057495,Wed Sep 23 2026 15:12:29 GMT-0400 (Eastern Daylight Time),496837.200000003,A,body,I,y,533,2,1216.800000011921,495620.39999999106,9083,WL,C,15.0
4,30.41700005531311,learn,29582.99994468689,Wed Sep 23 2026 15:12:29 GMT-0400 (Eastern Daylight Time),497120.0,A,bodyenter,I,enter,270,2,1499.6000000089407,495620.39999999106,9083,WL,C,15.0
5,1.3509998321533203,learn,60000.0,Wed Sep 23 2026 15:12:29 GMT-0400 (Eastern Daylight Time),567487.3999999911,A,t,I,t,1332,2,1350.199999988079,566137.200000003,9083,WL,C,1.0
5,1.6009998321533203,learn,60000.0,Wed Sep 23 2026 15:12:29 GMT-0400 (Eastern Daylight Time),567736.8999999911,A,to,I,o,237,2,1599.699999988079,566137.200000003,9083,WL,C,1.0
5,1.934000015258789,learn,60000.0,Wed Sep 23 2026 15:12:29 GMT-0400 (Eastern Daylight Time),568070.3999999911,A,tow,I,w,307,2,1933.199999988079,566137.200000003,9083,WL,C,1.0
5,2.066999912261963,learn,60000.0,Wed Sep 23 2026 15:12:29 GMT-0400 (Eastern Daylight Time),568203.799999997,A,towe,I,e,119,2,2066.5999999940395,566137.200000003,9083,WL,C,1.0
5,2.1669998168945312,learn,60000.0,Wed Sep 23 2026 15:12:29 GMT-0400 (Eastern Daylight Time),568303.8999999911,A,tower,I,r,72,2,2166.699999988079,566137.200000003,9083,WL,C,1.0
5,2.4670000076293945,learn,60000.0,Wed Sep 23 2026 15:12:29 GMT-0400 (Eastern Daylight Time),568603.200000003,A,towerenter,I,enter,269,2,2466.0,566137.200000003,9083,WL,C,1.0
5,2.934000015258789,learn,60000.0,Wed Sep 23 2026 15:12:29 GMT-0400 (Eastern Daylight Time),569070.299999997,A,w,I,w,452,2,466.70000000298023,568603.599999994,9083,WL,C,2.0
5,3.0849997997283936,learn,60000.0,Wed Sep 23 2026 15:12:29 GMT-0400 (Eastern Daylight Time),569221.599999994,A,wh,I,h,134,2,618.0,568603.599999994,9083,WL,C,2.0
5,3.2170000076293945,learn,60000.0,Wed Sep 23 2026 15:12:29 GMT-0400 (Eastern Daylight Time),569353.700000003,A,whe,I,e,122,2,750.1000000089407,568603.599999994,9083,WL,C,2.0
5,3.3339998722076416,learn,60000.0,Wed Sep 23 2026 15:12:29 GMT-0400 (Eastern Daylight Time),569470.5,A,whea,I,a,82,2,866.9000000059605,568603.599999994,9083,WL,C,2.0
5,3.5169999599456787,learn,60000.0,Wed Sep 23 2026 15:12:29 GMT-0400 (Eastern Daylight Time),569653.799999997,A,wheat,I,t,166,2,1050.2000000029802,568603.599999994,9083,WL,C,2.0
5,3.6499998569488525,learn,60000.0,Wed Sep 23 2026 15:12:29 GMT-0400 (Eastern Daylight Time),569786.700000003,A,wheatenter,I,enter,110,2,1183.1000000089407,568603.599999994,9083,WL,C,2.0
5,4.034999847412109,learn,60000.0,Wed Sep 23 2026 15:12:29 GMT-0400 (Eastern Daylight Time),570170.8999999911,A,q,I,q,373,2,383.8999999910593,569787.0,9083,WL,C,3.0
5,4.133999824523926,learn,60000.0,Wed Sep 23 2026 15:12:29 GMT-0400 (Eastern Daylight Time),570270.5,A,qu,I,u,84,2,483.5,569787.0,9083,WL,C,3.0
5,4.383999824523926,learn,60000.0,Wed Sep 23 2026 15:12:29 GMT-0400 (Eastern Daylight Time),570520.3999999911,A,que,I,e,221,2,733.3999999910593,569787.0,9083,WL,C,3.0
5,4.616999864578247,learn,60000.0,Wed Sep 23 2026 15:12:29 GMT-0400 (Eastern Daylight Time),570753.700000003,A,quee,I,e,220,2,966.7000000029802,569787.0,9083,WL,C,3.0
5,4.816999912261963,learn,60000.0,Wed Sep 23 2026 15:12:29 GMT-0400 (Eastern Daylight Time),570953.700000003,A,queen,I,n,187,2,1166.7000000029802,569787.0,9083,WL,C,3.0
5,5.133999824523926,learn,60000.0,Wed Sep 23 2026 15:12:29 GMT-0400 (Eastern Daylight Time),571269.8999999911,A,queenenter,I,enter,290,2,1482.8999999910593,569787.0,9083,WL,C,3.0
5,6.35099983215332,learn,60000.0,Wed Sep 23 2026 15:12:29 GMT-0400 (Eastern Daylight Time),572487.0,A,s,I,s,1209,2,1216.7999999970198,571270.200000003,9083,WL,C,4.0
5,6.550999879837036,learn,60000.0,Wed Sep 23 2026 15:12:29 GMT-0400 (Eastern Daylight Time),572686.8999999911,A,su,I,u,182,2,1416.699999988079,571270.200000003,9083,WL,C,4.0
5,6.883999824523926,learn,60000.0,Wed Sep 23 2026 15:12:29 GMT-0400 (Eastern Daylight Time),573020.3999999911,A,sug,I,g,311,2,1750.199999988079,571270.200000003,9083,WL,C,4.0
5,7.151000022888184,learn,60000.0,Wed Sep 23 2026 15:12:29 GMT-0400 (Eastern Daylight Time),573287.0,A,suga,I,a,248,2,2016.7999999970198,571270.200000003,9083,WL,C,4.0
5,7.401000022888184,learn,60000.0,Wed Sep 23 2026 15:12:29 GMT-0400 (Eastern Daylight Time),573537.0,A,sugar,I,r,228,2,2266.7999999970198,571270.200000003,9083,WL,C,4.0
5,9.166999816894531,learn,60000.0,Wed Sep 23 2026 15:12:29 GMT-0400 (Eastern Daylight Time),575303.299999997,A,sugarenter,I,enter,1747,2,4033.0999999940395,571270.200000003,9083,WL,C,4.0
5,9.883999824523926,learn,60000.0,Wed Sep 23 2026 15:12:29 GMT-0400 (Eastern Daylight Time),576020.3999999911,A,h,I,h,704,2,716.7999999970198,575303.599999994,9083,WL,C,5.0
5,10.000999927520752,learn,60000.0,Wed Sep 23 2026 15:12:29 GMT-0400 (Eastern Daylight Time),576137.0,A,ho,I,o,95,2,833.4000000059605,575303.599999994,9083,WL,C,5.0
5,10.283999919891357,learn,60000.0,Wed Sep 23 2026 15:12:29 GMT-0400 (Eastern Daylight Time),576420.3999999911,A,hom,I,m,251,2,1116.7999999970198,575303.599999994,9083,WL,C,5.0
5,10.500999927520752,learn,60000.0,Wed Sep 23 2026 15:12:29 GMT-0400 (Eastern Daylight Time),576637.3999999911,A,home,I,e,200,2,1333.7999999970198,575303.599999994,9083,WL,C,5.0
5,10.799999952316284,learn,60000.0,Wed Sep 23 2026 15:12:29 GMT-0400 (Eastern Daylight Time),576936.599999994,A,homeenter,I,enter,279,2,1633.0,575303.599999994,9083,WL,C,5.0
5,11.151000022888184,learn,60000.0,Wed Sep 23 2026 15:12:29 GMT-0400 (Eastern Daylight Time),577286.8999999911,A,b,I,b,335,2,350.0,576936.8999999911,9083,WL,C,6.0
5,11.316999912261963,learn,60000.0,Wed Sep 23 2026 15:12:29 GMT-0400 (Eastern Daylight Time),577453.700000003,A,bo,I,o,149,2,516.8000000119209,576936.8999999911,9083,WL,C,6.0
5,11.566999912261963,learn,60000.0,Wed Sep 23 2026 15:12:29 GMT-0400 (Eastern Daylight Time),577703.5,A,boy,I,y,239,2,766.6000000089407,576936.8999999911,9083,WL,C,6.0
5,11.983999967575073,learn,60000.0,Wed Sep 23 2026 15:12:29 GMT-0400 (Eastern Daylight Time),578119.8999999911,A,boyenter,I,enter,397,2,1183.0,576936.8999999911,9083,WL,C,6.0
5,12.516999959945679,learn,60000.0,Wed Sep 23 2026 15:12:29 GMT-0400 (Eastern Daylight Time),578653.799999997,A,d,I,d,512,2,533.5999999940395,578120.200000003,9083,WL,C,7.0
5,12.616999864578247,learn,60000.0,Wed Sep 23 2026 15:12:29 GMT-0400 (Eastern Daylight Time),578753.700000003,A,do,I,o,86,2,633.5,578120.200000003,9083,WL,C,7.0
5,12.833999872207642,learn,60000.0,Wed Sep 23 2026 15:12:29 GMT-0400 (Eastern Daylight Time),578970.599999994,A,doc,I,c,195,2,850.3999999910593,578120.200000003,9083,WL,C,7.0
5,13.200999975204468,learn,60000.0,Wed Sep 23 2026 15:12:29 GMT-0400 (Eastern Daylight Time),579337.099999994,A,doct,I,t,347,2,1216.8999999910593,578120.200000003,9083,WL,C,7.0
5,13.383999824523926,learn,60000.0,Wed Sep 23 2026 15:12:29 GMT-0400 (Eastern Daylight Time),579520.299999997,A,docto,I,o,169,2,1400.0999999940395,578120.200000003,9083,WL,C,7.0
5,13.666999816894531,learn,60000.0,Wed Sep 23 2026 15:12:29 GMT-0400 (Eastern Daylight Time),579803.700000003,A,doctor,I,r,266,2,1683.5,578120.200000003,9083,WL,C,7.0
5,13.949999809265137,learn,60000.0,Wed Sep 23 2026 15:12:29 GMT-0400 (Eastern Daylight Time),580086.5,A,doctorenter,I,enter,273,2,1966.2999999970198,578120.200000003,9083,WL,C,7.0
5,14.200999975204468,learn,60000.0,Wed Sep 23 2026 15:12:29 GMT-0400 (Eastern Daylight Time),580337.0,A,c,I,c,240,2,250.1000000089407,580086.8999999911,9083,WL,C,8.0
5,14.416999816894531,learn,60000.0,Wed Sep 23 2026 15:12:29 GMT-0400 (Eastern Daylight Time),580553.700000003,A,ca,I,a,195,2,466.80000001192093,580086.8999999911,9083,WL,C,8.0
5,14.583999872207642,learn,60000.0,Wed Sep 23 2026 15:12:29 GMT-0400 (Eastern Daylight Time),580720.299999997,A,cam,I,m,147,2,633.4000000059605,580086.8999999911,9083,WL,C,8.0
5,14.800999879837036,learn,60000.0,Wed Sep 23 2026 15:12:29 GMT-0400 (Eastern Daylight Time),580936.8999999911,A,camp,I,p,202,2,850.0,580086.8999999911,9083,WL,C,8.0
5,15.399999856948853,learn,60000.0,Wed Sep 23 2026 15:12:29 GMT-0400 (Eastern Daylight Time),581536.599999994,A,campenter,I,enter,579,2,1449.7000000029802,580086.8999999911,9083,WL,C,8.0
5,16.401000022888184,learn,60000.0,Wed Sep 23 2026 15:12:29 GMT-0400 (Eastern Daylight Time),582537.0,A,f,I,f,991,2,1000.1000000089407,581536.8999999911,9083,WL,C,9.0
5,16.58399987220764,learn,60000.0,Wed Sep 23 2026 15:12:29 GMT-0400 (Eastern Daylight Time),582720.299999997,A,fl,I,l,172,2,1183.4000000059605,581536.8999999911,9083,WL,C,9.0
5,16.750999927520752,learn,60000.0,Wed Sep 23 2026 15:12:29 GMT-0400 (Eastern Daylight Time),582887.099999994,A,fla,I,a,131,2,1350.2000000029802,581536.8999999911,9083,WL,C,9.0
5,16.983999967575073,learn,60000.0,Wed Sep 23 2026 15:12:29 GMT-0400 (Eastern Daylight Time),583120.200000003,A,flag,I,g,214,2,1583.300000011921,581536.8999999911,9083,WL,C,9.0
5,17.200999975204468,learn,60000.0,Wed Sep 23 2026 15:12:29 GMT-0400 (Eastern Daylight Time),583337.5,A,flagenter,I,enter,188,2,1800.6000000089407,581536.8999999911,9083,WL,C,9.0
5,17.467000007629395,learn,60000.0,Wed Sep 23 2026 15:12:29 GMT-0400 (Eastern Daylight Time),583603.599999994,A,l,I,l,254,2,265.70000000298023,583337.8999999911,9083,WL,C,10.0
5,17.633999824523926,learn,60000.0,Wed Sep 23 2026 15:12:29 GMT-0400 (Eastern Daylight Time),583770.200000003,A,le,I,e,142,2,432.30000001192093,583337.8999999911,9083,WL,C,10.0
5,17.83399987220764,learn,60000.0,Wed Sep 23 2026 15:12:29 GMT-0400 (Eastern Daylight Time),583970.200000003,A,let,I,t,187,2,632.3000000119209,583337.8999999911,9083,WL,C,10.0
5,18.01699995994568,learn,60000.0,Wed Sep 23 2026 15:12:29 GMT-0400 (Eastern Daylight Time),584153.700000003,A,lett,I,t,169,2,815.8000000119209,583337.8999999911,9083,WL,C,10.0
5,18.16699981689453,learn,60000.0,Wed Sep 23 2026 15:12:29 GMT-0400 (Eastern Daylight Time),584303.599999994,A,lette,I,e,131,2,965.7000000029802,583337.8999999911,9083,WL,C,10.0
5,18.26699995994568,learn,60000.0,Wed Sep 23 2026 15:12:29 GMT-0400 (Eastern Daylight Time),584403.3999999911,A,letter,I,r,76,2,1065.5,583337.8999999911,9083,WL,C,10.0
5,18.76699995994568,learn,60000.0,Wed Sep 23 2026 15:12:29 GMT-0400 (Eastern Daylight Time),584903.200000003,A,letterenter,I,enter,492,2,1565.300000011921,583337.8999999911,9083,WL,C,10.0
5,19.816999912261963,learn,60000.0,Wed Sep 23 2026 15:12:29 GMT-0400 (Eastern Daylight Time),585953.799999997,A,c,I,c,1041,2,1050.2999999970198,584903.5,9083,WL,C,11.0
5,19.93400001525879,learn,60000.0,Wed Sep 23 2026 15:12:29 GMT-0400 (Eastern Daylight Time),586070.299999997,A,co,I,o,98,2,1166.7999999970198,584903.5,9083,WL,C,11.0
5,20.10099983215332,learn,60000.0,Wed Sep 23 2026 15:12:29 GMT-0400 (Eastern Daylight Time),586237.0,A,cor,I,r,142,2,1333.5,584903.5,9083,WL,C,11.0
5,20.33399987220764,learn,60000.0,Wed Sep 23 2026 15:12:29 GMT-0400 (Eastern Daylight Time),586470.299999997,A,corn,I,n,200,2,1566.7999999970198,584903.5,9083,WL,C,11.0
5,21.533999919891357,learn,60000.0,Wed Sep 23 2026 15:12:29 GMT-0400 (Eastern Daylight Time),587670.099999994,A,cornenter,I,enter,1191,2,2766.5999999940395,584903.5,9083,WL,C,11.0
5,22.58399987220764,learn,60000.0,Wed Sep 23 2026 15:12:29 GMT-0400 (Eastern Daylight Time),588720.200000003,A,n,I,n,1034,2,1049.9000000059605,587670.299999997,9083,WL,C,12.0
5,22.83399987220764,learn,60000.0,Wed Sep 23 2026 15:12:29 GMT-0400 (Eastern Daylight Time),588970.3999999911,A,na,I,a,233,2,1300.0999999940395,587670.299999997,9083,WL,C,12.0
5,22.983999967575073,learn,60000.0,Wed Sep 23 2026 15:12:29 GMT-0400 (Eastern Daylight Time),589120.200000003,A,nai,I,i,130,2,1449.9000000059605,587670.299999997,9083,WL,C,12.0
5,23.233999967575073,learn,60000.0,Wed Sep 23 2026 15:12:29 GMT-0400 (Eastern Daylight Time),589370.200000003,A,nail,I,l,228,2,1699.9000000059605,587670.299999997,9083,WL,C,12.0
5,23.549999952316284,learn,60000.0,Wed Sep 23 2026 15:12:29 GMT-0400 (Eastern Daylight Time),589686.599999994,A,nailenter,I,enter,290,2,2016.2999999970198,587670.299999997,9083,WL,C,12.0
5,23.83399987220764,learn,60000.0,Wed Sep 23 2026 15:12:29 GMT-0400 (Eastern Daylight Time),589970.3999999911,A,c,I,c,273,2,283.5,589686.8999999911,9083,WL,C,13.0
5,24.10099983215332,learn,60000.0,Wed Sep 23 2026 15:12:29 GMT-0400 (Eastern Daylight Time),590237.099999994,A,ca,I,a,250,2,550.2000000029802,589686.8999999911,9083,WL,C,13.0
5,24.35099983215332,learn,60000.0,Wed Sep 23 2026 15:12:29 GMT-0400 (Eastern Daylight Time),590487.0,A,cat,I,t,224,2,800.1000000089407,589686.8999999911,9083,WL,C,13.0
5,24.550999879837036,learn,60000.0,Wed Sep 23 2026 15:12:29 GMT-0400 (Eastern Daylight Time),590686.8999999911,A,catt,I,t,167,2,1000.0,589686.8999999911,9083,WL,C,13.0
5,24.700999975204468,learn,60000.0,Wed Sep 23 2026 15:12:29 GMT-0400 (Eastern Daylight Time),590836.8999999911,A,cattl,I,l,116,2,1150.0,589686.8999999911,9083,WL,C,13.0
5,24.866999864578247,learn,60000.0,Wed Sep 23 2026 15:12:29 GMT-0400 (Eastern Daylight Time),591003.700000003,A,cattle,I,e,135,2,1316.800000011921,589686.8999999911,9083,WL,C,13.0
5,25.133999824523926,learn,60000.0,Wed Sep 23 2026 15:12:29 GMT-0400 (Eastern Daylight Time),591269.8999999911,A,cattleenter,I,enter,238,2,1583.0,589686.8999999911,9083,WL,C,13.0
5,26.18400001525879,learn,60000.0,Wed Sep 23 2026 15:12:29 GMT-0400 (Eastern Daylight Time),592320.299999997,A,s,I,s,1042,2,1050.0,591270.299999997,9083,WL,C,14.0
5,26.35099983215332,learn,60000.0,Wed Sep 23 2026 15:12:29 GMT-0400 (Eastern Daylight Time),592486.8999999911,A,sh,I,h,156,2,1216.5999999940395,591270.299999997,9083,WL,C,14.0
5,26.68400001525879,learn,60000.0,Wed Sep 23 2026 15:12:29 GMT-0400 (Eastern Daylight Time),592820.3999999911,A,sho,I,o,306,2,1550.0999999940395,591270.299999997,9083,WL,C,14.0
5,26.883999824523926,learn,60000.0,Wed Sep 23 2026 15:12:29 GMT-0400 (Eastern Daylight Time),593020.200000003,A,shor,I,r,176,2,1749.9000000059605,591270.299999997,9083,WL,C,14.0
5,26.950999975204468,learn,60000.0,Wed Sep 23 2026 15:12:29 GMT-0400 (Eastern Daylight Time),593087.3999999911,A,shore,I,e,49,2,1817.0999999940395,591270.299999997,9083,WL,C,14.0
5,27.283999919891357,learn,60000.0,Wed Sep 23 2026 15:12:29 GMT-0400 (Eastern Daylight Time),593419.799999997,A,shoreenter,I,enter,312,2,2149.5,591270.299999997,9083,WL,C,14.0
5,27.60099983215332,learn,60000.0,Wed Sep 23 2026 15:12:29 GMT-0400 (Eastern Daylight Time),593736.8999999911,A,b,I,b,307,2,316.79999999701977,593420.099999994,9083,WL,C,15.0
5,27.68400001525879,learn,60000.0,Wed Sep 23 2026 15:12:29 GMT-0400 (Eastern Daylight Time),593820.200000003,A,bo,I,o,65,2,400.1000000089407,593420.099999994,9083,WL,C,15.0
5,27.85099983215332,learn,60000.0,Wed Sep 23 2026 15:12:29 GMT-0400 (Eastern Daylight Time),593986.8999999911,A,bod,I,d,144,2,566.7999999970198,593420.099999994,9083,WL,C,15.0
5,28.050999879837036,learn,60000.0,Wed Sep 23 2026 15:12:29 GMT-0400 (Eastern Daylight Time),594187.0,A,body,I,y,176,2,766.9000000059605,593420.099999994,9083,WL,C,15.0
5,28.33399987220764,learn,60000.0,Wed Sep 23 2026 15:12:29 GMT-0400 (Eastern Daylight Time),594469.8999999911,A,bodyenter,I,enter,256,2,1049.7999999970198,593420.099999994,9083,WL,C,15.0
6,2.000999927520752,distr,57999.00007247925,Wed Sep 23 2026 15:12:29 GMT-0400 (Eastern Daylight Time),664886.8999999911,B,s,I,s,1991,2,1999.7999999970198,662887.099999994,9083,WL,C,1.0
6,2.2170000076293945,distr,57782.999992370605,Wed Sep 23 2026 15:12:29 GMT-0400 (Eastern Daylight Time),665103.299999997,B,sk,I,k,205,2,2216.2000000029802,662887.099999994,9083,WL,C,1.0
6,2.5,distr,57500.0,Wed Sep 23 2026 15:12:29 GMT-0400 (Eastern Daylight Time),665386.799999997,B,sky,I,y,260,2,2499.7000000029802,662887.099999994,9083,WL,C,1.0
6,2.8329999446868896,distr,57167.00005531311,Wed Sep 23 2026 15:12:29 GMT-0400 (Eastern Daylight Time),665719.700000003,B,skyenter,I,enter,315,2,2832.6000000089407,662887.099999994,9083,WL,C,1.0
6,5.233999967575073,distr,54766.00003242493,Wed Sep 23 2026 15:12:29 GMT-0400 (Eastern Daylight Time),668120.099999994,B,d,I,d,2384,2,2400.0,665720.099999994,9083,WL,C,2.0
6,5.5,distr,54500.0,Wed Sep 23 2026 15:12:29 GMT-0400 (Eastern Daylight Time),668386.799999997,B,do,I,o,242,2,2666.7000000029802,665720.099999994,9083,WL,C,2.0
6,5.733999967575073,distr,54266.00003242493,Wed Sep 23 2026 15:12:29 GMT-0400 (Eastern Daylight Time),668620.299999997,B,dol,I,l,210,2,2900.2000000029802,665720.099999994,9083,WL,C,2.0
6,5.883999824523926,distr,54116.000175476074,Wed Sep 23 2026 15:12:29 GMT-0400 (Eastern Daylight Time),668770.299999997,B,doll,I,l,127,2,3050.2000000029802,665720.099999994,9083,WL,C,2.0
6,6.083999872207642,distr,53916.00012779236,Wed Sep 23 2026 15:12:29 GMT-0400 (Eastern Daylight Time),668970.099999994,B,dolla,I,a,186,2,3250.0,665720.099999994,9083,WL,C,2.0
6,6.250999927520752,distr,53749.00007247925,Wed Sep 23 2026 15:12:29 GMT-0400 (Eastern Daylight Time),669136.8999999911,B,dollar,I,r,143,2,3416.7999999970198,665720.099999994,9083,WL,C,2.0
6,7.08299994468689,distr,52917.00005531311,Wed Sep 23 2026 15:12:29 GMT-0400 (Eastern Daylight Time),669969.700000003,B,dollarenter,I,enter,811,2,4249.600000008941,665720.099999994,9083,WL,C,2.0
6,7.816999912261963,distr,52183.00008773804,Wed Sep 23 2026 15:12:29 GMT-0400 (Eastern Daylight Time),670703.599999994,B,v,I,v,717,2,733.5,669970.099999994,9083,WL,C,3.0
6,8.049999952316284,distr,51950.000047683716,Wed Sep 23 2026 15:12:29 GMT-0400 (Eastern Daylight Time),670936.799999997,B,va,I,a,217,2,966.7000000029802,669970.099999994,9083,WL,C,3.0
6,8.316999912261963,distr,51683.00008773804,Wed Sep 23 2026 15:12:29 GMT-0400 (Eastern Daylight Time),671203.599999994,B,val,I,l,245,2,1233.5,669970.099999994,9083,WL,C,3.0
6,8.483999967575073,distr,51516.00003242493,Wed Sep 23 2026 15:12:29 GMT-0400 (Eastern Daylight Time),671370.3999999911,B,vall,I,l,144,2,1400.2999999970198,669970.099999994,9083,WL,C,3.0
6,8.666999816894531,distr,51333.00018310547,Wed Sep 23 2026 15:12:29 GMT-0400 (Eastern Daylight Time),671553.599999994,B,valle,I,e,160,2,1583.5,669970.099999994,9083,WL,C,3.0
6,8.949999809265137,distr,51050.00019073486,Wed Sep 23 2026 15:12:29 GMT-0400 (Eastern Daylight Time),671836.799999997,B,valley,I,y,267,2,1866.7000000029802,669970.099999994,9083,WL,C,3.0
6,12.066999912261963,distr,47933.00008773804,Wed Sep 23 2026 15:12:29 GMT-0400 (Eastern Daylight Time),674953.0,B,valleyenter,I,enter,3093,2,4982.9000000059605,669970.099999994,9083,WL,C,3.0
6,14.5,distr,45500.0,Wed Sep 23 2026 15:12:29 GMT-0400 (Eastern Daylight Time),677386.799999997,B,h,I,h,2422,2,2433.4000000059605,674953.3999999911,9083,WL,C,4.0
6,14.649999856948853,distr,45350.00014305115,Wed Sep 23 2026 15:12:29 GMT-0400 (Eastern Daylight Time),677536.799999997,B,ha,I,a,128,2,2583.4000000059605,674953.3999999911,9083,WL,C,4.0
6,14.866999864578247,distr,45133.00013542175,Wed Sep 23 2026 15:12:29 GMT-0400 (Eastern Daylight Time),677753.799999997,B,hal,I,l,204,2,2800.4000000059605,674953.3999999911,9083,WL,C,4.0
6,15.033999919891357,distr,44966.00008010864,Wed Sep 23 2026 15:12:29 GMT-0400 (Eastern Daylight Time),677920.200000003,B,hall,I,l,144,2,2966.800000011921,674953.3999999911,9083,WL,C,4.0
6,15.58299994468689,distr,44417.00005531311,Wed Sep 23 2026 15:12:29 GMT-0400 (Eastern Daylight Time),678469.799999997,B,hallenter,I,enter,532,2,3516.4000000059605,674953.3999999911,9083,WL,C,4.0
6,16.34999990463257,distr,43650.00009536743,Wed Sep 23 2026 15:12:29 GMT-0400 (Eastern Daylight Time),679236.700000003,B,d,I,d,754,2,766.6000000089407,678470.099999994,9083,WL,C,5.0
6,16.467000007629395,distr,43532.999992370605,Wed Sep 23 2026 15:12:29 GMT-0400 (Eastern Daylight Time),679353.700000003,B,di,I,i,95,2,883.6000000089407,678470.099999994,9083,WL,C,5.0
6,16.633999824523926,distr,43366.000175476074,Wed Sep 23 2026 15:12:29 GMT-0400 (Eastern Daylight Time),679520.099999994,B,dia,I,a,146,2,1050.0,678470.099999994,9083,WL,C,5.0
6,16.883999824523926,distr,43116.000175476074,Wed Sep 23 2026 15:12:29 GMT-0400 (Eastern Daylight Time),679770.099999994,B,diam,I,m,229,2,1300.0,678470.099999994,9083,WL,C,5.0
6,17.09999990463257,distr,42900.00009536743,Wed Sep 23 2026 15:12:29 GMT-0400 (Eastern Daylight Time),679986.799999997,B,diamo,I,o,187,2,1516.7000000029802,678470.099999994,9083,WL,C,5.0
6,17.25,distr,42750.0,Wed Sep 23 2026 15:12:29 GMT-0400 (Eastern Daylight Time),680136.700000003,B,diamon,I,n,128,2,1666.6000000089407,678470.099999994,9083,WL,C,5.0
6,17.550999879837036,distr,42449.000120162964,Wed Sep 23 2026 15:12:29 GMT-0400 (Eastern Daylight Time),680436.8999999911,B,diamond,I,d,283,2,1966.7999999970198,678470.099999994,9083,WL,C,5.0
6,17.816999912261963,distr,42183.00008773804,Wed Sep 23 2026 15:12:29 GMT-0400 (Eastern Daylight Time),680703.099999994,B,diamondenter,I,enter,246,2,2233.0,678470.099999994,9083,WL,C,5.0
6,22.5,distr,37500.0,Wed Sep 23 2026 15:12:29 GMT-0400 (Eastern Daylight Time),685386.799999997,B,c,I,c,4673,2,4683.5,680703.299999997,9083,WL,C,6.0
6,22.566999912261963,distr,37433.00008773804,Wed Sep 23 2026 15:12:29 GMT-0400 (Eastern Daylight Time),685453.5,B,co,I,o,42,2,4750.20000000298,680703.299999997,9083,WL,C,6.0
6,22.76699995994568,distr,37233.00004005432,Wed Sep 23 2026 15:12:29 GMT-0400 (Eastern Daylight Time),685653.3999999911,B,col,I,l,167,2,4950.0999999940395,680703.299999997,9083,WL,C,6.0
6,22.91699981689453,distr,37083.00018310547,Wed Sep 23 2026 15:12:29 GMT-0400 (Eastern Daylight Time),685803.599999994,B,cold,I,d,119,2,5100.29999999702,680703.299999997,9083,WL,C,6.0
6,28.182999849319458,distr,31817.000150680542,Wed Sep 23 2026 15:12:29 GMT-0400 (Eastern Daylight Time),691069.700000003,B,coldenter,I,enter,5241,2,10366.40000000596,680703.299999997,9083,WL,C,6.0
6,28.949999809265137,distr,31050.000190734863,Wed Sep 23 2026 15:12:29 GMT-0400 (Eastern Daylight Time),691836.799999997,B,m,I,m,754,2,766.7999999970198,691070.0,9083,WL,C,7.0
6,29.08399987220764,distr,30916.00012779236,Wed Sep 23 2026 15:12:29 GMT-0400 (Eastern Daylight Time),691970.299999997,B,mo,I,o,118,2,900.2999999970198,691070.0,9083,WL,C,7.0
6,29.283999919891357,distr,30716.000080108643,Wed Sep 23 2026 15:12:29 GMT-0400 (Eastern Daylight Time),692170.200000003,B,mot,I,t,170,2,1100.2000000029802,691070.0,9083,WL,C,7.0
6,29.304999828338623,distr,30695.000171661377,Wed Sep 23 2026 15:12:29 GMT-0400 (Eastern Daylight Time),692191.3999999911,B,moth,I,h,1,2,1121.3999999910593,691070.0,9083,WL,C,7.0
6,29.699999809265137,distr,30300.000190734863,Wed Sep 23 2026 15:12:29 GMT-0400 (Eastern Daylight Time),692586.799999997,B,mothe,I,e,375,2,1516.7999999970198,691070.0,9083,WL,C,7.0
6,29.783999919891357,distr,30216.000080108643,Wed Sep 23 2026 15:12:29 GMT-0400 (Eastern Daylight Time),692670.0,B,mother,I,r,58,2,1600.0,691070.0,9083,WL,C,7.0
6,30.032999992370605,distr,29967.000007629395,Wed Sep 23 2026 15:12:29 GMT-0400 (Eastern Daylight Time),692919.700000003,B,motherenter,I,enter,233,2,1849.7000000029802,691070.0,9083,WL,C,7.0
6,30.283999919891357,distr,29716.000080108643,Wed Sep 23 2026 15:12:29 GMT-0400 (Eastern Daylight Time),693170.0,B,c,I,c,240,2,249.90000000596046,692920.099999994,9083,WL,C,8.0
6,30.449999809265137,distr,29550.000190734863,Wed Sep 23 2026 15:12:29 GMT-0400 (Eastern Daylight Time),693336.700000003,B,ch,I,h,154,2,416.6000000089407,692920.099999994,9083,WL,C,8.0
6,30.649999856948853,distr,29350.000143051147,Wed Sep 23 2026 15:12:29 GMT-0400 (Eastern Daylight Time),693536.799999997,B,chr,I,r,187,2,616.7000000029802,692920.099999994,9083,WL,C,8.0
6,30.783999919891357,distr,29216.000080108643,Wed Sep 23 2026 15:12:29 GMT-0400 (Eastern Daylight Time),693670.200000003,B,chri,I,i,115,2,750.1000000089407,692920.099999994,9083,WL,C,8.0
6,31.0,distr,29000.0,Wed Sep 23 2026 15:12:29 GMT-0400 (Eastern Daylight Time),693886.799999997,B,chris,I,s,189,2,966.7000000029802,692920.099999994,9083,WL,C,8.0
6,31.16699981689453,distr,28833.00018310547,Wed Sep 23 2026 15:12:29 GMT-0400 (Eastern Daylight Time),694053.5,B,christ,I,t,141,2,1133.4000000059605,692920.099999994,9083,WL,C,8.0
6,31.58399987220764,distr,28416.00012779236,Wed Sep 23 2026 15:12:29 GMT-0400 (Eastern Daylight Time),694470.200000003,B,christm,I,m,390,2,1550.1000000089407,692920.099999994,9083,WL,C,8.0
6,31.75,distr,28250.0,Wed Sep 23 2026 15:12:29 GMT-0400 (Eastern Daylight Time),694636.799999997,B,christma,I,a,141,2,1716.7000000029802,692920.099999994,9083,WL,C,8.0
6,31.91699981689453,distr,28083.00018310547,Wed Sep 23 2026 15:12:29 GMT-0400 (Eastern Daylight Time),694803.5,B,christmas,I,s,152,2,1883.4000000059605,692920.099999994,9083,WL,C,8.0
6,32.23299980163574,distr,27767.000198364258,Wed Sep 23 2026 15:12:29 GMT-0400 (Eastern Daylight Time),695119.799999997,B,christmasenter,I,enter,297,2,2199.7000000029802,692920.099999994,9083,WL,C,8.0
6,35.91699981689453,distr,24083.00018310547,Wed Sep 23 2026 15:12:29 GMT-0400 (Eastern Daylight Time),698803.5,B,m,I,m,3672,2,3683.4000000059605,695120.099999994,9083,WL,C,9.0
6,36.049999952316284,distr,23950.000047683716,Wed Sep 23 2026 15:12:29 GMT-0400 (Eastern Daylight Time),698936.700000003,B,mo,I,o,113,2,3816.6000000089407,695120.099999994,9083,WL,C,9.0
6,36.18400001525879,distr,23815.99998474121,Wed Sep 23 2026 15:12:29 GMT-0400 (Eastern Daylight Time),699070.099999994,B,mon,I,n,108,2,3950.0,695120.099999994,9083,WL,C,9.0
6,36.39999985694885,distr,23600.000143051147,Wed Sep 23 2026 15:12:29 GMT-0400 (Eastern Daylight Time),699286.700000003,B,mone,I,e,180,2,4166.600000008941,695120.099999994,9083,WL,C,9.0
6,36.549999952316284,distr,23450.000047683716,Wed Sep 23 2026 15:12:29 GMT-0400 (Eastern Daylight Time),699436.700000003,B,money,I,y,126,2,4316.600000008941,695120.099999994,9083,WL,C,9.0
6,37.39999985694885,distr,22600.000143051147,Wed Sep 23 2026 15:12:29 GMT-0400 (Eastern Daylight Time),700286.3999999911,B,moneyenter,I,enter,832,2,5166.29999999702,695120.099999994,9083,WL,C,9.0
6,60.01699995994568,distr,-16.99995994567871,Wed Sep 23 2026 15:12:29 GMT-0400 (Eastern Daylight Time),722903.599999994,B,None,I,None,22609,2,22616.79999999702,700286.799999997,9083,WL,C,10.0
7,8.432999849319458,immed,51567.00015068054,Wed Sep 23 2026 15:12:29 GMT-0400 (Eastern Daylight Time),734803.3999999911,A,t,I,t,8419,2,8432.79999999702,726370.599999994,9083,WL,C,1.0
7,8.516999959945679,immed,51483.00004005432,Wed Sep 23 2026 15:12:29 GMT-0400 (Eastern Daylight Time),734887.299999997,A,to,I,o,72,2,8516.70000000298,726370.599999994,9083,WL,C,1.0
7,8.66599988937378,immed,51334.00011062622,Wed Sep 23 2026 15:12:29 GMT-0400 (Eastern Daylight Time),735036.799999997,A,tow,I,w,131,2,8666.20000000298,726370.599999994,9083,WL,C,1.0
7,8.799999952316284,immed,51200.000047683716,Wed Sep 23 2026 15:12:29 GMT-0400 (Eastern Daylight Time),735170.200000003,A,towe,I,e,110,2,8799.60000000894,726370.599999994,9083,WL,C,1.0
7,8.950000047683716,immed,51049.999952316284,Wed Sep 23 2026 15:12:29 GMT-0400 (Eastern Daylight Time),735320.0,A,tower,I,r,123,2,8949.40000000596,726370.599999994,9083,WL,C,1.0
7,9.498999834060669,immed,50501.00016593933,Wed Sep 23 2026 15:12:29 GMT-0400 (Eastern Daylight Time),735869.799999997,A,towerenter,I,enter,523,2,9499.20000000298,726370.599999994,9083,WL,C,1.0
7,9.91700005531311,immed,50082.99994468689,Wed Sep 23 2026 15:12:29 GMT-0400 (Eastern Daylight Time),736287.0,A,w,I,w,409,2,416.90000000596046,735870.099999994,9083,WL,C,2.0
7,10.099999904632568,immed,49900.00009536743,Wed Sep 23 2026 15:12:29 GMT-0400 (Eastern Daylight Time),736470.0,A,wh,I,h,158,2,599.9000000059605,735870.099999994,9083,WL,C,2.0
7,10.266999959945679,immed,49733.00004005432,Wed Sep 23 2026 15:12:29 GMT-0400 (Eastern Daylight Time),736636.8999999911,A,whe,I,e,135,2,766.7999999970198,735870.099999994,9083,WL,C,2.0
7,10.465999841690063,immed,49534.00015830994,Wed Sep 23 2026 15:12:29 GMT-0400 (Eastern Daylight Time),736836.700000003,A,whea,I,a,175,2,966.6000000089407,735870.099999994,9083,WL,C,2.0
7,10.715999841690063,immed,49284.00015830994,Wed Sep 23 2026 15:12:29 GMT-0400 (Eastern Daylight Time),737086.700000003,A,wheat,I,t,241,2,1216.6000000089407,735870.099999994,9083,WL,C,2.0
7,10.91599988937378,immed,49084.00011062622,Wed Sep 23 2026 15:12:29 GMT-0400 (Eastern Daylight Time),737286.299999997,A,wheatenter,I,enter,171,2,1416.2000000029802,735870.099999994,9083,WL,C,2.0
7,11.315999984741211,immed,48684.00001525879,Wed Sep 23 2026 15:12:29 GMT-0400 (Eastern Daylight Time),737686.799999997,A,q,I,q,377,2,400.09999999403954,737286.700000003,9083,WL,C,3.0
7,11.465999841690063,immed,48534.00015830994,Wed Sep 23 2026 15:12:29 GMT-0400 (Eastern Daylight Time),737836.799999997,A,qu,I,u,125,2,550.0999999940395,737286.700000003,9083,WL,C,3.0
7,11.799999952316284,immed,48200.000047683716,Wed Sep 23 2026 15:12:29 GMT-0400 (Eastern Daylight Time),738170.200000003,A,que,I,e,319,2,883.5,737286.700000003,9083,WL,C,3.0
7,12.016000032424927,immed,47983.99996757507,Wed Sep 23 2026 15:12:29 GMT-0400 (Eastern Daylight Time),738386.700000003,A,quee,I,e,194,2,1100.0,737286.700000003,9083,WL,C,3.0
7,12.200000047683716,immed,47799.999952316284,Wed Sep 23 2026 15:12:29 GMT-0400 (Eastern Daylight Time),738570.299999997,A,queen,I,n,169,2,1283.5999999940395,737286.700000003,9083,WL,C,3.0
7,13.132999897003174,immed,46867.000102996826,Wed Sep 23 2026 15:12:29 GMT-0400 (Eastern Daylight Time),739503.0,A,queenenter,I,enter,914,2,2216.2999999970198,737286.700000003,9083,WL,C,3.0
7,13.799999952316284,immed,46200.000047683716,Wed Sep 23 2026 15:12:29 GMT-0400 (Eastern Daylight Time),740170.0,A,s,I,s,648,2,666.7000000029802,739503.299999997,9083,WL,C,4.0
7,13.932999849319458,immed,46067.00015068054,Wed Sep 23 2026 15:12:29 GMT-0400 (Eastern Daylight Time),740303.299999997,A,su,I,u,124,2,800.0,739503.299999997,9083,WL,C,4.0
7,14.16599988937378,immed,45834.00011062622,Wed Sep 23 2026 15:12:29 GMT-0400 (Eastern Daylight Time),740536.700000003,A,sug,I,g,213,2,1033.4000000059605,739503.299999997,9083,WL,C,4.0
7,14.399999856948853,immed,45600.00014305115,Wed Sep 23 2026 15:12:29 GMT-0400 (Eastern Daylight Time),740770.099999994,A,suga,I,a,212,2,1266.7999999970198,739503.299999997,9083,WL,C,4.0
7,14.615999937057495,immed,45384.000062942505,Wed Sep 23 2026 15:12:29 GMT-0400 (Eastern Daylight Time),740986.700000003,A,sugar,I,r,194,2,1483.4000000059605,739503.299999997,9083,WL,C,4.0
7,14.882999897003174,immed,45117.000102996826,Wed Sep 23 2026 15:12:29 GMT-0400 (Eastern Daylight Time),741253.099999994,A,sugarenter,I,enter,234,2,1749.7999999970198,739503.299999997,9083,WL,C,4.0
7,15.25,immed,44750.0,Wed Sep 23 2026 15:12:29 GMT-0400 (Eastern Daylight Time),741620.099999994,A,h,I,h,354,2,366.70000000298023,741253.3999999911,9083,WL,C,5.0
7,15.399999856948853,immed,44600.00014305115,Wed Sep 23 2026 15:12:29 GMT-0400 (Eastern Daylight Time),741770.200000003,A,ho,I,o,128,2,516.8000000119209,741253.3999999911,9083,WL,C,5.0
7,15.715999841690063,immed,44284.00015830994,Wed Sep 23 2026 15:12:29 GMT-0400 (Eastern Daylight Time),742086.700000003,A,hom,I,m,298,2,833.3000000119209,741253.3999999911,9083,WL,C,5.0
7,16.0,immed,44000.0,Wed Sep 23 2026 15:12:29 GMT-0400 (Eastern Daylight Time),742370.099999994,A,home,I,e,259,2,1116.7000000029802,741253.3999999911,9083,WL,C,5.0
7,16.41700005531311,immed,43582.99994468689,Wed Sep 23 2026 15:12:29 GMT-0400 (Eastern Daylight Time),742787.5,A,homeenter,I,enter,402,2,1534.1000000089407,741253.3999999911,9083,WL,C,5.0
7,16.715999841690063,immed,43284.00015830994,Wed Sep 23 2026 15:12:29 GMT-0400 (Eastern Daylight Time),743086.700000003,A,b,I,b,292,2,298.80000001192093,742787.8999999911,9083,WL,C,6.0
7,16.91599988937378,immed,43084.00011062622,Wed Sep 23 2026 15:12:29 GMT-0400 (Eastern Daylight Time),743286.700000003,A,bo,I,o,190,2,498.80000001192093,742787.8999999911,9083,WL,C,6.0
7,17.16599988937378,immed,42834.00011062622,Wed Sep 23 2026 15:12:29 GMT-0400 (Eastern Daylight Time),743536.299999997,A,boy,I,y,221,2,748.4000000059605,742787.8999999911,9083,WL,C,6.0
7,17.5,immed,42500.0,Wed Sep 23 2026 15:12:29 GMT-0400 (Eastern Daylight Time),743869.799999997,A,boyenter,I,enter,327,2,1081.9000000059605,742787.8999999911,9083,WL,C,6.0
7,17.799999952316284,immed,42200.000047683716,Wed Sep 23 2026 15:12:29 GMT-0400 (Eastern Daylight Time),744170.200000003,A,d,I,d,281,2,300.1000000089407,743870.099999994,9083,WL,C,7.0
7,17.932999849319458,immed,42067.00015068054,Wed Sep 23 2026 15:12:29 GMT-0400 (Eastern Daylight Time),744303.5,A,do,I,o,114,2,433.40000000596046,743870.099999994,9083,WL,C,7.0
7,18.132999897003174,immed,41867.000102996826,Wed Sep 23 2026 15:12:29 GMT-0400 (Eastern Daylight Time),744503.299999997,A,doc,I,c,190,2,633.2000000029802,743870.099999994,9083,WL,C,7.0
7,18.516000032424927,immed,41483.99996757507,Wed Sep 23 2026 15:12:29 GMT-0400 (Eastern Daylight Time),744886.700000003,A,doct,I,t,357,2,1016.6000000089407,743870.099999994,9083,WL,C,7.0
7,18.682999849319458,immed,41317.00015068054,Wed Sep 23 2026 15:12:29 GMT-0400 (Eastern Daylight Time),745053.5,A,docto,I,o,150,2,1183.4000000059605,743870.099999994,9083,WL,C,7.0
7,18.932999849319458,immed,41067.00015068054,Wed Sep 23 2026 15:12:29 GMT-0400 (Eastern Daylight Time),745303.3999999911,A,doctor,I,r,222,2,1433.2999999970198,743870.099999994,9083,WL,C,7.0
7,19.200000047683716,immed,40799.999952316284,Wed Sep 23 2026 15:12:29 GMT-0400 (Eastern Daylight Time),745570.599999994,A,doctorenter,I,enter,245,2,1700.5,743870.099999994,9083,WL,C,7.0
7,19.465999841690063,immed,40534.00015830994,Wed Sep 23 2026 15:12:29 GMT-0400 (Eastern Daylight Time),745836.700000003,A,f,I,f,245,2,265.90000000596046,745570.799999997,9083,WL,C,8.0
7,19.615999937057495,immed,40384.000062942505,Wed Sep 23 2026 15:12:29 GMT-0400 (Eastern Daylight Time),745986.799999997,A,fl,I,l,136,2,416.0,745570.799999997,9083,WL,C,8.0
7,19.799999952316284,immed,40200.000047683716,Wed Sep 23 2026 15:12:29 GMT-0400 (Eastern Daylight Time),746170.0,A,fla,I,a,153,2,599.2000000029802,745570.799999997,9083,WL,C,8.0
7,20.09999990463257,immed,39900.00009536743,Wed Sep 23 2026 15:12:29 GMT-0400 (Eastern Daylight Time),746470.099999994,A,flag,I,g,269,2,899.2999999970198,745570.799999997,9083,WL,C,8.0
7,20.299000024795532,immed,39700.99997520447,Wed Sep 23 2026 15:12:29 GMT-0400 (Eastern Daylight Time),746669.799999997,A,flagenter,I,enter,174,2,1099.0,745570.799999997,9083,WL,C,8.0
7,21.049999952316284,immed,38950.000047683716,Wed Sep 23 2026 15:12:29 GMT-0400 (Eastern Daylight Time),747420.0,A,l,I,l,738,2,749.9000000059605,746670.099999994,9083,WL,C,9.0
7,21.215999841690063,immed,38784.00015830994,Wed Sep 23 2026 15:12:29 GMT-0400 (Eastern Daylight Time),747586.799999997,A,le,I,e,151,2,916.7000000029802,746670.099999994,9083,WL,C,9.0
7,21.41599988937378,immed,38584.00011062622,Wed Sep 23 2026 15:12:29 GMT-0400 (Eastern Daylight Time),747786.799999997,A,let,I,t,178,2,1116.7000000029802,746670.099999994,9083,WL,C,9.0
7,21.56599998474121,immed,38434.00001525879,Wed Sep 23 2026 15:12:29 GMT-0400 (Eastern Daylight Time),747936.599999994,A,lett,I,t,137,2,1266.5,746670.099999994,9083,WL,C,9.0
7,21.73300004005432,immed,38266.99995994568,Wed Sep 23 2026 15:12:29 GMT-0400 (Eastern Daylight Time),748103.5,A,lette,I,e,147,2,1433.4000000059605,746670.099999994,9083,WL,C,9.0
7,21.799000024795532,immed,38200.99997520447,Wed Sep 23 2026 15:12:29 GMT-0400 (Eastern Daylight Time),748169.8999999911,A,letter,I,r,53,2,1499.7999999970198,746670.099999994,9083,WL,C,9.0
7,22.098999977111816,immed,37901.00002288818,Wed Sep 23 2026 15:12:29 GMT-0400 (Eastern Daylight Time),748469.5,A,letterenter,I,enter,284,2,1799.4000000059605,746670.099999994,9083,WL,C,9.0
7,22.399999856948853,immed,37600.00014305115,Wed Sep 23 2026 15:12:29 GMT-0400 (Eastern Daylight Time),748770.0,A,c,I,c,290,2,300.1000000089407,748469.8999999911,9083,WL,C,10.0
7,22.516000032424927,immed,37483.99996757507,Wed Sep 23 2026 15:12:29 GMT-0400 (Eastern Daylight Time),748886.599999994,A,co,I,o,107,2,416.70000000298023,748469.8999999911,9083,WL,C,10.0
7,22.75,immed,37250.0,Wed Sep 23 2026 15:12:29 GMT-0400 (Eastern Daylight Time),749120.099999994,A,cor,I,r,211,2,650.2000000029802,748469.8999999911,9083,WL,C,10.0
7,22.965999841690063,immed,37034.00015830994,Wed Sep 23 2026 15:12:29 GMT-0400 (Eastern Daylight Time),749336.700000003,A,corn,I,n,204,2,866.8000000119209,748469.8999999911,9083,WL,C,10.0
7,23.698999881744385,immed,36301.000118255615,Wed Sep 23 2026 15:12:29 GMT-0400 (Eastern Daylight Time),750069.700000003,A,cornenter,I,enter,722,2,1599.800000011921,748469.8999999911,9083,WL,C,10.0
7,24.516000032424927,immed,35483.99996757507,Wed Sep 23 2026 15:12:29 GMT-0400 (Eastern Daylight Time),750886.700000003,A,n,I,n,810,2,816.7000000029802,750070.0,9083,WL,C,11.0
7,24.66599988937378,immed,35334.00011062622,Wed Sep 23 2026 15:12:29 GMT-0400 (Eastern Daylight Time),751036.700000003,A,na,I,a,125,2,966.7000000029802,750070.0,9083,WL,C,11.0
7,24.782999992370605,immed,35217.000007629395,Wed Sep 23 2026 15:12:29 GMT-0400 (Eastern Daylight Time),751153.3999999911,A,nai,I,i,102,2,1083.3999999910593,750070.0,9083,WL,C,11.0
7,24.98300004005432,immed,35016.99995994568,Wed Sep 23 2026 15:12:29 GMT-0400 (Eastern Daylight Time),751353.5,A,nail,I,l,178,2,1283.5,750070.0,9083,WL,C,11.0
7,25.25,immed,34750.0,Wed Sep 23 2026 15:12:29 GMT-0400 (Eastern Daylight Time),751620.3999999911,A,nailenter,I,enter,251,2,1550.3999999910593,750070.0,9083,WL,C,11.0
7,25.56599998474121,immed,34434.00001525879,Wed Sep 23 2026 15:12:29 GMT-0400 (Eastern Daylight Time),751936.700000003,A,c,I,c,299,2,315.80000001192093,751620.8999999911,9083,WL,C,12.0
7,25.81599998474121,immed,34184.00001525879,Wed Sep 23 2026 15:12:29 GMT-0400 (Eastern Daylight Time),752186.700000003,A,ca,I,a,236,2,565.8000000119209,751620.8999999911,9083,WL,C,12.0
7,26.032999992370605,immed,33967.000007629395,Wed Sep 23 2026 15:12:29 GMT-0400 (Eastern Daylight Time),752403.5,A,cat,I,t,200,2,782.6000000089407,751620.8999999911,9083,WL,C,12.0
7,26.200000047683716,immed,33799.999952316284,Wed Sep 23 2026 15:12:29 GMT-0400 (Eastern Daylight Time),752570.099999994,A,catt,I,t,144,2,949.2000000029802,751620.8999999911,9083,WL,C,12.0
7,26.34999990463257,immed,33650.00009536743,Wed Sep 23 2026 15:12:29 GMT-0400 (Eastern Daylight Time),752719.8999999911,A,cattl,I,l,128,2,1099.0,751620.8999999911,9083,WL,C,12.0
7,26.5,immed,33500.0,Wed Sep 23 2026 15:12:29 GMT-0400 (Eastern Daylight Time),752870.0,A,cattle,I,e,116,2,1249.1000000089407,751620.8999999911,9083,WL,C,12.0
7,26.75,immed,33250.0,Wed Sep 23 2026 15:12:29 GMT-0400 (Eastern Daylight Time),753120.599999994,A,cattleenter,I,enter,229,2,1499.7000000029802,751620.8999999911,9083,WL,C,12.0
7,27.032999992370605,immed,32967.000007629395,Wed Sep 23 2026 15:12:29 GMT-0400 (Eastern Daylight Time),753403.5,A,s,I,s,262,2,282.40000000596046,753121.099999994,9083,WL,C,13.0
7,27.200000047683716,immed,32799.999952316284,Wed Sep 23 2026 15:12:29 GMT-0400 (Eastern Daylight Time),753570.0,A,sh,I,h,145,2,448.90000000596046,753121.099999994,9083,WL,C,13.0
7,27.365999937057495,immed,32634.000062942505,Wed Sep 23 2026 15:12:29 GMT-0400 (Eastern Daylight Time),753736.700000003,A,sho,I,o,152,2,615.6000000089407,753121.099999994,9083,WL,C,13.0
7,27.59999990463257,immed,32400.00009536743,Wed Sep 23 2026 15:12:29 GMT-0400 (Eastern Daylight Time),753970.200000003,A,shor,I,r,211,2,849.1000000089407,753121.099999994,9083,WL,C,13.0
7,27.682999849319458,immed,32317.000150680542,Wed Sep 23 2026 15:12:29 GMT-0400 (Eastern Daylight Time),754053.099999994,A,shore,I,e,49,2,932.0,753121.099999994,9083,WL,C,13.0
7,28.465999841690063,immed,31534.000158309937,Wed Sep 23 2026 15:12:29 GMT-0400 (Eastern Daylight Time),754836.799999997,A,shor,I,backspace,768,2,1715.7000000029802,753121.099999994,9083,WL,C,13.0
7,29.16599988937378,immed,30834.00011062622,Wed Sep 23 2026 15:12:29 GMT-0400 (Eastern Daylight Time),755536.799999997,A,shore,I,e,679,2,2415.7000000029802,753121.099999994,9083,WL,C,13.0
7,29.3989999294281,immed,30601.0000705719,Wed Sep 23 2026 15:12:29 GMT-0400 (Eastern Daylight Time),755769.700000003,A,shoreenter,I,enter,211,2,2648.6000000089407,753121.099999994,9083,WL,C,13.0
7,29.75,immed,30250.0,Wed Sep 23 2026 15:12:29 GMT-0400 (Eastern Daylight Time),756120.5,A,b,I,b,342,2,350.5,755770.0,9083,WL,C,14.0
7,29.882999897003174,immed,30117.000102996826,Wed Sep 23 2026 15:12:29 GMT-0400 (Eastern Daylight Time),756253.299999997,A,bo,I,o,111,2,483.29999999701977,755770.0,9083,WL,C,14.0
7,29.98300004005432,immed,30016.99995994568,Wed Sep 23 2026 15:12:29 GMT-0400 (Eastern Daylight Time),756353.5,A,bod,I,d,79,2,583.5,755770.0,9083,WL,C,14.0
7,30.09999990463257,immed,29900.00009536743,Wed Sep 23 2026 15:12:29 GMT-0400 (Eastern Daylight Time),756470.200000003,A,body,I,y,91,2,700.2000000029802,755770.0,9083,WL,C,14.0
7,30.382999897003174,immed,29617.000102996826,Wed Sep 23 2026 15:12:29 GMT-0400 (Eastern Daylight Time),756752.8999999911,A,bodyenter,I,enter,268,2,982.8999999910593,755770.0,9083,WL,C,14.0
7,38.382999897003174,immed,21617.000102996826,Wed Sep 23 2026 15:12:29 GMT-0400 (Eastern Daylight Time),764753.5,A,c,I,c,7990,2,8000.20000000298,756753.299999997,9083,WL,C,15.0
7,38.48300004005432,immed,21516.99995994568,Wed Sep 23 2026 15:12:29 GMT-0400 (Eastern Daylight Time),764853.3999999911,A,co,I,o,75,2,8100.0999999940395,756753.299999997,9083,WL,C,15.0
7,38.64999985694885,immed,21350.000143051147,Wed Sep 23 2026 15:12:29 GMT-0400 (Eastern Daylight Time),765020.0,A,cor,I,r,137,2,8266.70000000298,756753.299999997,9083,WL,C,15.0
7,38.75,immed,21250.0,Wed Sep 23 2026 15:12:29 GMT-0400 (Eastern Daylight Time),765120.099999994,A,corn,I,n,87,2,8366.79999999702,756753.299999997,9083,WL,C,15.0
7,39.01600003242493,immed,20983.999967575073,Wed Sep 23 2026 15:12:29 GMT-0400 (Eastern Daylight Time),765386.299999997,A,cornenter,I,enter,244,2,8633.0,756753.299999997,9083,WL,C,15.0
