block_c,block_dur,condition,countdown,datetime,endtime,list,multichar_response,project,response,response_time,session_number,start_end,starttime,subject_id,task,task_vers,trial
,,,,Wed Oct 07 2026 12:23:54 GMT-0400 (Eastern Daylight Time),,,,I,space,1366,2,,,9087,WL,B,
prac,,0,,Wed Oct 07 2026 12:23:54 GMT-0400 (Eastern Daylight Time),,NA,b,I,b,2690,2,,,9087,WL,B,1.0
prac,,0,,Wed Oct 07 2026 12:23:54 GMT-0400 (Eastern Daylight Time),,NA,bo,I,o,335,2,,,9087,WL,B,1.0
prac,,0,,Wed Oct 07 2026 12:23:54 GMT-0400 (Eastern Daylight Time),,NA,boo,I,o,106,2,,,9087,WL,B,1.0
prac,,0,,Wed Oct 07 2026 12:23:54 GMT-0400 (Eastern Daylight Time),,NA,boos,I,s,94,2,,,9087,WL,B,1.0
prac,,0,,Wed Oct 07 2026 12:23:54 GMT-0400 (Eastern Daylight Time),,NA,boost,I,t,234,2,,,9087,WL,B,1.0
prac,,0,,Wed Oct 07 2026 12:23:54 GMT-0400 (Eastern Daylight Time),,NA,boostenter,I,enter,1430,2,,,9087,WL,B,1.0
1,3.683000087738037,learn,56316.99991226196,Wed Oct 07 2026 12:23:54 GMT-0400 (Eastern Daylight Time),117334.90000003576,A,s,I,s,3665,2,3682.600000023842,113652.30000001192,9087,WL,B,1.0
1,3.9830000400543213,learn,56016.99995994568,Wed Oct 07 2026 12:23:54 GMT-0400 (Eastern Daylight Time),117633.80000001192,A,st,I,t,276,2,3981.5,113652.30000001192,9087,WL,B,1.0
1,4.16700005531311,learn,55832.99994468689,Wed Oct 07 2026 12:23:54 GMT-0400 (Eastern Daylight Time),117817.90000003576,A,str,I,r,174,2,4165.600000023842,113652.30000001192,9087,WL,B,1.0
1,4.367000102996826,learn,55632.999897003174,Wed Oct 07 2026 12:23:54 GMT-0400 (Eastern Daylight Time),118018.0,A,stre,I,e,168,2,4365.699999988079,113652.30000001192,9087,WL,B,1.0
1,4.4670000076293945,learn,55532.999992370605,Wed Oct 07 2026 12:23:54 GMT-0400 (Eastern Daylight Time),118118.0,A,stree,I,e,80,2,4465.699999988079,113652.30000001192,9087,WL,B,1.0
1,4.66700005531311,learn,55332.99994468689,Wed Oct 07 2026 12:23:54 GMT-0400 (Eastern Daylight Time),118318.0,A,street,I,t,174,2,4665.699999988079,113652.30000001192,9087,WL,B,1.0
1,4.966000080108643,learn,55033.99991989136,Wed Oct 07 2026 12:23:54 GMT-0400 (Eastern Daylight Time),118617.40000003576,A,streetenter,I,enter,284,2,4965.100000023842,113652.30000001192,9087,WL,B,1.0
1,5.817000150680542,learn,54182.99984931946,Wed Oct 07 2026 12:23:54 GMT-0400 (Eastern Daylight Time),119467.90000003576,A,g,I,g,837,2,849.8000000119209,118618.10000002384,9087,WL,B,2.0
1,6.050000190734863,learn,53949.99980926514,Wed Oct 07 2026 12:23:54 GMT-0400 (Eastern Daylight Time),119701.40000003576,A,gr,I,r,208,2,1083.300000011921,118618.10000002384,9087,WL,B,2.0
1,6.433000087738037,learn,53566.99991226196,Wed Oct 07 2026 12:23:54 GMT-0400 (Eastern Daylight Time),120084.70000004768,A,gra,I,a,349,2,1466.6000000238419,118618.10000002384,9087,WL,B,2.0
1,6.633000135421753,learn,53366.99986457825,Wed Oct 07 2026 12:23:54 GMT-0400 (Eastern Daylight Time),120284.70000004768,A,gras,I,s,175,2,1666.6000000238419,118618.10000002384,9087,WL,B,2.0
1,6.7170000076293945,learn,53282.999992370605,Wed Oct 07 2026 12:23:54 GMT-0400 (Eastern Daylight Time),120367.90000003576,A,grass,I,s,63,2,1749.800000011921,118618.10000002384,9087,WL,B,2.0
1,7.166000127792358,learn,52833.99987220764,Wed Oct 07 2026 12:23:54 GMT-0400 (Eastern Daylight Time),120817.40000003576,A,grassenter,I,enter,426,2,2199.300000011921,118618.10000002384,9087,WL,B,2.0
1,7.900000095367432,learn,52099.99990463257,Wed Oct 07 2026 12:23:54 GMT-0400 (Eastern Daylight Time),121551.40000003576,A,w,I,w,726,2,733.4000000357628,120818.0,9087,WL,B,3.0
1,8.067000150680542,learn,51932.99984931946,Wed Oct 07 2026 12:23:54 GMT-0400 (Eastern Daylight Time),121718.0,A,wi,I,i,139,2,900.0,120818.0,9087,WL,B,3.0
1,8.23200011253357,learn,51767.99988746643,Wed Oct 07 2026 12:23:54 GMT-0400 (Eastern Daylight Time),121883.70000004768,A,win,I,n,137,2,1065.7000000476837,120818.0,9087,WL,B,3.0
1,8.350000143051147,learn,51649.99985694885,Wed Oct 07 2026 12:23:54 GMT-0400 (Eastern Daylight Time),122001.30000001192,A,wind,I,d,109,2,1183.300000011921,120818.0,9087,WL,B,3.0
1,8.483000040054321,learn,51516.99995994568,Wed Oct 07 2026 12:23:54 GMT-0400 (Eastern Daylight Time),122134.70000004768,A,windo,I,o,104,2,1316.7000000476837,120818.0,9087,WL,B,3.0
1,8.56600022315979,learn,51433.99977684021,Wed Oct 07 2026 12:23:54 GMT-0400 (Eastern Daylight Time),122217.70000004768,A,window,I,w,60,2,1399.7000000476837,120818.0,9087,WL,B,3.0
1,9.466000080108643,learn,50533.99991989136,Wed Oct 07 2026 12:23:54 GMT-0400 (Eastern Daylight Time),123117.5,A,windowenter,I,enter,872,2,2299.5,120818.0,9087,WL,B,3.0
1,9.716000080108643,learn,50283.99991989136,Wed Oct 07 2026 12:23:54 GMT-0400 (Eastern Daylight Time),123367.60000002384,A,a,I,a,242,2,249.5,123118.10000002384,9087,WL,B,4.0
1,9.950000047683716,learn,50049.999952316284,Wed Oct 07 2026 12:23:54 GMT-0400 (Eastern Daylight Time),123601.20000004768,A,ar,I,r,222,2,483.10000002384186,123118.10000002384,9087,WL,B,4.0
1,11.133000135421753,learn,48866.99986457825,Wed Oct 07 2026 12:23:54 GMT-0400 (Eastern Daylight Time),124784.60000002384,A,arm,I,m,1164,2,1666.5,123118.10000002384,9087,WL,B,4.0
1,12.433000087738037,learn,47566.99991226196,Wed Oct 07 2026 12:23:54 GMT-0400 (Eastern Daylight Time),126084.10000002384,A,armenter,I,enter,1284,2,2966.0,123118.10000002384,9087,WL,B,4.0
1,13.100000143051147,learn,46899.99985694885,Wed Oct 07 2026 12:23:54 GMT-0400 (Eastern Daylight Time),126751.40000003576,A,d,I,d,659,2,666.8000000119209,126084.60000002384,9087,WL,B,5.0
1,13.25,learn,46750.0,Wed Oct 07 2026 12:23:54 GMT-0400 (Eastern Daylight Time),126901.30000001192,A,do,I,o,132,2,816.6999999880791,126084.60000002384,9087,WL,B,5.0
1,13.333000183105469,learn,46666.99981689453,Wed Oct 07 2026 12:23:54 GMT-0400 (Eastern Daylight Time),126984.5,A,doo,I,o,72,2,899.8999999761581,126084.60000002384,9087,WL,B,5.0
1,13.466000080108643,learn,46533.99991989136,Wed Oct 07 2026 12:23:54 GMT-0400 (Eastern Daylight Time),127117.60000002384,A,door,I,r,99,2,1033.0,126084.60000002384,9087,WL,B,5.0
1,13.683000087738037,learn,46316.99991226196,Wed Oct 07 2026 12:23:54 GMT-0400 (Eastern Daylight Time),127334.0,A,doorenter,I,enter,190,2,1249.3999999761581,126084.60000002384,9087,WL,B,5.0
1,15.900000095367432,learn,44099.99990463257,Wed Oct 07 2026 12:23:54 GMT-0400 (Eastern Daylight Time),129551.40000003576,A,p,I,p,2202,2,2217.0,127334.40000003576,9087,WL,B,6.0
1,16.08300018310547,learn,43916.99981689453,Wed Oct 07 2026 12:23:54 GMT-0400 (Eastern Daylight Time),129734.60000002384,A,pi,I,i,158,2,2400.199999988079,127334.40000003576,9087,WL,B,6.0
1,16.300000190734863,learn,43699.99980926514,Wed Oct 07 2026 12:23:54 GMT-0400 (Eastern Daylight Time),129951.30000001192,A,pip,I,p,197,2,2616.899999976158,127334.40000003576,9087,WL,B,6.0
1,16.48300004005432,learn,43516.99995994568,Wed Oct 07 2026 12:23:54 GMT-0400 (Eastern Daylight Time),130134.5,A,pipe,I,e,164,2,2800.099999964237,127334.40000003576,9087,WL,B,6.0
1,17.06600022315979,learn,42933.99977684021,Wed Oct 07 2026 12:23:54 GMT-0400 (Eastern Daylight Time),130717.40000003576,A,pipeenter,I,enter,564,2,3383.0,127334.40000003576,9087,WL,B,6.0
1,18.800000190734863,learn,41199.99980926514,Wed Oct 07 2026 12:23:54 GMT-0400 (Eastern Daylight Time),132451.20000004768,A,a,I,a,1721,2,1733.300000011921,130717.90000003576,9087,WL,B,7.0
1,18.90000009536743,learn,41099.99990463257,Wed Oct 07 2026 12:23:54 GMT-0400 (Eastern Daylight Time),132551.30000001192,A,al,I,l,73,2,1833.3999999761581,130717.90000003576,9087,WL,B,7.0
1,18.98300004005432,learn,41016.99995994568,Wed Oct 07 2026 12:23:54 GMT-0400 (Eastern Daylight Time),132634.5,A,als,I,s,62,2,1916.5999999642372,130717.90000003576,9087,WL,B,7.0
1,19.450000047683716,learn,40549.999952316284,Wed Oct 07 2026 12:23:54 GMT-0400 (Eastern Daylight Time),133101.30000001192,A,al,I,backspace,440,2,2383.399999976158,130717.90000003576,9087,WL,B,7.0
1,19.532999992370605,learn,40467.000007629395,Wed Oct 07 2026 12:23:54 GMT-0400 (Eastern Daylight Time),133184.5,A,ala,I,a,63,2,2466.599999964237,130717.90000003576,9087,WL,B,7.0
1,20.050000190734863,learn,39949.99980926514,Wed Oct 07 2026 12:23:54 GMT-0400 (Eastern Daylight Time),133701.30000001192,A,alar,I,r,493,2,2983.399999976158,130717.90000003576,9087,WL,B,7.0
1,20.700000047683716,learn,39299.999952316284,Wed Oct 07 2026 12:23:54 GMT-0400 (Eastern Daylight Time),134351.30000001192,A,alarm,I,m,631,2,3633.399999976158,130717.90000003576,9087,WL,B,7.0
1,21.48300004005432,learn,38516.99995994568,Wed Oct 07 2026 12:23:54 GMT-0400 (Eastern Daylight Time),135134.5,A,alarmenter,I,enter,773,2,4416.599999964237,130717.90000003576,9087,WL,B,7.0
1,23.100000143051147,learn,36899.99985694885,Wed Oct 07 2026 12:23:54 GMT-0400 (Eastern Daylight Time),136751.20000004768,A,f,I,f,1594,2,1616.4000000357628,135134.80000001192,9087,WL,B,8.0
1,23.217000007629395,learn,36782.999992370605,Wed Oct 07 2026 12:23:54 GMT-0400 (Eastern Daylight Time),136867.90000003576,A,fi,I,i,103,2,1733.1000000238419,135134.80000001192,9087,WL,B,8.0
1,23.33300018310547,learn,36666.99981689453,Wed Oct 07 2026 12:23:54 GMT-0400 (Eastern Daylight Time),136984.30000001192,A,fir,I,r,105,2,1849.5,135134.80000001192,9087,WL,B,8.0
1,23.467000007629395,learn,36532.999992370605,Wed Oct 07 2026 12:23:54 GMT-0400 (Eastern Daylight Time),137117.90000003576,A,fire,I,e,117,2,1983.1000000238419,135134.80000001192,9087,WL,B,8.0
1,23.699000120162964,learn,36300.999879837036,Wed Oct 07 2026 12:23:54 GMT-0400 (Eastern Daylight Time),137350.80000001192,A,fireenter,I,enter,206,2,2216.0,135134.80000001192,9087,WL,B,8.0
1,25.200000047683716,learn,34799.999952316284,Wed Oct 07 2026 12:23:54 GMT-0400 (Eastern Daylight Time),138851.30000001192,A,d,I,d,1489,2,1500.199999988079,137351.10000002384,9087,WL,B,9.0
1,25.33300018310547,learn,34666.99981689453,Wed Oct 07 2026 12:23:54 GMT-0400 (Eastern Daylight Time),138984.40000003576,A,do,I,o,122,2,1633.300000011921,137351.10000002384,9087,WL,B,9.0
1,25.433000087738037,learn,34566.99991226196,Wed Oct 07 2026 12:23:54 GMT-0400 (Eastern Daylight Time),139084.40000003576,A,doo,I,o,75,2,1733.300000011921,137351.10000002384,9087,WL,B,9.0
1,25.5,learn,34500.0,Wed Oct 07 2026 12:23:54 GMT-0400 (Eastern Daylight Time),139150.90000003576,A,door,I,r,55,2,1799.800000011921,137351.10000002384,9087,WL,B,9.0
1,26.116000175476074,learn,33883.999824523926,Wed Oct 07 2026 12:23:54 GMT-0400 (Eastern Daylight Time),139767.40000003576,A,doorenter,I,enter,606,2,2416.300000011921,137351.10000002384,9087,WL,B,9.0
1,33.367000102996826,learn,26632.999897003174,Wed Oct 07 2026 12:23:54 GMT-0400 (Eastern Daylight Time),147018.0,A,a,I,a,7233,2,7250.299999952316,139767.70000004768,9087,WL,B,10.0
1,33.450000047683716,learn,26549.999952316284,Wed Oct 07 2026 12:23:54 GMT-0400 (Eastern Daylight Time),147101.20000004768,A,al,I,l,67,2,7333.5,139767.70000004768,9087,WL,B,10.0
1,33.56600022315979,learn,26433.99977684021,Wed Oct 07 2026 12:23:54 GMT-0400 (Eastern Daylight Time),147217.80000001192,A,ala,I,a,103,2,7450.099999964237,139767.70000004768,9087,WL,B,10.0
1,33.81700015068054,learn,26182.999849319458,Wed Oct 07 2026 12:23:54 GMT-0400 (Eastern Daylight Time),147467.80000001192,A,alar,I,r,220,2,7700.099999964237,139767.70000004768,9087,WL,B,10.0
1,33.90000009536743,learn,26099.99990463257,Wed Oct 07 2026 12:23:54 GMT-0400 (Eastern Daylight Time),147551.0,A,alarm,I,m,73,2,7783.299999952316,139767.70000004768,9087,WL,B,10.0
1,34.88300013542175,learn,25116.999864578247,Wed Oct 07 2026 12:23:54 GMT-0400 (Eastern Daylight Time),148534.0,A,alarmenter,I,enter,958,2,8766.299999952316,139767.70000004768,9087,WL,B,10.0
1,44.367000102996826,learn,15632.999897003174,Wed Oct 07 2026 12:23:54 GMT-0400 (Eastern Daylight Time),158017.80000001192,A,g,I,g,9467,2,9483.399999976158,148534.40000003576,9087,WL,B,11.0
1,44.56700015068054,learn,15432.999849319458,Wed Oct 07 2026 12:23:54 GMT-0400 (Eastern Daylight Time),158217.90000003576,A,gr,I,r,188,2,9683.5,148534.40000003576,9087,WL,B,11.0
1,44.88300013542175,learn,15116.999864578247,Wed Oct 07 2026 12:23:54 GMT-0400 (Eastern Daylight Time),158534.5,A,gra,I,a,288,2,10000.099999964237,148534.40000003576,9087,WL,B,11.0
1,45.06700015068054,learn,14932.999849319458,Wed Oct 07 2026 12:23:54 GMT-0400 (Eastern Daylight Time),158717.90000003576,A,gras,I,s,164,2,10183.5,148534.40000003576,9087,WL,B,11.0
1,45.18300008773804,learn,14816.999912261963,Wed Oct 07 2026 12:23:54 GMT-0400 (Eastern Daylight Time),158834.5,A,grass,I,s,103,2,10300.099999964237,148534.40000003576,9087,WL,B,11.0
1,45.71600008010864,learn,14283.999919891357,Wed Oct 07 2026 12:23:54 GMT-0400 (Eastern Daylight Time),159367.30000001192,A,grassenter,I,enter,512,2,10832.899999976158,148534.40000003576,9087,WL,B,11.0
1,60.01700019836426,learn,-17.000198364257812,Wed Oct 07 2026 12:23:54 GMT-0400 (Eastern Daylight Time),173668.20000004768,A,None,I,None,14294,2,14300.5,159367.70000004768,9087,WL,B,12.0
2,0.8159999847412109,learn,59184.00001525879,Wed Oct 07 2026 12:23:54 GMT-0400 (Eastern Daylight Time),240567.60000002384,A,s,I,s,807,2,816.3000000119209,239751.30000001192,9087,WL,B,1.0
2,1.1159999370574951,learn,58884.000062942505,Wed Oct 07 2026 12:23:54 GMT-0400 (Eastern Daylight Time),240867.60000002384,A,st,I,t,278,2,1116.300000011921,239751.30000001192,9087,WL,B,1.0
2,1.7000000476837158,learn,58299.999952316284,Wed Oct 07 2026 12:23:54 GMT-0400 (Eastern Daylight Time),241451.0,A,str,I,r,562,2,1699.699999988079,239751.30000001192,9087,WL,B,1.0
2,1.8999998569488525,learn,58100.00014305115,Wed Oct 07 2026 12:23:54 GMT-0400 (Eastern Daylight Time),241651.0,A,stre,I,e,178,2,1899.699999988079,239751.30000001192,9087,WL,B,1.0
2,2.0,learn,58000.0,Wed Oct 07 2026 12:23:54 GMT-0400 (Eastern Daylight Time),241751.70000004768,A,stree,I,e,80,2,2000.4000000357628,239751.30000001192,9087,WL,B,1.0
2,2.182999849319458,learn,57817.00015068054,Wed Oct 07 2026 12:23:54 GMT-0400 (Eastern Daylight Time),241934.5,A,street,I,t,165,2,2183.199999988079,239751.30000001192,9087,WL,B,1.0
2,2.4830000400543213,learn,57516.99995994568,Wed Oct 07 2026 12:23:54 GMT-0400 (Eastern Daylight Time),242233.90000003576,A,streetenter,I,enter,286,2,2482.600000023842,239751.30000001192,9087,WL,B,1.0
2,2.75,learn,57250.0,Wed Oct 07 2026 12:23:54 GMT-0400 (Eastern Daylight Time),242501.10000002384,A,g,I,g,254,2,266.80000001192093,242234.30000001192,9087,WL,B,2.0
2,2.9660000801086426,learn,57033.99991989136,Wed Oct 07 2026 12:23:54 GMT-0400 (Eastern Daylight Time),242717.70000004768,A,gr,I,r,191,2,483.4000000357628,242234.30000001192,9087,WL,B,2.0
2,3.1670000553131104,learn,56832.99994468689,Wed Oct 07 2026 12:23:54 GMT-0400 (Eastern Daylight Time),242917.80000001192,A,gra,I,a,166,2,683.5,242234.30000001192,9087,WL,B,2.0
2,3.3489999771118164,learn,56651.00002288818,Wed Oct 07 2026 12:23:54 GMT-0400 (Eastern Daylight Time),243100.60000002384,A,gras,I,s,166,2,866.3000000119209,242234.30000001192,9087,WL,B,2.0
2,3.450000047683716,learn,56549.999952316284,Wed Oct 07 2026 12:23:54 GMT-0400 (Eastern Daylight Time),243201.0,A,grass,I,s,91,2,966.6999999880791,242234.30000001192,9087,WL,B,2.0
2,3.615999937057495,learn,56384.000062942505,Wed Oct 07 2026 12:23:54 GMT-0400 (Eastern Daylight Time),243367.20000004768,A,grassenter,I,enter,139,2,1132.9000000357628,242234.30000001192,9087,WL,B,2.0
2,3.75,learn,56250.0,Wed Oct 07 2026 12:23:54 GMT-0400 (Eastern Daylight Time),243501.0,A,d,I,d,121,2,133.29999995231628,243367.70000004768,9087,WL,B,3.0
2,3.882999897003174,learn,56117.000102996826,Wed Oct 07 2026 12:23:54 GMT-0400 (Eastern Daylight Time),243634.30000001192,A,do,I,o,120,2,266.5999999642372,243367.70000004768,9087,WL,B,3.0
2,3.9830000400543213,learn,56016.99995994568,Wed Oct 07 2026 12:23:54 GMT-0400 (Eastern Daylight Time),243734.40000003576,A,doo,I,o,80,2,366.69999998807907,243367.70000004768,9087,WL,B,3.0
2,4.099999904632568,learn,55900.00009536743,Wed Oct 07 2026 12:23:54 GMT-0400 (Eastern Daylight Time),243851.0,A,door,I,r,95,2,483.2999999523163,243367.70000004768,9087,WL,B,3.0
2,4.299000024795532,learn,55700.99997520447,Wed Oct 07 2026 12:23:54 GMT-0400 (Eastern Daylight Time),244050.5,A,doorenter,I,enter,178,2,682.7999999523163,243367.70000004768,9087,WL,B,3.0
2,4.983000040054321,learn,55016.99995994568,Wed Oct 07 2026 12:23:54 GMT-0400 (Eastern Daylight Time),244734.40000003576,A,a,I,a,660,2,683.5,244050.90000003576,9087,WL,B,4.0
2,5.216000080108643,learn,54783.99991989136,Wed Oct 07 2026 12:23:54 GMT-0400 (Eastern Daylight Time),244967.70000004768,A,ar,I,r,215,2,916.8000000119209,244050.90000003576,9087,WL,B,4.0
2,5.3999998569488525,learn,54600.00014305115,Wed Oct 07 2026 12:23:54 GMT-0400 (Eastern Daylight Time),245151.0,A,arm,I,m,174,2,1100.0999999642372,244050.90000003576,9087,WL,B,4.0
2,5.749000072479248,learn,54250.99992752075,Wed Oct 07 2026 12:23:54 GMT-0400 (Eastern Daylight Time),245500.60000002384,A,armenter,I,enter,317,2,1449.699999988079,244050.90000003576,9087,WL,B,4.0
2,5.983000040054321,learn,54016.99995994568,Wed Oct 07 2026 12:23:54 GMT-0400 (Eastern Daylight Time),245734.20000004768,A,a,I,a,210,2,233.20000004768372,245501.0,9087,WL,B,5.0
2,6.349999904632568,learn,53650.00009536743,Wed Oct 07 2026 12:23:54 GMT-0400 (Eastern Daylight Time),246101.10000002384,A,,I,backspace,343,2,600.1000000238419,245501.0,9087,WL,B,5.0
2,6.432999849319458,learn,53567.00015068054,Wed Oct 07 2026 12:23:54 GMT-0400 (Eastern Daylight Time),246184.30000001192,A,s,I,s,71,2,683.3000000119209,245501.0,9087,WL,B,5.0
2,6.6499998569488525,learn,53350.00014305115,Wed Oct 07 2026 12:23:54 GMT-0400 (Eastern Daylight Time),246401.10000002384,A,st,I,t,196,2,900.1000000238419,245501.0,9087,WL,B,5.0
2,6.865999937057495,learn,53134.000062942505,Wed Oct 07 2026 12:23:54 GMT-0400 (Eastern Daylight Time),246617.70000004768,A,sta,I,a,197,2,1116.7000000476837,245501.0,9087,WL,B,5.0
2,7.065999984741211,learn,52934.00001525879,Wed Oct 07 2026 12:23:54 GMT-0400 (Eastern Daylight Time),246817.70000004768,A,star,I,r,172,2,1316.7000000476837,245501.0,9087,WL,B,5.0
2,7.749000072479248,learn,52250.99992752075,Wed Oct 07 2026 12:23:54 GMT-0400 (Eastern Daylight Time),247500.60000002384,A,starenter,I,enter,658,2,1999.6000000238419,245501.0,9087,WL,B,5.0
2,7.882999897003174,learn,52117.000102996826,Wed Oct 07 2026 12:23:54 GMT-0400 (Eastern Daylight Time),247634.40000003576,A,w,I,w,124,2,133.4000000357628,247501.0,9087,WL,B,6.0
2,8.33299994468689,learn,51667.00005531311,Wed Oct 07 2026 12:23:54 GMT-0400 (Eastern Daylight Time),248084.5,A,wi,I,i,428,2,583.5,247501.0,9087,WL,B,6.0
2,8.516000032424927,learn,51483.99996757507,Wed Oct 07 2026 12:23:54 GMT-0400 (Eastern Daylight Time),248267.60000002384,A,win,I,n,160,2,766.6000000238419,247501.0,9087,WL,B,6.0
2,8.599999904632568,learn,51400.00009536743,Wed Oct 07 2026 12:23:54 GMT-0400 (Eastern Daylight Time),248351.10000002384,A,wind,I,d,56,2,850.1000000238419,247501.0,9087,WL,B,6.0
2,8.700000047683716,learn,51299.999952316284,Wed Oct 07 2026 12:23:54 GMT-0400 (Eastern Daylight Time),248451.0,A,windo,I,o,83,2,950.0,247501.0,9087,WL,B,6.0
2,8.815999984741211,learn,51184.00001525879,Wed Oct 07 2026 12:23:54 GMT-0400 (Eastern Daylight Time),248567.20000004768,A,window,I,w,106,2,1066.2000000476837,247501.0,9087,WL,B,6.0
2,9.1489999294281,learn,50851.0000705719,Wed Oct 07 2026 12:23:54 GMT-0400 (Eastern Daylight Time),248900.40000003576,A,windowenter,I,enter,317,2,1399.4000000357628,247501.0,9087,WL,B,6.0
2,9.5,learn,50500.0,Wed Oct 07 2026 12:23:54 GMT-0400 (Eastern Daylight Time),249251.0,A,p,I,p,332,2,350.0999999642372,248900.90000003576,9087,WL,B,7.0
2,10.75,learn,49250.0,Wed Oct 07 2026 12:23:54 GMT-0400 (Eastern Daylight Time),250501.10000002384,A,pi,I,i,1233,2,1600.199999988079,248900.90000003576,9087,WL,B,7.0
2,10.932999849319458,learn,49067.00015068054,Wed Oct 07 2026 12:23:54 GMT-0400 (Eastern Daylight Time),250684.5,A,pip,I,p,159,2,1783.5999999642372,248900.90000003576,9087,WL,B,7.0
2,11.08299994468689,learn,48917.00005531311,Wed Oct 07 2026 12:23:54 GMT-0400 (Eastern Daylight Time),250834.30000001192,A,pipe,I,e,128,2,1933.3999999761581,248900.90000003576,9087,WL,B,7.0
2,11.216000080108643,learn,48783.99991989136,Wed Oct 07 2026 12:23:54 GMT-0400 (Eastern Daylight Time),250967.10000002384,A,pipeenter,I,enter,122,2,2066.199999988079,248900.90000003576,9087,WL,B,7.0
2,11.483000040054321,learn,48516.99995994568,Wed Oct 07 2026 12:23:54 GMT-0400 (Eastern Daylight Time),251234.40000003576,A,w,I,w,258,2,267.0,250967.40000003576,9087,WL,B,8.0
2,11.649999856948853,learn,48350.00014305115,Wed Oct 07 2026 12:23:54 GMT-0400 (Eastern Daylight Time),251401.10000002384,A,wi,I,i,145,2,433.69999998807907,250967.40000003576,9087,WL,B,8.0
2,11.75,learn,48250.0,Wed Oct 07 2026 12:23:54 GMT-0400 (Eastern Daylight Time),251501.20000004768,A,wif,I,f,84,2,533.8000000119209,250967.40000003576,9087,WL,B,8.0
2,11.899999856948853,learn,48100.00014305115,Wed Oct 07 2026 12:23:54 GMT-0400 (Eastern Daylight Time),251651.0,A,wifr,I,r,135,2,683.5999999642372,250967.40000003576,9087,WL,B,8.0
2,12.299999952316284,learn,47700.000047683716,Wed Oct 07 2026 12:23:54 GMT-0400 (Eastern Daylight Time),252051.10000002384,A,wif,I,backspace,372,2,1083.699999988079,250967.40000003576,9087,WL,B,8.0
2,12.399999856948853,learn,47600.00014305115,Wed Oct 07 2026 12:23:54 GMT-0400 (Eastern Daylight Time),252151.0,A,wife,I,e,75,2,1183.5999999642372,250967.40000003576,9087,WL,B,8.0
2,12.799999952316284,learn,47200.000047683716,Wed Oct 07 2026 12:23:54 GMT-0400 (Eastern Daylight Time),252551.70000004768,A,wifeenter,I,enter,381,2,1584.300000011921,250967.40000003576,9087,WL,B,8.0
2,14.233000040054321,learn,45766.99995994568,Wed Oct 07 2026 12:23:54 GMT-0400 (Eastern Daylight Time),253984.20000004768,A,a,I,a,1424,2,1432.2000000476837,252552.0,9087,WL,B,9.0
2,14.315999984741211,learn,45684.00001525879,Wed Oct 07 2026 12:23:54 GMT-0400 (Eastern Daylight Time),254067.70000004768,A,al,I,l,69,2,1515.7000000476837,252552.0,9087,WL,B,9.0
2,14.3989999294281,learn,45601.0000705719,Wed Oct 07 2026 12:23:54 GMT-0400 (Eastern Daylight Time),254150.60000002384,A,ala,I,a,56,2,1598.6000000238419,252552.0,9087,WL,B,9.0
2,14.599999904632568,learn,45400.00009536743,Wed Oct 07 2026 12:23:54 GMT-0400 (Eastern Daylight Time),254351.10000002384,A,alar,I,r,182,2,1799.1000000238419,252552.0,9087,WL,B,9.0
2,14.766000032424927,learn,45233.99996757507,Wed Oct 07 2026 12:23:54 GMT-0400 (Eastern Daylight Time),254517.60000002384,A,alarm,I,m,149,2,1965.6000000238419,252552.0,9087,WL,B,9.0
2,14.983000040054321,learn,45016.99995994568,Wed Oct 07 2026 12:23:54 GMT-0400 (Eastern Daylight Time),254734.10000002384,A,alarmenter,I,enter,199,2,2182.100000023842,252552.0,9087,WL,B,9.0
2,15.200000047683716,learn,44799.999952316284,Wed Oct 07 2026 12:23:54 GMT-0400 (Eastern Daylight Time),254951.10000002384,A,c,I,c,203,2,216.80000001192093,254734.30000001192,9087,WL,B,10.0
2,15.382999897003174,learn,44617.000102996826,Wed Oct 07 2026 12:23:54 GMT-0400 (Eastern Daylight Time),255134.40000003576,A,ca,I,a,157,2,400.10000002384186,254734.30000001192,9087,WL,B,10.0
2,15.448999881744385,learn,44551.000118255615,Wed Oct 07 2026 12:23:54 GMT-0400 (Eastern Daylight Time),255200.70000004768,A,cab,I,b,53,2,466.4000000357628,254734.30000001192,9087,WL,B,10.0
2,15.615999937057495,learn,44384.000062942505,Wed Oct 07 2026 12:23:54 GMT-0400 (Eastern Daylight Time),255367.60000002384,A,cabi,I,i,145,2,633.3000000119209,254734.30000001192,9087,WL,B,10.0
2,15.75,learn,44250.0,Wed Oct 07 2026 12:23:54 GMT-0400 (Eastern Daylight Time),255501.0,A,cabin,I,n,118,2,766.6999999880791,254734.30000001192,9087,WL,B,10.0
2,16.782999992370605,learn,43217.000007629395,Wed Oct 07 2026 12:23:54 GMT-0400 (Eastern Daylight Time),256533.90000003576,A,cabinenter,I,enter,1008,2,1799.6000000238419,254734.30000001192,9087,WL,B,10.0
2,17.25,learn,42750.0,Wed Oct 07 2026 12:23:54 GMT-0400 (Eastern Daylight Time),257001.0,A,l,I,l,450,2,466.89999997615814,256534.10000002384,9087,WL,B,11.0
2,17.33299994468689,learn,42667.00005531311,Wed Oct 07 2026 12:23:54 GMT-0400 (Eastern Daylight Time),257084.10000002384,A,la,I,a,58,2,550.0,256534.10000002384,9087,WL,B,11.0
2,17.466000080108643,learn,42533.99991989136,Wed Oct 07 2026 12:23:54 GMT-0400 (Eastern Daylight Time),257217.60000002384,A,lak,I,k,104,2,683.5,256534.10000002384,9087,WL,B,11.0
2,17.56599998474121,learn,42434.00001525879,Wed Oct 07 2026 12:23:54 GMT-0400 (Eastern Daylight Time),257317.5,A,lake,I,e,75,2,783.3999999761581,256534.10000002384,9087,WL,B,11.0
2,18.131999969482422,learn,41868.00003051758,Wed Oct 07 2026 12:23:54 GMT-0400 (Eastern Daylight Time),257883.70000004768,A,lakeenter,I,enter,542,2,1349.6000000238419,256534.10000002384,9087,WL,B,11.0
2,23.532999992370605,learn,36467.000007629395,Wed Oct 07 2026 12:23:54 GMT-0400 (Eastern Daylight Time),263284.2000000477,A,p,I,p,5388,2,5400.0,257884.20000004768,9087,WL,B,12.0
2,23.782999992370605,learn,36217.000007629395,Wed Oct 07 2026 12:23:54 GMT-0400 (Eastern Daylight Time),263534.40000003576,A,pu,I,u,224,2,5650.199999988079,257884.20000004768,9087,WL,B,12.0
2,24.132999897003174,learn,35867.000102996826,Wed Oct 07 2026 12:23:54 GMT-0400 (Eastern Daylight Time),263884.2000000477,A,pup,I,p,335,2,6000.0,257884.20000004768,9087,WL,B,12.0
2,24.31599998474121,learn,35684.00001525879,Wed Oct 07 2026 12:23:54 GMT-0400 (Eastern Daylight Time),264067.7000000477,A,pupi,I,i,167,2,6183.5,257884.20000004768,9087,WL,B,12.0
2,24.466000080108643,learn,35533.99991989136,Wed Oct 07 2026 12:23:54 GMT-0400 (Eastern Daylight Time),264217.60000002384,A,pupil,I,l,138,2,6333.399999976158,257884.20000004768,9087,WL,B,12.0
2,25.3989999294281,learn,34601.0000705719,Wed Oct 07 2026 12:23:54 GMT-0400 (Eastern Daylight Time),265150.5,A,pupilenter,I,enter,898,2,7266.299999952316,257884.20000004768,9087,WL,B,12.0
2,57.782999992370605,learn,2217.0000076293945,Wed Oct 07 2026 12:23:54 GMT-0400 (Eastern Daylight Time),297533.8000000119,A,f,I,f,32360,2,32383.0,265150.8000000119,9087,WL,B,13.0
2,57.882999897003174,learn,2117.000102996826,Wed Oct 07 2026 12:23:54 GMT-0400 (Eastern Daylight Time),297633.7000000477,A,fi,I,i,78,2,32482.900000035763,265150.8000000119,9087,WL,B,13.0
2,58.06599998474121,learn,1934.000015258789,Wed Oct 07 2026 12:23:54 GMT-0400 (Eastern Daylight Time),297817.3000000119,A,fir,I,r,173,2,32666.5,265150.8000000119,9087,WL,B,13.0
2,58.16599988937378,learn,1834.0001106262207,Wed Oct 07 2026 12:23:54 GMT-0400 (Eastern Daylight Time),297917.40000003576,A,fire,I,e,71,2,32766.600000023842,265150.8000000119,9087,WL,B,13.0
2,58.63199996948242,learn,1368.0000305175781,Wed Oct 07 2026 12:23:54 GMT-0400 (Eastern Daylight Time),298383.8000000119,A,fireenter,I,enter,447,2,33233.0,265150.8000000119,9087,WL,B,13.0
2,60.01600003242493,learn,-16.000032424926758,Wed Oct 07 2026 12:23:54 GMT-0400 (Eastern Daylight Time),299767.10000002384,A,None,I,None,1377,2,1383.0,298384.10000002384,9087,WL,B,14.0
3,1.0169999599456787,learn,58983.00004005432,Wed Oct 07 2026 12:23:54 GMT-0400 (Eastern Daylight Time),367250.90000003576,A,w,I,w,995,2,1016.4000000357628,366234.5,9087,WL,B,1.0
3,1.1329998970031738,learn,58867.000102996826,Wed Oct 07 2026 12:23:54 GMT-0400 (Eastern Daylight Time),367367.5,A,wi,I,i,97,2,1133.0,366234.5,9087,WL,B,1.0
3,1.2999999523162842,learn,58700.000047683716,Wed Oct 07 2026 12:23:54 GMT-0400 (Eastern Daylight Time),367534.2000000477,A,win,I,n,133,2,1299.7000000476837,366234.5,9087,WL,B,1.0
3,1.432999849319458,learn,58567.00015068054,Wed Oct 07 2026 12:23:54 GMT-0400 (Eastern Daylight Time),367667.5,A,wind,I,d,110,2,1433.0,366234.5,9087,WL,B,1.0
3,1.5499999523162842,learn,58450.000047683716,Wed Oct 07 2026 12:23:54 GMT-0400 (Eastern Daylight Time),367784.10000002384,A,windo,I,o,97,2,1549.6000000238419,366234.5,9087,WL,B,1.0
3,1.6499998569488525,learn,58350.00014305115,Wed Oct 07 2026 12:23:54 GMT-0400 (Eastern Daylight Time),367884.2000000477,A,window,I,w,83,2,1649.7000000476837,366234.5,9087,WL,B,1.0
3,2.315999984741211,learn,57684.00001525879,Wed Oct 07 2026 12:23:54 GMT-0400 (Eastern Daylight Time),368550.2000000477,A,windowenter,I,enter,649,2,2315.7000000476837,366234.5,9087,WL,B,1.0
3,2.8329999446868896,learn,57167.00005531311,Wed Oct 07 2026 12:23:54 GMT-0400 (Eastern Daylight Time),369067.5,A,c,I,c,505,2,517.0,368550.5,9087,WL,B,2.0
3,3.115999937057495,learn,56884.000062942505,Wed Oct 07 2026 12:23:54 GMT-0400 (Eastern Daylight Time),369350.10000002384,A,ci,I,i,256,2,799.6000000238419,368550.5,9087,WL,B,2.0
3,3.2829999923706055,learn,56717.000007629395,Wed Oct 07 2026 12:23:54 GMT-0400 (Eastern Daylight Time),369517.0,A,cit,I,t,145,2,966.5,368550.5,9087,WL,B,2.0
3,3.3999998569488525,learn,56600.00014305115,Wed Oct 07 2026 12:23:54 GMT-0400 (Eastern Daylight Time),369634.2000000477,A,city,I,y,95,2,1083.7000000476837,368550.5,9087,WL,B,2.0
3,3.865999937057495,learn,56134.000062942505,Wed Oct 07 2026 12:23:54 GMT-0400 (Eastern Daylight Time),370100.3000000119,A,cityenter,I,enter,442,2,1549.800000011921,368550.5,9087,WL,B,2.0
3,5.2170000076293945,learn,54782.999992370605,Wed Oct 07 2026 12:23:54 GMT-0400 (Eastern Daylight Time),371450.8000000119,A,c,I,c,1332,2,1350.199999988079,370100.60000002384,9087,WL,B,3.0
3,5.382999897003174,learn,54617.000102996826,Wed Oct 07 2026 12:23:54 GMT-0400 (Eastern Daylight Time),371617.40000003576,A,ca,I,a,146,2,1516.800000011921,370100.60000002384,9087,WL,B,3.0
3,5.516999959945679,learn,54483.00004005432,Wed Oct 07 2026 12:23:54 GMT-0400 (Eastern Daylight Time),371750.8000000119,A,cab,I,b,106,2,1650.199999988079,370100.60000002384,9087,WL,B,3.0
3,6.016999959945679,learn,53983.00004005432,Wed Oct 07 2026 12:23:54 GMT-0400 (Eastern Daylight Time),372250.8000000119,A,cabi,I,i,469,2,2150.199999988079,370100.60000002384,9087,WL,B,3.0
3,6.266999959945679,learn,53733.00004005432,Wed Oct 07 2026 12:23:54 GMT-0400 (Eastern Daylight Time),372500.90000003576,A,cabin,I,n,225,2,2400.300000011921,370100.60000002384,9087,WL,B,3.0
3,6.516000032424927,learn,53483.99996757507,Wed Oct 07 2026 12:23:54 GMT-0400 (Eastern Daylight Time),372750.3000000119,A,cabinenter,I,enter,231,2,2649.699999988079,370100.60000002384,9087,WL,B,3.0
3,6.75,learn,53250.0,Wed Oct 07 2026 12:23:54 GMT-0400 (Eastern Daylight Time),372983.90000003576,A,l,I,l,226,2,233.19999998807907,372750.7000000477,9087,WL,B,4.0
3,6.932999849319458,learn,53067.00015068054,Wed Oct 07 2026 12:23:54 GMT-0400 (Eastern Daylight Time),373167.5,A,la,I,a,164,2,416.7999999523163,372750.7000000477,9087,WL,B,4.0
3,7.299999952316284,learn,52700.000047683716,Wed Oct 07 2026 12:23:54 GMT-0400 (Eastern Daylight Time),373534.2000000477,A,lae,I,e,349,2,783.5,372750.7000000477,9087,WL,B,4.0
3,7.382999897003174,learn,52617.000102996826,Wed Oct 07 2026 12:23:54 GMT-0400 (Eastern Daylight Time),373617.3000000119,A,laek,I,k,69,2,866.5999999642372,372750.7000000477,9087,WL,B,4.0
3,8.199999809265137,learn,51800.00019073486,Wed Oct 07 2026 12:23:54 GMT-0400 (Eastern Daylight Time),374434.10000002384,A,lae,I,backspace,803,2,1683.3999999761581,372750.7000000477,9087,WL,B,4.0
3,8.316999912261963,learn,51683.00008773804,Wed Oct 07 2026 12:23:54 GMT-0400 (Eastern Daylight Time),374550.90000003576,A,la,I,backspace,98,2,1800.199999988079,372750.7000000477,9087,WL,B,4.0
3,8.649999856948853,learn,51350.00014305115,Wed Oct 07 2026 12:23:54 GMT-0400 (Eastern Daylight Time),374884.10000002384,A,lae,I,e,302,2,2133.399999976158,372750.7000000477,9087,WL,B,4.0
3,9.25,learn,50750.0,Wed Oct 07 2026 12:23:54 GMT-0400 (Eastern Daylight Time),375484.10000002384,A,la,I,backspace,576,2,2733.399999976158,372750.7000000477,9087,WL,B,4.0
3,9.549999952316284,learn,50450.000047683716,Wed Oct 07 2026 12:23:54 GMT-0400 (Eastern Daylight Time),375784.10000002384,A,lak,I,k,280,2,3033.399999976158,372750.7000000477,9087,WL,B,4.0
3,9.682999849319458,learn,50317.00015068054,Wed Oct 07 2026 12:23:54 GMT-0400 (Eastern Daylight Time),375917.5,A,lake,I,e,108,2,3166.7999999523163,372750.7000000477,9087,WL,B,4.0
3,9.782999992370605,learn,50217.000007629395,Wed Oct 07 2026 12:23:54 GMT-0400 (Eastern Daylight Time),376017.0,A,lakeenter,I,enter,78,2,3266.2999999523163,372750.7000000477,9087,WL,B,4.0
3,10.149999856948853,learn,49850.00014305115,Wed Oct 07 2026 12:23:54 GMT-0400 (Eastern Daylight Time),376384.10000002384,A,s,I,s,351,2,366.80000001192093,376017.3000000119,9087,WL,B,5.0
3,10.282999992370605,learn,49717.000007629395,Wed Oct 07 2026 12:23:54 GMT-0400 (Eastern Daylight Time),376517.5,A,sk,I,k,113,2,500.19999998807907,376017.3000000119,9087,WL,B,5.0
3,10.399999856948853,learn,49600.00014305115,Wed Oct 07 2026 12:23:54 GMT-0400 (Eastern Daylight Time),376634.10000002384,A,ski,I,i,85,2,616.8000000119209,376017.3000000119,9087,WL,B,5.0
3,10.599999904632568,learn,49400.00009536743,Wed Oct 07 2026 12:23:54 GMT-0400 (Eastern Daylight Time),376834.10000002384,A,skin,I,n,171,2,816.8000000119209,376017.3000000119,9087,WL,B,5.0
3,10.848999977111816,learn,49151.00002288818,Wed Oct 07 2026 12:23:54 GMT-0400 (Eastern Daylight Time),377083.7000000477,A,skinenter,I,enter,226,2,1066.4000000357628,376017.3000000119,9087,WL,B,5.0
3,11.149999856948853,learn,48850.00014305115,Wed Oct 07 2026 12:23:54 GMT-0400 (Eastern Daylight Time),377384.10000002384,A,p,I,p,284,2,300.0,377084.10000002384,9087,WL,B,6.0
3,11.365999937057495,learn,48634.000062942505,Wed Oct 07 2026 12:23:54 GMT-0400 (Eastern Daylight Time),377600.7000000477,A,pu,I,u,204,2,516.6000000238419,377084.10000002384,9087,WL,B,6.0
3,11.699999809265137,learn,48300.00019073486,Wed Oct 07 2026 12:23:54 GMT-0400 (Eastern Daylight Time),377934.10000002384,A,pup,I,p,308,2,850.0,377084.10000002384,9087,WL,B,6.0
3,11.91599988937378,learn,48084.00011062622,Wed Oct 07 2026 12:23:54 GMT-0400 (Eastern Daylight Time),378150.8000000119,A,pupi,I,i,197,2,1066.699999988079,377084.10000002384,9087,WL,B,6.0
3,12.115999937057495,learn,47884.000062942505,Wed Oct 07 2026 12:23:54 GMT-0400 (Eastern Daylight Time),378350.60000002384,A,pupil,I,l,168,2,1266.5,377084.10000002384,9087,WL,B,6.0
3,12.748999834060669,learn,47251.00016593933,Wed Oct 07 2026 12:23:54 GMT-0400 (Eastern Daylight Time),378983.60000002384,A,pupilenter,I,enter,615,2,1899.5,377084.10000002384,9087,WL,B,6.0
3,15.967000007629395,learn,44032.999992370605,Wed Oct 07 2026 12:23:54 GMT-0400 (Eastern Daylight Time),382200.90000003576,A,g,I,g,3199,2,3217.0,378983.90000003576,9087,WL,B,7.0
3,16.09999990463257,learn,43900.00009536743,Wed Oct 07 2026 12:23:54 GMT-0400 (Eastern Daylight Time),382334.10000002384,A,gl,I,l,115,2,3350.199999988079,378983.90000003576,9087,WL,B,7.0
3,16.282999992370605,learn,43717.000007629395,Wed Oct 07 2026 12:23:54 GMT-0400 (Eastern Daylight Time),382517.5,A,gla,I,a,150,2,3533.599999964237,378983.90000003576,9087,WL,B,7.0
3,16.632999897003174,learn,43367.000102996826,Wed Oct 07 2026 12:23:54 GMT-0400 (Eastern Daylight Time),382867.2000000477,A,glas,I,s,327,2,3883.300000011921,378983.90000003576,9087,WL,B,7.0
3,16.73300004005432,learn,43266.99995994568,Wed Oct 07 2026 12:23:54 GMT-0400 (Eastern Daylight Time),382967.0,A,glass,I,s,87,2,3983.099999964237,378983.90000003576,9087,WL,B,7.0
3,16.848999977111816,learn,43151.00002288818,Wed Oct 07 2026 12:23:54 GMT-0400 (Eastern Daylight Time),383083.60000002384,A,glassenter,I,enter,103,2,4099.699999988079,378983.90000003576,9087,WL,B,7.0
3,17.016000032424927,learn,42983.99996757507,Wed Oct 07 2026 12:23:54 GMT-0400 (Eastern Daylight Time),383250.8000000119,A,d,I,d,147,2,166.80000001192093,383084.0,9087,WL,B,8.0
3,17.715999841690063,learn,42284.00015830994,Wed Oct 07 2026 12:23:54 GMT-0400 (Eastern Daylight Time),383950.8000000119,A,do,I,o,678,2,866.8000000119209,383084.0,9087,WL,B,8.0
3,17.799999952316284,learn,42200.000047683716,Wed Oct 07 2026 12:23:54 GMT-0400 (Eastern Daylight Time),384034.10000002384,A,doo,I,o,70,2,950.1000000238419,383084.0,9087,WL,B,8.0
3,17.91599988937378,learn,42084.00011062622,Wed Oct 07 2026 12:23:54 GMT-0400 (Eastern Daylight Time),384150.60000002384,A,door,I,r,91,2,1066.6000000238419,383084.0,9087,WL,B,8.0
3,18.115999937057495,learn,41884.000062942505,Wed Oct 07 2026 12:23:54 GMT-0400 (Eastern Daylight Time),384350.3000000119,A,doorenter,I,enter,175,2,1266.300000011921,383084.0,9087,WL,B,8.0
3,20.865999937057495,learn,39134.000062942505,Wed Oct 07 2026 12:23:54 GMT-0400 (Eastern Daylight Time),387100.8000000119,A,w,I,w,2730,2,2750.199999988079,384350.60000002384,9087,WL,B,9.0
3,20.98300004005432,learn,39016.99995994568,Wed Oct 07 2026 12:23:54 GMT-0400 (Eastern Daylight Time),387217.5,A,wi,I,i,96,2,2866.899999976158,384350.60000002384,9087,WL,B,9.0
3,21.132999897003174,learn,38867.000102996826,Wed Oct 07 2026 12:23:54 GMT-0400 (Eastern Daylight Time),387367.10000002384,A,win,I,n,130,2,3016.5,384350.60000002384,9087,WL,B,9.0
3,21.75,learn,38250.0,Wed Oct 07 2026 12:23:54 GMT-0400 (Eastern Daylight Time),387984.0,A,wind,I,d,590,2,3633.399999976158,384350.60000002384,9087,WL,B,9.0
3,21.81599998474121,learn,38184.00001525879,Wed Oct 07 2026 12:23:54 GMT-0400 (Eastern Daylight Time),388050.5,A,windo,I,o,52,2,3699.899999976158,384350.60000002384,9087,WL,B,9.0
3,21.91699981689453,learn,38083.00018310547,Wed Oct 07 2026 12:23:54 GMT-0400 (Eastern Daylight Time),388150.8000000119,A,window,I,w,90,2,3800.199999988079,384350.60000002384,9087,WL,B,9.0
3,22.382999897003174,learn,37617.000102996826,Wed Oct 07 2026 12:23:54 GMT-0400 (Eastern Daylight Time),388617.0,A,windowenter,I,enter,437,2,4266.399999976158,384350.60000002384,9087,WL,B,9.0
3,22.782999992370605,learn,37217.000007629395,Wed Oct 07 2026 12:23:54 GMT-0400 (Eastern Daylight Time),389017.40000003576,A,p,I,p,382,2,400.10000002384186,388617.3000000119,9087,WL,B,10.0
3,23.016000032424927,learn,36983.99996757507,Wed Oct 07 2026 12:23:54 GMT-0400 (Eastern Daylight Time),389250.8000000119,A,pu,I,u,216,2,633.5,388617.3000000119,9087,WL,B,10.0
3,23.31599998474121,learn,36684.00001525879,Wed Oct 07 2026 12:23:54 GMT-0400 (Eastern Daylight Time),389550.7000000477,A,pup,I,p,273,2,933.4000000357628,388617.3000000119,9087,WL,B,10.0
3,23.649999856948853,learn,36350.00014305115,Wed Oct 07 2026 12:23:54 GMT-0400 (Eastern Daylight Time),389884.10000002384,A,pupi,I,i,310,2,1266.800000011921,388617.3000000119,9087,WL,B,10.0
3,23.83299994468689,learn,36167.00005531311,Wed Oct 07 2026 12:23:54 GMT-0400 (Eastern Daylight Time),390067.60000002384,A,pupil,I,l,159,2,1450.300000011921,388617.3000000119,9087,WL,B,10.0
3,24.56599998474121,learn,35434.00001525879,Wed Oct 07 2026 12:23:54 GMT-0400 (Eastern Daylight Time),390800.2000000477,A,pupilenter,I,enter,712,2,2182.900000035763,388617.3000000119,9087,WL,B,10.0
3,29.199999809265137,learn,30800.000190734863,Wed Oct 07 2026 12:23:54 GMT-0400 (Eastern Daylight Time),395434.10000002384,A,g,I,g,4615,2,4633.399999976158,390800.7000000477,9087,WL,B,11.0
3,29.799999952316284,learn,30200.000047683716,Wed Oct 07 2026 12:23:54 GMT-0400 (Eastern Daylight Time),396034.10000002384,A,gl,I,l,587,2,5233.399999976158,390800.7000000477,9087,WL,B,11.0
3,30.0,learn,30000.0,Wed Oct 07 2026 12:23:54 GMT-0400 (Eastern Daylight Time),396234.10000002384,A,gla,I,a,178,2,5433.399999976158,390800.7000000477,9087,WL,B,11.0
3,30.149999856948853,learn,29850.000143051147,Wed Oct 07 2026 12:23:54 GMT-0400 (Eastern Daylight Time),396384.10000002384,A,glas,I,s,131,2,5583.399999976158,390800.7000000477,9087,WL,B,11.0
3,30.282999992370605,learn,29717.000007629395,Wed Oct 07 2026 12:23:54 GMT-0400 (Eastern Daylight Time),396517.40000003576,A,glass,I,s,105,2,5716.699999988079,390800.7000000477,9087,WL,B,11.0
3,30.73300004005432,learn,29266.99995994568,Wed Oct 07 2026 12:23:54 GMT-0400 (Eastern Daylight Time),396966.90000003576,A,glassenter,I,enter,431,2,6166.199999988079,390800.7000000477,9087,WL,B,11.0
3,36.032999992370605,learn,23967.000007629395,Wed Oct 07 2026 12:23:54 GMT-0400 (Eastern Daylight Time),402267.40000003576,A,f,I,f,5289,2,5300.199999988079,396967.2000000477,9087,WL,B,12.0
3,36.19999980926514,learn,23800.000190734863,Wed Oct 07 2026 12:23:54 GMT-0400 (Eastern Daylight Time),402434.0,A,fi,I,i,153,2,5466.799999952316,396967.2000000477,9087,WL,B,12.0
3,36.34999990463257,learn,23650.00009536743,Wed Oct 07 2026 12:23:54 GMT-0400 (Eastern Daylight Time),402584.10000002384,A,fir,I,r,129,2,5616.899999976158,396967.2000000477,9087,WL,B,12.0
3,36.48300004005432,learn,23516.99995994568,Wed Oct 07 2026 12:23:54 GMT-0400 (Eastern Daylight Time),402717.5,A,fire,I,e,108,2,5750.299999952316,396967.2000000477,9087,WL,B,12.0
3,36.63199996948242,learn,23368.000030517578,Wed Oct 07 2026 12:23:54 GMT-0400 (Eastern Daylight Time),402866.7000000477,A,fireenter,I,enter,126,2,5899.5,396967.2000000477,9087,WL,B,12.0
3,60.01600003242493,learn,-16.000032424926758,Wed Oct 07 2026 12:23:54 GMT-0400 (Eastern Daylight Time),426250.7000000477,A,None,I,None,23377,2,23383.600000023842,402867.10000002384,9087,WL,B,13.0
4,0.6500000953674316,learn,59349.99990463257,Wed Oct 07 2026 12:23:54 GMT-0400 (Eastern Daylight Time),495583.7000000477,A,p,I,p,639,2,649.8000000119209,494933.90000003576,9087,WL,B,1.0
4,1.750999927520752,learn,58249.00007247925,Wed Oct 07 2026 12:23:54 GMT-0400 (Eastern Daylight Time),496683.90000003576,A,pi,I,i,1077,2,1750.0,494933.90000003576,9087,WL,B,1.0
4,2.0169999599456787,learn,57983.00004005432,Wed Oct 07 2026 12:23:54 GMT-0400 (Eastern Daylight Time),496950.5,A,pip,I,p,246,2,2016.5999999642372,494933.90000003576,9087,WL,B,1.0
4,2.634000062942505,learn,57365.999937057495,Wed Oct 07 2026 12:23:54 GMT-0400 (Eastern Daylight Time),497567.10000002384,A,pipe,I,e,605,2,2633.199999988079,494933.90000003576,9087,WL,B,1.0
4,2.9670000076293945,learn,57032.999992370605,Wed Oct 07 2026 12:23:54 GMT-0400 (Eastern Daylight Time),497900.10000002384,A,pipeenter,I,enter,317,2,2966.199999988079,494933.90000003576,9087,WL,B,1.0
4,3.250999927520752,learn,56749.00007247925,Wed Oct 07 2026 12:23:54 GMT-0400 (Eastern Daylight Time),498183.90000003576,A,s,I,s,267,2,283.5,497900.40000003576,9087,WL,B,2.0
4,3.367000102996826,learn,56632.999897003174,Wed Oct 07 2026 12:23:54 GMT-0400 (Eastern Daylight Time),498300.60000002384,A,sk,I,k,100,2,400.19999998807907,497900.40000003576,9087,WL,B,2.0
4,3.5,learn,56500.0,Wed Oct 07 2026 12:23:54 GMT-0400 (Eastern Daylight Time),498433.40000003576,A,ski,I,i,105,2,533.0,497900.40000003576,9087,WL,B,2.0
4,3.684000015258789,learn,56315.99998474121,Wed Oct 07 2026 12:23:54 GMT-0400 (Eastern Daylight Time),498617.2000000477,A,skin,I,n,166,2,716.8000000119209,497900.40000003576,9087,WL,B,2.0
4,3.9000000953674316,learn,56099.99990463257,Wed Oct 07 2026 12:23:54 GMT-0400 (Eastern Daylight Time),498833.40000003576,A,skinenter,I,enter,194,2,933.0,497900.40000003576,9087,WL,B,2.0
4,4.483999967575073,learn,55516.00003242493,Wed Oct 07 2026 12:23:54 GMT-0400 (Eastern Daylight Time),499417.2000000477,A,f,I,f,565,2,583.5,498833.7000000477,9087,WL,B,3.0
4,4.567000150680542,learn,55432.99984931946,Wed Oct 07 2026 12:23:54 GMT-0400 (Eastern Daylight Time),499500.40000003576,A,fi,I,i,59,2,666.6999999880791,498833.7000000477,9087,WL,B,3.0
4,4.634000062942505,learn,55365.999937057495,Wed Oct 07 2026 12:23:54 GMT-0400 (Eastern Daylight Time),499567.10000002384,A,fir,I,r,42,2,733.3999999761581,498833.7000000477,9087,WL,B,3.0
4,4.750999927520752,learn,55249.00007247925,Wed Oct 07 2026 12:23:54 GMT-0400 (Eastern Daylight Time),499683.90000003576,A,fire,I,e,93,2,850.1999999880791,498833.7000000477,9087,WL,B,3.0
4,6.067000150680542,learn,53932.99984931946,Wed Oct 07 2026 12:23:54 GMT-0400 (Eastern Daylight Time),501000.0,A,fireenter,I,enter,1289,2,2166.2999999523163,498833.7000000477,9087,WL,B,3.0
4,6.367000102996826,learn,53632.999897003174,Wed Oct 07 2026 12:23:54 GMT-0400 (Eastern Daylight Time),501300.5,A,c,I,c,279,2,300.0,501000.5,9087,WL,B,4.0
4,6.434000015258789,learn,53565.99998474121,Wed Oct 07 2026 12:23:54 GMT-0400 (Eastern Daylight Time),501367.10000002384,A,cl,I,l,48,2,366.60000002384186,501000.5,9087,WL,B,4.0
4,6.551000118255615,learn,53448.999881744385,Wed Oct 07 2026 12:23:54 GMT-0400 (Eastern Daylight Time),501483.8000000119,A,clo,I,o,92,2,483.30000001192093,501000.5,9087,WL,B,4.0
4,6.66700005531311,learn,53332.99994468689,Wed Oct 07 2026 12:23:54 GMT-0400 (Eastern Daylight Time),501600.5,A,cloc,I,c,103,2,600.0,501000.5,9087,WL,B,4.0
4,6.75,learn,53250.0,Wed Oct 07 2026 12:23:54 GMT-0400 (Eastern Daylight Time),501683.60000002384,A,clock,I,k,59,2,683.1000000238419,501000.5,9087,WL,B,4.0
4,7.117000102996826,learn,52882.999897003174,Wed Oct 07 2026 12:23:54 GMT-0400 (Eastern Daylight Time),502050.0,A,clockenter,I,enter,343,2,1049.5,501000.5,9087,WL,B,4.0
4,7.733999967575073,learn,52266.00003242493,Wed Oct 07 2026 12:23:54 GMT-0400 (Eastern Daylight Time),502667.10000002384,A,w,I,w,606,2,616.8000000119209,502050.3000000119,9087,WL,B,5.0
4,7.867000102996826,learn,52132.999897003174,Wed Oct 07 2026 12:23:54 GMT-0400 (Eastern Daylight Time),502800.60000002384,A,wi,I,i,120,2,750.3000000119209,502050.3000000119,9087,WL,B,5.0
4,8.034000158309937,learn,51965.99984169006,Wed Oct 07 2026 12:23:54 GMT-0400 (Eastern Daylight Time),502967.2000000477,A,win,I,n,130,2,916.9000000357628,502050.3000000119,9087,WL,B,5.0
4,8.266999959945679,learn,51733.00004005432,Wed Oct 07 2026 12:23:54 GMT-0400 (Eastern Daylight Time),503200.60000002384,A,wind,I,d,213,2,1150.300000011921,502050.3000000119,9087,WL,B,5.0
4,8.3510000705719,learn,51648.9999294281,Wed Oct 07 2026 12:23:54 GMT-0400 (Eastern Daylight Time),503283.90000003576,A,windo,I,o,69,2,1233.6000000238419,502050.3000000119,9087,WL,B,5.0
4,8.433000087738037,learn,51566.99991226196,Wed Oct 07 2026 12:23:54 GMT-0400 (Eastern Daylight Time),503366.60000002384,A,window,I,w,66,2,1316.300000011921,502050.3000000119,9087,WL,B,5.0
4,9.350000143051147,learn,50649.99985694885,Wed Oct 07 2026 12:23:54 GMT-0400 (Eastern Daylight Time),504283.40000003576,A,windowenter,I,enter,901,2,2233.100000023842,502050.3000000119,9087,WL,B,5.0
4,9.634000062942505,learn,50365.999937057495,Wed Oct 07 2026 12:23:54 GMT-0400 (Eastern Daylight Time),504566.8000000119,A,g,I,g,276,2,283.0,504283.8000000119,9087,WL,B,6.0
4,9.901000022888184,learn,50098.99997711182,Wed Oct 07 2026 12:23:54 GMT-0400 (Eastern Daylight Time),504834.0,A,gl,I,l,246,2,550.1999999880791,504283.8000000119,9087,WL,B,6.0
4,10.01800012588501,learn,49981.99987411499,Wed Oct 07 2026 12:23:54 GMT-0400 (Eastern Daylight Time),504950.8000000119,A,gla,I,a,106,2,667.0,504283.8000000119,9087,WL,B,6.0
4,10.200000047683716,learn,49799.999952316284,Wed Oct 07 2026 12:23:54 GMT-0400 (Eastern Daylight Time),505133.7000000477,A,glas,I,s,159,2,849.9000000357628,504283.8000000119,9087,WL,B,6.0
4,10.317000150680542,learn,49682.99984931946,Wed Oct 07 2026 12:23:54 GMT-0400 (Eastern Daylight Time),505250.5,A,glass,I,s,94,2,966.6999999880791,504283.8000000119,9087,WL,B,6.0
4,10.433000087738037,learn,49566.99991226196,Wed Oct 07 2026 12:23:54 GMT-0400 (Eastern Daylight Time),505366.8000000119,A,glassenter,I,enter,97,2,1083.0,504283.8000000119,9087,WL,B,6.0
4,10.967000007629395,learn,49032.999992370605,Wed Oct 07 2026 12:23:54 GMT-0400 (Eastern Daylight Time),505900.5,A,d,I,d,521,2,533.2999999523163,505367.2000000477,9087,WL,B,7.0
4,11.1010000705719,learn,48898.9999294281,Wed Oct 07 2026 12:23:54 GMT-0400 (Eastern Daylight Time),506033.8000000119,A,do,I,o,109,2,666.5999999642372,505367.2000000477,9087,WL,B,7.0
4,11.200000047683716,learn,48799.999952316284,Wed Oct 07 2026 12:23:54 GMT-0400 (Eastern Daylight Time),506133.8000000119,A,doo,I,o,74,2,766.5999999642372,505367.2000000477,9087,WL,B,7.0
4,11.3510000705719,learn,48648.9999294281,Wed Oct 07 2026 12:23:54 GMT-0400 (Eastern Daylight Time),506283.90000003576,A,door,I,r,127,2,916.6999999880791,505367.2000000477,9087,WL,B,7.0
4,11.532999992370605,learn,48467.000007629395,Wed Oct 07 2026 12:23:54 GMT-0400 (Eastern Daylight Time),506466.7000000477,A,doorenter,I,enter,158,2,1099.5,505367.2000000477,9087,WL,B,7.0
4,12.317000150680542,learn,47682.99984931946,Wed Oct 07 2026 12:23:54 GMT-0400 (Eastern Daylight Time),507250.60000002384,A,a,I,a,764,2,783.3999999761581,506467.2000000477,9087,WL,B,8.0
4,12.567000150680542,learn,47432.99984931946,Wed Oct 07 2026 12:23:54 GMT-0400 (Eastern Daylight Time),507500.5,A,ar,I,r,224,2,1033.2999999523163,506467.2000000477,9087,WL,B,8.0
4,12.750999927520752,learn,47249.00007247925,Wed Oct 07 2026 12:23:54 GMT-0400 (Eastern Daylight Time),507683.90000003576,A,arm,I,m,152,2,1216.699999988079,506467.2000000477,9087,WL,B,8.0
4,13.049999952316284,learn,46950.000047683716,Wed Oct 07 2026 12:23:54 GMT-0400 (Eastern Daylight Time),507983.3000000119,A,armenter,I,enter,288,2,1516.0999999642372,506467.2000000477,9087,WL,B,8.0
4,13.284000158309937,learn,46715.99984169006,Wed Oct 07 2026 12:23:54 GMT-0400 (Eastern Daylight Time),508217.3000000119,A,s,I,s,216,2,233.69999998807907,507983.60000002384,9087,WL,B,9.0
4,13.516999959945679,learn,46483.00004005432,Wed Oct 07 2026 12:23:54 GMT-0400 (Eastern Daylight Time),508450.8000000119,A,st,I,t,210,2,467.19999998807907,507983.60000002384,9087,WL,B,9.0
4,13.766999959945679,learn,46233.00004005432,Wed Oct 07 2026 12:23:54 GMT-0400 (Eastern Daylight Time),508700.60000002384,A,sta,I,a,218,2,717.0,507983.60000002384,9087,WL,B,9.0
4,13.983999967575073,learn,46016.00003242493,Wed Oct 07 2026 12:23:54 GMT-0400 (Eastern Daylight Time),508917.2000000477,A,star,I,r,199,2,933.6000000238419,507983.60000002384,9087,WL,B,9.0
4,14.1010000705719,learn,45898.9999294281,Wed Oct 07 2026 12:23:54 GMT-0400 (Eastern Daylight Time),509033.8000000119,A,start,I,t,103,2,1050.199999988079,507983.60000002384,9087,WL,B,9.0
4,14.766999959945679,learn,45233.00004005432,Wed Oct 07 2026 12:23:54 GMT-0400 (Eastern Daylight Time),509700.5,A,star,I,backspace,643,2,1716.8999999761581,507983.60000002384,9087,WL,B,9.0
4,15.067000150680542,learn,44932.99984931946,Wed Oct 07 2026 12:23:54 GMT-0400 (Eastern Daylight Time),510000.0,A,starenter,I,enter,277,2,2016.3999999761581,507983.60000002384,9087,WL,B,9.0
4,15.651000022888184,learn,44348.99997711182,Wed Oct 07 2026 12:23:54 GMT-0400 (Eastern Daylight Time),510583.90000003576,A,w,I,w,567,2,583.5,510000.40000003576,9087,WL,B,10.0
4,15.801000118255615,learn,44198.999881744385,Wed Oct 07 2026 12:23:54 GMT-0400 (Eastern Daylight Time),510733.8000000119,A,wi,I,i,133,2,733.3999999761581,510000.40000003576,9087,WL,B,10.0
4,16.117000102996826,learn,43882.999897003174,Wed Oct 07 2026 12:23:54 GMT-0400 (Eastern Daylight Time),511050.5,A,wif,I,f,302,2,1050.0999999642372,510000.40000003576,9087,WL,B,10.0
4,16.26699995994568,learn,43733.00004005432,Wed Oct 07 2026 12:23:54 GMT-0400 (Eastern Daylight Time),511200.40000003576,A,wife,I,e,135,2,1200.0,510000.40000003576,9087,WL,B,10.0
4,16.799999952316284,learn,43200.000047683716,Wed Oct 07 2026 12:23:54 GMT-0400 (Eastern Daylight Time),511733.40000003576,A,wifeenter,I,enter,517,2,1733.0,510000.40000003576,9087,WL,B,10.0
4,17.867000102996826,learn,42132.999897003174,Wed Oct 07 2026 12:23:54 GMT-0400 (Eastern Daylight Time),512800.5,A,c,I,c,1058,2,1066.7999999523163,511733.7000000477,9087,WL,B,11.0
4,18.000999927520752,learn,41999.00007247925,Wed Oct 07 2026 12:23:54 GMT-0400 (Eastern Daylight Time),512933.90000003576,A,ci,I,i,115,2,1200.199999988079,511733.7000000477,9087,WL,B,11.0
4,18.26699995994568,learn,41733.00004005432,Wed Oct 07 2026 12:23:54 GMT-0400 (Eastern Daylight Time),513200.40000003576,A,cit,I,t,255,2,1466.699999988079,511733.7000000477,9087,WL,B,11.0
4,18.41700005531311,learn,41582.99994468689,Wed Oct 07 2026 12:23:54 GMT-0400 (Eastern Daylight Time),513350.5,A,city,I,y,133,2,1616.7999999523163,511733.7000000477,9087,WL,B,11.0
4,19.26699995994568,learn,40733.00004005432,Wed Oct 07 2026 12:23:54 GMT-0400 (Eastern Daylight Time),514199.90000003576,A,cityenter,I,enter,828,2,2466.199999988079,511733.7000000477,9087,WL,B,11.0
4,23.134000062942505,learn,36865.999937057495,Wed Oct 07 2026 12:23:54 GMT-0400 (Eastern Daylight Time),518067.2000000477,A,c,I,c,3856,2,3866.900000035763,514200.3000000119,9087,WL,B,12.0
4,23.299999952316284,learn,36700.000047683716,Wed Oct 07 2026 12:23:54 GMT-0400 (Eastern Daylight Time),518233.7000000477,A,ca,I,a,152,2,4033.400000035763,514200.3000000119,9087,WL,B,12.0
4,23.867000102996826,learn,36132.999897003174,Wed Oct 07 2026 12:23:54 GMT-0400 (Eastern Daylight Time),518800.5,A,cai,I,i,555,2,4600.199999988079,514200.3000000119,9087,WL,B,12.0
4,24.051000118255615,learn,35948.999881744385,Wed Oct 07 2026 12:23:54 GMT-0400 (Eastern Daylight Time),518983.90000003576,A,cain,I,n,160,2,4783.600000023842,514200.3000000119,9087,WL,B,12.0
4,24.66700005531311,learn,35332.99994468689,Wed Oct 07 2026 12:23:54 GMT-0400 (Eastern Daylight Time),519600.60000002384,A,cai,I,backspace,595,2,5400.300000011921,514200.3000000119,9087,WL,B,12.0
4,24.76699995994568,learn,35233.00004005432,Wed Oct 07 2026 12:23:54 GMT-0400 (Eastern Daylight Time),519700.60000002384,A,ca,I,backspace,80,2,5500.300000011921,514200.3000000119,9087,WL,B,12.0
4,25.384000062942505,learn,34615.999937057495,Wed Oct 07 2026 12:23:54 GMT-0400 (Eastern Daylight Time),520317.2000000477,A,cab,I,b,591,2,6116.900000035763,514200.3000000119,9087,WL,B,12.0
4,26.16700005531311,learn,33832.99994468689,Wed Oct 07 2026 12:23:54 GMT-0400 (Eastern Daylight Time),521100.5,A,ca,I,backspace,759,2,6900.199999988079,514200.3000000119,9087,WL,B,12.0
4,26.284000158309937,learn,33715.99984169006,Wed Oct 07 2026 12:23:54 GMT-0400 (Eastern Daylight Time),521217.2000000477,A,c,I,backspace,93,2,7016.900000035763,514200.3000000119,9087,WL,B,12.0
4,26.384000062942505,learn,33615.999937057495,Wed Oct 07 2026 12:23:54 GMT-0400 (Eastern Daylight Time),521317.2000000477,A,,I,backspace,84,2,7116.900000035763,514200.3000000119,9087,WL,B,12.0
4,27.233999967575073,learn,32766.000032424927,Wed Oct 07 2026 12:23:54 GMT-0400 (Eastern Daylight Time),522167.10000002384,A,c,I,c,832,2,7966.800000011921,514200.3000000119,9087,WL,B,12.0
4,27.450999975204468,learn,32549.000024795532,Wed Oct 07 2026 12:23:54 GMT-0400 (Eastern Daylight Time),522384.8000000119,A,ca,I,a,203,2,8184.5,514200.3000000119,9087,WL,B,12.0
4,27.549999952316284,learn,32450.000047683716,Wed Oct 07 2026 12:23:54 GMT-0400 (Eastern Daylight Time),522483.7000000477,A,cab,I,b,75,2,8283.400000035763,514200.3000000119,9087,WL,B,12.0
4,28.617000102996826,learn,31382.999897003174,Wed Oct 07 2026 12:23:54 GMT-0400 (Eastern Daylight Time),523550.60000002384,A,cabi,I,i,1042,2,9350.300000011921,514200.3000000119,9087,WL,B,12.0
4,28.782999992370605,learn,31217.000007629395,Wed Oct 07 2026 12:23:54 GMT-0400 (Eastern Daylight Time),523716.7000000477,A,cabin,I,n,145,2,9516.400000035763,514200.3000000119,9087,WL,B,12.0
4,29.117000102996826,learn,30882.999897003174,Wed Oct 07 2026 12:23:54 GMT-0400 (Eastern Daylight Time),524050.0,A,cabinenter,I,enter,322,2,9849.699999988079,514200.3000000119,9087,WL,B,12.0
4,29.617000102996826,learn,30382.999897003174,Wed Oct 07 2026 12:23:54 GMT-0400 (Eastern Daylight Time),524550.5,A,l,I,l,477,2,500.0999999642372,524050.40000003576,9087,WL,B,13.0
4,29.784000158309937,learn,30215.999841690063,Wed Oct 07 2026 12:23:54 GMT-0400 (Eastern Daylight Time),524717.1000000238,A,la,I,a,151,2,666.6999999880791,524050.40000003576,9087,WL,B,13.0
4,29.867000102996826,learn,30132.999897003174,Wed Oct 07 2026 12:23:54 GMT-0400 (Eastern Daylight Time),524800.4000000358,A,lak,I,k,61,2,750.0,524050.40000003576,9087,WL,B,13.0
4,30.000999927520752,learn,29999.000072479248,Wed Oct 07 2026 12:23:54 GMT-0400 (Eastern Daylight Time),524933.8000000119,A,lake,I,e,101,2,883.3999999761581,524050.40000003576,9087,WL,B,13.0
4,30.15000009536743,learn,29849.99990463257,Wed Oct 07 2026 12:23:54 GMT-0400 (Eastern Daylight Time),525083.2000000477,A,lakeenter,I,enter,128,2,1032.800000011921,524050.40000003576,9087,WL,B,13.0
4,36.16700005531311,learn,23832.99994468689,Wed Oct 07 2026 12:23:54 GMT-0400 (Eastern Daylight Time),531100.5,A,g,I,g,6004,2,6016.899999976158,525083.6000000238,9087,WL,B,14.0
4,36.26699995994568,learn,23733.00004005432,Wed Oct 07 2026 12:23:54 GMT-0400 (Eastern Daylight Time),531200.1000000238,A,gl,I,l,88,2,6116.5,525083.6000000238,9087,WL,B,14.0
4,37.217000007629395,learn,22782.999992370605,Wed Oct 07 2026 12:23:54 GMT-0400 (Eastern Daylight Time),532150.4000000358,A,gla,I,a,925,2,7066.800000011921,525083.6000000238,9087,WL,B,14.0
4,37.401000022888184,learn,22598.999977111816,Wed Oct 07 2026 12:23:54 GMT-0400 (Eastern Daylight Time),532333.9000000358,A,glas,I,s,159,2,7250.300000011921,525083.6000000238,9087,WL,B,14.0
4,37.50099992752075,learn,22499.000072479248,Wed Oct 07 2026 12:23:54 GMT-0400 (Eastern Daylight Time),532433.9000000358,A,glass,I,s,83,2,7350.300000011921,525083.6000000238,9087,WL,B,14.0
4,39.18400001525879,learn,20815.99998474121,Wed Oct 07 2026 12:23:54 GMT-0400 (Eastern Daylight Time),534117.2000000477,A,glas,I,backspace,1651,2,9033.600000023842,525083.6000000238,9087,WL,B,14.0
4,39.299999952316284,learn,20700.000047683716,Wed Oct 07 2026 12:23:54 GMT-0400 (Eastern Daylight Time),534233.7000000477,A,gla,I,backspace,103,2,9150.100000023842,525083.6000000238,9087,WL,B,14.0
4,39.41700005531311,learn,20582.99994468689,Wed Oct 07 2026 12:23:54 GMT-0400 (Eastern Daylight Time),534350.7000000477,A,gl,I,backspace,106,2,9267.100000023842,525083.6000000238,9087,WL,B,14.0
4,39.549999952316284,learn,20450.000047683716,Wed Oct 07 2026 12:23:54 GMT-0400 (Eastern Daylight Time),534483.7000000477,A,g,I,backspace,109,2,9400.100000023842,525083.6000000238,9087,WL,B,14.0
4,40.28400015830994,learn,19715.999841690063,Wed Oct 07 2026 12:23:54 GMT-0400 (Eastern Daylight Time),535217.2000000477,A,gr,I,r,705,2,10133.600000023842,525083.6000000238,9087,WL,B,14.0
4,40.50099992752075,learn,19499.000072479248,Wed Oct 07 2026 12:23:54 GMT-0400 (Eastern Daylight Time),535433.9000000358,A,gra,I,a,203,2,10350.300000011921,525083.6000000238,9087,WL,B,14.0
4,40.950000047683716,learn,19049.999952316284,Wed Oct 07 2026 12:23:54 GMT-0400 (Eastern Daylight Time),535883.8000000119,A,gras,I,s,427,2,10800.199999988079,525083.6000000238,9087,WL,B,14.0
4,41.117000102996826,learn,18882.999897003174,Wed Oct 07 2026 12:23:54 GMT-0400 (Eastern Daylight Time),536050.5,A,grass,I,s,144,2,10966.899999976158,525083.6000000238,9087,WL,B,14.0
4,41.98399996757507,learn,18016.000032424927,Wed Oct 07 2026 12:23:54 GMT-0400 (Eastern Daylight Time),536917.1000000238,A,gras,I,backspace,850,2,11833.5,525083.6000000238,9087,WL,B,14.0
4,42.117000102996826,learn,17882.999897003174,Wed Oct 07 2026 12:23:54 GMT-0400 (Eastern Daylight Time),537050.5,A,gra,I,backspace,119,2,11966.899999976158,525083.6000000238,9087,WL,B,14.0
4,42.21799993515015,learn,17782.000064849854,Wed Oct 07 2026 12:23:54 GMT-0400 (Eastern Daylight Time),537150.9000000358,A,gr,I,backspace,82,2,12067.300000011921,525083.6000000238,9087,WL,B,14.0
4,43.43400001525879,learn,16565.99998474121,Wed Oct 07 2026 12:23:54 GMT-0400 (Eastern Daylight Time),538367.1000000238,A,gra,I,a,1189,2,13283.5,525083.6000000238,9087,WL,B,14.0
4,43.66700005531311,learn,16332.99994468689,Wed Oct 07 2026 12:23:54 GMT-0400 (Eastern Daylight Time),538600.5,A,gras,I,s,214,2,13516.899999976158,525083.6000000238,9087,WL,B,14.0
4,43.78400015830994,learn,16215.999841690063,Wed Oct 07 2026 12:23:54 GMT-0400 (Eastern Daylight Time),538717.1000000238,A,grass,I,s,83,2,13633.5,525083.6000000238,9087,WL,B,14.0
4,44.31700015068054,learn,15682.999849319458,Wed Oct 07 2026 12:23:54 GMT-0400 (Eastern Daylight Time),539249.9000000358,A,grassenter,I,enter,505,2,14166.300000011921,525083.6000000238,9087,WL,B,14.0
4,54.117000102996826,learn,5882.999897003174,Wed Oct 07 2026 12:23:54 GMT-0400 (Eastern Daylight Time),549050.3000000119,A,w,I,w,9789,2,9799.899999976158,539250.4000000358,9087,WL,B,15.0
4,54.31700015068054,learn,5682.999849319458,Wed Oct 07 2026 12:23:54 GMT-0400 (Eastern Daylight Time),549250.5,A,wi,I,i,186,2,10000.099999964237,539250.4000000358,9087,WL,B,15.0
4,54.467000007629395,learn,5532.9999923706055,Wed Oct 07 2026 12:23:54 GMT-0400 (Eastern Daylight Time),549400.4000000358,A,win,I,n,127,2,10150.0,539250.4000000358,9087,WL,B,15.0
4,54.56700015068054,learn,5432.999849319458,Wed Oct 07 2026 12:23:54 GMT-0400 (Eastern Daylight Time),549500.3000000119,A,wind,I,d,84,2,10249.899999976158,539250.4000000358,9087,WL,B,15.0
4,54.73399996757507,learn,5266.000032424927,Wed Oct 07 2026 12:23:54 GMT-0400 (Eastern Daylight Time),549667.2000000477,A,windo,I,o,136,2,10416.800000011921,539250.4000000358,9087,WL,B,15.0
4,55.15000009536743,learn,4849.999904632568,Wed Oct 07 2026 12:23:54 GMT-0400 (Eastern Daylight Time),550083.7000000477,A,window,I,w,400,2,10833.300000011921,539250.4000000358,9087,WL,B,15.0
4,55.38300013542175,learn,4616.999864578247,Wed Oct 07 2026 12:23:54 GMT-0400 (Eastern Daylight Time),550316.7000000477,A,windowenter,I,enter,215,2,11066.300000011921,539250.4000000358,9087,WL,B,15.0
5,0.9839999675750732,learn,60000.0,Wed Oct 07 2026 12:23:54 GMT-0400 (Eastern Daylight Time),617150.9000000358,A,w,I,w,966,2,983.6000000238419,616167.3000000119,9087,WL,B,1.0
5,1.184000015258789,learn,60000.0,Wed Oct 07 2026 12:23:54 GMT-0400 (Eastern Daylight Time),617350.6000000238,A,wi,I,i,190,2,1183.300000011921,616167.3000000119,9087,WL,B,1.0
5,1.3510000705718994,learn,60000.0,Wed Oct 07 2026 12:23:54 GMT-0400 (Eastern Daylight Time),617517.0,A,win,I,n,139,2,1349.699999988079,616167.3000000119,9087,WL,B,1.0
5,1.4839999675750732,learn,60000.0,Wed Oct 07 2026 12:23:54 GMT-0400 (Eastern Daylight Time),617650.4000000358,A,wind,I,d,118,2,1483.1000000238419,616167.3000000119,9087,WL,B,1.0
5,1.6010000705718994,learn,60000.0,Wed Oct 07 2026 12:23:54 GMT-0400 (Eastern Daylight Time),617766.9000000358,A,windo,I,o,98,2,1599.6000000238419,616167.3000000119,9087,WL,B,1.0
5,1.6670000553131104,learn,60000.0,Wed Oct 07 2026 12:23:54 GMT-0400 (Eastern Daylight Time),617833.1000000238,A,window,I,w,47,2,1665.800000011921,616167.3000000119,9087,WL,B,1.0
5,2.2170000076293945,learn,60000.0,Wed Oct 07 2026 12:23:54 GMT-0400 (Eastern Daylight Time),618383.2000000477,A,windowenter,I,enter,532,2,2215.900000035763,616167.3000000119,9087,WL,B,1.0
5,2.934000015258789,learn,60000.0,Wed Oct 07 2026 12:23:54 GMT-0400 (Eastern Daylight Time),619100.3000000119,A,g,I,g,704,2,716.6999999880791,618383.6000000238,9087,WL,B,2.0
5,3.066999912261963,learn,60000.0,Wed Oct 07 2026 12:23:54 GMT-0400 (Eastern Daylight Time),619233.8000000119,A,gl,I,l,111,2,850.1999999880791,618383.6000000238,9087,WL,B,2.0
5,3.4670000076293945,learn,60000.0,Wed Oct 07 2026 12:23:54 GMT-0400 (Eastern Daylight Time),619633.6000000238,A,gla,I,a,387,2,1250.0,618383.6000000238,9087,WL,B,2.0
5,3.634000062942505,learn,60000.0,Wed Oct 07 2026 12:23:54 GMT-0400 (Eastern Daylight Time),619800.3000000119,A,glas,I,s,144,2,1416.699999988079,618383.6000000238,9087,WL,B,2.0
5,3.7339999675750732,learn,60000.0,Wed Oct 07 2026 12:23:54 GMT-0400 (Eastern Daylight Time),619900.4000000358,A,glass,I,s,82,2,1516.800000011921,618383.6000000238,9087,WL,B,2.0
5,3.867000102996826,learn,60000.0,Wed Oct 07 2026 12:23:54 GMT-0400 (Eastern Daylight Time),620033.2000000477,A,glassenter,I,enter,108,2,1649.6000000238419,618383.6000000238,9087,WL,B,2.0
5,4.351000070571899,learn,60000.0,Wed Oct 07 2026 12:23:54 GMT-0400 (Eastern Daylight Time),620516.9000000358,A,d,I,d,463,2,483.4000000357628,620033.5,9087,WL,B,3.0
5,4.483999967575073,learn,60000.0,Wed Oct 07 2026 12:23:54 GMT-0400 (Eastern Daylight Time),620650.3000000119,A,do,I,o,120,2,616.8000000119209,620033.5,9087,WL,B,3.0
5,4.584000110626221,learn,60000.0,Wed Oct 07 2026 12:23:54 GMT-0400 (Eastern Daylight Time),620750.4000000358,A,doo,I,o,77,2,716.9000000357628,620033.5,9087,WL,B,3.0
5,4.750999927520752,learn,60000.0,Wed Oct 07 2026 12:23:54 GMT-0400 (Eastern Daylight Time),620917.2000000477,A,door,I,r,141,2,883.7000000476837,620033.5,9087,WL,B,3.0
5,4.91700005531311,learn,60000.0,Wed Oct 07 2026 12:23:54 GMT-0400 (Eastern Daylight Time),621083.2000000477,A,doorenter,I,enter,140,2,1049.7000000476837,620033.5,9087,WL,B,3.0
5,5.434000015258789,learn,60000.0,Wed Oct 07 2026 12:23:54 GMT-0400 (Eastern Daylight Time),621600.2000000477,A,w,I,w,508,2,516.7000000476837,621083.5,9087,WL,B,4.0
5,5.566999912261963,learn,60000.0,Wed Oct 07 2026 12:23:54 GMT-0400 (Eastern Daylight Time),621733.6000000238,A,wi,I,i,117,2,650.1000000238419,621083.5,9087,WL,B,4.0
5,5.7170000076293945,learn,60000.0,Wed Oct 07 2026 12:23:54 GMT-0400 (Eastern Daylight Time),621883.7000000477,A,win,I,n,124,2,800.2000000476837,621083.5,9087,WL,B,4.0
5,5.816999912261963,learn,60000.0,Wed Oct 07 2026 12:23:54 GMT-0400 (Eastern Daylight Time),621983.5,A,wind,I,d,81,2,900.0,621083.5,9087,WL,B,4.0
5,5.950999975204468,learn,60000.0,Wed Oct 07 2026 12:23:54 GMT-0400 (Eastern Daylight Time),622116.9000000358,A,windo,I,o,100,2,1033.4000000357628,621083.5,9087,WL,B,4.0
5,6.051000118255615,learn,60000.0,Wed Oct 07 2026 12:23:54 GMT-0400 (Eastern Daylight Time),622216.9000000358,A,window,I,w,86,2,1133.4000000357628,621083.5,9087,WL,B,4.0
5,6.334000110626221,learn,60000.0,Wed Oct 07 2026 12:23:54 GMT-0400 (Eastern Daylight Time),622499.8000000119,A,windowenter,I,enter,258,2,1416.300000011921,621083.5,9087,WL,B,4.0
5,6.516999959945679,learn,60000.0,Wed Oct 07 2026 12:23:54 GMT-0400 (Eastern Daylight Time),622683.7000000477,A,c,I,c,172,2,183.60000002384186,622500.1000000238,9087,WL,B,5.0
5,6.66700005531311,learn,60000.0,Wed Oct 07 2026 12:23:54 GMT-0400 (Eastern Daylight Time),622833.6000000238,A,ci,I,i,135,2,333.5,622500.1000000238,9087,WL,B,5.0
5,7.351000070571899,learn,60000.0,Wed Oct 07 2026 12:23:54 GMT-0400 (Eastern Daylight Time),623516.9000000358,A,cit,I,t,659,2,1016.8000000119209,622500.1000000238,9087,WL,B,5.0
5,7.500999927520752,learn,60000.0,Wed Oct 07 2026 12:23:54 GMT-0400 (Eastern Daylight Time),623667.0,A,city,I,y,136,2,1166.8999999761581,622500.1000000238,9087,WL,B,5.0
5,7.684000015258789,learn,60000.0,Wed Oct 07 2026 12:23:54 GMT-0400 (Eastern Daylight Time),623849.8000000119,A,cityenter,I,enter,160,2,1349.699999988079,622500.1000000238,9087,WL,B,5.0
5,10.000999927520752,learn,60000.0,Wed Oct 07 2026 12:23:54 GMT-0400 (Eastern Daylight Time),626166.8000000119,A,a,I,a,2309,2,2316.599999964237,623850.2000000477,9087,WL,B,6.0
5,10.467000007629395,learn,60000.0,Wed Oct 07 2026 12:23:54 GMT-0400 (Eastern Daylight Time),626633.6000000238,A,ar,I,r,452,2,2783.399999976158,623850.2000000477,9087,WL,B,6.0
5,10.684000015258789,learn,60000.0,Wed Oct 07 2026 12:23:54 GMT-0400 (Eastern Daylight Time),626850.4000000358,A,arm,I,m,195,2,3000.199999988079,623850.2000000477,9087,WL,B,6.0
5,11.033999919891357,learn,60000.0,Wed Oct 07 2026 12:23:54 GMT-0400 (Eastern Daylight Time),627199.8000000119,A,armenter,I,enter,329,2,3349.599999964237,623850.2000000477,9087,WL,B,6.0
5,11.566999912261963,learn,60000.0,Wed Oct 07 2026 12:23:54 GMT-0400 (Eastern Daylight Time),627733.7000000477,A,s,I,s,519,2,533.4000000357628,627200.3000000119,9087,WL,B,7.0
5,11.83400011062622,learn,60000.0,Wed Oct 07 2026 12:23:54 GMT-0400 (Eastern Daylight Time),628000.3000000119,A,st,I,t,247,2,800.0,627200.3000000119,9087,WL,B,7.0
5,12.051000118255615,learn,60000.0,Wed Oct 07 2026 12:23:54 GMT-0400 (Eastern Daylight Time),628216.9000000358,A,sta,I,a,196,2,1016.6000000238419,627200.3000000119,9087,WL,B,7.0
5,12.283999919891357,learn,60000.0,Wed Oct 07 2026 12:23:54 GMT-0400 (Eastern Daylight Time),628450.3000000119,A,star,I,r,210,2,1250.0,627200.3000000119,9087,WL,B,7.0
5,13.25,learn,60000.0,Wed Oct 07 2026 12:23:54 GMT-0400 (Eastern Daylight Time),629416.5,A,starenter,I,enter,940,2,2216.199999988079,627200.3000000119,9087,WL,B,7.0
5,13.551000118255615,learn,60000.0,Wed Oct 07 2026 12:23:54 GMT-0400 (Eastern Daylight Time),629716.9000000358,A,w,I,w,287,2,300.0,629416.9000000358,9087,WL,B,8.0
5,13.733999967575073,learn,60000.0,Wed Oct 07 2026 12:23:54 GMT-0400 (Eastern Daylight Time),629900.3000000119,A,wi,I,i,160,2,483.39999997615814,629416.9000000358,9087,WL,B,8.0
5,13.950999975204468,learn,60000.0,Wed Oct 07 2026 12:23:54 GMT-0400 (Eastern Daylight Time),630116.9000000358,A,wif,I,f,193,2,700.0,629416.9000000358,9087,WL,B,8.0
5,14.099999904632568,learn,60000.0,Wed Oct 07 2026 12:23:54 GMT-0400 (Eastern Daylight Time),630266.7000000477,A,wife,I,e,127,2,849.8000000119209,629416.9000000358,9087,WL,B,8.0
5,14.200000047683716,learn,60000.0,Wed Oct 07 2026 12:23:54 GMT-0400 (Eastern Daylight Time),630366.5,A,wifeenter,I,enter,80,2,949.5999999642372,629416.9000000358,9087,WL,B,8.0
5,14.533999919891357,learn,60000.0,Wed Oct 07 2026 12:23:54 GMT-0400 (Eastern Daylight Time),630700.3000000119,A,p,I,p,312,2,333.39999997615814,630366.9000000358,9087,WL,B,9.0
5,14.901000022888184,learn,60000.0,Wed Oct 07 2026 12:23:54 GMT-0400 (Eastern Daylight Time),631066.9000000358,A,pi,I,i,344,2,700.0,630366.9000000358,9087,WL,B,9.0
5,15.066999912261963,learn,60000.0,Wed Oct 07 2026 12:23:54 GMT-0400 (Eastern Daylight Time),631233.6000000238,A,pip,I,p,146,2,866.6999999880791,630366.9000000358,9087,WL,B,9.0
5,15.200000047683716,learn,60000.0,Wed Oct 07 2026 12:23:54 GMT-0400 (Eastern Daylight Time),631366.8000000119,A,pipe,I,e,121,2,999.8999999761581,630366.9000000358,9087,WL,B,9.0
5,15.433000087738037,learn,60000.0,Wed Oct 07 2026 12:23:54 GMT-0400 (Eastern Daylight Time),631599.7000000477,A,pipeenter,I,enter,212,2,1232.800000011921,630366.9000000358,9087,WL,B,9.0
5,15.983999967575073,learn,60000.0,Wed Oct 07 2026 12:23:54 GMT-0400 (Eastern Daylight Time),632150.4000000358,A,p,I,p,544,2,550.3000000119209,631600.1000000238,9087,WL,B,10.0
5,16.250999927520752,learn,60000.0,Wed Oct 07 2026 12:23:54 GMT-0400 (Eastern Daylight Time),632416.8000000119,A,pu,I,u,242,2,816.6999999880791,631600.1000000238,9087,WL,B,10.0
5,16.566999912261963,learn,60000.0,Wed Oct 07 2026 12:23:54 GMT-0400 (Eastern Daylight Time),632733.6000000238,A,pup,I,p,291,2,1133.5,631600.1000000238,9087,WL,B,10.0
5,16.76699995994568,learn,60000.0,Wed Oct 07 2026 12:23:54 GMT-0400 (Eastern Daylight Time),632933.6000000238,A,pupi,I,i,183,2,1333.5,631600.1000000238,9087,WL,B,10.0
5,16.91700005531311,learn,60000.0,Wed Oct 07 2026 12:23:54 GMT-0400 (Eastern Daylight Time),633083.6000000238,A,pupil,I,l,133,2,1483.5,631600.1000000238,9087,WL,B,10.0
5,17.233999967575073,learn,60000.0,Wed Oct 07 2026 12:23:54 GMT-0400 (Eastern Daylight Time),633399.9000000358,A,pupilenter,I,enter,295,2,1799.800000011921,631600.1000000238,9087,WL,B,10.0
5,17.901000022888184,learn,60000.0,Wed Oct 07 2026 12:23:54 GMT-0400 (Eastern Daylight Time),634067.0,A,s,I,s,656,2,666.6999999880791,633400.3000000119,9087,WL,B,11.0
5,18.08400011062622,learn,60000.0,Wed Oct 07 2026 12:23:54 GMT-0400 (Eastern Daylight Time),634250.3000000119,A,sk,I,k,160,2,850.0,633400.3000000119,9087,WL,B,11.0
5,18.18400001525879,learn,60000.0,Wed Oct 07 2026 12:23:54 GMT-0400 (Eastern Daylight Time),634350.3000000119,A,ski,I,i,82,2,950.0,633400.3000000119,9087,WL,B,11.0
5,18.384000062942505,learn,60000.0,Wed Oct 07 2026 12:23:54 GMT-0400 (Eastern Daylight Time),634550.5,A,skin,I,n,182,2,1150.199999988079,633400.3000000119,9087,WL,B,11.0
5,18.700000047683716,learn,60000.0,Wed Oct 07 2026 12:23:54 GMT-0400 (Eastern Daylight Time),634866.5,A,skinenter,I,enter,292,2,1466.199999988079,633400.3000000119,9087,WL,B,11.0
5,25.58400011062622,learn,60000.0,Wed Oct 07 2026 12:23:54 GMT-0400 (Eastern Daylight Time),641750.3000000119,A,c,I,c,6861,2,6883.399999976158,634866.9000000358,9087,WL,B,12.0
5,25.750999927520752,learn,60000.0,Wed Oct 07 2026 12:23:54 GMT-0400 (Eastern Daylight Time),641917.0,A,ca,I,a,148,2,7050.099999964237,634866.9000000358,9087,WL,B,12.0
5,25.91700005531311,learn,60000.0,Wed Oct 07 2026 12:23:54 GMT-0400 (Eastern Daylight Time),642083.6000000238,A,cab,I,b,141,2,7216.699999988079,634866.9000000358,9087,WL,B,12.0
5,26.26699995994568,learn,60000.0,Wed Oct 07 2026 12:23:54 GMT-0400 (Eastern Daylight Time),642433.6000000238,A,cabi,I,i,320,2,7566.699999988079,634866.9000000358,9087,WL,B,12.0
5,26.43400001525879,learn,60000.0,Wed Oct 07 2026 12:23:54 GMT-0400 (Eastern Daylight Time),642600.2000000477,A,cabin,I,n,153,2,7733.300000011921,634866.9000000358,9087,WL,B,12.0
5,27.200000047683716,learn,60000.0,Wed Oct 07 2026 12:23:54 GMT-0400 (Eastern Daylight Time),643366.4000000358,A,cabinenter,I,enter,756,2,8499.5,634866.9000000358,9087,WL,B,12.0
5,32.117000102996826,learn,60000.0,Wed Oct 07 2026 12:23:54 GMT-0400 (Eastern Daylight Time),648283.6000000238,A,l,I,l,4905,2,4916.899999976158,643366.7000000477,9087,WL,B,13.0
5,32.28399991989136,learn,60000.0,Wed Oct 07 2026 12:23:54 GMT-0400 (Eastern Daylight Time),648450.2000000477,A,lk,I,k,151,2,5083.5,643366.7000000477,9087,WL,B,13.0
5,33.16700005531311,learn,60000.0,Wed Oct 07 2026 12:23:54 GMT-0400 (Eastern Daylight Time),649333.6000000238,A,lka,I,a,865,2,5966.899999976158,643366.7000000477,9087,WL,B,13.0
5,33.68400001525879,learn,60000.0,Wed Oct 07 2026 12:23:54 GMT-0400 (Eastern Daylight Time),649850.4000000358,A,lk,I,backspace,493,2,6483.699999988079,643366.7000000477,9087,WL,B,13.0
5,33.78399991989136,learn,60000.0,Wed Oct 07 2026 12:23:54 GMT-0400 (Eastern Daylight Time),649950.2000000477,A,l,I,backspace,81,2,6583.5,643366.7000000477,9087,WL,B,13.0
5,33.884000062942505,learn,60000.0,Wed Oct 07 2026 12:23:54 GMT-0400 (Eastern Daylight Time),650050.3000000119,A,la,I,a,79,2,6683.599999964237,643366.7000000477,9087,WL,B,13.0
5,34.00099992752075,learn,60000.0,Wed Oct 07 2026 12:23:54 GMT-0400 (Eastern Daylight Time),650166.9000000358,A,lak,I,k,98,2,6800.199999988079,643366.7000000477,9087,WL,B,13.0
5,34.134000062942505,learn,60000.0,Wed Oct 07 2026 12:23:54 GMT-0400 (Eastern Daylight Time),650300.2000000477,A,lake,I,e,115,2,6933.5,643366.7000000477,9087,WL,B,13.0
5,35.049999952316284,learn,60000.0,Wed Oct 07 2026 12:23:54 GMT-0400 (Eastern Daylight Time),651216.4000000358,A,lakeenter,I,enter,903,2,7849.699999988079,643366.7000000477,9087,WL,B,13.0
5,44.117000102996826,learn,60000.0,Wed Oct 07 2026 12:23:54 GMT-0400 (Eastern Daylight Time),660283.5,A,d,I,d,9055,2,9066.699999988079,651216.8000000119,9087,WL,B,14.0
5,44.217000007629395,learn,60000.0,Wed Oct 07 2026 12:23:54 GMT-0400 (Eastern Daylight Time),660383.3000000119,A,do,I,o,89,2,9166.5,651216.8000000119,9087,WL,B,14.0
5,44.33400011062622,learn,60000.0,Wed Oct 07 2026 12:23:54 GMT-0400 (Eastern Daylight Time),660500.2000000477,A,doo,I,o,84,2,9283.400000035763,651216.8000000119,9087,WL,B,14.0
5,45.967000007629395,learn,60000.0,Wed Oct 07 2026 12:23:54 GMT-0400 (Eastern Daylight Time),662133.6000000238,A,door,I,r,1601,2,10916.800000011921,651216.8000000119,9087,WL,B,14.0
5,46.132999897003174,learn,60000.0,Wed Oct 07 2026 12:23:54 GMT-0400 (Eastern Daylight Time),662299.7000000477,A,doorenter,I,enter,149,2,11082.900000035763,651216.8000000119,9087,WL,B,14.0
5,50.18400001525879,learn,60000.0,Wed Oct 07 2026 12:23:54 GMT-0400 (Eastern Daylight Time),666350.4000000358,A,c,I,c,4027,2,4050.400000035763,662300.0,9087,WL,B,15.0
5,50.3510000705719,learn,60000.0,Wed Oct 07 2026 12:23:54 GMT-0400 (Eastern Daylight Time),666516.9000000358,A,ca,I,a,149,2,4216.900000035763,662300.0,9087,WL,B,15.0
5,50.5,learn,60000.0,Wed Oct 07 2026 12:23:54 GMT-0400 (Eastern Daylight Time),666666.7000000477,A,cab,I,b,127,2,4366.700000047684,662300.0,9087,WL,B,15.0
5,50.867000102996826,learn,60000.0,Wed Oct 07 2026 12:23:54 GMT-0400 (Eastern Daylight Time),667033.5,A,cabi,I,i,353,2,4733.5,662300.0,9087,WL,B,15.0
5,51.06699991226196,learn,60000.0,Wed Oct 07 2026 12:23:54 GMT-0400 (Eastern Daylight Time),667233.5,A,cabin,I,n,179,2,4933.5,662300.0,9087,WL,B,15.0
5,51.717000007629395,learn,60000.0,Wed Oct 07 2026 12:23:54 GMT-0400 (Eastern Daylight Time),667883.0,A,cabinenter,I,enter,626,2,5583.0,662300.0,9087,WL,B,15.0
6,0.8339998722076416,distr,59166.00012779236,Wed Oct 07 2026 12:23:54 GMT-0400 (Eastern Daylight Time),734200.2000000477,B,b,I,b,814,2,833.2000000476837,733367.0,9087,WL,B,1.0
6,0.9340000152587891,distr,59065.99998474121,Wed Oct 07 2026 12:23:54 GMT-0400 (Eastern Daylight Time),734300.1000000238,B,ba,I,a,72,2,933.1000000238419,733367.0,9087,WL,B,1.0
6,0.9830000400543213,distr,59016.99995994568,Wed Oct 07 2026 12:23:54 GMT-0400 (Eastern Daylight Time),734349.4000000358,B,bab,I,b,24,2,982.4000000357628,733367.0,9087,WL,B,1.0
6,1.3339998722076416,distr,58666.00012779236,Wed Oct 07 2026 12:23:54 GMT-0400 (Eastern Daylight Time),734700.1000000238,B,baby,I,y,329,2,1333.1000000238419,733367.0,9087,WL,B,1.0
6,1.682999849319458,distr,58317.00015068054,Wed Oct 07 2026 12:23:54 GMT-0400 (Eastern Daylight Time),735049.6000000238,B,babyenter,I,enter,332,2,1682.6000000238419,733367.0,9087,WL,B,1.0
6,2.2669999599456787,distr,57733.00004005432,Wed Oct 07 2026 12:23:54 GMT-0400 (Eastern Daylight Time),735633.4000000358,B,o,I,o,574,2,583.5,735049.9000000358,9087,WL,B,2.0
6,2.434000015258789,distr,57565.99998474121,Wed Oct 07 2026 12:23:54 GMT-0400 (Eastern Daylight Time),735800.0,B,oc,I,c,154,2,750.0999999642372,735049.9000000358,9087,WL,B,2.0
6,2.6499998569488525,distr,57350.00014305115,Wed Oct 07 2026 12:23:54 GMT-0400 (Eastern Daylight Time),736016.7000000477,B,oce,I,e,196,2,966.8000000119209,735049.9000000358,9087,WL,B,2.0
6,2.816999912261963,distr,57183.00008773804,Wed Oct 07 2026 12:23:54 GMT-0400 (Eastern Daylight Time),736183.5,B,ocea,I,a,146,2,1133.5999999642372,735049.9000000358,9087,WL,B,2.0
6,2.9170000553131104,distr,57082.99994468689,Wed Oct 07 2026 12:23:54 GMT-0400 (Eastern Daylight Time),736283.4000000358,B,ocean,I,n,77,2,1233.5,735049.9000000358,9087,WL,B,2.0
6,3.1499998569488525,distr,56850.00014305115,Wed Oct 07 2026 12:23:54 GMT-0400 (Eastern Daylight Time),736516.3000000119,B,oceanenter,I,enter,208,2,1466.3999999761581,735049.9000000358,9087,WL,B,2.0
6,3.434000015258789,distr,56565.99998474121,Wed Oct 07 2026 12:23:54 GMT-0400 (Eastern Daylight Time),736800.1000000238,B,p,I,p,267,2,283.5,736516.6000000238,9087,WL,B,3.0
6,3.549999952316284,distr,56450.000047683716,Wed Oct 07 2026 12:23:54 GMT-0400 (Eastern Daylight Time),736916.8000000119,B,pa,I,a,101,2,400.19999998807907,736516.6000000238,9087,WL,B,3.0
6,3.7339999675750732,distr,56266.00003242493,Wed Oct 07 2026 12:23:54 GMT-0400 (Eastern Daylight Time),737100.1000000238,B,pac,I,c,151,2,583.5,736516.6000000238,9087,WL,B,3.0
6,3.8999998569488525,distr,56100.00014305115,Wed Oct 07 2026 12:23:54 GMT-0400 (Eastern Daylight Time),737266.7000000477,B,pacl,I,l,145,2,750.1000000238419,736516.6000000238,9087,WL,B,3.0
6,4.0,distr,56000.0,Wed Oct 07 2026 12:23:54 GMT-0400 (Eastern Daylight Time),737366.4000000358,B,pacla,I,a,80,2,849.8000000119209,736516.6000000238,9087,WL,B,3.0
6,4.316999912261963,distr,55683.00008773804,Wed Oct 07 2026 12:23:54 GMT-0400 (Eastern Daylight Time),737683.4000000358,B,paclac,I,c,294,2,1166.800000011921,736516.6000000238,9087,WL,B,3.0
6,4.884000062942505,distr,55115.999937057495,Wed Oct 07 2026 12:23:54 GMT-0400 (Eastern Daylight Time),738250.1000000238,B,pacla,I,backspace,552,2,1733.5,736516.6000000238,9087,WL,B,3.0
6,5.0,distr,55000.0,Wed Oct 07 2026 12:23:54 GMT-0400 (Eastern Daylight Time),738366.7000000477,B,pacl,I,backspace,96,2,1850.1000000238419,736516.6000000238,9087,WL,B,3.0
6,5.116999864578247,distr,54883.00013542175,Wed Oct 07 2026 12:23:54 GMT-0400 (Eastern Daylight Time),738483.5,B,pac,I,backspace,94,2,1966.8999999761581,736516.6000000238,9087,WL,B,3.0
6,5.233999967575073,distr,54766.00003242493,Wed Oct 07 2026 12:23:54 GMT-0400 (Eastern Daylight Time),738600.1000000238,B,pa,I,backspace,96,2,2083.5,736516.6000000238,9087,WL,B,3.0
6,5.8999998569488525,distr,54100.00014305115,Wed Oct 07 2026 12:23:54 GMT-0400 (Eastern Daylight Time),739266.7000000477,B,pal,I,l,645,2,2750.100000023842,736516.6000000238,9087,WL,B,3.0
6,6.033999919891357,distr,53966.00008010864,Wed Oct 07 2026 12:23:54 GMT-0400 (Eastern Daylight Time),739400.0,B,pala,I,a,112,2,2883.399999976158,736516.6000000238,9087,WL,B,3.0
6,6.2179999351501465,distr,53782.00006484985,Wed Oct 07 2026 12:23:54 GMT-0400 (Eastern Daylight Time),739584.4000000358,B,palac,I,c,163,2,3067.800000011921,736516.6000000238,9087,WL,B,3.0
6,7.849999904632568,distr,52150.00009536743,Wed Oct 07 2026 12:23:54 GMT-0400 (Eastern Daylight Time),741216.6000000238,B,palace,I,e,1612,2,4700.0,736516.6000000238,9087,WL,B,3.0
6,7.9670000076293945,distr,52032.999992370605,Wed Oct 07 2026 12:23:54 GMT-0400 (Eastern Daylight Time),741332.9000000358,B,palaceenter,I,enter,98,2,4816.300000011921,736516.6000000238,9087,WL,B,3.0
6,8.149999856948853,distr,51850.00014305115,Wed Oct 07 2026 12:23:54 GMT-0400 (Eastern Daylight Time),741516.7000000477,B,f,I,f,170,2,183.30000001192093,741333.4000000358,9087,WL,B,4.0
6,8.283999919891357,distr,51716.00008010864,Wed Oct 07 2026 12:23:54 GMT-0400 (Eastern Daylight Time),741650.1000000238,B,fr,I,r,109,2,316.69999998807907,741333.4000000358,9087,WL,B,4.0
6,8.450000047683716,distr,51549.999952316284,Wed Oct 07 2026 12:23:54 GMT-0400 (Eastern Daylight Time),741816.7000000477,B,fri,I,i,153,2,483.30000001192093,741333.4000000358,9087,WL,B,4.0
6,8.549999952316284,distr,51450.000047683716,Wed Oct 07 2026 12:23:54 GMT-0400 (Eastern Daylight Time),741916.7000000477,B,frie,I,e,84,2,583.3000000119209,741333.4000000358,9087,WL,B,4.0
6,8.733999967575073,distr,51266.00003242493,Wed Oct 07 2026 12:23:54 GMT-0400 (Eastern Daylight Time),742100.2000000477,B,fried,I,d,150,2,766.8000000119209,741333.4000000358,9087,WL,B,4.0
6,10.151000022888184,distr,49848.99997711182,Wed Oct 07 2026 12:23:54 GMT-0400 (Eastern Daylight Time),743516.9000000358,B,frie,I,backspace,1401,2,2183.5,741333.4000000358,9087,WL,B,4.0
6,10.25,distr,49750.0,Wed Oct 07 2026 12:23:54 GMT-0400 (Eastern Daylight Time),743616.6000000238,B,fri,I,backspace,88,2,2283.199999988079,741333.4000000358,9087,WL,B,4.0
6,10.549999952316284,distr,49450.000047683716,Wed Oct 07 2026 12:23:54 GMT-0400 (Eastern Daylight Time),743916.7000000477,B,frin,I,n,275,2,2583.300000011921,741333.4000000358,9087,WL,B,4.0
6,10.684000015258789,distr,49315.99998474121,Wed Oct 07 2026 12:23:54 GMT-0400 (Eastern Daylight Time),744050.1000000238,B,frind,I,d,112,2,2716.699999988079,741333.4000000358,9087,WL,B,4.0
6,11.083999872207642,distr,48916.00012779236,Wed Oct 07 2026 12:23:54 GMT-0400 (Eastern Daylight Time),744450.0,B,frin,I,backspace,387,2,3116.599999964237,741333.4000000358,9087,WL,B,4.0
6,11.184000015258789,distr,48815.99998474121,Wed Oct 07 2026 12:23:54 GMT-0400 (Eastern Daylight Time),744550.0,B,fri,I,backspace,71,2,3216.599999964237,741333.4000000358,9087,WL,B,4.0
6,11.566999912261963,distr,48433.00008773804,Wed Oct 07 2026 12:23:54 GMT-0400 (Eastern Daylight Time),744933.4000000358,B,frie,I,e,358,2,3600.0,741333.4000000358,9087,WL,B,4.0
6,11.75,distr,48250.0,Wed Oct 07 2026 12:23:54 GMT-0400 (Eastern Daylight Time),745116.8000000119,B,frien,I,n,159,2,3783.399999976158,741333.4000000358,9087,WL,B,4.0
6,11.866999864578247,distr,48133.00013542175,Wed Oct 07 2026 12:23:54 GMT-0400 (Eastern Daylight Time),745233.3000000119,B,friend,I,d,103,2,3899.899999976158,741333.4000000358,9087,WL,B,4.0
6,12.66700005531311,distr,47332.99994468689,Wed Oct 07 2026 12:23:54 GMT-0400 (Eastern Daylight Time),746032.9000000358,B,friendenter,I,enter,786,2,4699.5,741333.4000000358,9087,WL,B,4.0
6,12.833999872207642,distr,47166.00012779236,Wed Oct 07 2026 12:23:54 GMT-0400 (Eastern Daylight Time),746200.0,B,c,I,c,150,2,166.79999995231628,746033.2000000477,9087,WL,B,5.0
6,13.0,distr,47000.0,Wed Oct 07 2026 12:23:54 GMT-0400 (Eastern Daylight Time),746366.8000000119,B,ce,I,e,140,2,333.5999999642372,746033.2000000477,9087,WL,B,5.0
6,13.083999872207642,distr,46916.00012779236,Wed Oct 07 2026 12:23:54 GMT-0400 (Eastern Daylight Time),746450.0,B,cel,I,l,60,2,416.7999999523163,746033.2000000477,9087,WL,B,5.0
6,13.184000015258789,distr,46815.99998474121,Wed Oct 07 2026 12:23:54 GMT-0400 (Eastern Daylight Time),746550.1000000238,B,cell,I,l,67,2,516.8999999761581,746033.2000000477,9087,WL,B,5.0
6,13.5,distr,46500.0,Wed Oct 07 2026 12:23:54 GMT-0400 (Eastern Daylight Time),746866.3000000119,B,cellenter,I,enter,293,2,833.0999999642372,746033.2000000477,9087,WL,B,5.0
6,28.649999856948853,distr,31350.000143051147,Wed Oct 07 2026 12:23:54 GMT-0400 (Eastern Daylight Time),762016.6000000238,B,f,I,f,15141,2,15150.0,746866.6000000238,9087,WL,B,6.0
6,28.816999912261963,distr,31183.000087738037,Wed Oct 07 2026 12:23:54 GMT-0400 (Eastern Daylight Time),762183.0,B,fr,I,r,155,2,15316.399999976158,746866.6000000238,9087,WL,B,6.0
6,29.033999919891357,distr,30966.000080108643,Wed Oct 07 2026 12:23:54 GMT-0400 (Eastern Daylight Time),762400.0,B,fri,I,i,198,2,15533.399999976158,746866.6000000238,9087,WL,B,6.0
6,29.134000062942505,distr,30865.999937057495,Wed Oct 07 2026 12:23:54 GMT-0400 (Eastern Daylight Time),762500.1000000238,B,frie,I,e,76,2,15633.5,746866.6000000238,9087,WL,B,6.0
6,29.217000007629395,distr,30782.999992370605,Wed Oct 07 2026 12:23:54 GMT-0400 (Eastern Daylight Time),762583.1000000238,B,frien,I,n,73,2,15716.5,746866.6000000238,9087,WL,B,6.0
6,29.283999919891357,distr,30716.000080108643,Wed Oct 07 2026 12:23:54 GMT-0400 (Eastern Daylight Time),762649.9000000358,B,friend,I,d,52,2,15783.300000011921,746866.6000000238,9087,WL,B,6.0
6,30.132999897003174,distr,29867.000102996826,Wed Oct 07 2026 12:23:54 GMT-0400 (Eastern Daylight Time),763499.6000000238,B,friendenter,I,enter,820,2,16633.0,746866.6000000238,9087,WL,B,6.0
6,32.23399996757507,distr,27766.000032424927,Wed Oct 07 2026 12:23:54 GMT-0400 (Eastern Daylight Time),765599.9000000358,B,f,I,f,2092,2,2099.900000035763,763500.0,9087,WL,B,7.0
6,32.34999990463257,distr,27650.00009536743,Wed Oct 07 2026 12:23:54 GMT-0400 (Eastern Daylight Time),765716.7000000477,B,fr,I,r,101,2,2216.7000000476837,763500.0,9087,WL,B,7.0
6,32.61699986457825,distr,27383.000135421753,Wed Oct 07 2026 12:23:54 GMT-0400 (Eastern Daylight Time),765983.1000000238,B,fre,I,e,255,2,2483.100000023842,763500.0,9087,WL,B,7.0
6,33.08399987220764,distr,26916.00012779236,Wed Oct 07 2026 12:23:54 GMT-0400 (Eastern Daylight Time),766450.0,B,fr,I,backspace,454,2,2950.0,763500.0,9087,WL,B,7.0
6,33.33399987220764,distr,26666.00012779236,Wed Oct 07 2026 12:23:54 GMT-0400 (Eastern Daylight Time),766700.1000000238,B,fri,I,i,224,2,3200.100000023842,763500.0,9087,WL,B,7.0
6,33.43400001525879,distr,26565.99998474121,Wed Oct 07 2026 12:23:54 GMT-0400 (Eastern Daylight Time),766800.0,B,frie,I,e,88,2,3300.0,763500.0,9087,WL,B,7.0
6,33.61699986457825,distr,26383.000135421753,Wed Oct 07 2026 12:23:54 GMT-0400 (Eastern Daylight Time),766983.1000000238,B,fried,I,d,172,2,3483.100000023842,763500.0,9087,WL,B,7.0
6,34.299999952316284,distr,25700.000047683716,Wed Oct 07 2026 12:23:54 GMT-0400 (Eastern Daylight Time),767666.7000000477,B,frie,I,backspace,659,2,4166.700000047684,763500.0,9087,WL,B,7.0
6,34.56699991226196,distr,25433.000087738037,Wed Oct 07 2026 12:23:54 GMT-0400 (Eastern Daylight Time),767933.4000000358,B,frien,I,n,241,2,4433.400000035763,763500.0,9087,WL,B,7.0
6,34.64999985694885,distr,25350.000143051147,Wed Oct 07 2026 12:23:54 GMT-0400 (Eastern Daylight Time),768016.7000000477,B,friend,I,d,63,2,4516.700000047684,763500.0,9087,WL,B,7.0
6,35.382999897003174,distr,24617.000102996826,Wed Oct 07 2026 12:23:54 GMT-0400 (Eastern Daylight Time),768749.5,B,friendenter,I,enter,723,2,5249.5,763500.0,9087,WL,B,7.0
6,38.634000062942505,distr,21365.999937057495,Wed Oct 07 2026 12:23:54 GMT-0400 (Eastern Daylight Time),772000.1000000238,B,c,I,c,3234,2,3250.300000011921,768749.8000000119,9087,WL,B,8.0
6,38.81599998474121,distr,21184.00001525879,Wed Oct 07 2026 12:23:54 GMT-0400 (Eastern Daylight Time),772182.6000000238,B,ce,I,e,171,2,3432.800000011921,768749.8000000119,9087,WL,B,8.0
6,38.89999985694885,distr,21100.000143051147,Wed Oct 07 2026 12:23:54 GMT-0400 (Eastern Daylight Time),772266.1000000238,B,cel,I,l,72,2,3516.300000011921,768749.8000000119,9087,WL,B,8.0
6,39.0,distr,21000.0,Wed Oct 07 2026 12:23:54 GMT-0400 (Eastern Daylight Time),772366.6000000238,B,cell,I,l,94,2,3616.800000011921,768749.8000000119,9087,WL,B,8.0
6,39.282999992370605,distr,20717.000007629395,Wed Oct 07 2026 12:23:54 GMT-0400 (Eastern Daylight Time),772649.5,B,cellenter,I,enter,251,2,3899.699999988079,768749.8000000119,9087,WL,B,8.0
6,40.217000007629395,distr,19782.999992370605,Wed Oct 07 2026 12:23:54 GMT-0400 (Eastern Daylight Time),773583.1000000238,B,c,I,c,925,2,933.1000000238419,772650.0,9087,WL,B,9.0
6,40.39999985694885,distr,19600.000143051147,Wed Oct 07 2026 12:23:54 GMT-0400 (Eastern Daylight Time),773766.4000000358,B,ce,I,e,174,2,1116.4000000357628,772650.0,9087,WL,B,9.0
6,40.884000062942505,distr,19115.999937057495,Wed Oct 07 2026 12:23:54 GMT-0400 (Eastern Daylight Time),774249.9000000358,B,cel,I,l,463,2,1599.9000000357628,772650.0,9087,WL,B,9.0
6,41.11699986457825,distr,18883.000135421753,Wed Oct 07 2026 12:23:54 GMT-0400 (Eastern Daylight Time),774483.1000000238,B,cell,I,l,219,2,1833.1000000238419,772650.0,9087,WL,B,9.0
6,41.382999897003174,distr,18617.000102996826,Wed Oct 07 2026 12:23:54 GMT-0400 (Eastern Daylight Time),774749.3000000119,B,cellenter,I,enter,256,2,2099.300000011921,772650.0,9087,WL,B,9.0
6,42.48399996757507,distr,17516.000032424927,Wed Oct 07 2026 12:23:54 GMT-0400 (Eastern Daylight Time),775850.1000000238,B,p,I,p,1083,2,1100.5,774749.6000000238,9087,WL,B,10.0
6,42.58399987220764,distr,17416.00012779236,Wed Oct 07 2026 12:23:54 GMT-0400 (Eastern Daylight Time),775950.0,B,pa,I,a,81,2,1200.3999999761581,774749.6000000238,9087,WL,B,10.0
6,42.68400001525879,distr,17315.99998474121,Wed Oct 07 2026 12:23:54 GMT-0400 (Eastern Daylight Time),776050.1000000238,B,pal,I,l,78,2,1300.5,774749.6000000238,9087,WL,B,10.0
6,42.76699995994568,distr,17233.00004005432,Wed Oct 07 2026 12:23:54 GMT-0400 (Eastern Daylight Time),776133.3000000119,B,pala,I,a,57,2,1383.699999988079,774749.6000000238,9087,WL,B,10.0
6,42.950000047683716,distr,17049.999952316284,Wed Oct 07 2026 12:23:54 GMT-0400 (Eastern Daylight Time),776316.7000000477,B,palac,I,c,151,2,1567.1000000238419,774749.6000000238,9087,WL,B,10.0
6,43.09999990463257,distr,16900.00009536743,Wed Oct 07 2026 12:23:54 GMT-0400 (Eastern Daylight Time),776466.7000000477,B,palace,I,e,128,2,1717.1000000238419,774749.6000000238,9087,WL,B,10.0
6,43.299999952316284,distr,16700.000047683716,Wed Oct 07 2026 12:23:54 GMT-0400 (Eastern Daylight Time),776666.3000000119,B,palaceenter,I,enter,174,2,1916.699999988079,774749.6000000238,9087,WL,B,10.0
6,44.26699995994568,distr,15733.000040054321,Wed Oct 07 2026 12:23:54 GMT-0400 (Eastern Daylight Time),777633.2000000477,B,p,I,p,957,2,966.5,776666.7000000477,9087,WL,B,11.0
6,44.39999985694885,distr,15600.000143051147,Wed Oct 07 2026 12:23:54 GMT-0400 (Eastern Daylight Time),777766.5,B,pa,I,a,122,2,1099.7999999523163,776666.7000000477,9087,WL,B,11.0
6,44.58399987220764,distr,15416.000127792358,Wed Oct 07 2026 12:23:54 GMT-0400 (Eastern Daylight Time),777950.1000000238,B,pal,I,l,158,2,1283.3999999761581,776666.7000000477,9087,WL,B,11.0
6,44.967000007629395,distr,15032.999992370605,Wed Oct 07 2026 12:23:54 GMT-0400 (Eastern Daylight Time),778333.4000000358,B,pala,I,a,358,2,1666.699999988079,776666.7000000477,9087,WL,B,11.0
6,45.14999985694885,distr,14850.000143051147,Wed Oct 07 2026 12:23:54 GMT-0400 (Eastern Daylight Time),778516.7000000477,B,palac,I,c,165,2,1850.0,776666.7000000477,9087,WL,B,11.0
6,45.717000007629395,distr,14282.999992370605,Wed Oct 07 2026 12:23:54 GMT-0400 (Eastern Daylight Time),779083.2000000477,B,palace,I,e,535,2,2416.5,776666.7000000477,9087,WL,B,11.0
6,46.0,distr,14000.0,Wed Oct 07 2026 12:23:54 GMT-0400 (Eastern Daylight Time),779366.2000000477,B,palaceenter,I,enter,264,2,2699.5,776666.7000000477,9087,WL,B,11.0
6,47.01699995994568,distr,12983.000040054321,Wed Oct 07 2026 12:23:54 GMT-0400 (Eastern Daylight Time),780383.1000000238,B,o,I,o,1008,2,1016.5,779366.6000000238,9087,WL,B,12.0
6,47.14999985694885,distr,12850.000143051147,Wed Oct 07 2026 12:23:54 GMT-0400 (Eastern Daylight Time),780516.6000000238,B,oc,I,c,116,2,1150.0,779366.6000000238,9087,WL,B,12.0
6,47.299999952316284,distr,12700.000047683716,Wed Oct 07 2026 12:23:54 GMT-0400 (Eastern Daylight Time),780666.5,B,oce,I,e,135,2,1299.8999999761581,779366.6000000238,9087,WL,B,12.0
6,47.51699995994568,distr,12483.000040054321,Wed Oct 07 2026 12:23:54 GMT-0400 (Eastern Daylight Time),780883.3000000119,B,ocea,I,a,197,2,1516.699999988079,779366.6000000238,9087,WL,B,12.0
6,47.61699986457825,distr,12383.000135421753,Wed Oct 07 2026 12:23:54 GMT-0400 (Eastern Daylight Time),780983.4000000358,B,ocean,I,n,81,2,1616.800000011921,779366.6000000238,9087,WL,B,12.0
6,47.93299984931946,distr,12067.000150680542,Wed Oct 07 2026 12:23:54 GMT-0400 (Eastern Daylight Time),781299.6000000238,B,oceanenter,I,enter,283,2,1933.0,779366.6000000238,9087,WL,B,12.0
6,48.717000007629395,distr,11282.999992370605,Wed Oct 07 2026 12:23:54 GMT-0400 (Eastern Daylight Time),782083.3000000119,B,c,I,c,771,2,783.5,781299.8000000119,9087,WL,B,13.0
6,48.884000062942505,distr,11115.999937057495,Wed Oct 07 2026 12:23:54 GMT-0400 (Eastern Daylight Time),782250.0,B,ce,I,e,144,2,950.1999999880791,781299.8000000119,9087,WL,B,13.0
6,49.01699995994568,distr,10983.000040054321,Wed Oct 07 2026 12:23:54 GMT-0400 (Eastern Daylight Time),782383.5,B,cel,I,l,115,2,1083.699999988079,781299.8000000119,9087,WL,B,13.0
6,49.09999990463257,distr,10900.000095367432,Wed Oct 07 2026 12:23:54 GMT-0400 (Eastern Daylight Time),782466.2000000477,B,cell,I,l,51,2,1166.4000000357628,781299.8000000119,9087,WL,B,13.0
6,49.532999992370605,distr,10467.000007629395,Wed Oct 07 2026 12:23:54 GMT-0400 (Eastern Daylight Time),782899.5,B,cellenter,I,enter,419,2,1599.699999988079,781299.8000000119,9087,WL,B,13.0
6,50.200000047683716,distr,9799.999952316284,Wed Oct 07 2026 12:23:54 GMT-0400 (Eastern Daylight Time),783566.6000000238,B,f,I,f,660,2,666.6999999880791,782899.9000000358,9087,WL,B,14.0
6,50.36699986457825,distr,9633.000135421753,Wed Oct 07 2026 12:23:54 GMT-0400 (Eastern Daylight Time),783733.4000000358,B,fr,I,r,149,2,833.5,782899.9000000358,9087,WL,B,14.0
6,50.48399996757507,distr,9516.000032424927,Wed Oct 07 2026 12:23:54 GMT-0400 (Eastern Daylight Time),783850.0,B,fri,I,i,93,2,950.0999999642372,782899.9000000358,9087,WL,B,14.0
6,50.56699991226196,distr,9433.000087738037,Wed Oct 07 2026 12:23:54 GMT-0400 (Eastern Daylight Time),783933.3000000119,B,frie,I,e,57,2,1033.3999999761581,782899.9000000358,9087,WL,B,14.0
6,50.66700005531311,distr,9332.99994468689,Wed Oct 07 2026 12:23:54 GMT-0400 (Eastern Daylight Time),784033.3000000119,B,frien,I,n,78,2,1133.3999999761581,782899.9000000358,9087,WL,B,14.0
6,50.73300004005432,distr,9266.999959945679,Wed Oct 07 2026 12:23:54 GMT-0400 (Eastern Daylight Time),784099.6000000238,B,friend,I,d,36,2,1199.699999988079,782899.9000000358,9087,WL,B,14.0
6,51.032999992370605,distr,8967.000007629395,Wed Oct 07 2026 12:23:54 GMT-0400 (Eastern Daylight Time),784399.5,B,friendenter,I,enter,282,2,1499.5999999642372,782899.9000000358,9087,WL,B,14.0
6,52.33399987220764,distr,7666.000127792358,Wed Oct 07 2026 12:23:54 GMT-0400 (Eastern Daylight Time),785700.0,B,c,I,c,1288,2,1300.199999988079,784399.8000000119,9087,WL,B,15.0
6,52.78399991989136,distr,7216.000080108643,Wed Oct 07 2026 12:23:54 GMT-0400 (Eastern Daylight Time),786150.2000000477,B,ce,I,e,440,2,1750.4000000357628,784399.8000000119,9087,WL,B,15.0
6,52.89999985694885,distr,7100.0001430511475,Wed Oct 07 2026 12:23:54 GMT-0400 (Eastern Daylight Time),786266.6000000238,B,cel,I,l,93,2,1866.800000011921,784399.8000000119,9087,WL,B,15.0
6,53.0,distr,7000.0,Wed Oct 07 2026 12:23:54 GMT-0400 (Eastern Daylight Time),786366.0,B,cell,I,l,81,2,1966.199999988079,784399.8000000119,9087,WL,B,15.0
6,53.532999992370605,distr,6467.0000076293945,Wed Oct 07 2026 12:23:54 GMT-0400 (Eastern Daylight Time),786899.6000000238,B,cellenter,I,enter,504,2,2499.800000011921,784399.8000000119,9087,WL,B,15.0
7,10.950000047683716,immed,49049.999952316284,Wed Oct 07 2026 12:23:54 GMT-0400 (Eastern Daylight Time),798550.2000000477,A,a,I,a,10925,2,10949.700000047684,787600.5,9087,WL,B,1.0
7,11.216000080108643,immed,48783.99991989136,Wed Oct 07 2026 12:23:54 GMT-0400 (Eastern Daylight Time),798816.6000000238,A,ar,I,r,244,2,11216.100000023842,787600.5,9087,WL,B,1.0
7,11.349999904632568,immed,48650.00009536743,Wed Oct 07 2026 12:23:54 GMT-0400 (Eastern Daylight Time),798950.0,A,arm,I,m,116,2,11349.5,787600.5,9087,WL,B,1.0
7,11.683000087738037,immed,48316.99991226196,Wed Oct 07 2026 12:23:54 GMT-0400 (Eastern Daylight Time),799282.9000000358,A,armenter,I,enter,309,2,11682.400000035763,787600.5,9087,WL,B,1.0
7,12.0,immed,48000.0,Wed Oct 07 2026 12:23:54 GMT-0400 (Eastern Daylight Time),799599.9000000358,A,s,I,s,308,2,316.60000002384186,799283.3000000119,9087,WL,B,2.0
7,12.433000087738037,immed,47566.99991226196,Wed Oct 07 2026 12:23:54 GMT-0400 (Eastern Daylight Time),800033.3000000119,A,st,I,t,410,2,750.0,799283.3000000119,9087,WL,B,2.0
7,12.700000047683716,immed,47299.999952316284,Wed Oct 07 2026 12:23:54 GMT-0400 (Eastern Daylight Time),800300.1000000238,A,sta,I,a,250,2,1016.8000000119209,799283.3000000119,9087,WL,B,2.0
7,12.91599988937378,immed,47084.00011062622,Wed Oct 07 2026 12:23:54 GMT-0400 (Eastern Daylight Time),800516.7000000477,A,star,I,r,200,2,1233.4000000357628,799283.3000000119,9087,WL,B,2.0
7,14.016000032424927,immed,45983.99996757507,Wed Oct 07 2026 12:23:54 GMT-0400 (Eastern Daylight Time),801616.2000000477,A,starenter,I,enter,1086,2,2332.900000035763,799283.3000000119,9087,WL,B,2.0
7,14.216000080108643,immed,45783.99991989136,Wed Oct 07 2026 12:23:54 GMT-0400 (Eastern Daylight Time),801816.7000000477,A,w,I,w,183,2,200.20000004768372,801616.5,9087,WL,B,3.0
7,14.433000087738037,immed,45566.99991226196,Wed Oct 07 2026 12:23:54 GMT-0400 (Eastern Daylight Time),802033.3000000119,A,wi,I,i,195,2,416.80000001192093,801616.5,9087,WL,B,3.0
7,14.549999952316284,immed,45450.000047683716,Wed Oct 07 2026 12:23:54 GMT-0400 (Eastern Daylight Time),802150.1000000238,A,win,I,n,107,2,533.6000000238419,801616.5,9087,WL,B,3.0
7,14.683000087738037,immed,45316.99991226196,Wed Oct 07 2026 12:23:54 GMT-0400 (Eastern Daylight Time),802283.2000000477,A,wind,I,d,110,2,666.7000000476837,801616.5,9087,WL,B,3.0
7,15.032999992370605,immed,44967.000007629395,Wed Oct 07 2026 12:23:54 GMT-0400 (Eastern Daylight Time),802633.3000000119,A,win,I,backspace,328,2,1016.8000000119209,801616.5,9087,WL,B,3.0
7,15.150000095367432,immed,44849.99990463257,Wed Oct 07 2026 12:23:54 GMT-0400 (Eastern Daylight Time),802749.9000000358,A,wi,I,backspace,91,2,1133.4000000357628,801616.5,9087,WL,B,3.0
7,15.75,immed,44250.0,Wed Oct 07 2026 12:23:54 GMT-0400 (Eastern Daylight Time),803350.0,A,win,I,n,583,2,1733.5,801616.5,9087,WL,B,3.0
7,15.900000095367432,immed,44099.99990463257,Wed Oct 07 2026 12:23:54 GMT-0400 (Eastern Daylight Time),803499.9000000358,A,wind,I,d,134,2,1883.4000000357628,801616.5,9087,WL,B,3.0
7,15.983000040054321,immed,44016.99995994568,Wed Oct 07 2026 12:23:54 GMT-0400 (Eastern Daylight Time),803583.1000000238,A,windo,I,o,72,2,1966.6000000238419,801616.5,9087,WL,B,3.0
7,16.1489999294281,immed,43851.0000705719,Wed Oct 07 2026 12:23:54 GMT-0400 (Eastern Daylight Time),803749.8000000119,A,window,I,w,149,2,2133.300000011921,801616.5,9087,WL,B,3.0
7,16.41599988937378,immed,43584.00011062622,Wed Oct 07 2026 12:23:54 GMT-0400 (Eastern Daylight Time),804016.1000000238,A,windowenter,I,enter,243,2,2399.600000023842,801616.5,9087,WL,B,3.0
7,18.06599998474121,immed,41934.00001525879,Wed Oct 07 2026 12:23:54 GMT-0400 (Eastern Daylight Time),805666.6000000238,A,f,I,f,1632,2,1650.199999988079,804016.4000000358,9087,WL,B,4.0
7,18.16599988937378,immed,41834.00011062622,Wed Oct 07 2026 12:23:54 GMT-0400 (Eastern Daylight Time),805766.7000000477,A,fi,I,i,82,2,1750.300000011921,804016.4000000358,9087,WL,B,4.0
7,18.249000072479248,immed,41750.99992752075,Wed Oct 07 2026 12:23:54 GMT-0400 (Eastern Daylight Time),805849.6000000238,A,fir,I,r,62,2,1833.199999988079,804016.4000000358,9087,WL,B,4.0
7,18.382999897003174,immed,41617.000102996826,Wed Oct 07 2026 12:23:54 GMT-0400 (Eastern Daylight Time),805983.3000000119,A,fire,I,e,117,2,1966.8999999761581,804016.4000000358,9087,WL,B,4.0
7,18.516000032424927,immed,41483.99996757507,Wed Oct 07 2026 12:23:54 GMT-0400 (Eastern Daylight Time),806116.2000000477,A,fireenter,I,enter,99,2,2099.800000011921,804016.4000000358,9087,WL,B,4.0
7,19.09999990463257,immed,40900.00009536743,Wed Oct 07 2026 12:23:54 GMT-0400 (Eastern Daylight Time),806700.0,A,c,I,c,571,2,583.3999999761581,806116.6000000238,9087,WL,B,5.0
7,19.34999990463257,immed,40650.00009536743,Wed Oct 07 2026 12:23:54 GMT-0400 (Eastern Daylight Time),806949.9000000358,A,ca,I,a,223,2,833.3000000119209,806116.6000000238,9087,WL,B,5.0
7,19.450000047683716,immed,40549.999952316284,Wed Oct 07 2026 12:23:54 GMT-0400 (Eastern Daylight Time),807049.9000000358,A,cab,I,b,83,2,933.3000000119209,806116.6000000238,9087,WL,B,5.0
7,19.766000032424927,immed,40233.99996757507,Wed Oct 07 2026 12:23:54 GMT-0400 (Eastern Daylight Time),807366.6000000238,A,cabn,I,n,291,2,1250.0,806116.6000000238,9087,WL,B,5.0
7,20.132999897003174,immed,39867.000102996826,Wed Oct 07 2026 12:23:54 GMT-0400 (Eastern Daylight Time),807733.3000000119,A,cab,I,backspace,340,2,1616.699999988079,806116.6000000238,9087,WL,B,5.0
7,20.615999937057495,immed,39384.000062942505,Wed Oct 07 2026 12:23:54 GMT-0400 (Eastern Daylight Time),808216.7000000477,A,cabi,I,i,462,2,2100.100000023842,806116.6000000238,9087,WL,B,5.0
7,20.766000032424927,immed,39233.99996757507,Wed Oct 07 2026 12:23:54 GMT-0400 (Eastern Daylight Time),808366.4000000358,A,cabin,I,n,140,2,2249.800000011921,806116.6000000238,9087,WL,B,5.0
7,21.132999897003174,immed,38867.000102996826,Wed Oct 07 2026 12:23:54 GMT-0400 (Eastern Daylight Time),808732.8000000119,A,cabinenter,I,enter,342,2,2616.199999988079,806116.6000000238,9087,WL,B,5.0
7,21.34999990463257,immed,38650.00009536743,Wed Oct 07 2026 12:23:54 GMT-0400 (Eastern Daylight Time),808950.0,A,l,I,l,201,2,216.79999995231628,808733.2000000477,9087,WL,B,6.0
7,21.466000080108643,immed,38533.99991989136,Wed Oct 07 2026 12:23:54 GMT-0400 (Eastern Daylight Time),809066.7000000477,A,la,I,a,86,2,333.5,808733.2000000477,9087,WL,B,6.0
7,21.549000024795532,immed,38450.99997520447,Wed Oct 07 2026 12:23:54 GMT-0400 (Eastern Daylight Time),809149.7000000477,A,lak,I,k,57,2,416.5,808733.2000000477,9087,WL,B,6.0
7,21.66599988937378,immed,38334.00011062622,Wed Oct 07 2026 12:23:54 GMT-0400 (Eastern Daylight Time),809266.6000000238,A,lake,I,e,102,2,533.3999999761581,808733.2000000477,9087,WL,B,6.0
7,21.865999937057495,immed,38134.000062942505,Wed Oct 07 2026 12:23:54 GMT-0400 (Eastern Daylight Time),809466.2000000477,A,lakeenter,I,enter,169,2,733.0,808733.2000000477,9087,WL,B,6.0
7,22.40000009536743,immed,37599.99990463257,Wed Oct 07 2026 12:23:54 GMT-0400 (Eastern Daylight Time),810000.0,A,w,I,w,517,2,533.3999999761581,809466.6000000238,9087,WL,B,7.0
7,22.549999952316284,immed,37450.000047683716,Wed Oct 07 2026 12:23:54 GMT-0400 (Eastern Daylight Time),810150.0,A,wi,I,i,124,2,683.3999999761581,809466.6000000238,9087,WL,B,7.0
7,22.700000047683716,immed,37299.999952316284,Wed Oct 07 2026 12:23:54 GMT-0400 (Eastern Daylight Time),810300.0,A,win,I,n,135,2,833.3999999761581,809466.6000000238,9087,WL,B,7.0
7,22.81599998474121,immed,37184.00001525879,Wed Oct 07 2026 12:23:54 GMT-0400 (Eastern Daylight Time),810416.7000000477,A,wind,I,d,95,2,950.1000000238419,809466.6000000238,9087,WL,B,7.0
7,22.91599988937378,immed,37084.00011062622,Wed Oct 07 2026 12:23:54 GMT-0400 (Eastern Daylight Time),810516.5,A,windo,I,o,84,2,1049.8999999761581,809466.6000000238,9087,WL,B,7.0
7,22.999000072479248,immed,37000.99992752075,Wed Oct 07 2026 12:23:54 GMT-0400 (Eastern Daylight Time),810599.6000000238,A,window,I,w,65,2,1133.0,809466.6000000238,9087,WL,B,7.0
7,23.33299994468689,immed,36667.00005531311,Wed Oct 07 2026 12:23:54 GMT-0400 (Eastern Daylight Time),810932.9000000358,A,windowenter,I,enter,307,2,1466.300000011921,809466.6000000238,9087,WL,B,7.0
7,23.83299994468689,immed,36167.00005531311,Wed Oct 07 2026 12:23:54 GMT-0400 (Eastern Daylight Time),811433.3000000119,A,f,I,f,482,2,500.0999999642372,810933.2000000477,9087,WL,B,8.0
7,24.216000080108643,immed,35783.99991989136,Wed Oct 07 2026 12:23:54 GMT-0400 (Eastern Daylight Time),811816.7000000477,A,,I,backspace,363,2,883.5,810933.2000000477,9087,WL,B,8.0
7,24.33299994468689,immed,35667.00005531311,Wed Oct 07 2026 12:23:54 GMT-0400 (Eastern Daylight Time),811933.2000000477,A,g,I,g,89,2,1000.0,810933.2000000477,9087,WL,B,8.0
7,24.433000087738037,immed,35566.99991226196,Wed Oct 07 2026 12:23:54 GMT-0400 (Eastern Daylight Time),812033.3000000119,A,gl,I,l,76,2,1100.0999999642372,810933.2000000477,9087,WL,B,8.0
7,24.65000009536743,immed,35349.99990463257,Wed Oct 07 2026 12:23:54 GMT-0400 (Eastern Daylight Time),812250.1000000238,A,gla,I,a,195,2,1316.8999999761581,810933.2000000477,9087,WL,B,8.0
7,24.799000024795532,immed,35200.99997520447,Wed Oct 07 2026 12:23:54 GMT-0400 (Eastern Daylight Time),812399.8000000119,A,glas,I,s,130,2,1466.5999999642372,810933.2000000477,9087,WL,B,8.0
7,24.950000047683716,immed,35049.999952316284,Wed Oct 07 2026 12:23:54 GMT-0400 (Eastern Daylight Time),812549.9000000358,A,glass,I,s,125,2,1616.699999988079,810933.2000000477,9087,WL,B,8.0
7,25.1489999294281,immed,34851.0000705719,Wed Oct 07 2026 12:23:54 GMT-0400 (Eastern Daylight Time),812749.3000000119,A,glassenter,I,enter,187,2,1816.0999999642372,810933.2000000477,9087,WL,B,8.0
7,25.549999952316284,immed,34450.000047683716,Wed Oct 07 2026 12:23:54 GMT-0400 (Eastern Daylight Time),813150.0,A,c,I,c,394,2,400.39999997615814,812749.6000000238,9087,WL,B,9.0
7,25.73300004005432,immed,34266.99995994568,Wed Oct 07 2026 12:23:54 GMT-0400 (Eastern Daylight Time),813333.3000000119,A,ci,I,i,166,2,583.6999999880791,812749.6000000238,9087,WL,B,9.0
7,25.91599988937378,immed,34084.00011062622,Wed Oct 07 2026 12:23:54 GMT-0400 (Eastern Daylight Time),813516.7000000477,A,cit,I,t,158,2,767.1000000238419,812749.6000000238,9087,WL,B,9.0
7,26.032999992370605,immed,33967.000007629395,Wed Oct 07 2026 12:23:54 GMT-0400 (Eastern Daylight Time),813633.4000000358,A,city,I,y,96,2,883.8000000119209,812749.6000000238,9087,WL,B,9.0
7,26.198999881744385,immed,33801.000118255615,Wed Oct 07 2026 12:23:54 GMT-0400 (Eastern Daylight Time),813799.5,A,cityenter,I,enter,139,2,1049.8999999761581,812749.6000000238,9087,WL,B,9.0
7,28.34999990463257,immed,31650.00009536743,Wed Oct 07 2026 12:23:54 GMT-0400 (Eastern Daylight Time),815949.9000000358,A,p,I,p,2136,2,2150.100000023842,813799.8000000119,9087,WL,B,10.0
7,28.549999952316284,immed,31450.000047683716,Wed Oct 07 2026 12:23:54 GMT-0400 (Eastern Daylight Time),816150.0,A,pu,I,u,189,2,2350.199999988079,813799.8000000119,9087,WL,B,10.0
7,28.83299994468689,immed,31167.00005531311,Wed Oct 07 2026 12:23:54 GMT-0400 (Eastern Daylight Time),816433.3000000119,A,pup,I,p,270,2,2633.5,813799.8000000119,9087,WL,B,10.0
7,29.950000047683716,immed,30049.999952316284,Wed Oct 07 2026 12:23:54 GMT-0400 (Eastern Daylight Time),817549.9000000358,A,pupi,I,i,1100,2,3750.100000023842,813799.8000000119,9087,WL,B,10.0
7,30.09999990463257,immed,29900.00009536743,Wed Oct 07 2026 12:23:54 GMT-0400 (Eastern Daylight Time),817699.9000000358,A,pupil,I,l,134,2,3900.100000023842,813799.8000000119,9087,WL,B,10.0
7,30.8989999294281,immed,29101.0000705719,Wed Oct 07 2026 12:23:54 GMT-0400 (Eastern Daylight Time),818499.5,A,pupilenter,I,enter,775,2,4699.699999988079,813799.8000000119,9087,WL,B,10.0
7,32.75,immed,27250.0,Wed Oct 07 2026 12:23:54 GMT-0400 (Eastern Daylight Time),820349.9000000358,A,f,I,f,1836,2,1850.199999988079,818499.7000000477,9087,WL,B,11.0
7,32.865999937057495,immed,27134.000062942505,Wed Oct 07 2026 12:23:54 GMT-0400 (Eastern Daylight Time),820466.7000000477,A,fi,I,i,95,2,1967.0,818499.7000000477,9087,WL,B,11.0
7,32.950000047683716,immed,27049.999952316284,Wed Oct 07 2026 12:23:54 GMT-0400 (Eastern Daylight Time),820549.9000000358,A,fir,I,r,47,2,2050.199999988079,818499.7000000477,9087,WL,B,11.0
7,33.098999977111816,immed,26901.000022888184,Wed Oct 07 2026 12:23:54 GMT-0400 (Eastern Daylight Time),820699.8000000119,A,fire,I,e,117,2,2200.099999964237,818499.7000000477,9087,WL,B,11.0
7,34.01600003242493,immed,25983.999967575073,Wed Oct 07 2026 12:23:54 GMT-0400 (Eastern Daylight Time),821616.1000000238,A,fireenter,I,enter,888,2,3116.399999976158,818499.7000000477,9087,WL,B,11.0
7,36.700000047683716,immed,23299.999952316284,Wed Oct 07 2026 12:23:54 GMT-0400 (Eastern Daylight Time),824300.0,A,g,I,g,2671,2,2683.5,821616.5,9087,WL,B,12.0
7,38.09999990463257,immed,21900.00009536743,Wed Oct 07 2026 12:23:54 GMT-0400 (Eastern Daylight Time),825699.9000000358,A,gr,I,r,1385,2,4083.400000035763,821616.5,9087,WL,B,12.0
7,38.450000047683716,immed,21549.999952316284,Wed Oct 07 2026 12:23:54 GMT-0400 (Eastern Daylight Time),826050.0,A,g,I,backspace,328,2,4433.5,821616.5,9087,WL,B,12.0
7,38.66599988937378,immed,21334.00011062622,Wed Oct 07 2026 12:23:54 GMT-0400 (Eastern Daylight Time),826266.6000000238,A,gl,I,l,201,2,4650.100000023842,821616.5,9087,WL,B,12.0
7,38.76600003242493,immed,21233.999967575073,Wed Oct 07 2026 12:23:54 GMT-0400 (Eastern Daylight Time),826366.6000000238,A,gla,I,a,82,2,4750.100000023842,821616.5,9087,WL,B,12.0
7,38.91599988937378,immed,21084.00011062622,Wed Oct 07 2026 12:23:54 GMT-0400 (Eastern Daylight Time),826516.3000000119,A,glas,I,s,125,2,4899.800000011921,821616.5,9087,WL,B,12.0
7,39.032999992370605,immed,20967.000007629395,Wed Oct 07 2026 12:23:54 GMT-0400 (Eastern Daylight Time),826633.3000000119,A,glass,I,s,96,2,5016.800000011921,821616.5,9087,WL,B,12.0
7,39.26600003242493,immed,20733.999967575073,Wed Oct 07 2026 12:23:54 GMT-0400 (Eastern Daylight Time),826866.1000000238,A,glassenter,I,enter,219,2,5249.600000023842,821616.5,9087,WL,B,12.0
7,39.66599988937378,immed,20334.00011062622,Wed Oct 07 2026 12:23:54 GMT-0400 (Eastern Daylight Time),827266.5,A,w,I,w,381,2,400.0,826866.5,9087,WL,B,13.0
7,40.01600003242493,immed,19983.999967575073,Wed Oct 07 2026 12:23:54 GMT-0400 (Eastern Daylight Time),827616.5,A,wi,I,i,337,2,750.0,826866.5,9087,WL,B,13.0
7,40.16599988937378,immed,19834.00011062622,Wed Oct 07 2026 12:23:54 GMT-0400 (Eastern Daylight Time),827766.2000000477,A,win,I,n,139,2,899.7000000476837,826866.5,9087,WL,B,13.0
7,40.26600003242493,immed,19733.999967575073,Wed Oct 07 2026 12:23:54 GMT-0400 (Eastern Daylight Time),827866.6000000238,A,wind,I,d,84,2,1000.1000000238419,826866.5,9087,WL,B,13.0
7,40.348999977111816,immed,19651.000022888184,Wed Oct 07 2026 12:23:54 GMT-0400 (Eastern Daylight Time),827949.4000000358,A,windo,I,o,64,2,1082.9000000357628,826866.5,9087,WL,B,13.0
7,40.450000047683716,immed,19549.999952316284,Wed Oct 07 2026 12:23:54 GMT-0400 (Eastern Daylight Time),828049.9000000358,A,window,I,w,87,2,1183.4000000357628,826866.5,9087,WL,B,13.0
7,40.56599998474121,immed,19434.00001525879,Wed Oct 07 2026 12:23:54 GMT-0400 (Eastern Daylight Time),828166.6000000238,A,windown,I,n,90,2,1300.1000000238419,826866.5,9087,WL,B,13.0
7,40.948999881744385,immed,19051.000118255615,Wed Oct 07 2026 12:23:54 GMT-0400 (Eastern Daylight Time),828549.5,A,windownenter,I,enter,349,2,1683.0,826866.5,9087,WL,B,13.0
7,41.76600003242493,immed,18233.999967575073,Wed Oct 07 2026 12:23:54 GMT-0400 (Eastern Daylight Time),829366.5,A,c,I,c,810,2,816.6999999880791,828549.8000000119,9087,WL,B,14.0
7,41.96600008010864,immed,18033.999919891357,Wed Oct 07 2026 12:23:54 GMT-0400 (Eastern Daylight Time),829566.6000000238,A,ca,I,a,181,2,1016.8000000119209,828549.8000000119,9087,WL,B,14.0
7,42.08299994468689,immed,17917.00005531311,Wed Oct 07 2026 12:23:54 GMT-0400 (Eastern Daylight Time),829683.4000000358,A,cab,I,b,93,2,1133.6000000238419,828549.8000000119,9087,WL,B,14.0
7,42.34999990463257,immed,17650.00009536743,Wed Oct 07 2026 12:23:54 GMT-0400 (Eastern Daylight Time),829950.1000000238,A,cabi,I,i,249,2,1400.300000011921,828549.8000000119,9087,WL,B,14.0
7,42.549999952316284,immed,17450.000047683716,Wed Oct 07 2026 12:23:54 GMT-0400 (Eastern Daylight Time),830150.0,A,cabin,I,n,174,2,1600.199999988079,828549.8000000119,9087,WL,B,14.0
7,42.848999977111816,immed,17151.000022888184,Wed Oct 07 2026 12:23:54 GMT-0400 (Eastern Daylight Time),830449.4000000358,A,cabinenter,I,enter,277,2,1899.6000000238419,828549.8000000119,9087,WL,B,14.0
7,44.06599998474121,immed,15934.000015258789,Wed Oct 07 2026 12:23:54 GMT-0400 (Eastern Daylight Time),831666.6000000238,A,s,I,s,1206,2,1216.800000011921,830449.8000000119,9087,WL,B,15.0
7,44.299999952316284,immed,15700.000047683716,Wed Oct 07 2026 12:23:54 GMT-0400 (Eastern Daylight Time),831900.0,A,st,I,t,215,2,1450.199999988079,830449.8000000119,9087,WL,B,15.0
7,44.532999992370605,immed,15467.000007629395,Wed Oct 07 2026 12:23:54 GMT-0400 (Eastern Daylight Time),832133.3000000119,A,sta,I,a,208,2,1683.5,830449.8000000119,9087,WL,B,15.0
7,44.75,immed,15250.0,Wed Oct 07 2026 12:23:54 GMT-0400 (Eastern Daylight Time),832349.8000000119,A,star,I,r,191,2,1900.0,830449.8000000119,9087,WL,B,15.0
7,45.28200006484985,immed,14717.999935150146,Wed Oct 07 2026 12:23:54 GMT-0400 (Eastern Daylight Time),832882.7000000477,A,starenter,I,enter,509,2,2432.900000035763,830449.8000000119,9087,WL,B,15.0
